{
  "totalTvlUSD": 112029009.19,
  "coinsByCoingeckoId": {
    "solana": 173230.91777887,
    "msol": 162698.465247992,
    "bitcoin": 427.525376,
    "saber": 19999999.49755,
    "ftx-token": 73563.452592,
    "terra-luna": 84586.458931,
    "terrausd": 95476.528858,
    "usd-coin": 13029532.821824,
    "socean-staked-sol": 10999.997467117,
    "serum": 4206187.748997,
    "mango-markets": 9017414.639675,
    "raydium": 19967.02804,
    "ethereum": 1752.503932
  },
  "pricesByCoingeckoId": {
    "BTC": 42184,
    "SOL": 139.22,
    "ETH": 3181.19,
    "mSOL": 142.79,
    "FTT": 43.82,
    "SRM": 2.97,
    "USDC": 1,
    "MNGO": 0.198734,
    "scnSOL": 142.05,
    "SBR": 0.11468,
    "LUNA": 76.6,
    "UST": 1,
    "RAY": 5.1
  },
  "sharePricesByGlobalId": {
    "mainnet_income_call_sol": 1.05342,
    "mainnet_income_call_marinade": 1.03017,
    "mainnet_income_call_btc": 1.06976,
    "mainnet_income_call_sbr": 1.04667,
    "mainnet_income_call_ftt": 1.02068,
    "mainnet_income_call_luna": 1.02692,
    "mainnet_income_put_luna": 1,
    "mainnet_income_put_mngo": 1.00201,
    "mainnet_income_call_socean": 1.01629,
    "mainnet_income_call_srm": 1.01304,
    "mainnet_income_call_mngo": 1.01322,
    "mainnet_income_call_ray": 1.00275,
    "mainnet_income_call_eth": 1.01667,
    "mainnet_income_put_sol": 1.00281,
    "mainnet_income_put_btc": 1.00329
  },
  "depositTokenByGlobalId": {
    "mainnet_income_call_sol": 173230.91777887,
    "mainnet_income_call_marinade": 162698.465247992,
    "mainnet_income_call_btc": 427.525376,
    "mainnet_income_call_sbr": 19999999.49755,
    "mainnet_income_call_ftt": 73563.452592,
    "mainnet_income_call_luna": 84586.458931,
    "mainnet_income_put_luna": 95476.528858,
    "mainnet_income_put_mngo": 397676.27,
    "mainnet_income_call_socean": 10999.997467117,
    "mainnet_income_call_srm": 4206187.748997,
    "mainnet_income_call_mngo": 9017414.639675,
    "mainnet_income_call_ray": 19967.02804,
    "mainnet_income_call_eth": 1752.503932,
    "mainnet_income_put_sol": 11506080.52,
    "mainnet_income_put_btc": 1125776.04
  },
  "usdValueByGlobalId": {
    "mainnet_income_call_sol": 24117208.37,
    "mainnet_income_call_marinade": 23231713.85,
    "mainnet_income_call_btc": 18034730.46,
    "mainnet_income_call_sbr": 2293599.94,
    "mainnet_income_call_ftt": 3223550.49,
    "mainnet_income_call_luna": 6479322.75,
    "mainnet_income_put_luna": 95476.53,
    "mainnet_income_put_mngo": 397676.27,
    "mainnet_income_call_socean": 1562549.64,
    "mainnet_income_call_srm": 12492377.61,
    "mainnet_income_call_mngo": 1792066.88,
    "mainnet_income_call_ray": 101831.84,
    "mainnet_income_call_eth": 5575047.98,
    "mainnet_income_put_sol": 11506080.52,
    "mainnet_income_put_btc": 1125776.04
  },
  "globalIdToDepositTokenCoingeckoId": {
    "mainnet_income_call_sol": "solana",
    "mainnet_income_call_marinade": "msol",
    "mainnet_income_call_btc": "bitcoin",
    "mainnet_income_call_sbr": "saber",
    "mainnet_income_call_ftt": "ftx-token",
    "mainnet_income_call_luna": "terra-luna",
    "mainnet_income_put_luna": "terrausd",
    "mainnet_income_put_mngo": "usd-coin",
    "mainnet_income_call_socean": "socean-staked-sol",
    "mainnet_income_call_srm": "serum",
    "mainnet_income_call_mngo": "mango-markets",
    "mainnet_income_call_ray": "raydium",
    "mainnet_income_call_eth": "ethereum",
    "mainnet_income_put_sol": "usd-coin",
    "mainnet_income_put_btc": "usd-coin"
  }
}