{
  "totalTvlUSD": 98060242.71,
  "coinsByCoingeckoId": {
    "solana": 135098.121759574,
    "msol": 145809.309420398,
    "bitcoin": 369.798532,
    "saber": 11000000,
    "ftx-token": 76445.206473,
    "usd-coin": 13410140.422073,
    "terra-luna": 59700.356853,
    "socean-staked-sol": 7345.800171795,
    "serum": 3974874.806404,
    "mango-markets": 5999999.159377,
    "raydium": 19310.493998,
    "ethereum": 1486.524949
  },
  "pricesByCoingeckoId": {
    "BTC": 42790,
    "SOL": 142.61,
    "ETH": 3260.82,
    "mSOL": 145.9,
    "FTT": 39.84,
    "SRM": 3.13,
    "USDC": 1,
    "MNGO": 0.206844,
    "scnSOL": 144.76,
    "SBR": 0.083706,
    "LUNA": 77.43,
    "RAY": 5.41
  },
  "sharePricesByGlobalId": {
    "mainnet_income_call_sol": 1.03708,
    "mainnet_income_call_marinade": 1.02581,
    "mainnet_income_call_btc": 1.0644,
    "mainnet_income_call_sbr": 1,
    "mainnet_income_call_ftt": 1.01481,
    "mainnet_income_put_mngo": 1,
    "mainnet_income_call_luna": 1.01873,
    "mainnet_income_call_socean": 1.01266,
    "mainnet_income_call_srm": 1.00834,
    "mainnet_income_call_mngo": 1.01232,
    "mainnet_income_call_ray": 1,
    "mainnet_income_call_eth": 1.01181,
    "mainnet_income_put_sol": 0.99999,
    "mainnet_income_put_btc": 1
  },
  "depositTokenByGlobalId": {
    "mainnet_income_call_sol": 135098.121759574,
    "mainnet_income_call_marinade": 145809.309420398,
    "mainnet_income_call_btc": 369.798532,
    "mainnet_income_call_sbr": 11000000,
    "mainnet_income_call_ftt": 76445.206473,
    "mainnet_income_put_mngo": 429604.43,
    "mainnet_income_call_luna": 59700.356853,
    "mainnet_income_call_socean": 7345.800171795,
    "mainnet_income_call_srm": 3974874.806404,
    "mainnet_income_call_mngo": 5999999.159377,
    "mainnet_income_call_ray": 19310.493998,
    "mainnet_income_call_eth": 1486.524949,
    "mainnet_income_put_sol": 10626158.2,
    "mainnet_income_put_btc": 2354377.79
  },
  "usdValueByGlobalId": {
    "mainnet_income_call_sol": 19266343.14,
    "mainnet_income_call_marinade": 21273578.24,
    "mainnet_income_call_btc": 15823679.18,
    "mainnet_income_call_sbr": 920766,
    "mainnet_income_call_ftt": 3045577.03,
    "mainnet_income_put_mngo": 429604.43,
    "mainnet_income_call_luna": 4622598.63,
    "mainnet_income_call_socean": 1063378.03,
    "mainnet_income_call_srm": 12441358.14,
    "mainnet_income_call_mngo": 1241063.83,
    "mainnet_income_call_ray": 104469.77,
    "mainnet_income_call_eth": 4847290.28,
    "mainnet_income_put_sol": 10626158.2,
    "mainnet_income_put_btc": 2354377.79
  }
}