{
  "totalTvlUSD": 96430127.7,
  "coinsByCoingeckoId": {
    "solana": 133779.473759574,
    "msol": 145808.092395136,
    "bitcoin": 369.587033,
    "saber": 11000000,
    "ftx-token": 76445.206473,
    "usd-coin": 13351298.118219,
    "terra-luna": 57429.934295,
    "socean-staked-sol": 7304.873943254,
    "serum": 3974874.806404,
    "mango-markets": 5999999.159277,
    "raydium": 19310.493998,
    "ethereum": 1482.924949
  },
  "pricesByCoingeckoId": {
    "BTC": 42710,
    "SOL": 139.85,
    "ETH": 3239.5,
    "mSOL": 143.49,
    "FTT": 39.92,
    "SRM": 3.07,
    "USDC": 1,
    "MNGO": 0.207931,
    "scnSOL": 143.51,
    "SBR": 0.084641,
    "LUNA": 74.41,
    "RAY": 5.38
  },
  "sharePricesByGlobalId": {
    "mainnet_income_call_sol": 1.03708,
    "mainnet_income_call_marinade": 1.02581,
    "mainnet_income_call_btc": 1.0644,
    "mainnet_income_call_sbr": 1,
    "mainnet_income_call_ftt": 1.01481,
    "mainnet_income_put_mngo": 1,
    "mainnet_income_call_luna": 1.01873,
    "mainnet_income_call_socean": 1.01266,
    "mainnet_income_call_srm": 1.00834,
    "mainnet_income_call_mngo": 1.01232,
    "mainnet_income_call_ray": 1,
    "mainnet_income_call_eth": 1.01181,
    "mainnet_income_put_sol": 0.99999,
    "mainnet_income_put_btc": 1
  },
  "depositTokenByGlobalId": {
    "mainnet_income_call_sol": 133779.473759574,
    "mainnet_income_call_marinade": 145808.092395136,
    "mainnet_income_call_btc": 369.587033,
    "mainnet_income_call_sbr": 11000000,
    "mainnet_income_call_ftt": 76445.206473,
    "mainnet_income_put_mngo": 429604.43,
    "mainnet_income_call_luna": 57429.934295,
    "mainnet_income_call_socean": 7304.873943254,
    "mainnet_income_call_srm": 3974874.806404,
    "mainnet_income_call_mngo": 5999999.159277,
    "mainnet_income_call_ray": 19310.493998,
    "mainnet_income_call_eth": 1482.924949,
    "mainnet_income_put_sol": 10567315.9,
    "mainnet_income_put_btc": 2354377.79
  },
  "usdValueByGlobalId": {
    "mainnet_income_call_sol": 18709059.41,
    "mainnet_income_call_marinade": 20922003.18,
    "mainnet_income_call_btc": 15785062.18,
    "mainnet_income_call_sbr": 931051,
    "mainnet_income_call_ftt": 3051692.64,
    "mainnet_income_put_mngo": 429604.43,
    "mainnet_income_call_luna": 4273361.41,
    "mainnet_income_call_socean": 1048322.46,
    "mainnet_income_call_srm": 12202865.66,
    "mainnet_income_call_mngo": 1247585.83,
    "mainnet_income_call_ray": 103890.46,
    "mainnet_income_call_eth": 4803935.37,
    "mainnet_income_put_sol": 10567315.9,
    "mainnet_income_put_btc": 2354377.79
  }
}