{
  "totalTvlUSD": 108955488.98,
  "coinsByCoingeckoId": {
    "solana": 142750.39521187,
    "msol": 159853.064710115,
    "bitcoin": 422.029802,
    "saber": 19999999.492037,
    "ftx-token": 67888.790333,
    "usd-coin": 12230568.785342,
    "terra-luna": 70125.644418,
    "terrausd": 510,
    "socean-staked-sol": 10999.987641614,
    "serum": 4066582.98111,
    "mango-markets": 8821372.022007,
    "raydium": 17488.102345,
    "ethereum": 1697.802136
  },
  "pricesByCoingeckoId": {
    "BTC": 43071,
    "SOL": 147.44,
    "ETH": 3321.75,
    "mSOL": 151.2,
    "FTT": 45.86,
    "SRM": 3.19,
    "USDC": 1,
    "MNGO": 0.19377,
    "scnSOL": 150.15,
    "SBR": 0.10373,
    "LUNA": 86.62,
    "UST": 1,
    "RAY": 5.43
  },
  "sharePricesByGlobalId": {
    "mainnet_income_call_sol": 1.04444,
    "mainnet_income_call_marinade": 1.03017,
    "mainnet_income_call_btc": 1.06814,
    "mainnet_income_call_sbr": 1.04667,
    "mainnet_income_call_ftt": 1.02068,
    "mainnet_income_put_mngo": 1.00201,
    "mainnet_income_call_luna": 1.02692,
    "mainnet_income_put_luna": 1,
    "mainnet_income_call_socean": 1.01629,
    "mainnet_income_call_srm": 1.01304,
    "mainnet_income_call_mngo": 1.01322,
    "mainnet_income_call_ray": 1.00275,
    "mainnet_income_call_eth": 1.01502,
    "mainnet_income_put_sol": 1.00281,
    "mainnet_income_put_btc": 1.00329
  },
  "depositTokenByGlobalId": {
    "mainnet_income_call_sol": 142750.39521187,
    "mainnet_income_call_marinade": 159853.064710115,
    "mainnet_income_call_btc": 422.029802,
    "mainnet_income_call_sbr": 19999999.492037,
    "mainnet_income_call_ftt": 67888.790333,
    "mainnet_income_put_mngo": 392112.07,
    "mainnet_income_call_luna": 70125.644418,
    "mainnet_income_put_luna": 510,
    "mainnet_income_call_socean": 10999.987641614,
    "mainnet_income_call_srm": 4066582.98111,
    "mainnet_income_call_mngo": 8821372.022007,
    "mainnet_income_call_ray": 17488.102345,
    "mainnet_income_call_eth": 1697.802136,
    "mainnet_income_put_sol": 10713972.58,
    "mainnet_income_put_btc": 1124484.14
  },
  "usdValueByGlobalId": {
    "mainnet_income_call_sol": 21047118.27,
    "mainnet_income_call_marinade": 24169783.38,
    "mainnet_income_call_btc": 18177245.6,
    "mainnet_income_call_sbr": 2074599.95,
    "mainnet_income_call_ftt": 3113379.92,
    "mainnet_income_put_mngo": 392112.07,
    "mainnet_income_call_luna": 6074283.32,
    "mainnet_income_put_luna": 510,
    "mainnet_income_call_socean": 1651648.14,
    "mainnet_income_call_srm": 12972399.71,
    "mainnet_income_call_mngo": 1709317.26,
    "mainnet_income_call_ray": 94960.4,
    "mainnet_income_call_eth": 5639674.25,
    "mainnet_income_put_sol": 10713972.58,
    "mainnet_income_put_btc": 1124484.14
  },
  "globalIdToDepositTokenCoingeckoId": {
    "mainnet_income_call_sol": "solana",
    "mainnet_income_call_marinade": "msol",
    "mainnet_income_call_btc": "bitcoin",
    "mainnet_income_call_sbr": "saber",
    "mainnet_income_call_ftt": "ftx-token",
    "mainnet_income_put_mngo": "usd-coin",
    "mainnet_income_call_luna": "terra-luna",
    "mainnet_income_put_luna": "terrausd",
    "mainnet_income_call_socean": "socean-staked-sol",
    "mainnet_income_call_srm": "serum",
    "mainnet_income_call_mngo": "mango-markets",
    "mainnet_income_call_ray": "raydium",
    "mainnet_income_call_eth": "ethereum",
    "mainnet_income_put_sol": "usd-coin",
    "mainnet_income_put_btc": "usd-coin"
  }
}