{
  "totalTvlUSD": 96360616.26,
  "coinsByCoingeckoId": {
    "solana": 133182.391759574,
    "msol": 145469.601423737,
    "bitcoin": 369.503559,
    "saber": 11000000,
    "ftx-token": 76292.883058,
    "usd-coin": 13173053.636552,
    "terra-luna": 56802.100312,
    "socean-staked-sol": 7119.956940297,
    "serum": 3974849.079693,
    "mango-markets": 5999999.159277,
    "raydium": 19310.493998,
    "ethereum": 1480.273128
  },
  "pricesByCoingeckoId": {
    "BTC": 42768,
    "SOL": 141.77,
    "ETH": 3235.16,
    "mSOL": 145.43,
    "FTT": 39.64,
    "SRM": 3.05,
    "USDC": 1,
    "MNGO": 0.204248,
    "scnSOL": 144.8,
    "SBR": 0.081406,
    "LUNA": 73.16,
    "RAY": 5.37
  },
  "sharePricesByGlobalId": {
    "mainnet_income_call_sol": 1.03708,
    "mainnet_income_call_marinade": 1.02581,
    "mainnet_income_call_btc": 1.0644,
    "mainnet_income_call_sbr": 1,
    "mainnet_income_call_ftt": 1.01481,
    "mainnet_income_put_mngo": 1.00062,
    "mainnet_income_call_luna": 1.01873,
    "mainnet_income_call_socean": 1.01266,
    "mainnet_income_call_srm": 1.00834,
    "mainnet_income_call_mngo": 1.01232,
    "mainnet_income_call_ray": 1,
    "mainnet_income_call_eth": 1.01181,
    "mainnet_income_put_sol": 1.00376,
    "mainnet_income_put_btc": 1
  },
  "depositTokenByGlobalId": {
    "mainnet_income_call_sol": 133182.391759574,
    "mainnet_income_call_marinade": 145469.601423737,
    "mainnet_income_call_btc": 369.503559,
    "mainnet_income_call_sbr": 11000000,
    "mainnet_income_call_ftt": 76292.883058,
    "mainnet_income_put_mngo": 429859.76,
    "mainnet_income_call_luna": 56802.100312,
    "mainnet_income_call_socean": 7119.956940297,
    "mainnet_income_call_srm": 3974849.079693,
    "mainnet_income_call_mngo": 5999999.159277,
    "mainnet_income_call_ray": 19310.493998,
    "mainnet_income_call_eth": 1480.273128,
    "mainnet_income_put_sol": 10388816.09,
    "mainnet_income_put_btc": 2354377.79
  },
  "usdValueByGlobalId": {
    "mainnet_income_call_sol": 18881267.68,
    "mainnet_income_call_marinade": 21155644.14,
    "mainnet_income_call_btc": 15802928.21,
    "mainnet_income_call_sbr": 895466,
    "mainnet_income_call_ftt": 3024249.88,
    "mainnet_income_put_mngo": 429859.76,
    "mainnet_income_call_luna": 4155641.66,
    "mainnet_income_call_socean": 1030969.76,
    "mainnet_income_call_srm": 12123289.69,
    "mainnet_income_call_mngo": 1225487.83,
    "mainnet_income_call_ray": 103697.35,
    "mainnet_income_call_eth": 4788920.41,
    "mainnet_income_put_sol": 10388816.09,
    "mainnet_income_put_btc": 2354377.79
  }
}