{
  "totalTvlUSD": 100861896.24,
  "coinsByCoingeckoId": {
    "solana": 182294.514958812,
    "msol": 159627.800964005,
    "bitcoin": 415.986843,
    "saber": 17832142.711082,
    "ftx-token": 65573.585783,
    "terra-luna": 75358.352467,
    "terrausd": 205355.385439,
    "usd-coin": 13938822.714652,
    "socean-staked-sol": 10999.999764954,
    "serum": 4226617.43302,
    "mango-markets": 7763725.251741,
    "raydium": 20864.654582,
    "ethereum": 1737.777482
  },
  "pricesByCoingeckoId": {
    "BTC": 38216,
    "SOL": 122.47,
    "ETH": 2775.23,
    "mSOL": 126.06,
    "FTT": 41.96,
    "SRM": 2.56,
    "USDC": 1,
    "MNGO": 0.188824,
    "scnSOL": 126.23,
    "SBR": 0.094734,
    "LUNA": 70.87,
    "UST": 0.99901,
    "RAY": 4.48
  },
  "sharePricesByGlobalId": {
    "mainnet_income_call_sol": 1.05252,
    "mainnet_income_call_marinade": 1.03727,
    "mainnet_income_call_btc": 1.0696,
    "mainnet_income_call_sbr": 1.05044,
    "mainnet_income_call_ftt": 1.02696,
    "mainnet_income_call_luna": 1.0374,
    "mainnet_income_put_luna": 1,
    "mainnet_income_put_mngo": 1.00322,
    "mainnet_income_call_socean": 1.02395,
    "mainnet_income_call_srm": 1.02041,
    "mainnet_income_call_mngo": 1.01533,
    "mainnet_income_call_ray": 1.01764,
    "mainnet_income_call_eth": 1.0165,
    "mainnet_income_put_sol": 1.01183,
    "mainnet_income_put_btc": 1.00606
  },
  "depositTokenByGlobalId": {
    "mainnet_income_call_sol": 182294.514958812,
    "mainnet_income_call_marinade": 159627.800964005,
    "mainnet_income_call_btc": 415.986843,
    "mainnet_income_call_sbr": 17832142.711082,
    "mainnet_income_call_ftt": 65573.585783,
    "mainnet_income_call_luna": 75358.352467,
    "mainnet_income_put_luna": 205355.385439,
    "mainnet_income_put_mngo": 248683.41,
    "mainnet_income_call_socean": 10999.999764954,
    "mainnet_income_call_srm": 4226617.43302,
    "mainnet_income_call_mngo": 7763725.251741,
    "mainnet_income_call_ray": 20864.654582,
    "mainnet_income_call_eth": 1737.777482,
    "mainnet_income_put_sol": 12553976.85,
    "mainnet_income_put_btc": 1136162.46
  },
  "usdValueByGlobalId": {
    "mainnet_income_call_sol": 22325609.25,
    "mainnet_income_call_marinade": 20122680.59,
    "mainnet_income_call_btc": 15897353.19,
    "mainnet_income_call_sbr": 1689310.21,
    "mainnet_income_call_ftt": 2751467.66,
    "mainnet_income_call_luna": 5340646.44,
    "mainnet_income_put_luna": 205152.08,
    "mainnet_income_put_mngo": 248683.41,
    "mainnet_income_call_socean": 1388529.97,
    "mainnet_income_call_srm": 10820140.63,
    "mainnet_income_call_mngo": 1465977.66,
    "mainnet_income_call_ray": 93473.65,
    "mainnet_income_call_eth": 4822732.2,
    "mainnet_income_put_sol": 12553976.85,
    "mainnet_income_put_btc": 1136162.46
  },
  "globalIdToDepositTokenCoingeckoId": {
    "mainnet_income_call_sol": "solana",
    "mainnet_income_call_marinade": "msol",
    "mainnet_income_call_btc": "bitcoin",
    "mainnet_income_call_sbr": "saber",
    "mainnet_income_call_ftt": "ftx-token",
    "mainnet_income_call_luna": "terra-luna",
    "mainnet_income_put_luna": "terrausd",
    "mainnet_income_put_mngo": "usd-coin",
    "mainnet_income_call_socean": "socean-staked-sol",
    "mainnet_income_call_srm": "serum",
    "mainnet_income_call_mngo": "mango-markets",
    "mainnet_income_call_ray": "raydium",
    "mainnet_income_call_eth": "ethereum",
    "mainnet_income_put_sol": "usd-coin",
    "mainnet_income_put_btc": "usd-coin"
  }
}