{
  "totalTvlUSD": 91043495.06,
  "coinsByCoingeckoId": {
    "solana": 129436.429350644,
    "msol": 137023.513222515,
    "bitcoin": 355.467146,
    "saber": 11000000,
    "ftx-token": 72702.691685,
    "usd-coin": 12780717.019282002,
    "terra-luna": 39999.999397,
    "socean-staked-sol": 5499.990099232,
    "serum": 3966391.545835,
    "mango-markets": 5999999.159277,
    "raydium": 18928.330657,
    "ethereum": 1467.434162
  },
  "pricesByCoingeckoId": {
    "BTC": 41835,
    "SOL": 140.91,
    "ETH": 3152.16,
    "mSOL": 144.25,
    "FTT": 37.21,
    "SRM": 3.04,
    "USDC": 1,
    "MNGO": 0.19402,
    "scnSOL": 144.19,
    "SBR": 0.086907,
    "LUNA": 74.6,
    "RAY": 5.36
  },
  "sharePricesByGlobalId": {
    "mainnet_income_call_sol": 1.03708,
    "mainnet_income_call_marinade": 1.02581,
    "mainnet_income_call_btc": 1.0644,
    "mainnet_income_call_sbr": 1,
    "mainnet_income_call_ftt": 1.01481,
    "mainnet_income_put_mngo": 1.00062,
    "mainnet_income_call_luna": 1.01873,
    "mainnet_income_call_socean": 1.01266,
    "mainnet_income_call_srm": 1.00834,
    "mainnet_income_call_mngo": 1.01232,
    "mainnet_income_call_ray": 1,
    "mainnet_income_call_eth": 1.01181,
    "mainnet_income_put_sol": 1,
    "mainnet_income_put_btc": 1
  },
  "depositTokenByGlobalId": {
    "mainnet_income_call_sol": 129436.429350644,
    "mainnet_income_call_marinade": 137023.513222515,
    "mainnet_income_call_btc": 355.467146,
    "mainnet_income_call_sbr": 11000000,
    "mainnet_income_call_ftt": 72702.691685,
    "mainnet_income_put_mngo": 426339.26,
    "mainnet_income_call_luna": 39999.999397,
    "mainnet_income_call_socean": 5499.990099232,
    "mainnet_income_call_srm": 3966391.545835,
    "mainnet_income_call_mngo": 5999999.159277,
    "mainnet_income_call_ray": 18928.330657,
    "mainnet_income_call_eth": 1467.434162,
    "mainnet_income_put_sol": 9999999.97,
    "mainnet_income_put_btc": 2354377.79
  },
  "usdValueByGlobalId": {
    "mainnet_income_call_sol": 18238887.26,
    "mainnet_income_call_marinade": 19765641.78,
    "mainnet_income_call_btc": 14870968.05,
    "mainnet_income_call_sbr": 955977,
    "mainnet_income_call_ftt": 2705267.16,
    "mainnet_income_put_mngo": 426339.26,
    "mainnet_income_call_luna": 2983999.96,
    "mainnet_income_call_socean": 793043.57,
    "mainnet_income_call_srm": 12057830.3,
    "mainnet_income_call_mngo": 1164119.84,
    "mainnet_income_call_ray": 101455.85,
    "mainnet_income_call_eth": 4625587.27,
    "mainnet_income_put_sol": 9999999.97,
    "mainnet_income_put_btc": 2354377.79
  }
}