{
  "totalTvlUSD": 92055783.13,
  "coinsByCoingeckoId": {
    "solana": 128951.277350644,
    "msol": 136543.943735555,
    "bitcoin": 355.195506,
    "saber": 11000000,
    "ftx-token": 72697.904788,
    "usd-coin": 12778342.187611,
    "terra-luna": 39999.999397,
    "socean-staked-sol": 5499.990099232,
    "serum": 3966379.6449,
    "mango-markets": 5999999.159277,
    "raydium": 18918.099566,
    "ethereum": 1467.167941
  },
  "pricesByCoingeckoId": {
    "BTC": 42269,
    "SOL": 144.3,
    "ETH": 3187.02,
    "mSOL": 147.67,
    "FTT": 37.1,
    "SRM": 3.07,
    "USDC": 1,
    "MNGO": 0.191786,
    "scnSOL": 146.61,
    "SBR": 0.087071,
    "LUNA": 73.14,
    "RAY": 5.41
  },
  "sharePricesByGlobalId": {
    "mainnet_income_call_sol": 1.03708,
    "mainnet_income_call_marinade": 1.02581,
    "mainnet_income_call_btc": 1.0644,
    "mainnet_income_call_sbr": 1,
    "mainnet_income_call_ftt": 1.01481,
    "mainnet_income_put_mngo": 1,
    "mainnet_income_call_luna": 1.01873,
    "mainnet_income_call_socean": 1.01266,
    "mainnet_income_call_srm": 1.00834,
    "mainnet_income_call_mngo": 1.01232,
    "mainnet_income_call_ray": 1,
    "mainnet_income_call_eth": 1.01181,
    "mainnet_income_put_sol": 1,
    "mainnet_income_put_btc": 1
  },
  "depositTokenByGlobalId": {
    "mainnet_income_call_sol": 128951.277350644,
    "mainnet_income_call_marinade": 136543.943735555,
    "mainnet_income_call_btc": 355.195506,
    "mainnet_income_call_sbr": 11000000,
    "mainnet_income_call_ftt": 72697.904788,
    "mainnet_income_put_mngo": 426033.57,
    "mainnet_income_call_luna": 39999.999397,
    "mainnet_income_call_socean": 5499.990099232,
    "mainnet_income_call_srm": 3966379.6449,
    "mainnet_income_call_mngo": 5999999.159277,
    "mainnet_income_call_ray": 18918.099566,
    "mainnet_income_call_eth": 1467.167941,
    "mainnet_income_put_sol": 9999999.97,
    "mainnet_income_put_btc": 2352308.65
  },
  "usdValueByGlobalId": {
    "mainnet_income_call_sol": 18607669.32,
    "mainnet_income_call_marinade": 20163444.17,
    "mainnet_income_call_btc": 15013758.84,
    "mainnet_income_call_sbr": 957781,
    "mainnet_income_call_ftt": 2697092.27,
    "mainnet_income_put_mngo": 426033.57,
    "mainnet_income_call_luna": 2925599.96,
    "mainnet_income_call_socean": 806353.55,
    "mainnet_income_call_srm": 12176785.51,
    "mainnet_income_call_mngo": 1150715.84,
    "mainnet_income_call_ray": 102346.92,
    "mainnet_income_call_eth": 4675893.57,
    "mainnet_income_put_sol": 9999999.97,
    "mainnet_income_put_btc": 2352308.65
  }
}