{
  "totalTvlUSD": 118317011.82,
  "coinsByCoingeckoId": {
    "solana": 180318.40477887,
    "msol": 166470.50714752,
    "bitcoin": 433.1308,
    "saber": 19999999.760273,
    "ftx-token": 75331.828785,
    "terra-luna": 87246.925433,
    "terrausd": 191617.729974,
    "usd-coin": 13878777.298881998,
    "socean-staked-sol": 11000,
    "serum": 4217072.281677,
    "mango-markets": 9116683.343669,
    "raydium": 20915.35224,
    "ethereum": 1808.910655
  },
  "pricesByCoingeckoId": {
    "BTC": 43240,
    "SOL": 142.69,
    "ETH": 3251.83,
    "mSOL": 146.4,
    "FTT": 49.47,
    "SRM": 3.01,
    "USDC": 1,
    "MNGO": 0.205007,
    "scnSOL": 145.05,
    "SBR": 0.111195,
    "LUNA": 83.87,
    "UST": 1,
    "RAY": 5.21
  },
  "sharePricesByGlobalId": {
    "mainnet_income_call_sol": 1.05342,
    "mainnet_income_call_marinade": 1.03017,
    "mainnet_income_call_btc": 1.06976,
    "mainnet_income_call_sbr": 1.04667,
    "mainnet_income_call_ftt": 1.02068,
    "mainnet_income_call_luna": 1.02692,
    "mainnet_income_put_luna": 1,
    "mainnet_income_put_mngo": 1.00201,
    "mainnet_income_call_socean": 1.01629,
    "mainnet_income_call_srm": 1.01304,
    "mainnet_income_call_mngo": 1.01322,
    "mainnet_income_call_ray": 1.00275,
    "mainnet_income_call_eth": 1.01667,
    "mainnet_income_put_sol": 1.00281,
    "mainnet_income_put_btc": 1.00329
  },
  "depositTokenByGlobalId": {
    "mainnet_income_call_sol": 180318.40477887,
    "mainnet_income_call_marinade": 166470.50714752,
    "mainnet_income_call_btc": 433.1308,
    "mainnet_income_call_sbr": 19999999.760273,
    "mainnet_income_call_ftt": 75331.828785,
    "mainnet_income_call_luna": 87246.925433,
    "mainnet_income_put_luna": 191617.729974,
    "mainnet_income_put_mngo": 405509.79,
    "mainnet_income_call_socean": 11000,
    "mainnet_income_call_srm": 4217072.281677,
    "mainnet_income_call_mngo": 9116683.343669,
    "mainnet_income_call_ray": 20915.35224,
    "mainnet_income_call_eth": 1808.910655,
    "mainnet_income_put_sol": 12347403.46,
    "mainnet_income_put_btc": 1125864.04
  },
  "usdValueByGlobalId": {
    "mainnet_income_call_sol": 25729633.18,
    "mainnet_income_call_marinade": 24371282.25,
    "mainnet_income_call_btc": 18728575.79,
    "mainnet_income_call_sbr": 2223899.97,
    "mainnet_income_call_ftt": 3726665.57,
    "mainnet_income_call_luna": 7317399.64,
    "mainnet_income_put_luna": 191617.73,
    "mainnet_income_put_mngo": 405509.79,
    "mainnet_income_call_socean": 1595550,
    "mainnet_income_call_srm": 12693387.57,
    "mainnet_income_call_mngo": 1868983.9,
    "mainnet_income_call_ray": 108968.99,
    "mainnet_income_call_eth": 5882269.94,
    "mainnet_income_put_sol": 12347403.46,
    "mainnet_income_put_btc": 1125864.04
  },
  "globalIdToDepositTokenCoingeckoId": {
    "mainnet_income_call_sol": "solana",
    "mainnet_income_call_marinade": "msol",
    "mainnet_income_call_btc": "bitcoin",
    "mainnet_income_call_sbr": "saber",
    "mainnet_income_call_ftt": "ftx-token",
    "mainnet_income_call_luna": "terra-luna",
    "mainnet_income_put_luna": "terrausd",
    "mainnet_income_put_mngo": "usd-coin",
    "mainnet_income_call_socean": "socean-staked-sol",
    "mainnet_income_call_srm": "serum",
    "mainnet_income_call_mngo": "mango-markets",
    "mainnet_income_call_ray": "raydium",
    "mainnet_income_call_eth": "ethereum",
    "mainnet_income_put_sol": "usd-coin",
    "mainnet_income_put_btc": "usd-coin"
  }
}