{
  "totalTvlUSD": 104945441.99,
  "coinsByCoingeckoId": {
    "solana": 138834.60431187,
    "msol": 158449.889019066,
    "bitcoin": 410.431092,
    "saber": 18015132.032344,
    "ftx-token": 66900.816347,
    "usd-coin": 11931801,
    "terra-luna": 64845.931254,
    "socean-staked-sol": 10999.987641614,
    "serum": 4028247.302488,
    "mango-markets": 8705996.907382,
    "raydium": 16185.11108,
    "ethereum": 1686.699237
  },
  "pricesByCoingeckoId": {
    "BTC": 42962,
    "SOL": 146.26,
    "ETH": 3283.15,
    "mSOL": 150.26,
    "FTT": 43.59,
    "SRM": 3.11,
    "USDC": 1,
    "MNGO": 0.198086,
    "scnSOL": 150.34,
    "SBR": 0.088914,
    "LUNA": 80.47,
    "RAY": 5.32
  },
  "sharePricesByGlobalId": {
    "mainnet_income_call_sol": 1.04444,
    "mainnet_income_call_marinade": 1.03017,
    "mainnet_income_call_btc": 1.06814,
    "mainnet_income_call_sbr": 1.04667,
    "mainnet_income_call_ftt": 1.02068,
    "mainnet_income_put_mngo": 1.00201,
    "mainnet_income_call_luna": 1.02692,
    "mainnet_income_call_socean": 1.01629,
    "mainnet_income_call_srm": 1.01304,
    "mainnet_income_call_mngo": 1.01322,
    "mainnet_income_call_ray": 1.00275,
    "mainnet_income_call_eth": 1.01502,
    "mainnet_income_put_sol": 1.00281,
    "mainnet_income_put_btc": 1.00329
  },
  "depositTokenByGlobalId": {
    "mainnet_income_call_sol": 138834.60431187,
    "mainnet_income_call_marinade": 158449.889019066,
    "mainnet_income_call_btc": 410.431092,
    "mainnet_income_call_sbr": 18015132.032344,
    "mainnet_income_call_ftt": 66900.816347,
    "mainnet_income_put_mngo": 391820.22,
    "mainnet_income_call_luna": 64845.931254,
    "mainnet_income_call_socean": 10999.987641614,
    "mainnet_income_call_srm": 4028247.302488,
    "mainnet_income_call_mngo": 8705996.907382,
    "mainnet_income_call_ray": 16185.11108,
    "mainnet_income_call_eth": 1686.699237,
    "mainnet_income_put_sol": 10415788.44,
    "mainnet_income_put_btc": 1124192.33
  },
  "usdValueByGlobalId": {
    "mainnet_income_call_sol": 20305949.23,
    "mainnet_income_call_marinade": 23808680.32,
    "mainnet_income_call_btc": 17632940.57,
    "mainnet_income_call_sbr": 1601797.45,
    "mainnet_income_call_ftt": 2916206.58,
    "mainnet_income_put_mngo": 391820.22,
    "mainnet_income_call_luna": 5218152.09,
    "mainnet_income_call_socean": 1653738.14,
    "mainnet_income_call_srm": 12527849.11,
    "mainnet_income_call_mngo": 1724536.1,
    "mainnet_income_call_ray": 86104.79,
    "mainnet_income_call_eth": 5537686.6,
    "mainnet_income_put_sol": 10415788.44,
    "mainnet_income_put_btc": 1124192.33
  },
  "globalIdToDepositTokenCoingeckoId": {
    "mainnet_income_call_sol": "solana",
    "mainnet_income_call_marinade": "msol",
    "mainnet_income_call_btc": "bitcoin",
    "mainnet_income_call_sbr": "saber",
    "mainnet_income_call_ftt": "ftx-token",
    "mainnet_income_put_mngo": "usd-coin",
    "mainnet_income_call_luna": "terra-luna",
    "mainnet_income_call_socean": "socean-staked-sol",
    "mainnet_income_call_srm": "serum",
    "mainnet_income_call_mngo": "mango-markets",
    "mainnet_income_call_ray": "raydium",
    "mainnet_income_call_eth": "ethereum",
    "mainnet_income_put_sol": "usd-coin",
    "mainnet_income_put_btc": "usd-coin"
  }
}