{
  "totalTvlUSD": 89858644.23,
  "coinsByCoingeckoId": {
    "solana": 190185.057008812,
    "msol": 163722.177976914,
    "bitcoin": 435.853472,
    "saber": 19999935.812355,
    "ftx-token": 66971.182593,
    "terra-luna": 84015.16932,
    "terrausd": 214767.422522,
    "usd-coin": 14291311.486476,
    "socean-staked-sol": 10999.999764954,
    "serum": 4236230.33355,
    "mango-markets": 7874157.260761,
    "raydium": 21726.294011,
    "ethereum": 1768.087552
  },
  "pricesByCoingeckoId": {
    "BTC": 37559,
    "SOL": 95.09,
    "ETH": 2489.67,
    "mSOL": 97.46,
    "FTT": 37.14,
    "SRM": 2.15,
    "USDC": 1,
    "MNGO": 0.155325,
    "scnSOL": 96.3,
    "SBR": 0.068297,
    "LUNA": 62.07,
    "UST": 1.01,
    "RAY": 3.63
  },
  "sharePricesByGlobalId": {
    "mainnet_income_call_sol": 1.05252,
    "mainnet_income_call_marinade": 1.03727,
    "mainnet_income_call_btc": 1.0696,
    "mainnet_income_call_sbr": 1.05044,
    "mainnet_income_call_ftt": 1.02696,
    "mainnet_income_call_luna": 1.0374,
    "mainnet_income_put_luna": 1,
    "mainnet_income_put_mngo": 1.00322,
    "mainnet_income_call_socean": 1.02395,
    "mainnet_income_call_srm": 1.02041,
    "mainnet_income_call_mngo": 1.01533,
    "mainnet_income_call_ray": 1.01764,
    "mainnet_income_call_eth": 1.0165,
    "mainnet_income_put_sol": 1.01183,
    "mainnet_income_put_btc": 1.00606
  },
  "depositTokenByGlobalId": {
    "mainnet_income_call_sol": 190185.057008812,
    "mainnet_income_call_marinade": 163722.177976914,
    "mainnet_income_call_btc": 435.853472,
    "mainnet_income_call_sbr": 19999935.812355,
    "mainnet_income_call_ftt": 66971.182593,
    "mainnet_income_call_luna": 84015.16932,
    "mainnet_income_put_luna": 214767.422522,
    "mainnet_income_put_mngo": 249185.27,
    "mainnet_income_call_socean": 10999.999764954,
    "mainnet_income_call_srm": 4236230.33355,
    "mainnet_income_call_mngo": 7874157.260761,
    "mainnet_income_call_ray": 21726.294011,
    "mainnet_income_call_eth": 1768.087552,
    "mainnet_income_put_sol": 12903404.69,
    "mainnet_income_put_btc": 1138721.52
  },
  "usdValueByGlobalId": {
    "mainnet_income_call_sol": 18084697.07,
    "mainnet_income_call_marinade": 15956363.47,
    "mainnet_income_call_btc": 16370220.55,
    "mainnet_income_call_sbr": 1365935.62,
    "mainnet_income_call_ftt": 2487309.72,
    "mainnet_income_call_luna": 5214821.56,
    "mainnet_income_put_luna": 216915.1,
    "mainnet_income_put_mngo": 249185.27,
    "mainnet_income_call_socean": 1059299.98,
    "mainnet_income_call_srm": 9107895.22,
    "mainnet_income_call_mngo": 1223053.48,
    "mainnet_income_call_ray": 78866.45,
    "mainnet_income_call_eth": 4401954.54,
    "mainnet_income_put_sol": 12903404.69,
    "mainnet_income_put_btc": 1138721.52
  },
  "globalIdToDepositTokenCoingeckoId": {
    "mainnet_income_call_sol": "solana",
    "mainnet_income_call_marinade": "msol",
    "mainnet_income_call_btc": "bitcoin",
    "mainnet_income_call_sbr": "saber",
    "mainnet_income_call_ftt": "ftx-token",
    "mainnet_income_call_luna": "terra-luna",
    "mainnet_income_put_luna": "terrausd",
    "mainnet_income_put_mngo": "usd-coin",
    "mainnet_income_call_socean": "socean-staked-sol",
    "mainnet_income_call_srm": "serum",
    "mainnet_income_call_mngo": "mango-markets",
    "mainnet_income_call_ray": "raydium",
    "mainnet_income_call_eth": "ethereum",
    "mainnet_income_put_sol": "usd-coin",
    "mainnet_income_put_btc": "usd-coin"
  }
}