{
  "totalTvlUSD": 46347064.98,
  "coinsByCoingeckoId": {
    "solana": 83827.563503664,
    "msol": 84999.163602565,
    "bitcoin": 203.643324,
    "ethereum": 362.877792,
    "ftx-token": 24802.411903,
    "serum": 211665.935209,
    "mango-markets": 1562720.193023
  },
  "pricesByCoingeckoId": {
    "BTC": 49783,
    "SOL": 190.33,
    "ETH": 3980.02,
    "mSOL": 194.78,
    "FTT": 41.44,
    "SRM": 3.91,
    "USDC": 1,
    "MNGO": 0.254918
  },
  "sharePricesByGlobalId": {
    "mainnet_income_call_sol": 1.02193,
    "mainnet_income_call_marinade": 1.01091,
    "mainnet_income_call_btc": 1.05125,
    "mainnet_income_call_eth": 1.006,
    "mainnet_income_call_ftt": 1,
    "mainnet_income_call_srm": 1,
    "mainnet_income_call_mngo": 1
  }
}