{
  "totalTvlUSD": 88260134.83,
  "coinsByCoingeckoId": {
    "solana": 124367.008425644,
    "msol": 134544.083020937,
    "bitcoin": 300.454016,
    "saber": 11000000,
    "ftx-token": 70639.430071,
    "usd-coin": 12663982.685099,
    "terra-luna": 39999.989397,
    "socean-staked-sol": 5373.03332387,
    "serum": 3964192.957073,
    "mango-markets": 5999999.148087,
    "raydium": 18915.242615,
    "ethereum": 1399.448063
  },
  "pricesByCoingeckoId": {
    "BTC": 42478,
    "SOL": 141.45,
    "ETH": 3237.8,
    "mSOL": 143.55,
    "FTT": 36.52,
    "SRM": 3.25,
    "USDC": 1,
    "MNGO": 0.19263,
    "scnSOL": 142.55,
    "SBR": 0.09261,
    "LUNA": 72.22,
    "RAY": 5.51
  },
  "sharePricesByGlobalId": {
    "mainnet_income_call_sol": 1.03708,
    "mainnet_income_call_marinade": 1.02581,
    "mainnet_income_call_btc": 1.0644,
    "mainnet_income_call_sbr": 1,
    "mainnet_income_call_ftt": 1.01481,
    "mainnet_income_put_mngo": 1,
    "mainnet_income_call_luna": 1.01873,
    "mainnet_income_call_socean": 1.01266,
    "mainnet_income_call_srm": 1.00834,
    "mainnet_income_call_mngo": 1.01232,
    "mainnet_income_call_ray": 1,
    "mainnet_income_call_eth": 1.01181,
    "mainnet_income_put_sol": 1,
    "mainnet_income_put_btc": 1
  },
  "depositTokenByGlobalId": {
    "mainnet_income_call_sol": 124367.008425644,
    "mainnet_income_call_marinade": 134544.083020937,
    "mainnet_income_call_btc": 300.454016,
    "mainnet_income_call_sbr": 11000000,
    "mainnet_income_call_ftt": 70639.430071,
    "mainnet_income_put_mngo": 420661.09,
    "mainnet_income_call_luna": 39999.989397,
    "mainnet_income_call_socean": 5373.03332387,
    "mainnet_income_call_srm": 3964192.957073,
    "mainnet_income_call_mngo": 5999999.148087,
    "mainnet_income_call_ray": 18915.242615,
    "mainnet_income_call_eth": 1399.448063,
    "mainnet_income_put_sol": 9892413.86,
    "mainnet_income_put_btc": 2350907.74
  },
  "usdValueByGlobalId": {
    "mainnet_income_call_sol": 17591713.34,
    "mainnet_income_call_marinade": 19313803.12,
    "mainnet_income_call_btc": 12762685.69,
    "mainnet_income_call_sbr": 1018710,
    "mainnet_income_call_ftt": 2579751.99,
    "mainnet_income_put_mngo": 420661.09,
    "mainnet_income_call_luna": 2888799.23,
    "mainnet_income_call_socean": 765925.9,
    "mainnet_income_call_srm": 12883627.11,
    "mainnet_income_call_mngo": 1155779.84,
    "mainnet_income_call_ray": 104222.99,
    "mainnet_income_call_eth": 4531132.94,
    "mainnet_income_put_sol": 9892413.86,
    "mainnet_income_put_btc": 2350907.74
  }
}