{
  "totalTvlUSD": 87402995.98,
  "coinsByCoingeckoId": {
    "solana": 187851.754158812,
    "msol": 162310.098879224,
    "bitcoin": 432.197839,
    "saber": 18800367.172324,
    "ftx-token": 66452.899915,
    "terra-luna": 82760.055935,
    "terrausd": 207818.654299,
    "usd-coin": 14052571.642113,
    "socean-staked-sol": 10999.999764954,
    "serum": 4235069.805075,
    "mango-markets": 7819872.780532,
    "raydium": 21180.224006,
    "ethereum": 1762.055973
  },
  "pricesByCoingeckoId": {
    "BTC": 35432,
    "SOL": 92.27,
    "ETH": 2466.2,
    "mSOL": 94.82,
    "FTT": 35.1,
    "SRM": 2.18,
    "USDC": 1,
    "MNGO": 0.156924,
    "scnSOL": 94.27,
    "SBR": 0.071036,
    "LUNA": 66.69,
    "UST": 1,
    "RAY": 3.6
  },
  "sharePricesByGlobalId": {
    "mainnet_income_call_sol": 1.05252,
    "mainnet_income_call_marinade": 1.03727,
    "mainnet_income_call_btc": 1.0696,
    "mainnet_income_call_sbr": 1.05044,
    "mainnet_income_call_ftt": 1.02696,
    "mainnet_income_call_luna": 1.0374,
    "mainnet_income_put_luna": 1,
    "mainnet_income_put_mngo": 1.00322,
    "mainnet_income_call_socean": 1.02395,
    "mainnet_income_call_srm": 1.02041,
    "mainnet_income_call_mngo": 1.01533,
    "mainnet_income_call_ray": 1.01764,
    "mainnet_income_call_eth": 1.0165,
    "mainnet_income_put_sol": 1.01183,
    "mainnet_income_put_btc": 1.00606
  },
  "depositTokenByGlobalId": {
    "mainnet_income_call_sol": 187851.754158812,
    "mainnet_income_call_marinade": 162310.098879224,
    "mainnet_income_call_btc": 432.197839,
    "mainnet_income_call_sbr": 18800367.172324,
    "mainnet_income_call_ftt": 66452.899915,
    "mainnet_income_call_luna": 82760.055935,
    "mainnet_income_put_luna": 207818.654299,
    "mainnet_income_put_mngo": 248683.41,
    "mainnet_income_call_socean": 10999.999764954,
    "mainnet_income_call_srm": 4235069.805075,
    "mainnet_income_call_mngo": 7819872.780532,
    "mainnet_income_call_ray": 21180.224006,
    "mainnet_income_call_eth": 1762.055973,
    "mainnet_income_put_sol": 12665677.4,
    "mainnet_income_put_btc": 1138210.83
  },
  "usdValueByGlobalId": {
    "mainnet_income_call_sol": 17333081.36,
    "mainnet_income_call_marinade": 15390243.58,
    "mainnet_income_call_btc": 15313633.83,
    "mainnet_income_call_sbr": 1335502.88,
    "mainnet_income_call_ftt": 2332496.79,
    "mainnet_income_call_luna": 5519268.13,
    "mainnet_income_put_luna": 207818.65,
    "mainnet_income_put_mngo": 248683.41,
    "mainnet_income_call_socean": 1036969.98,
    "mainnet_income_call_srm": 9232452.18,
    "mainnet_income_call_mngo": 1227125.72,
    "mainnet_income_call_ray": 76248.81,
    "mainnet_income_call_eth": 4345582.44,
    "mainnet_income_put_sol": 12665677.4,
    "mainnet_income_put_btc": 1138210.83
  },
  "globalIdToDepositTokenCoingeckoId": {
    "mainnet_income_call_sol": "solana",
    "mainnet_income_call_marinade": "msol",
    "mainnet_income_call_btc": "bitcoin",
    "mainnet_income_call_sbr": "saber",
    "mainnet_income_call_ftt": "ftx-token",
    "mainnet_income_call_luna": "terra-luna",
    "mainnet_income_put_luna": "terrausd",
    "mainnet_income_put_mngo": "usd-coin",
    "mainnet_income_call_socean": "socean-staked-sol",
    "mainnet_income_call_srm": "serum",
    "mainnet_income_call_mngo": "mango-markets",
    "mainnet_income_call_ray": "raydium",
    "mainnet_income_call_eth": "ethereum",
    "mainnet_income_put_sol": "usd-coin",
    "mainnet_income_put_btc": "usd-coin"
  }
}