{
  "totalTvlUSD": 96295043.66,
  "coinsByCoingeckoId": {
    "solana": 182780.426958812,
    "msol": 159628.183452622,
    "bitcoin": 424.01654,
    "saber": 18352116.817738,
    "ftx-token": 65574.702527,
    "terra-luna": 75712.617915,
    "terrausd": 205355.385439,
    "usd-coin": 13962278.584259,
    "socean-staked-sol": 10999.999764954,
    "serum": 4226626.15645,
    "mango-markets": 7781534.236132,
    "raydium": 20933.234226,
    "ethereum": 1737.777492
  },
  "pricesByCoingeckoId": {
    "BTC": 37068,
    "SOL": 113.28,
    "ETH": 2636.76,
    "mSOL": 117.1,
    "FTT": 39.4,
    "SRM": 2.47,
    "USDC": 1,
    "MNGO": 0.185523,
    "scnSOL": 116.76,
    "SBR": 0.091409,
    "LUNA": 64.84,
    "UST": 1.01,
    "RAY": 4.29
  },
  "sharePricesByGlobalId": {
    "mainnet_income_call_sol": 1.05252,
    "mainnet_income_call_marinade": 1.03727,
    "mainnet_income_call_btc": 1.0696,
    "mainnet_income_call_sbr": 1.05044,
    "mainnet_income_call_ftt": 1.02696,
    "mainnet_income_call_luna": 1.0374,
    "mainnet_income_put_luna": 1,
    "mainnet_income_put_mngo": 1.00322,
    "mainnet_income_call_socean": 1.02395,
    "mainnet_income_call_srm": 1.02041,
    "mainnet_income_call_mngo": 1.01533,
    "mainnet_income_call_ray": 1.01764,
    "mainnet_income_call_eth": 1.0165,
    "mainnet_income_put_sol": 1.01183,
    "mainnet_income_put_btc": 1.00606
  },
  "depositTokenByGlobalId": {
    "mainnet_income_call_sol": 182780.426958812,
    "mainnet_income_call_marinade": 159628.183452622,
    "mainnet_income_call_btc": 424.01654,
    "mainnet_income_call_sbr": 18352116.817738,
    "mainnet_income_call_ftt": 65574.702527,
    "mainnet_income_call_luna": 75712.617915,
    "mainnet_income_put_luna": 205355.385439,
    "mainnet_income_put_mngo": 248683.41,
    "mainnet_income_call_socean": 10999.999764954,
    "mainnet_income_call_srm": 4226626.15645,
    "mainnet_income_call_mngo": 7781534.236132,
    "mainnet_income_call_ray": 20933.234226,
    "mainnet_income_call_eth": 1737.777492,
    "mainnet_income_put_sol": 12577432.72,
    "mainnet_income_put_btc": 1136162.46
  },
  "usdValueByGlobalId": {
    "mainnet_income_call_sol": 20705366.77,
    "mainnet_income_call_marinade": 18692460.28,
    "mainnet_income_call_btc": 15717445.1,
    "mainnet_income_call_sbr": 1677548.65,
    "mainnet_income_call_ftt": 2583643.28,
    "mainnet_income_call_luna": 4909206.15,
    "mainnet_income_put_luna": 207408.94,
    "mainnet_income_put_mngo": 248683.41,
    "mainnet_income_call_socean": 1284359.97,
    "mainnet_income_call_srm": 10439766.61,
    "mainnet_income_call_mngo": 1443653.58,
    "mainnet_income_call_ray": 89803.57,
    "mainnet_income_call_eth": 4582102.18,
    "mainnet_income_put_sol": 12577432.72,
    "mainnet_income_put_btc": 1136162.46
  },
  "globalIdToDepositTokenCoingeckoId": {
    "mainnet_income_call_sol": "solana",
    "mainnet_income_call_marinade": "msol",
    "mainnet_income_call_btc": "bitcoin",
    "mainnet_income_call_sbr": "saber",
    "mainnet_income_call_ftt": "ftx-token",
    "mainnet_income_call_luna": "terra-luna",
    "mainnet_income_put_luna": "terrausd",
    "mainnet_income_put_mngo": "usd-coin",
    "mainnet_income_call_socean": "socean-staked-sol",
    "mainnet_income_call_srm": "serum",
    "mainnet_income_call_mngo": "mango-markets",
    "mainnet_income_call_ray": "raydium",
    "mainnet_income_call_eth": "ethereum",
    "mainnet_income_put_sol": "usd-coin",
    "mainnet_income_put_btc": "usd-coin"
  }
}