{
  "totalTvlUSD": 92270441.01,
  "coinsByCoingeckoId": {
    "solana": 129060.064350644,
    "msol": 136978.780080817,
    "bitcoin": 355.445846,
    "saber": 11000000,
    "ftx-token": 72698.904788,
    "usd-coin": 12778362.187611,
    "terra-luna": 39999.999397,
    "socean-staked-sol": 5499.990099232,
    "serum": 3966379.6449,
    "mango-markets": 5999999.159277,
    "raydium": 18918.099566,
    "ethereum": 1467.403075
  },
  "pricesByCoingeckoId": {
    "BTC": 42467,
    "SOL": 144.04,
    "ETH": 3195,
    "mSOL": 147.66,
    "FTT": 37.46,
    "SRM": 3.07,
    "USDC": 1,
    "MNGO": 0.192663,
    "scnSOL": 147.46,
    "SBR": 0.08848,
    "LUNA": 73.75,
    "RAY": 5.42
  },
  "sharePricesByGlobalId": {
    "mainnet_income_call_sol": 1.03708,
    "mainnet_income_call_marinade": 1.02581,
    "mainnet_income_call_btc": 1.0644,
    "mainnet_income_call_sbr": 1,
    "mainnet_income_call_ftt": 1.01481,
    "mainnet_income_put_mngo": 1,
    "mainnet_income_call_luna": 1.01873,
    "mainnet_income_call_socean": 1.01266,
    "mainnet_income_call_srm": 1.00834,
    "mainnet_income_call_mngo": 1.01232,
    "mainnet_income_call_ray": 1,
    "mainnet_income_call_eth": 1.01181,
    "mainnet_income_put_sol": 1,
    "mainnet_income_put_btc": 1
  },
  "depositTokenByGlobalId": {
    "mainnet_income_call_sol": 129060.064350644,
    "mainnet_income_call_marinade": 136978.780080817,
    "mainnet_income_call_btc": 355.445846,
    "mainnet_income_call_sbr": 11000000,
    "mainnet_income_call_ftt": 72698.904788,
    "mainnet_income_put_mngo": 426053.57,
    "mainnet_income_call_luna": 39999.999397,
    "mainnet_income_call_socean": 5499.990099232,
    "mainnet_income_call_srm": 3966379.6449,
    "mainnet_income_call_mngo": 5999999.159277,
    "mainnet_income_call_ray": 18918.099566,
    "mainnet_income_call_eth": 1467.403075,
    "mainnet_income_put_sol": 9999999.97,
    "mainnet_income_put_btc": 2352308.65
  },
  "usdValueByGlobalId": {
    "mainnet_income_call_sol": 18589811.67,
    "mainnet_income_call_marinade": 20226286.67,
    "mainnet_income_call_btc": 15094718.74,
    "mainnet_income_call_sbr": 973280,
    "mainnet_income_call_ftt": 2723300.97,
    "mainnet_income_put_mngo": 426053.57,
    "mainnet_income_call_luna": 2949999.96,
    "mainnet_income_call_socean": 811028.54,
    "mainnet_income_call_srm": 12176785.51,
    "mainnet_income_call_mngo": 1155977.84,
    "mainnet_income_call_ray": 102536.1,
    "mainnet_income_call_eth": 4688352.82,
    "mainnet_income_put_sol": 9999999.97,
    "mainnet_income_put_btc": 2352308.65
  }
}