{
  "totalTvlUSD": 109463921.13,
  "coinsByCoingeckoId": {
    "solana": 145514.323859574,
    "msol": 155712.621763854,
    "bitcoin": 413.174465,
    "saber": 20000000,
    "ftx-token": 79469.80303,
    "usd-coin": 15428586.064811999,
    "terra-luna": 68032.937173,
    "socean-staked-sol": 10297.751151846,
    "serum": 4033012.937429,
    "mango-markets": 8021871.992512,
    "raydium": 19383.995558,
    "ethereum": 1614.911688
  },
  "pricesByCoingeckoId": {
    "BTC": 42732,
    "SOL": 147.43,
    "ETH": 3271.07,
    "mSOL": 151.09,
    "FTT": 41.49,
    "SRM": 3.12,
    "USDC": 1,
    "MNGO": 0.198341,
    "scnSOL": 150.99,
    "SBR": 0.079957,
    "LUNA": 79.21,
    "RAY": 5.32
  },
  "sharePricesByGlobalId": {
    "mainnet_income_call_sol": 1.04513,
    "mainnet_income_call_marinade": 1.03062,
    "mainnet_income_call_btc": 1.06847,
    "mainnet_income_call_sbr": 1.03998,
    "mainnet_income_call_ftt": 1.02095,
    "mainnet_income_put_mngo": 1,
    "mainnet_income_call_luna": 1.02766,
    "mainnet_income_call_socean": 1.01667,
    "mainnet_income_call_srm": 1.01356,
    "mainnet_income_call_mngo": 1.0133,
    "mainnet_income_call_ray": 1.00283,
    "mainnet_income_call_eth": 1.01536,
    "mainnet_income_put_sol": 0.99999,
    "mainnet_income_put_btc": 1
  },
  "depositTokenByGlobalId": {
    "mainnet_income_call_sol": 145514.323859574,
    "mainnet_income_call_marinade": 155712.621763854,
    "mainnet_income_call_btc": 413.174465,
    "mainnet_income_call_sbr": 20000000,
    "mainnet_income_call_ftt": 79469.80303,
    "mainnet_income_put_mngo": 465005.97,
    "mainnet_income_call_luna": 68032.937173,
    "mainnet_income_call_socean": 10297.751151846,
    "mainnet_income_call_srm": 4033012.937429,
    "mainnet_income_call_mngo": 8021871.992512,
    "mainnet_income_call_ray": 19383.995558,
    "mainnet_income_call_eth": 1614.911688,
    "mainnet_income_put_sol": 12597660.31,
    "mainnet_income_put_btc": 2365919.79
  },
  "usdValueByGlobalId": {
    "mainnet_income_call_sol": 21453176.77,
    "mainnet_income_call_marinade": 23526620.02,
    "mainnet_income_call_btc": 17655771.24,
    "mainnet_income_call_sbr": 1599140,
    "mainnet_income_call_ftt": 3297202.13,
    "mainnet_income_put_mngo": 465005.97,
    "mainnet_income_call_luna": 5388888.95,
    "mainnet_income_call_socean": 1554857.45,
    "mainnet_income_call_srm": 12583000.36,
    "mainnet_income_call_mngo": 1591066.11,
    "mainnet_income_call_ray": 103122.86,
    "mainnet_income_call_eth": 5282489.18,
    "mainnet_income_put_sol": 12597660.31,
    "mainnet_income_put_btc": 2365919.79
  },
  "globalIdToDepositTokenCoingeckoId": {
    "mainnet_income_call_sol": "solana",
    "mainnet_income_call_marinade": "msol",
    "mainnet_income_call_btc": "bitcoin",
    "mainnet_income_call_sbr": "saber",
    "mainnet_income_call_ftt": "ftx-token",
    "mainnet_income_put_mngo": "usd-coin",
    "mainnet_income_call_luna": "terra-luna",
    "mainnet_income_call_socean": "socean-staked-sol",
    "mainnet_income_call_srm": "serum",
    "mainnet_income_call_mngo": "mango-markets",
    "mainnet_income_call_ray": "raydium",
    "mainnet_income_call_eth": "ethereum",
    "mainnet_income_put_sol": "usd-coin",
    "mainnet_income_put_btc": "usd-coin"
  }
}