{
  "totalTvlUSD": 117310113.47,
  "coinsByCoingeckoId": {
    "solana": 181124.96477887,
    "msol": 166822.66338713,
    "bitcoin": 433.59918,
    "saber": 19999999.760273,
    "ftx-token": 75337.796317,
    "terra-luna": 87621.022418,
    "terrausd": 192117.274173,
    "usd-coin": 14313679.670976998,
    "socean-staked-sol": 11000,
    "serum": 4217109.714286,
    "mango-markets": 9183845.068471,
    "raydium": 20944.198635,
    "ethereum": 1865.489172
  },
  "pricesByCoingeckoId": {
    "BTC": 42794,
    "SOL": 139.23,
    "ETH": 3206.22,
    "mSOL": 142.78,
    "FTT": 48.61,
    "SRM": 2.96,
    "USDC": 1,
    "MNGO": 0.208976,
    "scnSOL": 143.58,
    "SBR": 0.110479,
    "LUNA": 82.98,
    "UST": 0.998599,
    "RAY": 5.12
  },
  "sharePricesByGlobalId": {
    "mainnet_income_call_sol": 1.05342,
    "mainnet_income_call_marinade": 1.03017,
    "mainnet_income_call_btc": 1.06976,
    "mainnet_income_call_sbr": 1.04667,
    "mainnet_income_call_ftt": 1.02068,
    "mainnet_income_call_luna": 1.02692,
    "mainnet_income_put_luna": 1,
    "mainnet_income_put_mngo": 1.00201,
    "mainnet_income_call_socean": 1.01629,
    "mainnet_income_call_srm": 1.01304,
    "mainnet_income_call_mngo": 1.01322,
    "mainnet_income_call_ray": 1.00275,
    "mainnet_income_call_eth": 1.01667,
    "mainnet_income_put_sol": 1.00281,
    "mainnet_income_put_btc": 1.00329
  },
  "depositTokenByGlobalId": {
    "mainnet_income_call_sol": 181124.96477887,
    "mainnet_income_call_marinade": 166822.66338713,
    "mainnet_income_call_btc": 433.59918,
    "mainnet_income_call_sbr": 19999999.760273,
    "mainnet_income_call_ftt": 75337.796317,
    "mainnet_income_call_luna": 87621.022418,
    "mainnet_income_put_luna": 192117.274173,
    "mainnet_income_put_mngo": 410509.79,
    "mainnet_income_call_socean": 11000,
    "mainnet_income_call_srm": 4217109.714286,
    "mainnet_income_call_mngo": 9183845.068471,
    "mainnet_income_call_ray": 20944.198635,
    "mainnet_income_call_eth": 1865.489172,
    "mainnet_income_put_sol": 12777305.84,
    "mainnet_income_put_btc": 1125864.04
  },
  "usdValueByGlobalId": {
    "mainnet_income_call_sol": 25218028.85,
    "mainnet_income_call_marinade": 23818939.88,
    "mainnet_income_call_btc": 18555443.31,
    "mainnet_income_call_sbr": 2209579.97,
    "mainnet_income_call_ftt": 3662170.28,
    "mainnet_income_call_luna": 7270792.44,
    "mainnet_income_put_luna": 191848.12,
    "mainnet_income_put_mngo": 410509.79,
    "mainnet_income_call_socean": 1579380,
    "mainnet_income_call_srm": 12482644.75,
    "mainnet_income_call_mngo": 1919203.21,
    "mainnet_income_call_ray": 107234.3,
    "mainnet_income_call_eth": 5981168.69,
    "mainnet_income_put_sol": 12777305.84,
    "mainnet_income_put_btc": 1125864.04
  },
  "globalIdToDepositTokenCoingeckoId": {
    "mainnet_income_call_sol": "solana",
    "mainnet_income_call_marinade": "msol",
    "mainnet_income_call_btc": "bitcoin",
    "mainnet_income_call_sbr": "saber",
    "mainnet_income_call_ftt": "ftx-token",
    "mainnet_income_call_luna": "terra-luna",
    "mainnet_income_put_luna": "terrausd",
    "mainnet_income_put_mngo": "usd-coin",
    "mainnet_income_call_socean": "socean-staked-sol",
    "mainnet_income_call_srm": "serum",
    "mainnet_income_call_mngo": "mango-markets",
    "mainnet_income_call_ray": "raydium",
    "mainnet_income_call_eth": "ethereum",
    "mainnet_income_put_sol": "usd-coin",
    "mainnet_income_put_btc": "usd-coin"
  }
}