{
  "totalTvlUSD": 109067680.18,
  "coinsByCoingeckoId": {
    "solana": 142510.38011187,
    "msol": 159068.506007048,
    "bitcoin": 416.921288,
    "saber": 19999997.492037,
    "ftx-token": 67356.918789,
    "usd-coin": 12192867.816034999,
    "terra-luna": 69346.35919,
    "socean-staked-sol": 10999.987641614,
    "serum": 4063633.368454,
    "mango-markets": 8820667.838289,
    "raydium": 16652.379413,
    "ethereum": 1697.302106
  },
  "pricesByCoingeckoId": {
    "BTC": 43446,
    "SOL": 148.73,
    "ETH": 3359.46,
    "mSOL": 152.36,
    "FTT": 46.73,
    "SRM": 3.29,
    "USDC": 1,
    "MNGO": 0.196131,
    "scnSOL": 151.3,
    "SBR": 0.085566,
    "LUNA": 85.27,
    "RAY": 5.54
  },
  "sharePricesByGlobalId": {
    "mainnet_income_call_sol": 1.04444,
    "mainnet_income_call_marinade": 1.03017,
    "mainnet_income_call_btc": 1.06814,
    "mainnet_income_call_sbr": 1.04667,
    "mainnet_income_call_ftt": 1.02068,
    "mainnet_income_put_mngo": 1.00201,
    "mainnet_income_call_luna": 1.02692,
    "mainnet_income_call_socean": 1.01629,
    "mainnet_income_call_srm": 1.01304,
    "mainnet_income_call_mngo": 1.01322,
    "mainnet_income_call_ray": 1.00275,
    "mainnet_income_call_eth": 1.01502,
    "mainnet_income_put_sol": 1.00281,
    "mainnet_income_put_btc": 1.00329
  },
  "depositTokenByGlobalId": {
    "mainnet_income_call_sol": 142510.38011187,
    "mainnet_income_call_marinade": 159068.506007048,
    "mainnet_income_call_btc": 416.921288,
    "mainnet_income_call_sbr": 19999997.492037,
    "mainnet_income_call_ftt": 67356.918789,
    "mainnet_income_put_mngo": 392112.07,
    "mainnet_income_call_luna": 69346.35919,
    "mainnet_income_call_socean": 10999.987641614,
    "mainnet_income_call_srm": 4063633.368454,
    "mainnet_income_call_mngo": 8820667.838289,
    "mainnet_income_call_ray": 16652.379413,
    "mainnet_income_call_eth": 1697.302106,
    "mainnet_income_put_sol": 10676271.61,
    "mainnet_income_put_btc": 1124484.14
  },
  "usdValueByGlobalId": {
    "mainnet_income_call_sol": 21195568.83,
    "mainnet_income_call_marinade": 24235677.58,
    "mainnet_income_call_btc": 18113562.28,
    "mainnet_income_call_sbr": 1711319.79,
    "mainnet_income_call_ftt": 3147588.82,
    "mainnet_income_put_mngo": 392112.07,
    "mainnet_income_call_luna": 5913164.05,
    "mainnet_income_call_socean": 1664298.13,
    "mainnet_income_call_srm": 13369353.78,
    "mainnet_income_call_mngo": 1730006.4,
    "mainnet_income_call_ray": 92254.18,
    "mainnet_income_call_eth": 5702018.53,
    "mainnet_income_put_sol": 10676271.61,
    "mainnet_income_put_btc": 1124484.14
  },
  "globalIdToDepositTokenCoingeckoId": {
    "mainnet_income_call_sol": "solana",
    "mainnet_income_call_marinade": "msol",
    "mainnet_income_call_btc": "bitcoin",
    "mainnet_income_call_sbr": "saber",
    "mainnet_income_call_ftt": "ftx-token",
    "mainnet_income_put_mngo": "usd-coin",
    "mainnet_income_call_luna": "terra-luna",
    "mainnet_income_call_socean": "socean-staked-sol",
    "mainnet_income_call_srm": "serum",
    "mainnet_income_call_mngo": "mango-markets",
    "mainnet_income_call_ray": "raydium",
    "mainnet_income_call_eth": "ethereum",
    "mainnet_income_put_sol": "usd-coin",
    "mainnet_income_put_btc": "usd-coin"
  }
}