{
  "totalTvlUSD": 103493377.93,
  "coinsByCoingeckoId": {
    "solana": 136368.912759574,
    "msol": 146191.263511575,
    "bitcoin": 370.60848,
    "saber": 11000000,
    "ftx-token": 76673.262338,
    "usd-coin": 13964200.327119,
    "terra-luna": 59999.999852,
    "socean-staked-sol": 8490.268682184,
    "serum": 3976433.073675,
    "mango-markets": 5999999.159377,
    "raydium": 19310.493998,
    "ethereum": 1492.861426
  },
  "pricesByCoingeckoId": {
    "BTC": 44035,
    "SOL": 152.87,
    "ETH": 3396.6,
    "mSOL": 156.71,
    "FTT": 41.56,
    "SRM": 3.21,
    "USDC": 1,
    "MNGO": 0.214717,
    "scnSOL": 155.05,
    "SBR": 0.08617,
    "LUNA": 79.52,
    "RAY": 5.58
  },
  "sharePricesByGlobalId": {
    "mainnet_income_call_sol": 1.03708,
    "mainnet_income_call_marinade": 1.02581,
    "mainnet_income_call_btc": 1.0644,
    "mainnet_income_call_sbr": 1,
    "mainnet_income_call_ftt": 1.01481,
    "mainnet_income_put_mngo": 1,
    "mainnet_income_call_luna": 1.01873,
    "mainnet_income_call_socean": 1.01266,
    "mainnet_income_call_srm": 1.00834,
    "mainnet_income_call_mngo": 1.01232,
    "mainnet_income_call_ray": 1,
    "mainnet_income_call_eth": 1.01181,
    "mainnet_income_put_sol": 0.99999,
    "mainnet_income_put_btc": 1
  },
  "depositTokenByGlobalId": {
    "mainnet_income_call_sol": 136368.912759574,
    "mainnet_income_call_marinade": 146191.263511575,
    "mainnet_income_call_btc": 370.60848,
    "mainnet_income_call_sbr": 11000000,
    "mainnet_income_call_ftt": 76673.262338,
    "mainnet_income_put_mngo": 429804.43,
    "mainnet_income_call_luna": 59999.999852,
    "mainnet_income_call_socean": 8490.268682184,
    "mainnet_income_call_srm": 3976433.073675,
    "mainnet_income_call_mngo": 5999999.159377,
    "mainnet_income_call_ray": 19310.493998,
    "mainnet_income_call_eth": 1492.861426,
    "mainnet_income_put_sol": 11180008.1,
    "mainnet_income_put_btc": 2354387.79
  },
  "usdValueByGlobalId": {
    "mainnet_income_call_sol": 20846715.69,
    "mainnet_income_call_marinade": 22909632.9,
    "mainnet_income_call_btc": 16319744.42,
    "mainnet_income_call_sbr": 947870,
    "mainnet_income_call_ftt": 3186540.78,
    "mainnet_income_put_mngo": 429804.43,
    "mainnet_income_call_luna": 4771199.99,
    "mainnet_income_call_socean": 1316416.16,
    "mainnet_income_call_srm": 12764350.17,
    "mainnet_income_call_mngo": 1288301.82,
    "mainnet_income_call_ray": 107752.56,
    "mainnet_income_call_eth": 5070653.12,
    "mainnet_income_put_sol": 11180008.1,
    "mainnet_income_put_btc": 2354387.79
  }
}