{
  "totalTvlUSD": 90555532.35,
  "coinsByCoingeckoId": {
    "solana": 190235.351008812,
    "msol": 163904.001405268,
    "bitcoin": 435.853472,
    "saber": 19999960.611103,
    "ftx-token": 66971.182593,
    "terra-luna": 84028.632966,
    "terrausd": 214767.422522,
    "usd-coin": 14297997.325939,
    "socean-staked-sol": 10999.999764954,
    "serum": 4236230.33355,
    "mango-markets": 7874157.260761,
    "raydium": 21726.294011,
    "ethereum": 1768.087552
  },
  "pricesByCoingeckoId": {
    "BTC": 37749,
    "SOL": 95.95,
    "ETH": 2489.6,
    "mSOL": 98.51,
    "FTT": 37.06,
    "SRM": 2.19,
    "USDC": 1,
    "MNGO": 0.15539,
    "scnSOL": 97.7,
    "SBR": 0.068613,
    "LUNA": 62.83,
    "UST": 1,
    "RAY": 3.65
  },
  "sharePricesByGlobalId": {
    "mainnet_income_call_sol": 1.05252,
    "mainnet_income_call_marinade": 1.03727,
    "mainnet_income_call_btc": 1.0696,
    "mainnet_income_call_sbr": 1.05044,
    "mainnet_income_call_ftt": 1.02696,
    "mainnet_income_call_luna": 1.0374,
    "mainnet_income_put_luna": 1,
    "mainnet_income_put_mngo": 1.00322,
    "mainnet_income_call_socean": 1.02395,
    "mainnet_income_call_srm": 1.02041,
    "mainnet_income_call_mngo": 1.01533,
    "mainnet_income_call_ray": 1.01764,
    "mainnet_income_call_eth": 1.0165,
    "mainnet_income_put_sol": 1.01183,
    "mainnet_income_put_btc": 1.00606
  },
  "depositTokenByGlobalId": {
    "mainnet_income_call_sol": 190235.351008812,
    "mainnet_income_call_marinade": 163904.001405268,
    "mainnet_income_call_btc": 435.853472,
    "mainnet_income_call_sbr": 19999960.611103,
    "mainnet_income_call_ftt": 66971.182593,
    "mainnet_income_call_luna": 84028.632966,
    "mainnet_income_put_luna": 214767.422522,
    "mainnet_income_put_mngo": 249435.27,
    "mainnet_income_call_socean": 10999.999764954,
    "mainnet_income_call_srm": 4236230.33355,
    "mainnet_income_call_mngo": 7874157.260761,
    "mainnet_income_call_ray": 21726.294011,
    "mainnet_income_call_eth": 1768.087552,
    "mainnet_income_put_sol": 12909840.53,
    "mainnet_income_put_btc": 1138721.52
  },
  "usdValueByGlobalId": {
    "mainnet_income_call_sol": 18253081.93,
    "mainnet_income_call_marinade": 16146183.18,
    "mainnet_income_call_btc": 16453032.71,
    "mainnet_income_call_sbr": 1372257.3,
    "mainnet_income_call_ftt": 2481952.03,
    "mainnet_income_call_luna": 5279519.01,
    "mainnet_income_put_luna": 214767.42,
    "mainnet_income_put_mngo": 249435.27,
    "mainnet_income_call_socean": 1074699.98,
    "mainnet_income_call_srm": 9277344.43,
    "mainnet_income_call_mngo": 1223565.3,
    "mainnet_income_call_ray": 79300.97,
    "mainnet_income_call_eth": 4401830.77,
    "mainnet_income_put_sol": 12909840.53,
    "mainnet_income_put_btc": 1138721.52
  },
  "globalIdToDepositTokenCoingeckoId": {
    "mainnet_income_call_sol": "solana",
    "mainnet_income_call_marinade": "msol",
    "mainnet_income_call_btc": "bitcoin",
    "mainnet_income_call_sbr": "saber",
    "mainnet_income_call_ftt": "ftx-token",
    "mainnet_income_call_luna": "terra-luna",
    "mainnet_income_put_luna": "terrausd",
    "mainnet_income_put_mngo": "usd-coin",
    "mainnet_income_call_socean": "socean-staked-sol",
    "mainnet_income_call_srm": "serum",
    "mainnet_income_call_mngo": "mango-markets",
    "mainnet_income_call_ray": "raydium",
    "mainnet_income_call_eth": "ethereum",
    "mainnet_income_put_sol": "usd-coin",
    "mainnet_income_put_btc": "usd-coin"
  }
}