{
  "totalTvlUSD": 113689011.81,
  "coinsByCoingeckoId": {
    "solana": 168256.96833887,
    "msol": 162028.621064775,
    "bitcoin": 425.595559,
    "saber": 19999999.492037,
    "ftx-token": 72798.283541,
    "terra-luna": 78076.777338,
    "terrausd": 90786.270196,
    "usd-coin": 12966754.269112,
    "socean-staked-sol": 10999.997467117,
    "serum": 4201281.392915,
    "mango-markets": 8991662.180881,
    "raydium": 18263.960532,
    "ethereum": 1740.460425
  },
  "pricesByCoingeckoId": {
    "BTC": 42880,
    "SOL": 143.8,
    "ETH": 3277.32,
    "mSOL": 147.25,
    "FTT": 45.75,
    "SRM": 3.09,
    "USDC": 1,
    "MNGO": 0.199404,
    "scnSOL": 146.5,
    "SBR": 0.115047,
    "LUNA": 83.38,
    "UST": 1,
    "RAY": 5.25
  },
  "sharePricesByGlobalId": {
    "mainnet_income_call_sol": 1.04444,
    "mainnet_income_call_marinade": 1.03017,
    "mainnet_income_call_btc": 1.06814,
    "mainnet_income_call_sbr": 1.04667,
    "mainnet_income_call_ftt": 1.02068,
    "mainnet_income_call_luna": 1.02692,
    "mainnet_income_put_luna": 1,
    "mainnet_income_put_mngo": 1.00201,
    "mainnet_income_call_socean": 1.01629,
    "mainnet_income_call_srm": 1.01304,
    "mainnet_income_call_mngo": 1.01322,
    "mainnet_income_call_ray": 1.00275,
    "mainnet_income_call_eth": 1.01502,
    "mainnet_income_put_sol": 1.00281,
    "mainnet_income_put_btc": 1.00329
  },
  "depositTokenByGlobalId": {
    "mainnet_income_call_sol": 168256.96833887,
    "mainnet_income_call_marinade": 162028.621064775,
    "mainnet_income_call_btc": 425.595559,
    "mainnet_income_call_sbr": 19999999.492037,
    "mainnet_income_call_ftt": 72798.283541,
    "mainnet_income_call_luna": 78076.777338,
    "mainnet_income_put_luna": 90786.270196,
    "mainnet_income_put_mngo": 397475.02,
    "mainnet_income_call_socean": 10999.997467117,
    "mainnet_income_call_srm": 4201281.392915,
    "mainnet_income_call_mngo": 8991662.180881,
    "mainnet_income_call_ray": 18263.960532,
    "mainnet_income_call_eth": 1740.460425,
    "mainnet_income_put_sol": 11444393.71,
    "mainnet_income_put_btc": 1124885.54
  },
  "usdValueByGlobalId": {
    "mainnet_income_call_sol": 24195352.05,
    "mainnet_income_call_marinade": 23858714.45,
    "mainnet_income_call_btc": 18249537.57,
    "mainnet_income_call_sbr": 2300939.94,
    "mainnet_income_call_ftt": 3330521.47,
    "mainnet_income_call_luna": 6510041.69,
    "mainnet_income_put_luna": 90786.27,
    "mainnet_income_put_mngo": 397475.02,
    "mainnet_income_call_socean": 1611499.63,
    "mainnet_income_call_srm": 12981959.5,
    "mainnet_income_call_mngo": 1792973.41,
    "mainnet_income_call_ray": 95885.79,
    "mainnet_income_call_eth": 5704045.76,
    "mainnet_income_put_sol": 11444393.71,
    "mainnet_income_put_btc": 1124885.54
  },
  "globalIdToDepositTokenCoingeckoId": {
    "mainnet_income_call_sol": "solana",
    "mainnet_income_call_marinade": "msol",
    "mainnet_income_call_btc": "bitcoin",
    "mainnet_income_call_sbr": "saber",
    "mainnet_income_call_ftt": "ftx-token",
    "mainnet_income_call_luna": "terra-luna",
    "mainnet_income_put_luna": "terrausd",
    "mainnet_income_put_mngo": "usd-coin",
    "mainnet_income_call_socean": "socean-staked-sol",
    "mainnet_income_call_srm": "serum",
    "mainnet_income_call_mngo": "mango-markets",
    "mainnet_income_call_ray": "raydium",
    "mainnet_income_call_eth": "ethereum",
    "mainnet_income_put_sol": "usd-coin",
    "mainnet_income_put_btc": "usd-coin"
  }
}