{
  "totalTvlUSD": 92495539.27,
  "coinsByCoingeckoId": {
    "solana": 193187.859008812,
    "msol": 164059.600919315,
    "bitcoin": 435.98529,
    "saber": 19999998.066329,
    "ftx-token": 67014.245904,
    "terra-luna": 87640.605871,
    "terrausd": 215162.229866,
    "usd-coin": 14308191.32813,
    "socean-staked-sol": 11000,
    "serum": 4239274.16329,
    "mango-markets": 7874157.260761,
    "raydium": 21896.593011,
    "ethereum": 1768.191515
  },
  "pricesByCoingeckoId": {
    "BTC": 38037,
    "SOL": 98.02,
    "ETH": 2593.12,
    "mSOL": 100.37,
    "FTT": 38.06,
    "SRM": 2.23,
    "USDC": 1,
    "MNGO": 0.156053,
    "scnSOL": 98.87,
    "SBR": 0.067904,
    "LUNA": 64.33,
    "UST": 1.01,
    "RAY": 3.74
  },
  "sharePricesByGlobalId": {
    "mainnet_income_call_sol": 1.05252,
    "mainnet_income_call_marinade": 1.03727,
    "mainnet_income_call_btc": 1.0696,
    "mainnet_income_call_sbr": 1.05044,
    "mainnet_income_call_ftt": 1.02696,
    "mainnet_income_call_luna": 1.0374,
    "mainnet_income_put_luna": 1,
    "mainnet_income_put_mngo": 1.00322,
    "mainnet_income_call_socean": 1.02395,
    "mainnet_income_call_srm": 1.02041,
    "mainnet_income_call_mngo": 1.01533,
    "mainnet_income_call_ray": 1.01764,
    "mainnet_income_call_eth": 1.0165,
    "mainnet_income_put_sol": 1.01183,
    "mainnet_income_put_btc": 1.00606
  },
  "depositTokenByGlobalId": {
    "mainnet_income_call_sol": 193187.859008812,
    "mainnet_income_call_marinade": 164059.600919315,
    "mainnet_income_call_btc": 435.98529,
    "mainnet_income_call_sbr": 19999998.066329,
    "mainnet_income_call_ftt": 67014.245904,
    "mainnet_income_call_luna": 87640.605871,
    "mainnet_income_put_luna": 215162.229866,
    "mainnet_income_put_mngo": 249435.27,
    "mainnet_income_call_socean": 11000,
    "mainnet_income_call_srm": 4239274.16329,
    "mainnet_income_call_mngo": 7874157.260761,
    "mainnet_income_call_ray": 21896.593011,
    "mainnet_income_call_eth": 1768.191515,
    "mainnet_income_put_sol": 12920034.53,
    "mainnet_income_put_btc": 1138721.52
  },
  "usdValueByGlobalId": {
    "mainnet_income_call_sol": 18936273.94,
    "mainnet_income_call_marinade": 16466662.14,
    "mainnet_income_call_btc": 16583572.48,
    "mainnet_income_call_sbr": 1358079.87,
    "mainnet_income_call_ftt": 2550562.2,
    "mainnet_income_call_luna": 5637920.18,
    "mainnet_income_put_luna": 217313.85,
    "mainnet_income_put_mngo": 249435.27,
    "mainnet_income_call_socean": 1087570,
    "mainnet_income_call_srm": 9453581.38,
    "mainnet_income_call_mngo": 1228785.86,
    "mainnet_income_call_ray": 81893.26,
    "mainnet_income_call_eth": 4585132.78,
    "mainnet_income_put_sol": 12920034.53,
    "mainnet_income_put_btc": 1138721.52
  },
  "globalIdToDepositTokenCoingeckoId": {
    "mainnet_income_call_sol": "solana",
    "mainnet_income_call_marinade": "msol",
    "mainnet_income_call_btc": "bitcoin",
    "mainnet_income_call_sbr": "saber",
    "mainnet_income_call_ftt": "ftx-token",
    "mainnet_income_call_luna": "terra-luna",
    "mainnet_income_put_luna": "terrausd",
    "mainnet_income_put_mngo": "usd-coin",
    "mainnet_income_call_socean": "socean-staked-sol",
    "mainnet_income_call_srm": "serum",
    "mainnet_income_call_mngo": "mango-markets",
    "mainnet_income_call_ray": "raydium",
    "mainnet_income_call_eth": "ethereum",
    "mainnet_income_put_sol": "usd-coin",
    "mainnet_income_put_btc": "usd-coin"
  }
}