{
  "totalTvlUSD": 87784472.52,
  "coinsByCoingeckoId": {
    "solana": 183919.826158812,
    "msol": 159802.545656065,
    "bitcoin": 429.885554,
    "saber": 18529045.511155,
    "ftx-token": 65603.463145,
    "terra-luna": 77940.902256,
    "terrausd": 207614.934803,
    "usd-coin": 13998550.623904,
    "socean-staked-sol": 10999.999764954,
    "serum": 4227025.55882,
    "mango-markets": 7786170.833833,
    "raydium": 20949.158176,
    "ethereum": 1754.991316
  },
  "pricesByCoingeckoId": {
    "BTC": 35645,
    "SOL": 96.29,
    "ETH": 2451.09,
    "mSOL": 99.51,
    "FTT": 33.99,
    "SRM": 2.23,
    "USDC": 1,
    "MNGO": 0.160562,
    "scnSOL": 98.29,
    "SBR": 0.06863,
    "LUNA": 64.18,
    "UST": 1.01,
    "RAY": 3.74
  },
  "sharePricesByGlobalId": {
    "mainnet_income_call_sol": 1.05252,
    "mainnet_income_call_marinade": 1.03727,
    "mainnet_income_call_btc": 1.0696,
    "mainnet_income_call_sbr": 1.05044,
    "mainnet_income_call_ftt": 1.02696,
    "mainnet_income_call_luna": 1.0374,
    "mainnet_income_put_luna": 1,
    "mainnet_income_put_mngo": 1.00322,
    "mainnet_income_call_socean": 1.02395,
    "mainnet_income_call_srm": 1.02041,
    "mainnet_income_call_mngo": 1.01533,
    "mainnet_income_call_ray": 1.01764,
    "mainnet_income_call_eth": 1.0165,
    "mainnet_income_put_sol": 1.01183,
    "mainnet_income_put_btc": 1.00606
  },
  "depositTokenByGlobalId": {
    "mainnet_income_call_sol": 183919.826158812,
    "mainnet_income_call_marinade": 159802.545656065,
    "mainnet_income_call_btc": 429.885554,
    "mainnet_income_call_sbr": 18529045.511155,
    "mainnet_income_call_ftt": 65603.463145,
    "mainnet_income_call_luna": 77940.902256,
    "mainnet_income_put_luna": 207614.934803,
    "mainnet_income_put_mngo": 248683.41,
    "mainnet_income_call_socean": 10999.999764954,
    "mainnet_income_call_srm": 4227025.55882,
    "mainnet_income_call_mngo": 7786170.833833,
    "mainnet_income_call_ray": 20949.158176,
    "mainnet_income_call_eth": 1754.991316,
    "mainnet_income_put_sol": 12611676.37,
    "mainnet_income_put_btc": 1138190.84
  },
  "usdValueByGlobalId": {
    "mainnet_income_call_sol": 17709640.06,
    "mainnet_income_call_marinade": 15901951.32,
    "mainnet_income_call_btc": 15323270.57,
    "mainnet_income_call_sbr": 1271648.39,
    "mainnet_income_call_ftt": 2229861.71,
    "mainnet_income_call_luna": 5002247.11,
    "mainnet_income_put_luna": 209691.08,
    "mainnet_income_put_mngo": 248683.41,
    "mainnet_income_call_socean": 1081189.98,
    "mainnet_income_call_srm": 9426267,
    "mainnet_income_call_mngo": 1250163.16,
    "mainnet_income_call_ray": 78349.85,
    "mainnet_income_call_eth": 4301641.66,
    "mainnet_income_put_sol": 12611676.37,
    "mainnet_income_put_btc": 1138190.84
  },
  "globalIdToDepositTokenCoingeckoId": {
    "mainnet_income_call_sol": "solana",
    "mainnet_income_call_marinade": "msol",
    "mainnet_income_call_btc": "bitcoin",
    "mainnet_income_call_sbr": "saber",
    "mainnet_income_call_ftt": "ftx-token",
    "mainnet_income_call_luna": "terra-luna",
    "mainnet_income_put_luna": "terrausd",
    "mainnet_income_put_mngo": "usd-coin",
    "mainnet_income_call_socean": "socean-staked-sol",
    "mainnet_income_call_srm": "serum",
    "mainnet_income_call_mngo": "mango-markets",
    "mainnet_income_call_ray": "raydium",
    "mainnet_income_call_eth": "ethereum",
    "mainnet_income_put_sol": "usd-coin",
    "mainnet_income_put_btc": "usd-coin"
  }
}