{
  "totalTvlUSD": 88749637.85,
  "coinsByCoingeckoId": {
    "solana": 189737.961008812,
    "msol": 163072.25516877,
    "bitcoin": 435.843072,
    "saber": 19999999.92845,
    "ftx-token": 66720.697665,
    "terra-luna": 82349.951966,
    "terrausd": 214583.892701,
    "usd-coin": 14317390.635204,
    "socean-staked-sol": 10999.999764954,
    "serum": 4235324.36262,
    "mango-markets": 7849137.621646,
    "raydium": 21697.793775,
    "ethereum": 1767.889112
  },
  "pricesByCoingeckoId": {
    "BTC": 36980,
    "SOL": 93.93,
    "ETH": 2442.6,
    "mSOL": 95.94,
    "FTT": 36.39,
    "SRM": 2.1,
    "USDC": 1,
    "MNGO": 0.154414,
    "scnSOL": 95.18,
    "SBR": 0.064643,
    "LUNA": 64.6,
    "UST": 1,
    "RAY": 3.52
  },
  "sharePricesByGlobalId": {
    "mainnet_income_call_sol": 1.05252,
    "mainnet_income_call_marinade": 1.03727,
    "mainnet_income_call_btc": 1.0696,
    "mainnet_income_call_sbr": 1.05044,
    "mainnet_income_call_ftt": 1.02696,
    "mainnet_income_call_luna": 1.0374,
    "mainnet_income_put_luna": 1,
    "mainnet_income_put_mngo": 1.00322,
    "mainnet_income_call_socean": 1.02395,
    "mainnet_income_call_srm": 1.02041,
    "mainnet_income_call_mngo": 1.01533,
    "mainnet_income_call_ray": 1.01764,
    "mainnet_income_call_eth": 1.0165,
    "mainnet_income_put_sol": 1.01183,
    "mainnet_income_put_btc": 1.00606
  },
  "depositTokenByGlobalId": {
    "mainnet_income_call_sol": 189737.961008812,
    "mainnet_income_call_marinade": 163072.25516877,
    "mainnet_income_call_btc": 435.843072,
    "mainnet_income_call_sbr": 19999999.92845,
    "mainnet_income_call_ftt": 66720.697665,
    "mainnet_income_call_luna": 82349.951966,
    "mainnet_income_put_luna": 214583.892701,
    "mainnet_income_put_mngo": 249184.41,
    "mainnet_income_call_socean": 10999.999764954,
    "mainnet_income_call_srm": 4235324.36262,
    "mainnet_income_call_mngo": 7849137.621646,
    "mainnet_income_call_ray": 21697.793775,
    "mainnet_income_call_eth": 1767.889112,
    "mainnet_income_put_sol": 12929495.29,
    "mainnet_income_put_btc": 1138710.93
  },
  "usdValueByGlobalId": {
    "mainnet_income_call_sol": 17827778.82,
    "mainnet_income_call_marinade": 15692443.11,
    "mainnet_income_call_btc": 16113118.37,
    "mainnet_income_call_sbr": 1293080,
    "mainnet_income_call_ftt": 2427298.98,
    "mainnet_income_call_luna": 5316512.9,
    "mainnet_income_put_luna": 214583.89,
    "mainnet_income_put_mngo": 249184.41,
    "mainnet_income_call_socean": 1046979.98,
    "mainnet_income_call_srm": 8894181.16,
    "mainnet_income_call_mngo": 1211647.83,
    "mainnet_income_call_ray": 76376.23,
    "mainnet_income_call_eth": 4318245.94,
    "mainnet_income_put_sol": 12929495.29,
    "mainnet_income_put_btc": 1138710.93
  },
  "globalIdToDepositTokenCoingeckoId": {
    "mainnet_income_call_sol": "solana",
    "mainnet_income_call_marinade": "msol",
    "mainnet_income_call_btc": "bitcoin",
    "mainnet_income_call_sbr": "saber",
    "mainnet_income_call_ftt": "ftx-token",
    "mainnet_income_call_luna": "terra-luna",
    "mainnet_income_put_luna": "terrausd",
    "mainnet_income_put_mngo": "usd-coin",
    "mainnet_income_call_socean": "socean-staked-sol",
    "mainnet_income_call_srm": "serum",
    "mainnet_income_call_mngo": "mango-markets",
    "mainnet_income_call_ray": "raydium",
    "mainnet_income_call_eth": "ethereum",
    "mainnet_income_put_sol": "usd-coin",
    "mainnet_income_put_btc": "usd-coin"
  }
}