{
  "totalTvlUSD": 107192855.39,
  "coinsByCoingeckoId": {
    "solana": 142864.969759574,
    "msol": 149319.862001463,
    "bitcoin": 409.740783,
    "saber": 19999999.829711,
    "ftx-token": 78023.635482,
    "usd-coin": 14984492.469459,
    "terra-luna": 63351.266403,
    "socean-staked-sol": 10210.689547164,
    "serum": 4006159.886991,
    "mango-markets": 7034420.396394,
    "raydium": 19329.593057,
    "ethereum": 1607.170983
  },
  "pricesByCoingeckoId": {
    "BTC": 42681,
    "SOL": 148.71,
    "ETH": 3266.96,
    "mSOL": 152.9,
    "FTT": 40.96,
    "SRM": 3.12,
    "USDC": 1,
    "MNGO": 0.199038,
    "scnSOL": 153.82,
    "SBR": 0.079549,
    "LUNA": 79.44,
    "RAY": 5.37
  },
  "sharePricesByGlobalId": {
    "mainnet_income_call_sol": 1.03708,
    "mainnet_income_call_marinade": 1.02581,
    "mainnet_income_call_btc": 1.0644,
    "mainnet_income_call_sbr": 1,
    "mainnet_income_call_ftt": 1.01481,
    "mainnet_income_put_mngo": 1,
    "mainnet_income_call_luna": 1.01873,
    "mainnet_income_call_socean": 1.01266,
    "mainnet_income_call_srm": 1.00834,
    "mainnet_income_call_mngo": 1.01232,
    "mainnet_income_call_ray": 1,
    "mainnet_income_call_eth": 1.01181,
    "mainnet_income_put_sol": 0.99999,
    "mainnet_income_put_btc": 1
  },
  "depositTokenByGlobalId": {
    "mainnet_income_call_sol": 142864.969759574,
    "mainnet_income_call_marinade": 149319.862001463,
    "mainnet_income_call_btc": 409.740783,
    "mainnet_income_call_sbr": 19999999.829711,
    "mainnet_income_call_ftt": 78023.635482,
    "mainnet_income_put_mngo": 454804.43,
    "mainnet_income_call_luna": 63351.266403,
    "mainnet_income_call_socean": 10210.689547164,
    "mainnet_income_call_srm": 4006159.886991,
    "mainnet_income_call_mngo": 7034420.396394,
    "mainnet_income_call_ray": 19329.593057,
    "mainnet_income_call_eth": 1607.170983,
    "mainnet_income_put_sol": 12173798.25,
    "mainnet_income_put_btc": 2355889.79
  },
  "usdValueByGlobalId": {
    "mainnet_income_call_sol": 21245449.65,
    "mainnet_income_call_marinade": 22831006.9,
    "mainnet_income_call_btc": 17488146.36,
    "mainnet_income_call_sbr": 1590979.99,
    "mainnet_income_call_ftt": 3195848.11,
    "mainnet_income_put_mngo": 454804.43,
    "mainnet_income_call_luna": 5032624.6,
    "mainnet_income_call_socean": 1570608.27,
    "mainnet_income_call_srm": 12499218.85,
    "mainnet_income_call_mngo": 1400116.97,
    "mainnet_income_call_ray": 103799.91,
    "mainnet_income_call_eth": 5250563.31,
    "mainnet_income_put_sol": 12173798.25,
    "mainnet_income_put_btc": 2355889.79
  },
  "globalIdToDepositTokenCoingeckoId": {
    "mainnet_income_call_sol": "solana",
    "mainnet_income_call_marinade": "msol",
    "mainnet_income_call_btc": "bitcoin",
    "mainnet_income_call_sbr": "saber",
    "mainnet_income_call_ftt": "ftx-token",
    "mainnet_income_put_mngo": "usd-coin",
    "mainnet_income_call_luna": "terra-luna",
    "mainnet_income_call_socean": "socean-staked-sol",
    "mainnet_income_call_srm": "serum",
    "mainnet_income_call_mngo": "mango-markets",
    "mainnet_income_call_ray": "raydium",
    "mainnet_income_call_eth": "ethereum",
    "mainnet_income_put_sol": "usd-coin",
    "mainnet_income_put_btc": "usd-coin"
  }
}