{
  "totalTvlUSD": 41635222.67,
  "coinsByCoingeckoId": {
    "solana": 67136.926063664,
    "msol": 79999.982209431,
    "bitcoin": 187.18996,
    "ethereum": 149.32171,
    "ftx-token": 22538.731831,
    "serum": 210200.843183,
    "mango-markets": 921352.399665
  },
  "pricesByCoingeckoId": {
    "BTC": 50729,
    "SOL": 198.11,
    "ETH": 4063.02,
    "mSOL": 202.23,
    "FTT": 42.45,
    "SRM": 4.04,
    "USDC": 1,
    "MNGO": 0.268836
  },
  "sharePricesByGlobalId": {
    "mainnet_income_call_sol": 1.02193,
    "mainnet_income_call_marinade": 1.01091,
    "mainnet_income_call_btc": 1.05125,
    "mainnet_income_call_eth": 1.006,
    "mainnet_income_call_ftt": 1,
    "mainnet_income_call_srm": 1,
    "mainnet_income_call_mngo": 1
  }
}