{
  "totalTvlUSD": 90242014.76,
  "coinsByCoingeckoId": {
    "solana": 128812.937350644,
    "msol": 136382.197250717,
    "bitcoin": 355.174318,
    "saber": 11000000,
    "ftx-token": 72609.276219,
    "usd-coin": 12777112.187611,
    "terra-luna": 39999.999397,
    "socean-staked-sol": 5499.990099232,
    "serum": 3966288.775828,
    "mango-markets": 5999999.159277,
    "raydium": 18918.099566,
    "ethereum": 1433.069955
  },
  "pricesByCoingeckoId": {
    "BTC": 41852,
    "SOL": 140.43,
    "ETH": 3119.43,
    "mSOL": 143.69,
    "FTT": 36.42,
    "SRM": 3.02,
    "USDC": 1,
    "MNGO": 0.190551,
    "scnSOL": 142.6,
    "SBR": 0.079683,
    "LUNA": 72.93,
    "RAY": 5.28
  },
  "sharePricesByGlobalId": {
    "mainnet_income_call_sol": 1.03708,
    "mainnet_income_call_marinade": 1.02581,
    "mainnet_income_call_btc": 1.0644,
    "mainnet_income_call_sbr": 1,
    "mainnet_income_call_ftt": 1.01481,
    "mainnet_income_put_mngo": 1,
    "mainnet_income_call_luna": 1.01873,
    "mainnet_income_call_socean": 1.01266,
    "mainnet_income_call_srm": 1.00834,
    "mainnet_income_call_mngo": 1.01232,
    "mainnet_income_call_ray": 1,
    "mainnet_income_call_eth": 1.01181,
    "mainnet_income_put_sol": 1,
    "mainnet_income_put_btc": 1
  },
  "depositTokenByGlobalId": {
    "mainnet_income_call_sol": 128812.937350644,
    "mainnet_income_call_marinade": 136382.197250717,
    "mainnet_income_call_btc": 355.174318,
    "mainnet_income_call_sbr": 11000000,
    "mainnet_income_call_ftt": 72609.276219,
    "mainnet_income_put_mngo": 424933.57,
    "mainnet_income_call_luna": 39999.999397,
    "mainnet_income_call_socean": 5499.990099232,
    "mainnet_income_call_srm": 3966288.775828,
    "mainnet_income_call_mngo": 5999999.159277,
    "mainnet_income_call_ray": 18918.099566,
    "mainnet_income_call_eth": 1433.069955,
    "mainnet_income_put_sol": 9999999.97,
    "mainnet_income_put_btc": 2352178.65
  },
  "usdValueByGlobalId": {
    "mainnet_income_call_sol": 18089200.79,
    "mainnet_income_call_marinade": 19596757.92,
    "mainnet_income_call_btc": 14864755.56,
    "mainnet_income_call_sbr": 876513,
    "mainnet_income_call_ftt": 2644429.84,
    "mainnet_income_put_mngo": 424933.57,
    "mainnet_income_call_luna": 2917199.96,
    "mainnet_income_call_socean": 784298.59,
    "mainnet_income_call_srm": 11978192.1,
    "mainnet_income_call_mngo": 1143305.84,
    "mainnet_income_call_ray": 99887.57,
    "mainnet_income_call_eth": 4470361.41,
    "mainnet_income_put_sol": 9999999.97,
    "mainnet_income_put_btc": 2352178.65
  }
}