{
  "totalTvlUSD": 112934143.31,
  "coinsByCoingeckoId": {
    "solana": 175807.51147887,
    "msol": 164142.345167211,
    "bitcoin": 429.374902,
    "saber": 19999999.760273,
    "ftx-token": 74994.147136,
    "terra-luna": 85986.903518,
    "terrausd": 157594.185573,
    "usd-coin": 13297962.543022,
    "socean-staked-sol": 10999.999467117,
    "serum": 4210498.933266,
    "mango-markets": 9033249.268517,
    "raydium": 20609.053884,
    "ethereum": 1795.987632
  },
  "pricesByCoingeckoId": {
    "BTC": 42262,
    "SOL": 137.28,
    "ETH": 3138.76,
    "mSOL": 140.66,
    "FTT": 45.6,
    "SRM": 2.95,
    "USDC": 1,
    "MNGO": 0.200283,
    "scnSOL": 140.05,
    "SBR": 0.113616,
    "LUNA": 80.31,
    "UST": 1,
    "RAY": 5.03
  },
  "sharePricesByGlobalId": {
    "mainnet_income_call_sol": 1.05342,
    "mainnet_income_call_marinade": 1.03017,
    "mainnet_income_call_btc": 1.06976,
    "mainnet_income_call_sbr": 1.04667,
    "mainnet_income_call_ftt": 1.02068,
    "mainnet_income_call_luna": 1.02692,
    "mainnet_income_put_luna": 1,
    "mainnet_income_put_mngo": 1.00201,
    "mainnet_income_call_socean": 1.01629,
    "mainnet_income_call_srm": 1.01304,
    "mainnet_income_call_mngo": 1.01322,
    "mainnet_income_call_ray": 1.00275,
    "mainnet_income_call_eth": 1.01667,
    "mainnet_income_put_sol": 1.00281,
    "mainnet_income_put_btc": 1.00329
  },
  "depositTokenByGlobalId": {
    "mainnet_income_call_sol": 175807.51147887,
    "mainnet_income_call_marinade": 164142.345167211,
    "mainnet_income_call_btc": 429.374902,
    "mainnet_income_call_sbr": 19999999.760273,
    "mainnet_income_call_ftt": 74994.147136,
    "mainnet_income_call_luna": 85986.903518,
    "mainnet_income_put_luna": 157594.185573,
    "mainnet_income_put_mngo": 397677.27,
    "mainnet_income_call_socean": 10999.999467117,
    "mainnet_income_call_srm": 4210498.933266,
    "mainnet_income_call_mngo": 9033249.268517,
    "mainnet_income_call_ray": 20609.053884,
    "mainnet_income_call_eth": 1795.987632,
    "mainnet_income_put_sol": 11774481.24,
    "mainnet_income_put_btc": 1125804.04
  },
  "usdValueByGlobalId": {
    "mainnet_income_call_sol": 24134855.18,
    "mainnet_income_call_marinade": 23088262.27,
    "mainnet_income_call_btc": 18146242.11,
    "mainnet_income_call_sbr": 2272319.97,
    "mainnet_income_call_ftt": 3419733.11,
    "mainnet_income_call_luna": 6905608.22,
    "mainnet_income_put_luna": 157594.19,
    "mainnet_income_put_mngo": 397677.27,
    "mainnet_income_call_socean": 1540549.93,
    "mainnet_income_call_srm": 12420971.85,
    "mainnet_income_call_mngo": 1809206.26,
    "mainnet_income_call_ray": 103663.54,
    "mainnet_income_call_eth": 5637174.14,
    "mainnet_income_put_sol": 11774481.24,
    "mainnet_income_put_btc": 1125804.04
  },
  "globalIdToDepositTokenCoingeckoId": {
    "mainnet_income_call_sol": "solana",
    "mainnet_income_call_marinade": "msol",
    "mainnet_income_call_btc": "bitcoin",
    "mainnet_income_call_sbr": "saber",
    "mainnet_income_call_ftt": "ftx-token",
    "mainnet_income_call_luna": "terra-luna",
    "mainnet_income_put_luna": "terrausd",
    "mainnet_income_put_mngo": "usd-coin",
    "mainnet_income_call_socean": "socean-staked-sol",
    "mainnet_income_call_srm": "serum",
    "mainnet_income_call_mngo": "mango-markets",
    "mainnet_income_call_ray": "raydium",
    "mainnet_income_call_eth": "ethereum",
    "mainnet_income_put_sol": "usd-coin",
    "mainnet_income_put_btc": "usd-coin"
  }
}