{
  "totalTvlUSD": 81232212.55,
  "coinsByCoingeckoId": {
    "solana": 188399.243158812,
    "msol": 162332.581837694,
    "bitcoin": 433.249694,
    "saber": 19323427.034276,
    "ftx-token": 66478.416909,
    "terra-luna": 82848.574974,
    "terrausd": 207818.654299,
    "usd-coin": 14214391.470973,
    "socean-staked-sol": 10999.999764954,
    "serum": 4235069.805075,
    "mango-markets": 7820363.780532,
    "raydium": 21551.481969,
    "ethereum": 1762.055973
  },
  "pricesByCoingeckoId": {
    "BTC": 33505,
    "SOL": 82.84,
    "ETH": 2216.31,
    "mSOL": 85.42,
    "FTT": 31.96,
    "SRM": 1.97,
    "USDC": 1,
    "MNGO": 0.144923,
    "scnSOL": 84.8,
    "SBR": 0.065906,
    "LUNA": 60.81,
    "UST": 1,
    "RAY": 3.24
  },
  "sharePricesByGlobalId": {
    "mainnet_income_call_sol": 1.05252,
    "mainnet_income_call_marinade": 1.03727,
    "mainnet_income_call_btc": 1.0696,
    "mainnet_income_call_sbr": 1.05044,
    "mainnet_income_call_ftt": 1.02696,
    "mainnet_income_call_luna": 1.0374,
    "mainnet_income_put_luna": 1,
    "mainnet_income_put_mngo": 1.00322,
    "mainnet_income_call_socean": 1.02395,
    "mainnet_income_call_srm": 1.02041,
    "mainnet_income_call_mngo": 1.01533,
    "mainnet_income_call_ray": 1.01764,
    "mainnet_income_call_eth": 1.0165,
    "mainnet_income_put_sol": 1.01183,
    "mainnet_income_put_btc": 1.00606
  },
  "depositTokenByGlobalId": {
    "mainnet_income_call_sol": 188399.243158812,
    "mainnet_income_call_marinade": 162332.581837694,
    "mainnet_income_call_btc": 433.249694,
    "mainnet_income_call_sbr": 19323427.034276,
    "mainnet_income_call_ftt": 66478.416909,
    "mainnet_income_call_luna": 82848.574974,
    "mainnet_income_put_luna": 207818.654299,
    "mainnet_income_put_mngo": 248683.41,
    "mainnet_income_call_socean": 10999.999764954,
    "mainnet_income_call_srm": 4235069.805075,
    "mainnet_income_call_mngo": 7820363.780532,
    "mainnet_income_call_ray": 21551.481969,
    "mainnet_income_call_eth": 1762.055973,
    "mainnet_income_put_sol": 12827497.23,
    "mainnet_income_put_btc": 1138210.83
  },
  "usdValueByGlobalId": {
    "mainnet_income_call_sol": 15606993.3,
    "mainnet_income_call_marinade": 13866449.14,
    "mainnet_income_call_btc": 14516031,
    "mainnet_income_call_sbr": 1273529.78,
    "mainnet_income_call_ftt": 2124650.2,
    "mainnet_income_call_luna": 5038021.84,
    "mainnet_income_put_luna": 207818.65,
    "mainnet_income_put_mngo": 248683.41,
    "mainnet_income_call_socean": 932799.98,
    "mainnet_income_call_srm": 8343087.52,
    "mainnet_income_call_mngo": 1133350.58,
    "mainnet_income_call_ray": 69826.8,
    "mainnet_income_call_eth": 3905262.27,
    "mainnet_income_put_sol": 12827497.23,
    "mainnet_income_put_btc": 1138210.83
  },
  "globalIdToDepositTokenCoingeckoId": {
    "mainnet_income_call_sol": "solana",
    "mainnet_income_call_marinade": "msol",
    "mainnet_income_call_btc": "bitcoin",
    "mainnet_income_call_sbr": "saber",
    "mainnet_income_call_ftt": "ftx-token",
    "mainnet_income_call_luna": "terra-luna",
    "mainnet_income_put_luna": "terrausd",
    "mainnet_income_put_mngo": "usd-coin",
    "mainnet_income_call_socean": "socean-staked-sol",
    "mainnet_income_call_srm": "serum",
    "mainnet_income_call_mngo": "mango-markets",
    "mainnet_income_call_ray": "raydium",
    "mainnet_income_call_eth": "ethereum",
    "mainnet_income_put_sol": "usd-coin",
    "mainnet_income_put_btc": "usd-coin"
  }
}