{
  "totalTvlUSD": 91142457.66,
  "coinsByCoingeckoId": {
    "solana": 190270.280008812,
    "msol": 163976.326241257,
    "bitcoin": 435.903715,
    "saber": 19999998.066329,
    "ftx-token": 67014.245904,
    "terra-luna": 84083.174473,
    "terrausd": 214767.422522,
    "usd-coin": 14307421.068129,
    "socean-staked-sol": 10999.999764954,
    "serum": 4236230.33355,
    "mango-markets": 7874157.260761,
    "raydium": 21896.294011,
    "ethereum": 1768.087562
  },
  "pricesByCoingeckoId": {
    "BTC": 37898,
    "SOL": 96.72,
    "ETH": 2516.68,
    "mSOL": 99.26,
    "FTT": 37.61,
    "SRM": 2.21,
    "USDC": 1,
    "MNGO": 0.154049,
    "scnSOL": 97.88,
    "SBR": 0.06854,
    "LUNA": 63.6,
    "UST": 1,
    "RAY": 3.69
  },
  "sharePricesByGlobalId": {
    "mainnet_income_call_sol": 1.05252,
    "mainnet_income_call_marinade": 1.03727,
    "mainnet_income_call_btc": 1.0696,
    "mainnet_income_call_sbr": 1.05044,
    "mainnet_income_call_ftt": 1.02696,
    "mainnet_income_call_luna": 1.0374,
    "mainnet_income_put_luna": 1,
    "mainnet_income_put_mngo": 1.00322,
    "mainnet_income_call_socean": 1.02395,
    "mainnet_income_call_srm": 1.02041,
    "mainnet_income_call_mngo": 1.01533,
    "mainnet_income_call_ray": 1.01764,
    "mainnet_income_call_eth": 1.0165,
    "mainnet_income_put_sol": 1.01183,
    "mainnet_income_put_btc": 1.00606
  },
  "depositTokenByGlobalId": {
    "mainnet_income_call_sol": 190270.280008812,
    "mainnet_income_call_marinade": 163976.326241257,
    "mainnet_income_call_btc": 435.903715,
    "mainnet_income_call_sbr": 19999998.066329,
    "mainnet_income_call_ftt": 67014.245904,
    "mainnet_income_call_luna": 84083.174473,
    "mainnet_income_put_luna": 214767.422522,
    "mainnet_income_put_mngo": 249435.27,
    "mainnet_income_call_socean": 10999.999764954,
    "mainnet_income_call_srm": 4236230.33355,
    "mainnet_income_call_mngo": 7874157.260761,
    "mainnet_income_call_ray": 21896.294011,
    "mainnet_income_call_eth": 1768.087562,
    "mainnet_income_put_sol": 12919264.27,
    "mainnet_income_put_btc": 1138721.52
  },
  "usdValueByGlobalId": {
    "mainnet_income_call_sol": 18402941.48,
    "mainnet_income_call_marinade": 16276290.14,
    "mainnet_income_call_btc": 16519878.99,
    "mainnet_income_call_sbr": 1370799.87,
    "mainnet_income_call_ftt": 2520405.79,
    "mainnet_income_call_luna": 5347689.9,
    "mainnet_income_put_luna": 214767.42,
    "mainnet_income_put_mngo": 249435.27,
    "mainnet_income_call_socean": 1076679.98,
    "mainnet_income_call_srm": 9362069.04,
    "mainnet_income_call_mngo": 1213006.05,
    "mainnet_income_call_ray": 80797.32,
    "mainnet_income_call_eth": 4449710.61,
    "mainnet_income_put_sol": 12919264.27,
    "mainnet_income_put_btc": 1138721.52
  },
  "globalIdToDepositTokenCoingeckoId": {
    "mainnet_income_call_sol": "solana",
    "mainnet_income_call_marinade": "msol",
    "mainnet_income_call_btc": "bitcoin",
    "mainnet_income_call_sbr": "saber",
    "mainnet_income_call_ftt": "ftx-token",
    "mainnet_income_call_luna": "terra-luna",
    "mainnet_income_put_luna": "terrausd",
    "mainnet_income_put_mngo": "usd-coin",
    "mainnet_income_call_socean": "socean-staked-sol",
    "mainnet_income_call_srm": "serum",
    "mainnet_income_call_mngo": "mango-markets",
    "mainnet_income_call_ray": "raydium",
    "mainnet_income_call_eth": "ethereum",
    "mainnet_income_put_sol": "usd-coin",
    "mainnet_income_put_btc": "usd-coin"
  }
}