{
  "totalTvlUSD": 111076883.1,
  "coinsByCoingeckoId": {
    "solana": 173908.59647887,
    "msol": 163162.784661736,
    "bitcoin": 428.756816,
    "saber": 19999999.54855,
    "ftx-token": 73674.37783,
    "terra-luna": 84986.23023,
    "terrausd": 146105.819308,
    "usd-coin": 13106828.418654999,
    "socean-staked-sol": 10999.997467117,
    "serum": 4206586.016978,
    "mango-markets": 9018168.55664,
    "raydium": 20335.538346,
    "ethereum": 1762.609017
  },
  "pricesByCoingeckoId": {
    "BTC": 41562,
    "SOL": 136.74,
    "ETH": 3121.54,
    "mSOL": 140.52,
    "FTT": 43.22,
    "SRM": 2.92,
    "USDC": 1,
    "MNGO": 0.198567,
    "scnSOL": 140.43,
    "SBR": 0.111401,
    "LUNA": 78.38,
    "UST": 0.998661,
    "RAY": 5.02
  },
  "sharePricesByGlobalId": {
    "mainnet_income_call_sol": 1.05342,
    "mainnet_income_call_marinade": 1.03017,
    "mainnet_income_call_btc": 1.06976,
    "mainnet_income_call_sbr": 1.04667,
    "mainnet_income_call_ftt": 1.02068,
    "mainnet_income_call_luna": 1.02692,
    "mainnet_income_put_luna": 1,
    "mainnet_income_put_mngo": 1.00201,
    "mainnet_income_call_socean": 1.01629,
    "mainnet_income_call_srm": 1.01304,
    "mainnet_income_call_mngo": 1.01322,
    "mainnet_income_call_ray": 1.00275,
    "mainnet_income_call_eth": 1.01667,
    "mainnet_income_put_sol": 1.00281,
    "mainnet_income_put_btc": 1.00329
  },
  "depositTokenByGlobalId": {
    "mainnet_income_call_sol": 173908.59647887,
    "mainnet_income_call_marinade": 163162.784661736,
    "mainnet_income_call_btc": 428.756816,
    "mainnet_income_call_sbr": 19999999.54855,
    "mainnet_income_call_ftt": 73674.37783,
    "mainnet_income_call_luna": 84986.23023,
    "mainnet_income_put_luna": 146105.819308,
    "mainnet_income_put_mngo": 397677.27,
    "mainnet_income_call_socean": 10999.997467117,
    "mainnet_income_call_srm": 4206586.016978,
    "mainnet_income_call_mngo": 9018168.55664,
    "mainnet_income_call_ray": 20335.538346,
    "mainnet_income_call_eth": 1762.609017,
    "mainnet_income_put_sol": 11583347.11,
    "mainnet_income_put_btc": 1125804.04
  },
  "usdValueByGlobalId": {
    "mainnet_income_call_sol": 23780261.48,
    "mainnet_income_call_marinade": 22927634.5,
    "mainnet_income_call_btc": 17819990.79,
    "mainnet_income_call_sbr": 2228019.95,
    "mainnet_income_call_ftt": 3184206.61,
    "mainnet_income_call_luna": 6661220.73,
    "mainnet_income_put_luna": 145910.18,
    "mainnet_income_put_mngo": 397677.27,
    "mainnet_income_call_socean": 1544729.64,
    "mainnet_income_call_srm": 12283231.17,
    "mainnet_income_call_mngo": 1790710.68,
    "mainnet_income_call_ray": 102084.4,
    "mainnet_income_call_eth": 5502054.55,
    "mainnet_income_put_sol": 11583347.11,
    "mainnet_income_put_btc": 1125804.04
  },
  "globalIdToDepositTokenCoingeckoId": {
    "mainnet_income_call_sol": "solana",
    "mainnet_income_call_marinade": "msol",
    "mainnet_income_call_btc": "bitcoin",
    "mainnet_income_call_sbr": "saber",
    "mainnet_income_call_ftt": "ftx-token",
    "mainnet_income_call_luna": "terra-luna",
    "mainnet_income_put_luna": "terrausd",
    "mainnet_income_put_mngo": "usd-coin",
    "mainnet_income_call_socean": "socean-staked-sol",
    "mainnet_income_call_srm": "serum",
    "mainnet_income_call_mngo": "mango-markets",
    "mainnet_income_call_ray": "raydium",
    "mainnet_income_call_eth": "ethereum",
    "mainnet_income_put_sol": "usd-coin",
    "mainnet_income_put_btc": "usd-coin"
  }
}