{
  "totalTvlUSD": 91068244.64,
  "coinsByCoingeckoId": {
    "solana": 195282.527008812,
    "msol": 165927.264768601,
    "bitcoin": 446.446572,
    "saber": 19999999.398257,
    "ftx-token": 67686.395478,
    "terra-luna": 90626.518322,
    "terrausd": 220968.379823,
    "usd-coin": 15568773.367473999,
    "socean-staked-sol": 11000,
    "serum": 4240791.473809,
    "mango-markets": 7875859.754746,
    "raydium": 23839.179952,
    "ethereum": 1768.61292
  },
  "pricesByCoingeckoId": {
    "BTC": 36703,
    "SOL": 92.32,
    "ETH": 2468.57,
    "mSOL": 94.82,
    "FTT": 37.69,
    "SRM": 2.13,
    "USDC": 1,
    "MNGO": 0.157169,
    "scnSOL": 94.73,
    "SBR": 0.066462,
    "LUNA": 60.55,
    "UST": 1,
    "RAY": 3.54
  },
  "sharePricesByGlobalId": {
    "mainnet_income_call_sol": 1.05252,
    "mainnet_income_call_marinade": 1.03727,
    "mainnet_income_call_btc": 1.0696,
    "mainnet_income_call_sbr": 1.05044,
    "mainnet_income_call_ftt": 1.02696,
    "mainnet_income_call_luna": 1.0374,
    "mainnet_income_put_luna": 1,
    "mainnet_income_put_mngo": 1.00322,
    "mainnet_income_call_socean": 1.02395,
    "mainnet_income_call_srm": 1.02041,
    "mainnet_income_call_mngo": 1.01533,
    "mainnet_income_call_ray": 1.01764,
    "mainnet_income_call_eth": 1.0165,
    "mainnet_income_put_sol": 1.01183,
    "mainnet_income_put_btc": 1.00606
  },
  "depositTokenByGlobalId": {
    "mainnet_income_call_sol": 195282.527008812,
    "mainnet_income_call_marinade": 165927.264768601,
    "mainnet_income_call_btc": 446.446572,
    "mainnet_income_call_sbr": 19999999.398257,
    "mainnet_income_call_ftt": 67686.395478,
    "mainnet_income_call_luna": 90626.518322,
    "mainnet_income_put_luna": 220968.379823,
    "mainnet_income_put_mngo": 249437.27,
    "mainnet_income_call_socean": 11000,
    "mainnet_income_call_srm": 4240791.473809,
    "mainnet_income_call_mngo": 7875859.754746,
    "mainnet_income_call_ray": 23839.179952,
    "mainnet_income_call_eth": 1768.61292,
    "mainnet_income_put_sol": 14180612.57,
    "mainnet_income_put_btc": 1138723.52
  },
  "usdValueByGlobalId": {
    "mainnet_income_call_sol": 18028482.89,
    "mainnet_income_call_marinade": 15733223.25,
    "mainnet_income_call_btc": 16385928.53,
    "mainnet_income_call_sbr": 1329239.96,
    "mainnet_income_call_ftt": 2551100.25,
    "mainnet_income_call_luna": 5487435.68,
    "mainnet_income_put_luna": 220968.38,
    "mainnet_income_put_mngo": 249437.27,
    "mainnet_income_call_socean": 1042030,
    "mainnet_income_call_srm": 9032885.84,
    "mainnet_income_call_mngo": 1237841,
    "mainnet_income_call_ray": 84390.7,
    "mainnet_income_call_eth": 4365944.8,
    "mainnet_income_put_sol": 14180612.57,
    "mainnet_income_put_btc": 1138723.52
  },
  "globalIdToDepositTokenCoingeckoId": {
    "mainnet_income_call_sol": "solana",
    "mainnet_income_call_marinade": "msol",
    "mainnet_income_call_btc": "bitcoin",
    "mainnet_income_call_sbr": "saber",
    "mainnet_income_call_ftt": "ftx-token",
    "mainnet_income_call_luna": "terra-luna",
    "mainnet_income_put_luna": "terrausd",
    "mainnet_income_put_mngo": "usd-coin",
    "mainnet_income_call_socean": "socean-staked-sol",
    "mainnet_income_call_srm": "serum",
    "mainnet_income_call_mngo": "mango-markets",
    "mainnet_income_call_ray": "raydium",
    "mainnet_income_call_eth": "ethereum",
    "mainnet_income_put_sol": "usd-coin",
    "mainnet_income_put_btc": "usd-coin"
  }
}