{
  "totalTvlUSD": 92567074.99,
  "coinsByCoingeckoId": {
    "solana": 132098.450759574,
    "msol": 142521.812678534,
    "bitcoin": 366.154647,
    "saber": 11000000,
    "ftx-token": 76162.148982,
    "usd-coin": 13072030.842544,
    "terra-luna": 55707.192427,
    "socean-staked-sol": 7046.301964905,
    "serum": 3974334.558091,
    "mango-markets": 5999999.159277,
    "raydium": 19199.467605,
    "ethereum": 1479.616665
  },
  "pricesByCoingeckoId": {
    "BTC": 41866,
    "SOL": 135.52,
    "ETH": 3117.51,
    "mSOL": 139.21,
    "FTT": 38.39,
    "SRM": 2.96,
    "USDC": 1,
    "MNGO": 0.199168,
    "scnSOL": 139.02,
    "SBR": 0.074647,
    "LUNA": 72.32,
    "RAY": 5.11
  },
  "sharePricesByGlobalId": {
    "mainnet_income_call_sol": 1.03708,
    "mainnet_income_call_marinade": 1.02581,
    "mainnet_income_call_btc": 1.0644,
    "mainnet_income_call_sbr": 1,
    "mainnet_income_call_ftt": 1.01481,
    "mainnet_income_put_mngo": 1.00062,
    "mainnet_income_call_luna": 1.01873,
    "mainnet_income_call_socean": 1.01266,
    "mainnet_income_call_srm": 1.00834,
    "mainnet_income_call_mngo": 1.01232,
    "mainnet_income_call_ray": 1,
    "mainnet_income_call_eth": 1.01181,
    "mainnet_income_put_sol": 1.00376,
    "mainnet_income_put_btc": 1
  },
  "depositTokenByGlobalId": {
    "mainnet_income_call_sol": 132098.450759574,
    "mainnet_income_call_marinade": 142521.812678534,
    "mainnet_income_call_btc": 366.154647,
    "mainnet_income_call_sbr": 11000000,
    "mainnet_income_call_ftt": 76162.148982,
    "mainnet_income_put_mngo": 429058.15,
    "mainnet_income_call_luna": 55707.192427,
    "mainnet_income_call_socean": 7046.301964905,
    "mainnet_income_call_srm": 3974334.558091,
    "mainnet_income_call_mngo": 5999999.159277,
    "mainnet_income_call_ray": 19199.467605,
    "mainnet_income_call_eth": 1479.616665,
    "mainnet_income_put_sol": 10288594.91,
    "mainnet_income_put_btc": 2354377.79
  },
  "usdValueByGlobalId": {
    "mainnet_income_call_sol": 17901982.05,
    "mainnet_income_call_marinade": 19840461.54,
    "mainnet_income_call_btc": 15329430.45,
    "mainnet_income_call_sbr": 821117,
    "mainnet_income_call_ftt": 2923864.9,
    "mainnet_income_put_mngo": 429058.15,
    "mainnet_income_call_luna": 4028744.16,
    "mainnet_income_call_socean": 979576.9,
    "mainnet_income_call_srm": 11764030.29,
    "mainnet_income_call_mngo": 1195007.83,
    "mainnet_income_call_ray": 98109.28,
    "mainnet_income_call_eth": 4612719.75,
    "mainnet_income_put_sol": 10288594.91,
    "mainnet_income_put_btc": 2354377.79
  }
}