{
  "totalTvlUSD": 100788855.99,
  "coinsByCoingeckoId": {
    "solana": 135780.048759574,
    "msol": 145853.044514327,
    "bitcoin": 370.479359,
    "saber": 11000000,
    "ftx-token": 76447.223827,
    "usd-coin": 13431633.166519,
    "terra-luna": 59999.999852,
    "socean-staked-sol": 8363.667877259,
    "serum": 3974972.039598,
    "mango-markets": 5999999.159377,
    "raydium": 19310.493998,
    "ethereum": 1488.143414
  },
  "pricesByCoingeckoId": {
    "BTC": 43840,
    "SOL": 146.4,
    "ETH": 3371.07,
    "mSOL": 150.58,
    "FTT": 41.25,
    "SRM": 3.22,
    "USDC": 1,
    "MNGO": 0.21095,
    "scnSOL": 149.85,
    "SBR": 0.084508,
    "LUNA": 79.16,
    "RAY": 5.54
  },
  "sharePricesByGlobalId": {
    "mainnet_income_call_sol": 1.03708,
    "mainnet_income_call_marinade": 1.02581,
    "mainnet_income_call_btc": 1.0644,
    "mainnet_income_call_sbr": 1,
    "mainnet_income_call_ftt": 1.01481,
    "mainnet_income_put_mngo": 1,
    "mainnet_income_call_luna": 1.01873,
    "mainnet_income_call_socean": 1.01266,
    "mainnet_income_call_srm": 1.00834,
    "mainnet_income_call_mngo": 1.01232,
    "mainnet_income_call_ray": 1,
    "mainnet_income_call_eth": 1.01181,
    "mainnet_income_put_sol": 0.99999,
    "mainnet_income_put_btc": 1
  },
  "depositTokenByGlobalId": {
    "mainnet_income_call_sol": 135780.048759574,
    "mainnet_income_call_marinade": 145853.044514327,
    "mainnet_income_call_btc": 370.479359,
    "mainnet_income_call_sbr": 11000000,
    "mainnet_income_call_ftt": 76447.223827,
    "mainnet_income_put_mngo": 429804.43,
    "mainnet_income_call_luna": 59999.999852,
    "mainnet_income_call_socean": 8363.667877259,
    "mainnet_income_call_srm": 3974972.039598,
    "mainnet_income_call_mngo": 5999999.159377,
    "mainnet_income_call_ray": 19310.493998,
    "mainnet_income_call_eth": 1488.143414,
    "mainnet_income_put_sol": 10647450.94,
    "mainnet_income_put_btc": 2354377.79
  },
  "usdValueByGlobalId": {
    "mainnet_income_call_sol": 19878199.14,
    "mainnet_income_call_marinade": 21962551.44,
    "mainnet_income_call_btc": 16241815.1,
    "mainnet_income_call_sbr": 929588,
    "mainnet_income_call_ftt": 3153447.98,
    "mainnet_income_put_mngo": 429804.43,
    "mainnet_income_call_luna": 4749599.99,
    "mainnet_income_call_socean": 1253295.63,
    "mainnet_income_call_srm": 12799409.97,
    "mainnet_income_call_mngo": 1265699.82,
    "mainnet_income_call_ray": 106980.14,
    "mainnet_income_call_eth": 5016635.62,
    "mainnet_income_put_sol": 10647450.94,
    "mainnet_income_put_btc": 2354377.79
  }
}