{
  "totalTvlUSD": 86694315.47,
  "coinsByCoingeckoId": {
    "solana": 194357.853008812,
    "msol": 165889.442500341,
    "bitcoin": 445.057864,
    "saber": 19999998.066329,
    "ftx-token": 67638.566337,
    "terra-luna": 88245.463991,
    "terrausd": 215068.379823,
    "usd-coin": 15053571.356332999,
    "socean-staked-sol": 11000,
    "serum": 4240641.347577,
    "mango-markets": 7875149.374337,
    "raydium": 23764.560698,
    "ethereum": 1768.61292
  },
  "pricesByCoingeckoId": {
    "BTC": 35880,
    "SOL": 86.77,
    "ETH": 2374.26,
    "mSOL": 88.95,
    "FTT": 35.27,
    "SRM": 2.06,
    "USDC": 1,
    "MNGO": 0.15079,
    "scnSOL": 88.85,
    "SBR": 0.066759,
    "LUNA": 55.92,
    "UST": 1,
    "RAY": 3.43
  },
  "sharePricesByGlobalId": {
    "mainnet_income_call_sol": 1.05252,
    "mainnet_income_call_marinade": 1.03727,
    "mainnet_income_call_btc": 1.0696,
    "mainnet_income_call_sbr": 1.05044,
    "mainnet_income_call_ftt": 1.02696,
    "mainnet_income_call_luna": 1.0374,
    "mainnet_income_put_luna": 1,
    "mainnet_income_put_mngo": 1.00322,
    "mainnet_income_call_socean": 1.02395,
    "mainnet_income_call_srm": 1.02041,
    "mainnet_income_call_mngo": 1.01533,
    "mainnet_income_call_ray": 1.01764,
    "mainnet_income_call_eth": 1.0165,
    "mainnet_income_put_sol": 1.01183,
    "mainnet_income_put_btc": 1.00606
  },
  "depositTokenByGlobalId": {
    "mainnet_income_call_sol": 194357.853008812,
    "mainnet_income_call_marinade": 165889.442500341,
    "mainnet_income_call_btc": 445.057864,
    "mainnet_income_call_sbr": 19999998.066329,
    "mainnet_income_call_ftt": 67638.566337,
    "mainnet_income_call_luna": 88245.463991,
    "mainnet_income_put_luna": 215068.379823,
    "mainnet_income_put_mngo": 249437.27,
    "mainnet_income_call_socean": 11000,
    "mainnet_income_call_srm": 4240641.347577,
    "mainnet_income_call_mngo": 7875149.374337,
    "mainnet_income_call_ray": 23764.560698,
    "mainnet_income_call_eth": 1768.61292,
    "mainnet_income_put_sol": 13665410.56,
    "mainnet_income_put_btc": 1138723.52
  },
  "usdValueByGlobalId": {
    "mainnet_income_call_sol": 16864430.91,
    "mainnet_income_call_marinade": 14755865.91,
    "mainnet_income_call_btc": 15968676.16,
    "mainnet_income_call_sbr": 1335179.87,
    "mainnet_income_call_ftt": 2385612.23,
    "mainnet_income_call_luna": 4934686.35,
    "mainnet_income_put_luna": 215068.38,
    "mainnet_income_put_mngo": 249437.27,
    "mainnet_income_call_socean": 977350,
    "mainnet_income_call_srm": 8735721.18,
    "mainnet_income_call_mngo": 1187493.77,
    "mainnet_income_call_ray": 81512.44,
    "mainnet_income_call_eth": 4199146.91,
    "mainnet_income_put_sol": 13665410.56,
    "mainnet_income_put_btc": 1138723.52
  },
  "globalIdToDepositTokenCoingeckoId": {
    "mainnet_income_call_sol": "solana",
    "mainnet_income_call_marinade": "msol",
    "mainnet_income_call_btc": "bitcoin",
    "mainnet_income_call_sbr": "saber",
    "mainnet_income_call_ftt": "ftx-token",
    "mainnet_income_call_luna": "terra-luna",
    "mainnet_income_put_luna": "terrausd",
    "mainnet_income_put_mngo": "usd-coin",
    "mainnet_income_call_socean": "socean-staked-sol",
    "mainnet_income_call_srm": "serum",
    "mainnet_income_call_mngo": "mango-markets",
    "mainnet_income_call_ray": "raydium",
    "mainnet_income_call_eth": "ethereum",
    "mainnet_income_put_sol": "usd-coin",
    "mainnet_income_put_btc": "usd-coin"
  }
}