{
  "totalTvlUSD": 87578485.92,
  "coinsByCoingeckoId": {
    "solana": 184399.533158812,
    "msol": 161852.3611537,
    "bitcoin": 429.992838,
    "saber": 18625134.437093,
    "ftx-token": 65603.463145,
    "terra-luna": 77956.309303,
    "terrausd": 207614.934803,
    "usd-coin": 14009737.045635,
    "socean-staked-sol": 10999.999764954,
    "serum": 4227025.55882,
    "mango-markets": 7786170.833833,
    "raydium": 20951.029518,
    "ethereum": 1755.995973
  },
  "pricesByCoingeckoId": {
    "BTC": 35265,
    "SOL": 95.56,
    "ETH": 2433.71,
    "mSOL": 98.3,
    "FTT": 34.25,
    "SRM": 2.22,
    "USDC": 1,
    "MNGO": 0.159687,
    "scnSOL": 98.5,
    "SBR": 0.066641,
    "LUNA": 65.63,
    "UST": 1,
    "RAY": 3.69
  },
  "sharePricesByGlobalId": {
    "mainnet_income_call_sol": 1.05252,
    "mainnet_income_call_marinade": 1.03727,
    "mainnet_income_call_btc": 1.0696,
    "mainnet_income_call_sbr": 1.05044,
    "mainnet_income_call_ftt": 1.02696,
    "mainnet_income_call_luna": 1.0374,
    "mainnet_income_put_luna": 1,
    "mainnet_income_put_mngo": 1.00322,
    "mainnet_income_call_socean": 1.02395,
    "mainnet_income_call_srm": 1.02041,
    "mainnet_income_call_mngo": 1.01533,
    "mainnet_income_call_ray": 1.01764,
    "mainnet_income_call_eth": 1.0165,
    "mainnet_income_put_sol": 1.01183,
    "mainnet_income_put_btc": 1.00606
  },
  "depositTokenByGlobalId": {
    "mainnet_income_call_sol": 184399.533158812,
    "mainnet_income_call_marinade": 161852.3611537,
    "mainnet_income_call_btc": 429.992838,
    "mainnet_income_call_sbr": 18625134.437093,
    "mainnet_income_call_ftt": 65603.463145,
    "mainnet_income_call_luna": 77956.309303,
    "mainnet_income_put_luna": 207614.934803,
    "mainnet_income_put_mngo": 248683.41,
    "mainnet_income_call_socean": 10999.999764954,
    "mainnet_income_call_srm": 4227025.55882,
    "mainnet_income_call_mngo": 7786170.833833,
    "mainnet_income_call_ray": 20951.029518,
    "mainnet_income_call_eth": 1755.995973,
    "mainnet_income_put_sol": 12622862.8,
    "mainnet_income_put_btc": 1138190.84
  },
  "usdValueByGlobalId": {
    "mainnet_income_call_sol": 17621219.39,
    "mainnet_income_call_marinade": 15910087.1,
    "mainnet_income_call_btc": 15163697.43,
    "mainnet_income_call_sbr": 1241197.58,
    "mainnet_income_call_ftt": 2246918.61,
    "mainnet_income_call_luna": 5116272.58,
    "mainnet_income_put_luna": 207614.93,
    "mainnet_income_put_mngo": 248683.41,
    "mainnet_income_call_socean": 1083499.98,
    "mainnet_income_call_srm": 9383996.74,
    "mainnet_income_call_mngo": 1243350.26,
    "mainnet_income_call_ray": 77309.3,
    "mainnet_income_call_eth": 4273584.96,
    "mainnet_income_put_sol": 12622862.8,
    "mainnet_income_put_btc": 1138190.84
  },
  "globalIdToDepositTokenCoingeckoId": {
    "mainnet_income_call_sol": "solana",
    "mainnet_income_call_marinade": "msol",
    "mainnet_income_call_btc": "bitcoin",
    "mainnet_income_call_sbr": "saber",
    "mainnet_income_call_ftt": "ftx-token",
    "mainnet_income_call_luna": "terra-luna",
    "mainnet_income_put_luna": "terrausd",
    "mainnet_income_put_mngo": "usd-coin",
    "mainnet_income_call_socean": "socean-staked-sol",
    "mainnet_income_call_srm": "serum",
    "mainnet_income_call_mngo": "mango-markets",
    "mainnet_income_call_ray": "raydium",
    "mainnet_income_call_eth": "ethereum",
    "mainnet_income_put_sol": "usd-coin",
    "mainnet_income_put_btc": "usd-coin"
  }
}