{
  "totalTvlUSD": 118240834.68,
  "coinsByCoingeckoId": {
    "solana": 180322.40477887,
    "msol": 166470.50714752,
    "bitcoin": 433.1308,
    "saber": 19999999.760273,
    "ftx-token": 75331.828785,
    "terra-luna": 87246.925433,
    "terrausd": 191617.729974,
    "usd-coin": 13923777.298881998,
    "socean-staked-sol": 11000,
    "serum": 4217072.281677,
    "mango-markets": 9180273.343669,
    "raydium": 20939.763852,
    "ethereum": 1813.625416
  },
  "pricesByCoingeckoId": {
    "BTC": 43217,
    "SOL": 142.49,
    "ETH": 3249.44,
    "mSOL": 146.06,
    "FTT": 49.46,
    "SRM": 3,
    "USDC": 1,
    "MNGO": 0.206147,
    "scnSOL": 146.57,
    "SBR": 0.110745,
    "LUNA": 83.66,
    "UST": 0.999936,
    "RAY": 5.2
  },
  "sharePricesByGlobalId": {
    "mainnet_income_call_sol": 1.05342,
    "mainnet_income_call_marinade": 1.03017,
    "mainnet_income_call_btc": 1.06976,
    "mainnet_income_call_sbr": 1.04667,
    "mainnet_income_call_ftt": 1.02068,
    "mainnet_income_call_luna": 1.02692,
    "mainnet_income_put_luna": 1,
    "mainnet_income_put_mngo": 1.00201,
    "mainnet_income_call_socean": 1.01629,
    "mainnet_income_call_srm": 1.01304,
    "mainnet_income_call_mngo": 1.01322,
    "mainnet_income_call_ray": 1.00275,
    "mainnet_income_call_eth": 1.01667,
    "mainnet_income_put_sol": 1.00281,
    "mainnet_income_put_btc": 1.00329
  },
  "depositTokenByGlobalId": {
    "mainnet_income_call_sol": 180322.40477887,
    "mainnet_income_call_marinade": 166470.50714752,
    "mainnet_income_call_btc": 433.1308,
    "mainnet_income_call_sbr": 19999999.760273,
    "mainnet_income_call_ftt": 75331.828785,
    "mainnet_income_call_luna": 87246.925433,
    "mainnet_income_put_luna": 191617.729974,
    "mainnet_income_put_mngo": 410509.79,
    "mainnet_income_call_socean": 11000,
    "mainnet_income_call_srm": 4217072.281677,
    "mainnet_income_call_mngo": 9180273.343669,
    "mainnet_income_call_ray": 20939.763852,
    "mainnet_income_call_eth": 1813.625416,
    "mainnet_income_put_sol": 12387403.46,
    "mainnet_income_put_btc": 1125864.04
  },
  "usdValueByGlobalId": {
    "mainnet_income_call_sol": 25694139.46,
    "mainnet_income_call_marinade": 24314682.27,
    "mainnet_income_call_btc": 18718613.78,
    "mainnet_income_call_sbr": 2214899.97,
    "mainnet_income_call_ftt": 3725912.25,
    "mainnet_income_call_luna": 7299077.78,
    "mainnet_income_put_luna": 191605.47,
    "mainnet_income_put_mngo": 410509.79,
    "mainnet_income_call_socean": 1612270,
    "mainnet_income_call_srm": 12651216.85,
    "mainnet_income_call_mngo": 1892485.81,
    "mainnet_income_call_ray": 108886.77,
    "mainnet_income_call_eth": 5893266.97,
    "mainnet_income_put_sol": 12387403.46,
    "mainnet_income_put_btc": 1125864.04
  },
  "globalIdToDepositTokenCoingeckoId": {
    "mainnet_income_call_sol": "solana",
    "mainnet_income_call_marinade": "msol",
    "mainnet_income_call_btc": "bitcoin",
    "mainnet_income_call_sbr": "saber",
    "mainnet_income_call_ftt": "ftx-token",
    "mainnet_income_call_luna": "terra-luna",
    "mainnet_income_put_luna": "terrausd",
    "mainnet_income_put_mngo": "usd-coin",
    "mainnet_income_call_socean": "socean-staked-sol",
    "mainnet_income_call_srm": "serum",
    "mainnet_income_call_mngo": "mango-markets",
    "mainnet_income_call_ray": "raydium",
    "mainnet_income_call_eth": "ethereum",
    "mainnet_income_put_sol": "usd-coin",
    "mainnet_income_put_btc": "usd-coin"
  }
}