{
  "totalTvlUSD": 45699992.94,
  "coinsByCoingeckoId": {
    "solana": 83881.663543664,
    "msol": 84999.999902565,
    "bitcoin": 203.643773,
    "ethereum": 362.877792,
    "ftx-token": 24828.702639,
    "serum": 211797.270349,
    "mango-markets": 1562720.193023
  },
  "pricesByCoingeckoId": {
    "BTC": 49070,
    "SOL": 187.94,
    "ETH": 3911.95,
    "mSOL": 191.84,
    "FTT": 40.72,
    "SRM": 3.82,
    "USDC": 1,
    "MNGO": 0.253675
  },
  "sharePricesByGlobalId": {
    "mainnet_income_call_sol": 1.02193,
    "mainnet_income_call_marinade": 1.01091,
    "mainnet_income_call_btc": 1.05125,
    "mainnet_income_call_eth": 1.006,
    "mainnet_income_call_ftt": 1,
    "mainnet_income_call_srm": 1,
    "mainnet_income_call_mngo": 1
  }
}