{
  "totalTvlUSD": 99430330.84,
  "coinsByCoingeckoId": {
    "solana": 181403.563958811,
    "msol": 159613.689781383,
    "bitcoin": 415.727959,
    "saber": 17775083.175457,
    "ftx-token": 65562.685783,
    "terra-luna": 75324.486069,
    "terrausd": 204980.450717,
    "usd-coin": 13908310.328064,
    "socean-staked-sol": 10999.999764954,
    "serum": 4226587.199415,
    "mango-markets": 7746090.977466,
    "raydium": 20864.654582,
    "ethereum": 1735.308741
  },
  "pricesByCoingeckoId": {
    "BTC": 38451,
    "SOL": 118.04,
    "ETH": 2777.74,
    "mSOL": 121.74,
    "FTT": 41.81,
    "SRM": 2.57,
    "USDC": 1,
    "MNGO": 0.187346,
    "scnSOL": 121.88,
    "SBR": 0.099916,
    "LUNA": 71.73,
    "UST": 0.999607,
    "RAY": 4.46
  },
  "sharePricesByGlobalId": {
    "mainnet_income_call_sol": 1.05252,
    "mainnet_income_call_marinade": 1.03727,
    "mainnet_income_call_btc": 1.0696,
    "mainnet_income_call_sbr": 1.05044,
    "mainnet_income_call_ftt": 1.02696,
    "mainnet_income_call_luna": 1.0374,
    "mainnet_income_put_luna": 1,
    "mainnet_income_put_mngo": 1.00322,
    "mainnet_income_call_socean": 1.02395,
    "mainnet_income_call_srm": 1.02041,
    "mainnet_income_call_mngo": 1.01533,
    "mainnet_income_call_ray": 1.01764,
    "mainnet_income_call_eth": 1.0165,
    "mainnet_income_put_sol": 1.01183,
    "mainnet_income_put_btc": 1.00606
  },
  "depositTokenByGlobalId": {
    "mainnet_income_call_sol": 181403.563958811,
    "mainnet_income_call_marinade": 159613.689781383,
    "mainnet_income_call_btc": 415.727959,
    "mainnet_income_call_sbr": 17775083.175457,
    "mainnet_income_call_ftt": 65562.685783,
    "mainnet_income_call_luna": 75324.486069,
    "mainnet_income_put_luna": 204980.450717,
    "mainnet_income_put_mngo": 248683.41,
    "mainnet_income_call_socean": 10999.999764954,
    "mainnet_income_call_srm": 4226587.199415,
    "mainnet_income_call_mngo": 7746090.977466,
    "mainnet_income_call_ray": 20864.654582,
    "mainnet_income_call_eth": 1735.308741,
    "mainnet_income_put_sol": 12523464.46,
    "mainnet_income_put_btc": 1136162.46
  },
  "usdValueByGlobalId": {
    "mainnet_income_call_sol": 21412876.69,
    "mainnet_income_call_marinade": 19431370.59,
    "mainnet_income_call_btc": 15985155.75,
    "mainnet_income_call_sbr": 1776015.21,
    "mainnet_income_call_ftt": 2741175.89,
    "mainnet_income_call_luna": 5403025.39,
    "mainnet_income_put_luna": 204899.89,
    "mainnet_income_put_mngo": 248683.41,
    "mainnet_income_call_socean": 1340679.97,
    "mainnet_income_call_srm": 10862329.1,
    "mainnet_income_call_mngo": 1451199.16,
    "mainnet_income_call_ray": 93056.36,
    "mainnet_income_call_eth": 4820236.5,
    "mainnet_income_put_sol": 12523464.46,
    "mainnet_income_put_btc": 1136162.46
  },
  "globalIdToDepositTokenCoingeckoId": {
    "mainnet_income_call_sol": "solana",
    "mainnet_income_call_marinade": "msol",
    "mainnet_income_call_btc": "bitcoin",
    "mainnet_income_call_sbr": "saber",
    "mainnet_income_call_ftt": "ftx-token",
    "mainnet_income_call_luna": "terra-luna",
    "mainnet_income_put_luna": "terrausd",
    "mainnet_income_put_mngo": "usd-coin",
    "mainnet_income_call_socean": "socean-staked-sol",
    "mainnet_income_call_srm": "serum",
    "mainnet_income_call_mngo": "mango-markets",
    "mainnet_income_call_ray": "raydium",
    "mainnet_income_call_eth": "ethereum",
    "mainnet_income_put_sol": "usd-coin",
    "mainnet_income_put_btc": "usd-coin"
  }
}