{
  "totalTvlUSD": 111446049.11,
  "coinsByCoingeckoId": {
    "solana": 173258.11277887,
    "msol": 162963.916225438,
    "bitcoin": 427.531779,
    "saber": 19999999.49755,
    "ftx-token": 73563.452592,
    "terra-luna": 84729.621886,
    "terrausd": 145476.528858,
    "usd-coin": 13042412.990245998,
    "socean-staked-sol": 10999.997467117,
    "serum": 4206187.748997,
    "mango-markets": 9017414.639675,
    "raydium": 19968.987916,
    "ethereum": 1762.503932
  },
  "pricesByCoingeckoId": {
    "BTC": 41720,
    "SOL": 138.32,
    "ETH": 3153.85,
    "mSOL": 142.08,
    "FTT": 43.56,
    "SRM": 2.95,
    "USDC": 1,
    "MNGO": 0.19829,
    "scnSOL": 142.23,
    "SBR": 0.115631,
    "LUNA": 75.12,
    "UST": 0.999057,
    "RAY": 5.07
  },
  "sharePricesByGlobalId": {
    "mainnet_income_call_sol": 1.05342,
    "mainnet_income_call_marinade": 1.03017,
    "mainnet_income_call_btc": 1.06976,
    "mainnet_income_call_sbr": 1.04667,
    "mainnet_income_call_ftt": 1.02068,
    "mainnet_income_call_luna": 1.02692,
    "mainnet_income_put_luna": 1,
    "mainnet_income_put_mngo": 1.00201,
    "mainnet_income_call_socean": 1.01629,
    "mainnet_income_call_srm": 1.01304,
    "mainnet_income_call_mngo": 1.01322,
    "mainnet_income_call_ray": 1.00275,
    "mainnet_income_call_eth": 1.01667,
    "mainnet_income_put_sol": 1.00281,
    "mainnet_income_put_btc": 1.00329
  },
  "depositTokenByGlobalId": {
    "mainnet_income_call_sol": 173258.11277887,
    "mainnet_income_call_marinade": 162963.916225438,
    "mainnet_income_call_btc": 427.531779,
    "mainnet_income_call_sbr": 19999999.49755,
    "mainnet_income_call_ftt": 73563.452592,
    "mainnet_income_call_luna": 84729.621886,
    "mainnet_income_put_luna": 145476.528858,
    "mainnet_income_put_mngo": 397677.27,
    "mainnet_income_call_socean": 10999.997467117,
    "mainnet_income_call_srm": 4206187.748997,
    "mainnet_income_call_mngo": 9017414.639675,
    "mainnet_income_call_ray": 19968.987916,
    "mainnet_income_call_eth": 1762.503932,
    "mainnet_income_put_sol": 11518931.68,
    "mainnet_income_put_btc": 1125804.04
  },
  "usdValueByGlobalId": {
    "mainnet_income_call_sol": 23965062.16,
    "mainnet_income_call_marinade": 23153913.22,
    "mainnet_income_call_btc": 17836625.82,
    "mainnet_income_call_sbr": 2312619.94,
    "mainnet_income_call_ftt": 3204423.99,
    "mainnet_income_call_luna": 6364889.2,
    "mainnet_income_put_luna": 145339.34,
    "mainnet_income_put_mngo": 397677.27,
    "mainnet_income_call_socean": 1564529.64,
    "mainnet_income_call_srm": 12408253.86,
    "mainnet_income_call_mngo": 1788063.15,
    "mainnet_income_call_ray": 101242.77,
    "mainnet_income_call_eth": 5558673.03,
    "mainnet_income_put_sol": 11518931.68,
    "mainnet_income_put_btc": 1125804.04
  },
  "globalIdToDepositTokenCoingeckoId": {
    "mainnet_income_call_sol": "solana",
    "mainnet_income_call_marinade": "msol",
    "mainnet_income_call_btc": "bitcoin",
    "mainnet_income_call_sbr": "saber",
    "mainnet_income_call_ftt": "ftx-token",
    "mainnet_income_call_luna": "terra-luna",
    "mainnet_income_put_luna": "terrausd",
    "mainnet_income_put_mngo": "usd-coin",
    "mainnet_income_call_socean": "socean-staked-sol",
    "mainnet_income_call_srm": "serum",
    "mainnet_income_call_mngo": "mango-markets",
    "mainnet_income_call_ray": "raydium",
    "mainnet_income_call_eth": "ethereum",
    "mainnet_income_put_sol": "usd-coin",
    "mainnet_income_put_btc": "usd-coin"
  }
}