{
  "totalTvlUSD": 107023927.95,
  "coinsByCoingeckoId": {
    "solana": 141843.02111187,
    "msol": 159005.218566754,
    "bitcoin": 416.817338,
    "saber": 19999997.492037,
    "ftx-token": 67356.806966,
    "usd-coin": 12131352.291017998,
    "terra-luna": 68036.778081,
    "socean-staked-sol": 10999.987641614,
    "serum": 4060195.123385,
    "mango-markets": 8818351.851856,
    "raydium": 16651.22439,
    "ethereum": 1696.590062
  },
  "pricesByCoingeckoId": {
    "BTC": 43123,
    "SOL": 145.78,
    "ETH": 3316.17,
    "mSOL": 149.27,
    "FTT": 45.72,
    "SRM": 3.19,
    "USDC": 1,
    "MNGO": 0.196804,
    "scnSOL": 148.02,
    "SBR": 0.085001,
    "LUNA": 83.7,
    "RAY": 5.37
  },
  "sharePricesByGlobalId": {
    "mainnet_income_call_sol": 1.04444,
    "mainnet_income_call_marinade": 1.03017,
    "mainnet_income_call_btc": 1.06814,
    "mainnet_income_call_sbr": 1.04667,
    "mainnet_income_call_ftt": 1.02068,
    "mainnet_income_put_mngo": 1.00201,
    "mainnet_income_call_luna": 1.02692,
    "mainnet_income_call_socean": 1.01629,
    "mainnet_income_call_srm": 1.01304,
    "mainnet_income_call_mngo": 1.01322,
    "mainnet_income_call_ray": 1.00275,
    "mainnet_income_call_eth": 1.01502,
    "mainnet_income_put_sol": 1.00281,
    "mainnet_income_put_btc": 1.00329
  },
  "depositTokenByGlobalId": {
    "mainnet_income_call_sol": 141843.02111187,
    "mainnet_income_call_marinade": 159005.218566754,
    "mainnet_income_call_btc": 416.817338,
    "mainnet_income_call_sbr": 19999997.492037,
    "mainnet_income_call_ftt": 67356.806966,
    "mainnet_income_put_mngo": 392112.07,
    "mainnet_income_call_luna": 68036.778081,
    "mainnet_income_call_socean": 10999.987641614,
    "mainnet_income_call_srm": 4060195.123385,
    "mainnet_income_call_mngo": 8818351.851856,
    "mainnet_income_call_ray": 16651.22439,
    "mainnet_income_call_eth": 1696.590062,
    "mainnet_income_put_sol": 10614756.09,
    "mainnet_income_put_btc": 1124484.14
  },
  "usdValueByGlobalId": {
    "mainnet_income_call_sol": 20677875.62,
    "mainnet_income_call_marinade": 23734708.98,
    "mainnet_income_call_btc": 17974414.07,
    "mainnet_income_call_sbr": 1700019.79,
    "mainnet_income_call_ftt": 3079553.21,
    "mainnet_income_put_mngo": 392112.07,
    "mainnet_income_call_luna": 5694678.33,
    "mainnet_income_call_socean": 1628218.17,
    "mainnet_income_call_srm": 12952022.44,
    "mainnet_income_call_mngo": 1735486.92,
    "mainnet_income_call_ray": 89417.07,
    "mainnet_income_call_eth": 5626181.07,
    "mainnet_income_put_sol": 10614756.09,
    "mainnet_income_put_btc": 1124484.14
  },
  "globalIdToDepositTokenCoingeckoId": {
    "mainnet_income_call_sol": "solana",
    "mainnet_income_call_marinade": "msol",
    "mainnet_income_call_btc": "bitcoin",
    "mainnet_income_call_sbr": "saber",
    "mainnet_income_call_ftt": "ftx-token",
    "mainnet_income_put_mngo": "usd-coin",
    "mainnet_income_call_luna": "terra-luna",
    "mainnet_income_call_socean": "socean-staked-sol",
    "mainnet_income_call_srm": "serum",
    "mainnet_income_call_mngo": "mango-markets",
    "mainnet_income_call_ray": "raydium",
    "mainnet_income_call_eth": "ethereum",
    "mainnet_income_put_sol": "usd-coin",
    "mainnet_income_put_btc": "usd-coin"
  }
}