{
  "totalTvlUSD": 88480127.67,
  "coinsByCoingeckoId": {
    "solana": 124407.748525644,
    "msol": 134808.197427452,
    "bitcoin": 353.742785,
    "saber": 11000000,
    "ftx-token": 71321.130075,
    "usd-coin": 12771480.689995,
    "terra-luna": 39999.989397,
    "socean-staked-sol": 5472.223505502,
    "serum": 3964292.957073,
    "mango-markets": 5999999.148087,
    "raydium": 18915.242615,
    "ethereum": 1399.448063
  },
  "pricesByCoingeckoId": {
    "BTC": 41325,
    "SOL": 137.17,
    "ETH": 3149.63,
    "mSOL": 140.95,
    "FTT": 35.56,
    "SRM": 3.1,
    "USDC": 1,
    "MNGO": 0.189384,
    "scnSOL": 140.13,
    "SBR": 0.09139,
    "LUNA": 69.51,
    "RAY": 5.39
  },
  "sharePricesByGlobalId": {
    "mainnet_income_call_sol": 1.03708,
    "mainnet_income_call_marinade": 1.02581,
    "mainnet_income_call_btc": 1.0644,
    "mainnet_income_call_sbr": 1,
    "mainnet_income_call_ftt": 1.01481,
    "mainnet_income_put_mngo": 1,
    "mainnet_income_call_luna": 1.01873,
    "mainnet_income_call_socean": 1.01266,
    "mainnet_income_call_srm": 1.00834,
    "mainnet_income_call_mngo": 1.01232,
    "mainnet_income_call_ray": 1,
    "mainnet_income_call_eth": 1.01181,
    "mainnet_income_put_sol": 1,
    "mainnet_income_put_btc": 1
  },
  "depositTokenByGlobalId": {
    "mainnet_income_call_sol": 124407.748525644,
    "mainnet_income_call_marinade": 134808.197427452,
    "mainnet_income_call_btc": 353.742785,
    "mainnet_income_call_sbr": 11000000,
    "mainnet_income_call_ftt": 71321.130075,
    "mainnet_income_put_mngo": 420661.09,
    "mainnet_income_call_luna": 39999.989397,
    "mainnet_income_call_socean": 5472.223505502,
    "mainnet_income_call_srm": 3964292.957073,
    "mainnet_income_call_mngo": 5999999.148087,
    "mainnet_income_call_ray": 18915.242615,
    "mainnet_income_call_eth": 1399.448063,
    "mainnet_income_put_sol": 9999911.86,
    "mainnet_income_put_btc": 2350907.74
  },
  "usdValueByGlobalId": {
    "mainnet_income_call_sol": 17065010.87,
    "mainnet_income_call_marinade": 19001215.43,
    "mainnet_income_call_btc": 14618420.59,
    "mainnet_income_call_sbr": 1005290,
    "mainnet_income_call_ftt": 2536179.39,
    "mainnet_income_put_mngo": 420661.09,
    "mainnet_income_call_luna": 2780399.26,
    "mainnet_income_call_socean": 766822.68,
    "mainnet_income_call_srm": 12289308.17,
    "mainnet_income_call_mngo": 1136303.84,
    "mainnet_income_call_ray": 101953.16,
    "mainnet_income_call_eth": 4407743.6,
    "mainnet_income_put_sol": 9999911.86,
    "mainnet_income_put_btc": 2350907.74
  }
}