{
  "totalTvlUSD": 112088143.06,
  "coinsByCoingeckoId": {
    "solana": 169619.46377887,
    "msol": 162473.578000799,
    "bitcoin": 426.921418,
    "saber": 19999999.49755,
    "ftx-token": 73190.059725,
    "terra-luna": 84142.088033,
    "terrausd": 94906.30825,
    "usd-coin": 12993586.511612998,
    "socean-staked-sol": 10999.997467117,
    "serum": 4206088.666981,
    "mango-markets": 9017346.440155,
    "raydium": 19687.889617,
    "ethereum": 1748.143092
  },
  "pricesByCoingeckoId": {
    "BTC": 42298,
    "SOL": 140.05,
    "ETH": 3215.86,
    "mSOL": 143.89,
    "FTT": 44.41,
    "SRM": 3.02,
    "USDC": 1,
    "MNGO": 0.19885,
    "scnSOL": 143.15,
    "SBR": 0.113039,
    "LUNA": 77.29,
    "UST": 1,
    "RAY": 5.17
  },
  "sharePricesByGlobalId": {
    "mainnet_income_call_sol": 1.04444,
    "mainnet_income_call_marinade": 1.03017,
    "mainnet_income_call_btc": 1.06814,
    "mainnet_income_call_sbr": 1.04667,
    "mainnet_income_call_ftt": 1.02068,
    "mainnet_income_call_luna": 1.02692,
    "mainnet_income_put_luna": 1,
    "mainnet_income_put_mngo": 1.00201,
    "mainnet_income_call_socean": 1.01629,
    "mainnet_income_call_srm": 1.01304,
    "mainnet_income_call_mngo": 1.01322,
    "mainnet_income_call_ray": 1.00275,
    "mainnet_income_call_eth": 1.01502,
    "mainnet_income_put_sol": 1.00281,
    "mainnet_income_put_btc": 1.00329
  },
  "depositTokenByGlobalId": {
    "mainnet_income_call_sol": 169619.46377887,
    "mainnet_income_call_marinade": 162473.578000799,
    "mainnet_income_call_btc": 426.921418,
    "mainnet_income_call_sbr": 19999999.49755,
    "mainnet_income_call_ftt": 73190.059725,
    "mainnet_income_call_luna": 84142.088033,
    "mainnet_income_put_luna": 94906.30825,
    "mainnet_income_put_mngo": 397676.27,
    "mainnet_income_call_socean": 10999.997467117,
    "mainnet_income_call_srm": 4206088.666981,
    "mainnet_income_call_mngo": 9017346.440155,
    "mainnet_income_call_ray": 19687.889617,
    "mainnet_income_call_eth": 1748.143092,
    "mainnet_income_put_sol": 11470134.21,
    "mainnet_income_put_btc": 1125776.04
  },
  "usdValueByGlobalId": {
    "mainnet_income_call_sol": 23755205.9,
    "mainnet_income_call_marinade": 23378323.14,
    "mainnet_income_call_btc": 18057922.14,
    "mainnet_income_call_sbr": 2260779.94,
    "mainnet_income_call_ftt": 3250370.55,
    "mainnet_income_call_luna": 6503341.98,
    "mainnet_income_put_luna": 94906.31,
    "mainnet_income_put_mngo": 397676.27,
    "mainnet_income_call_socean": 1574649.64,
    "mainnet_income_call_srm": 12702387.77,
    "mainnet_income_call_mngo": 1793099.34,
    "mainnet_income_call_ray": 101786.39,
    "mainnet_income_call_eth": 5621783.44,
    "mainnet_income_put_sol": 11470134.21,
    "mainnet_income_put_btc": 1125776.04
  },
  "globalIdToDepositTokenCoingeckoId": {
    "mainnet_income_call_sol": "solana",
    "mainnet_income_call_marinade": "msol",
    "mainnet_income_call_btc": "bitcoin",
    "mainnet_income_call_sbr": "saber",
    "mainnet_income_call_ftt": "ftx-token",
    "mainnet_income_call_luna": "terra-luna",
    "mainnet_income_put_luna": "terrausd",
    "mainnet_income_put_mngo": "usd-coin",
    "mainnet_income_call_socean": "socean-staked-sol",
    "mainnet_income_call_srm": "serum",
    "mainnet_income_call_mngo": "mango-markets",
    "mainnet_income_call_ray": "raydium",
    "mainnet_income_call_eth": "ethereum",
    "mainnet_income_put_sol": "usd-coin",
    "mainnet_income_put_btc": "usd-coin"
  }
}