{
  "totalTvlUSD": 90608705.94,
  "coinsByCoingeckoId": {
    "solana": 129390.229350644,
    "msol": 137023.513222515,
    "bitcoin": 355.467146,
    "saber": 11000000,
    "ftx-token": 72702.691685,
    "usd-coin": 12780456.732646002,
    "terra-luna": 39999.999397,
    "socean-staked-sol": 5499.990099232,
    "serum": 3966391.545835,
    "mango-markets": 5999999.159277,
    "raydium": 18928.330657,
    "ethereum": 1467.434162
  },
  "pricesByCoingeckoId": {
    "BTC": 41832,
    "SOL": 139.34,
    "ETH": 3145.11,
    "mSOL": 143.86,
    "FTT": 36.93,
    "SRM": 3.02,
    "USDC": 1,
    "MNGO": 0.192886,
    "scnSOL": 143.93,
    "SBR": 0.086059,
    "LUNA": 73.54,
    "RAY": 5.34
  },
  "sharePricesByGlobalId": {
    "mainnet_income_call_sol": 1.03708,
    "mainnet_income_call_marinade": 1.02581,
    "mainnet_income_call_btc": 1.0644,
    "mainnet_income_call_sbr": 1,
    "mainnet_income_call_ftt": 1.01481,
    "mainnet_income_put_mngo": 1,
    "mainnet_income_call_luna": 1.01873,
    "mainnet_income_call_socean": 1.01266,
    "mainnet_income_call_srm": 1.00834,
    "mainnet_income_call_mngo": 1.01232,
    "mainnet_income_call_ray": 1,
    "mainnet_income_call_eth": 1.01181,
    "mainnet_income_put_sol": 1,
    "mainnet_income_put_btc": 1
  },
  "depositTokenByGlobalId": {
    "mainnet_income_call_sol": 129390.229350644,
    "mainnet_income_call_marinade": 137023.513222515,
    "mainnet_income_call_btc": 355.467146,
    "mainnet_income_call_sbr": 11000000,
    "mainnet_income_call_ftt": 72702.691685,
    "mainnet_income_put_mngo": 426078.97,
    "mainnet_income_call_luna": 39999.999397,
    "mainnet_income_call_socean": 5499.990099232,
    "mainnet_income_call_srm": 3966391.545835,
    "mainnet_income_call_mngo": 5999999.159277,
    "mainnet_income_call_ray": 18928.330657,
    "mainnet_income_call_eth": 1467.434162,
    "mainnet_income_put_sol": 9999999.97,
    "mainnet_income_put_btc": 2354377.79
  },
  "usdValueByGlobalId": {
    "mainnet_income_call_sol": 18029234.56,
    "mainnet_income_call_marinade": 19712202.61,
    "mainnet_income_call_btc": 14869901.65,
    "mainnet_income_call_sbr": 946649,
    "mainnet_income_call_ftt": 2684910.4,
    "mainnet_income_put_mngo": 426078.97,
    "mainnet_income_call_luna": 2941599.96,
    "mainnet_income_call_socean": 791613.57,
    "mainnet_income_call_srm": 11978502.47,
    "mainnet_income_call_mngo": 1157315.84,
    "mainnet_income_call_ray": 101077.29,
    "mainnet_income_call_eth": 4615241.86,
    "mainnet_income_put_sol": 9999999.97,
    "mainnet_income_put_btc": 2354377.79
  }
}