{
  "totalTvlUSD": 110503567.98,
  "coinsByCoingeckoId": {
    "solana": 173769.83757887,
    "msol": 163130.665728419,
    "bitcoin": 428.536762,
    "saber": 19999999.49755,
    "ftx-token": 73566.52134,
    "terra-luna": 84839.152949,
    "terrausd": 145476.528858,
    "usd-coin": 13103144.285834998,
    "socean-staked-sol": 10999.997467117,
    "serum": 4206533.50914,
    "mango-markets": 9018168.55664,
    "raydium": 20070.49712,
    "ethereum": 1762.609017
  },
  "pricesByCoingeckoId": {
    "BTC": 41549,
    "SOL": 135.78,
    "ETH": 3131.11,
    "mSOL": 139.44,
    "FTT": 43.52,
    "SRM": 2.92,
    "USDC": 1,
    "MNGO": 0.19821,
    "scnSOL": 139.03,
    "SBR": 0.112636,
    "LUNA": 75.62,
    "UST": 0.999413,
    "RAY": 5
  },
  "sharePricesByGlobalId": {
    "mainnet_income_call_sol": 1.05342,
    "mainnet_income_call_marinade": 1.03017,
    "mainnet_income_call_btc": 1.06976,
    "mainnet_income_call_sbr": 1.04667,
    "mainnet_income_call_ftt": 1.02068,
    "mainnet_income_call_luna": 1.02692,
    "mainnet_income_put_luna": 1,
    "mainnet_income_put_mngo": 1.00201,
    "mainnet_income_call_socean": 1.01629,
    "mainnet_income_call_srm": 1.01304,
    "mainnet_income_call_mngo": 1.01322,
    "mainnet_income_call_ray": 1.00275,
    "mainnet_income_call_eth": 1.01667,
    "mainnet_income_put_sol": 1.00281,
    "mainnet_income_put_btc": 1.00329
  },
  "depositTokenByGlobalId": {
    "mainnet_income_call_sol": 173769.83757887,
    "mainnet_income_call_marinade": 163130.665728419,
    "mainnet_income_call_btc": 428.536762,
    "mainnet_income_call_sbr": 19999999.49755,
    "mainnet_income_call_ftt": 73566.52134,
    "mainnet_income_call_luna": 84839.152949,
    "mainnet_income_put_luna": 145476.528858,
    "mainnet_income_put_mngo": 397677.27,
    "mainnet_income_call_socean": 10999.997467117,
    "mainnet_income_call_srm": 4206533.50914,
    "mainnet_income_call_mngo": 9018168.55664,
    "mainnet_income_call_ray": 20070.49712,
    "mainnet_income_call_eth": 1762.609017,
    "mainnet_income_put_sol": 11579662.98,
    "mainnet_income_put_btc": 1125804.04
  },
  "usdValueByGlobalId": {
    "mainnet_income_call_sol": 23604894.74,
    "mainnet_income_call_marinade": 22746940.03,
    "mainnet_income_call_btc": 17804845.39,
    "mainnet_income_call_sbr": 2255259.94,
    "mainnet_income_call_ftt": 3203086.34,
    "mainnet_income_call_luna": 6417233.53,
    "mainnet_income_put_luna": 145447,
    "mainnet_income_put_mngo": 397677.27,
    "mainnet_income_call_socean": 1529329.65,
    "mainnet_income_call_srm": 12283077.85,
    "mainnet_income_call_mngo": 1787491.19,
    "mainnet_income_call_ray": 100352.49,
    "mainnet_income_call_eth": 5522465.56,
    "mainnet_income_put_sol": 11579662.98,
    "mainnet_income_put_btc": 1125804.04
  },
  "globalIdToDepositTokenCoingeckoId": {
    "mainnet_income_call_sol": "solana",
    "mainnet_income_call_marinade": "msol",
    "mainnet_income_call_btc": "bitcoin",
    "mainnet_income_call_sbr": "saber",
    "mainnet_income_call_ftt": "ftx-token",
    "mainnet_income_call_luna": "terra-luna",
    "mainnet_income_put_luna": "terrausd",
    "mainnet_income_put_mngo": "usd-coin",
    "mainnet_income_call_socean": "socean-staked-sol",
    "mainnet_income_call_srm": "serum",
    "mainnet_income_call_mngo": "mango-markets",
    "mainnet_income_call_ray": "raydium",
    "mainnet_income_call_eth": "ethereum",
    "mainnet_income_put_sol": "usd-coin",
    "mainnet_income_put_btc": "usd-coin"
  }
}