{
  "totalTvlUSD": 113961231.19,
  "coinsByCoingeckoId": {
    "solana": 179281.88657887,
    "msol": 166271.78318727,
    "bitcoin": 432.943551,
    "saber": 19999999.760273,
    "ftx-token": 75189.579644,
    "terra-luna": 86934.651625,
    "terrausd": 175809.402127,
    "usd-coin": 13667346.124697,
    "socean-staked-sol": 11000,
    "serum": 4216661.573814,
    "mango-markets": 9045923.846387,
    "raydium": 20816.297794,
    "ethereum": 1798.811372
  },
  "pricesByCoingeckoId": {
    "BTC": 41855,
    "SOL": 136.55,
    "ETH": 3121.08,
    "mSOL": 140.16,
    "FTT": 47.51,
    "SRM": 2.91,
    "USDC": 1,
    "MNGO": 0.200682,
    "scnSOL": 139.95,
    "SBR": 0.111811,
    "LUNA": 81.21,
    "UST": 1,
    "RAY": 4.98
  },
  "sharePricesByGlobalId": {
    "mainnet_income_call_sol": 1.05342,
    "mainnet_income_call_marinade": 1.03017,
    "mainnet_income_call_btc": 1.06976,
    "mainnet_income_call_sbr": 1.04667,
    "mainnet_income_call_ftt": 1.02068,
    "mainnet_income_call_luna": 1.02692,
    "mainnet_income_put_luna": 1,
    "mainnet_income_put_mngo": 1.00201,
    "mainnet_income_call_socean": 1.01629,
    "mainnet_income_call_srm": 1.01304,
    "mainnet_income_call_mngo": 1.01322,
    "mainnet_income_call_ray": 1.00275,
    "mainnet_income_call_eth": 1.01667,
    "mainnet_income_put_sol": 1.00281,
    "mainnet_income_put_btc": 1.00329
  },
  "depositTokenByGlobalId": {
    "mainnet_income_call_sol": 179281.88657887,
    "mainnet_income_call_marinade": 166271.78318727,
    "mainnet_income_call_btc": 432.943551,
    "mainnet_income_call_sbr": 19999999.760273,
    "mainnet_income_call_ftt": 75189.579644,
    "mainnet_income_call_luna": 86934.651625,
    "mainnet_income_put_luna": 175809.402127,
    "mainnet_income_put_mngo": 397710.67,
    "mainnet_income_call_socean": 11000,
    "mainnet_income_call_srm": 4216661.573814,
    "mainnet_income_call_mngo": 9045923.846387,
    "mainnet_income_call_ray": 20816.297794,
    "mainnet_income_call_eth": 1798.811372,
    "mainnet_income_put_sol": 12143771.42,
    "mainnet_income_put_btc": 1125864.04
  },
  "usdValueByGlobalId": {
    "mainnet_income_call_sol": 24480941.61,
    "mainnet_income_call_marinade": 23304653.13,
    "mainnet_income_call_btc": 18120852.33,
    "mainnet_income_call_sbr": 2236219.97,
    "mainnet_income_call_ftt": 3572256.93,
    "mainnet_income_call_luna": 7059963.06,
    "mainnet_income_put_luna": 175809.4,
    "mainnet_income_put_mngo": 397710.67,
    "mainnet_income_call_socean": 1539450,
    "mainnet_income_call_srm": 12270485.18,
    "mainnet_income_call_mngo": 1815354.09,
    "mainnet_income_call_ray": 103665.16,
    "mainnet_income_call_eth": 5614234.2,
    "mainnet_income_put_sol": 12143771.42,
    "mainnet_income_put_btc": 1125864.04
  },
  "globalIdToDepositTokenCoingeckoId": {
    "mainnet_income_call_sol": "solana",
    "mainnet_income_call_marinade": "msol",
    "mainnet_income_call_btc": "bitcoin",
    "mainnet_income_call_sbr": "saber",
    "mainnet_income_call_ftt": "ftx-token",
    "mainnet_income_call_luna": "terra-luna",
    "mainnet_income_put_luna": "terrausd",
    "mainnet_income_put_mngo": "usd-coin",
    "mainnet_income_call_socean": "socean-staked-sol",
    "mainnet_income_call_srm": "serum",
    "mainnet_income_call_mngo": "mango-markets",
    "mainnet_income_call_ray": "raydium",
    "mainnet_income_call_eth": "ethereum",
    "mainnet_income_put_sol": "usd-coin",
    "mainnet_income_put_btc": "usd-coin"
  }
}