{
  "totalTvlUSD": 41614765.52,
  "coinsByCoingeckoId": {
    "solana": 66604.130903664,
    "msol": 79999.957612259,
    "bitcoin": 186.964356,
    "ethereum": 126.734727,
    "ftx-token": 22538.731831,
    "serum": 209173.631828,
    "mango-markets": 920452.399665
  },
  "pricesByCoingeckoId": {
    "BTC": 50915,
    "SOL": 199.32,
    "ETH": 4088.27,
    "mSOL": 203.02,
    "FTT": 42.75,
    "SRM": 4.06,
    "USDC": 1,
    "MNGO": 0.268832
  },
  "sharePricesByGlobalId": {
    "mainnet_income_call_sol": 1.02193,
    "mainnet_income_call_marinade": 1.01091,
    "mainnet_income_call_btc": 1.05125,
    "mainnet_income_call_eth": 1.006,
    "mainnet_income_call_ftt": 1,
    "mainnet_income_call_srm": 1,
    "mainnet_income_call_mngo": 1
  }
}