{
  "totalTvlUSD": 92207964.97,
  "coinsByCoingeckoId": {
    "solana": 129615.215759574,
    "msol": 137410.135732407,
    "bitcoin": 355.630356,
    "saber": 11000000,
    "ftx-token": 72772.388738,
    "usd-coin": 12780819.795019,
    "terra-luna": 39999.999397,
    "socean-staked-sol": 5499.990099232,
    "serum": 3966425.602591,
    "mango-markets": 5999999.159277,
    "raydium": 18928.784889,
    "ethereum": 1467.434192
  },
  "pricesByCoingeckoId": {
    "BTC": 42234,
    "SOL": 143.62,
    "ETH": 3181.72,
    "mSOL": 147.37,
    "FTT": 38.26,
    "SRM": 3.06,
    "USDC": 1,
    "MNGO": 0.197189,
    "scnSOL": 145.68,
    "SBR": 0.087228,
    "LUNA": 72.63,
    "RAY": 5.41
  },
  "sharePricesByGlobalId": {
    "mainnet_income_call_sol": 1.03708,
    "mainnet_income_call_marinade": 1.02581,
    "mainnet_income_call_btc": 1.0644,
    "mainnet_income_call_sbr": 1,
    "mainnet_income_call_ftt": 1.01481,
    "mainnet_income_put_mngo": 1.00062,
    "mainnet_income_call_luna": 1.01873,
    "mainnet_income_call_socean": 1.01266,
    "mainnet_income_call_srm": 1.00834,
    "mainnet_income_call_mngo": 1.01232,
    "mainnet_income_call_ray": 1,
    "mainnet_income_call_eth": 1.01181,
    "mainnet_income_put_sol": 1.00376,
    "mainnet_income_put_btc": 1
  },
  "depositTokenByGlobalId": {
    "mainnet_income_call_sol": 129615.215759574,
    "mainnet_income_call_marinade": 137410.135732407,
    "mainnet_income_call_btc": 355.630356,
    "mainnet_income_call_sbr": 11000000,
    "mainnet_income_call_ftt": 72772.388738,
    "mainnet_income_put_mngo": 426442,
    "mainnet_income_call_luna": 39999.999397,
    "mainnet_income_call_socean": 5499.990099232,
    "mainnet_income_call_srm": 3966425.602591,
    "mainnet_income_call_mngo": 5999999.159277,
    "mainnet_income_call_ray": 18928.784889,
    "mainnet_income_call_eth": 1467.434192,
    "mainnet_income_put_sol": 10000000,
    "mainnet_income_put_btc": 2354377.79
  },
  "usdValueByGlobalId": {
    "mainnet_income_call_sol": 18615337.29,
    "mainnet_income_call_marinade": 20250131.7,
    "mainnet_income_call_btc": 15019692.46,
    "mainnet_income_call_sbr": 959508,
    "mainnet_income_call_ftt": 2784271.59,
    "mainnet_income_put_mngo": 426442,
    "mainnet_income_call_luna": 2905199.96,
    "mainnet_income_call_socean": 801238.56,
    "mainnet_income_call_srm": 12137262.34,
    "mainnet_income_call_mngo": 1183133.83,
    "mainnet_income_call_ray": 102404.73,
    "mainnet_income_call_eth": 4668964.72,
    "mainnet_income_put_sol": 10000000,
    "mainnet_income_put_btc": 2354377.79
  }
}