{
  "totalTvlUSD": 106533563.14,
  "coinsByCoingeckoId": {
    "solana": 180083.181958811,
    "msol": 159246.029927219,
    "bitcoin": 415.546658,
    "saber": 20000000,
    "ftx-token": 76355.013339,
    "terra-luna": 89882.630676,
    "terrausd": 201372.699713,
    "usd-coin": 14058836.985227998,
    "socean-staked-sol": 10954.523862317,
    "serum": 4220734.628162,
    "mango-markets": 9223517.922299,
    "raydium": 21464.704546,
    "ethereum": 1875.30218
  },
  "pricesByCoingeckoId": {
    "BTC": 39270,
    "SOL": 126.22,
    "ETH": 2899.14,
    "mSOL": 129.75,
    "FTT": 44.1,
    "SRM": 2.68,
    "USDC": 1,
    "MNGO": 0.194773,
    "scnSOL": 130.14,
    "SBR": 0.100475,
    "LUNA": 79.1,
    "UST": 1,
    "RAY": 4.61
  },
  "sharePricesByGlobalId": {
    "mainnet_income_call_sol": 1.05252,
    "mainnet_income_call_marinade": 0.98126,
    "mainnet_income_call_btc": 1.0696,
    "mainnet_income_call_sbr": 1.05086,
    "mainnet_income_call_ftt": 1.02766,
    "mainnet_income_call_luna": 1.03856,
    "mainnet_income_put_luna": 1,
    "mainnet_income_put_mngo": 1.00335,
    "mainnet_income_call_socean": 1.02395,
    "mainnet_income_call_srm": 1.01421,
    "mainnet_income_call_mngo": 1.01556,
    "mainnet_income_call_ray": 1.01929,
    "mainnet_income_call_eth": 1.01667,
    "mainnet_income_put_sol": 1.01183,
    "mainnet_income_put_btc": 1.00606
  },
  "depositTokenByGlobalId": {
    "mainnet_income_call_sol": 180083.181958811,
    "mainnet_income_call_marinade": 159246.029927219,
    "mainnet_income_call_btc": 415.546658,
    "mainnet_income_call_sbr": 20000000,
    "mainnet_income_call_ftt": 76355.013339,
    "mainnet_income_call_luna": 89882.630676,
    "mainnet_income_put_luna": 201372.699713,
    "mainnet_income_put_mngo": 411031.64,
    "mainnet_income_call_socean": 10954.523862317,
    "mainnet_income_call_srm": 4220734.628162,
    "mainnet_income_call_mngo": 9223517.922299,
    "mainnet_income_call_ray": 21464.704546,
    "mainnet_income_call_eth": 1875.30218,
    "mainnet_income_put_sol": 12511744.15,
    "mainnet_income_put_btc": 1136061.19
  },
  "usdValueByGlobalId": {
    "mainnet_income_call_sol": 22730099.23,
    "mainnet_income_call_marinade": 20665357.3,
    "mainnet_income_call_btc": 16318517.26,
    "mainnet_income_call_sbr": 2009740,
    "mainnet_income_call_ftt": 3370310.29,
    "mainnet_income_call_luna": 7109716.09,
    "mainnet_income_put_luna": 201372.7,
    "mainnet_income_put_mngo": 411031.64,
    "mainnet_income_call_socean": 1425621.74,
    "mainnet_income_call_srm": 11311568.8,
    "mainnet_income_call_mngo": 1796492.26,
    "mainnet_income_call_ray": 99166.94,
    "mainnet_income_call_eth": 5436763.56,
    "mainnet_income_put_sol": 12511744.15,
    "mainnet_income_put_btc": 1136061.19
  },
  "globalIdToDepositTokenCoingeckoId": {
    "mainnet_income_call_sol": "solana",
    "mainnet_income_call_marinade": "msol",
    "mainnet_income_call_btc": "bitcoin",
    "mainnet_income_call_sbr": "saber",
    "mainnet_income_call_ftt": "ftx-token",
    "mainnet_income_call_luna": "terra-luna",
    "mainnet_income_put_luna": "terrausd",
    "mainnet_income_put_mngo": "usd-coin",
    "mainnet_income_call_socean": "socean-staked-sol",
    "mainnet_income_call_srm": "serum",
    "mainnet_income_call_mngo": "mango-markets",
    "mainnet_income_call_ray": "raydium",
    "mainnet_income_call_eth": "ethereum",
    "mainnet_income_put_sol": "usd-coin",
    "mainnet_income_put_btc": "usd-coin"
  }
}