{
  "totalTvlUSD": 44129491.59,
  "coinsByCoingeckoId": {
    "solana": 73800.161983664,
    "msol": 84055.049636147,
    "bitcoin": 188.277799,
    "ethereum": 153.18371,
    "ftx-token": 23817.577978,
    "serum": 210971.386184,
    "mango-markets": 964308.398396
  },
  "pricesByCoingeckoId": {
    "BTC": 50881,
    "SOL": 198.92,
    "ETH": 4066.86,
    "mSOL": 203.58,
    "FTT": 42.54,
    "SRM": 4.08,
    "USDC": 1,
    "MNGO": 0.270177
  },
  "sharePricesByGlobalId": {
    "mainnet_income_call_sol": 1.02193,
    "mainnet_income_call_marinade": 1.01091,
    "mainnet_income_call_btc": 1.05125,
    "mainnet_income_call_eth": 1.006,
    "mainnet_income_call_ftt": 1,
    "mainnet_income_call_srm": 1,
    "mainnet_income_call_mngo": 1
  }
}