{
  "totalTvlUSD": 88400762.53,
  "coinsByCoingeckoId": {
    "solana": 128314.640350644,
    "msol": 136214.20053664,
    "bitcoin": 354.280677,
    "saber": 11000000,
    "ftx-token": 72255.801874,
    "usd-coin": 12774382.460579002,
    "terra-luna": 39999.999397,
    "socean-staked-sol": 5499.990099232,
    "serum": 3965834.743512,
    "mango-markets": 5999999.159277,
    "raydium": 18918.099566,
    "ethereum": 1407.979711
  },
  "pricesByCoingeckoId": {
    "BTC": 40989,
    "SOL": 137.48,
    "ETH": 3091.09,
    "mSOL": 141.35,
    "FTT": 34.56,
    "SRM": 2.97,
    "USDC": 1,
    "MNGO": 0.186852,
    "scnSOL": 142.18,
    "SBR": 0.09075,
    "LUNA": 64.56,
    "RAY": 5.21
  },
  "sharePricesByGlobalId": {
    "mainnet_income_call_sol": 1.03708,
    "mainnet_income_call_marinade": 1.02581,
    "mainnet_income_call_btc": 1.0644,
    "mainnet_income_call_sbr": 1,
    "mainnet_income_call_ftt": 1.01481,
    "mainnet_income_put_mngo": 1,
    "mainnet_income_call_luna": 1.01873,
    "mainnet_income_call_socean": 1.01266,
    "mainnet_income_call_srm": 1.00834,
    "mainnet_income_call_mngo": 1.01232,
    "mainnet_income_call_ray": 1,
    "mainnet_income_call_eth": 1.01181,
    "mainnet_income_put_sol": 1,
    "mainnet_income_put_btc": 1
  },
  "depositTokenByGlobalId": {
    "mainnet_income_call_sol": 128314.640350644,
    "mainnet_income_call_marinade": 136214.20053664,
    "mainnet_income_call_btc": 354.280677,
    "mainnet_income_call_sbr": 11000000,
    "mainnet_income_call_ftt": 72255.801874,
    "mainnet_income_put_mngo": 423315.84,
    "mainnet_income_call_luna": 39999.999397,
    "mainnet_income_call_socean": 5499.990099232,
    "mainnet_income_call_srm": 3965834.743512,
    "mainnet_income_call_mngo": 5999999.159277,
    "mainnet_income_call_ray": 18918.099566,
    "mainnet_income_call_eth": 1407.979711,
    "mainnet_income_put_sol": 9999999.97,
    "mainnet_income_put_btc": 2351066.65
  },
  "usdValueByGlobalId": {
    "mainnet_income_call_sol": 17640696.76,
    "mainnet_income_call_marinade": 19253877.25,
    "mainnet_income_call_btc": 14521610.67,
    "mainnet_income_call_sbr": 998250,
    "mainnet_income_call_ftt": 2497160.51,
    "mainnet_income_put_mngo": 423315.84,
    "mainnet_income_call_luna": 2582399.96,
    "mainnet_income_call_socean": 781988.59,
    "mainnet_income_call_srm": 11778529.19,
    "mainnet_income_call_mngo": 1121111.84,
    "mainnet_income_call_ray": 98563.3,
    "mainnet_income_call_eth": 4352192,
    "mainnet_income_put_sol": 9999999.97,
    "mainnet_income_put_btc": 2351066.65
  }
}