{
  "totalTvlUSD": 42809252.19,
  "coinsByCoingeckoId": {
    "solana": 67667.011953664,
    "msol": 84055.049636147,
    "bitcoin": 187.747681,
    "ethereum": 153.18371,
    "ftx-token": 23811.427617,
    "serum": 210491.636406,
    "mango-markets": 934496.59884
  },
  "pricesByCoingeckoId": {
    "BTC": 50829,
    "SOL": 198.67,
    "ETH": 4064.11,
    "mSOL": 203.24,
    "FTT": 42.54,
    "SRM": 4.05,
    "USDC": 1,
    "MNGO": 0.269115
  },
  "sharePricesByGlobalId": {
    "mainnet_income_call_sol": 1.02193,
    "mainnet_income_call_marinade": 1.01091,
    "mainnet_income_call_btc": 1.05125,
    "mainnet_income_call_eth": 1.006,
    "mainnet_income_call_ftt": 1,
    "mainnet_income_call_srm": 1,
    "mainnet_income_call_mngo": 1
  }
}