{
  "totalTvlUSD": 46795864.57,
  "coinsByCoingeckoId": {
    "solana": 77025.671383664,
    "msol": 84055.049636147,
    "bitcoin": 193.015918,
    "ethereum": 302.516208,
    "ftx-token": 24577.799383,
    "serum": 211386.949313,
    "mango-markets": 1113673.718442
  },
  "pricesByCoingeckoId": {
    "BTC": 51864,
    "SOL": 204.21,
    "ETH": 4119.17,
    "mSOL": 208.7,
    "FTT": 43.5,
    "SRM": 4.25,
    "USDC": 1,
    "MNGO": 0.269326
  },
  "sharePricesByGlobalId": {
    "mainnet_income_call_sol": 1.02193,
    "mainnet_income_call_marinade": 1.01091,
    "mainnet_income_call_btc": 1.05125,
    "mainnet_income_call_eth": 1.006,
    "mainnet_income_call_ftt": 1,
    "mainnet_income_call_srm": 1,
    "mainnet_income_call_mngo": 1
  }
}