{
  "totalTvlUSD": 113396425.71,
  "coinsByCoingeckoId": {
    "solana": 167916.52901187,
    "msol": 161693.282788483,
    "bitcoin": 425.583716,
    "saber": 19999999.492037,
    "ftx-token": 68403.757568,
    "terra-luna": 77916.253128,
    "terrausd": 74815.311378,
    "usd-coin": 12953657.897292,
    "socean-staked-sol": 10999.997467117,
    "serum": 4201281.392915,
    "mango-markets": 8978202.523868,
    "raydium": 18255.760532,
    "ethereum": 1740.460425
  },
  "pricesByCoingeckoId": {
    "BTC": 42712,
    "SOL": 143.18,
    "ETH": 3266.68,
    "mSOL": 147.07,
    "FTT": 45.37,
    "SRM": 3.07,
    "USDC": 1,
    "MNGO": 0.198984,
    "scnSOL": 146.61,
    "SBR": 0.134024,
    "LUNA": 83.49,
    "UST": 1,
    "RAY": 5.26
  },
  "sharePricesByGlobalId": {
    "mainnet_income_call_sol": 1.04444,
    "mainnet_income_call_marinade": 1.03017,
    "mainnet_income_call_btc": 1.06814,
    "mainnet_income_call_sbr": 1.04667,
    "mainnet_income_call_ftt": 1.02068,
    "mainnet_income_call_luna": 1.02692,
    "mainnet_income_put_luna": 1,
    "mainnet_income_put_mngo": 1.00201,
    "mainnet_income_call_socean": 1.01629,
    "mainnet_income_call_srm": 1.01304,
    "mainnet_income_call_mngo": 1.01322,
    "mainnet_income_call_ray": 1.00275,
    "mainnet_income_call_eth": 1.01502,
    "mainnet_income_put_sol": 1.00281,
    "mainnet_income_put_btc": 1.00329
  },
  "depositTokenByGlobalId": {
    "mainnet_income_call_sol": 167916.52901187,
    "mainnet_income_call_marinade": 161693.282788483,
    "mainnet_income_call_btc": 425.583716,
    "mainnet_income_call_sbr": 19999999.492037,
    "mainnet_income_call_ftt": 68403.757568,
    "mainnet_income_call_luna": 77916.253128,
    "mainnet_income_put_luna": 74815.311378,
    "mainnet_income_put_mngo": 392439.07,
    "mainnet_income_call_socean": 10999.997467117,
    "mainnet_income_call_srm": 4201281.392915,
    "mainnet_income_call_mngo": 8978202.523868,
    "mainnet_income_call_ray": 18255.760532,
    "mainnet_income_call_eth": 1740.460425,
    "mainnet_income_put_sol": 11436734.69,
    "mainnet_income_put_btc": 1124484.14
  },
  "usdValueByGlobalId": {
    "mainnet_income_call_sol": 24042288.62,
    "mainnet_income_call_marinade": 23780231.1,
    "mainnet_income_call_btc": 18177531.68,
    "mainnet_income_call_sbr": 2680479.93,
    "mainnet_income_call_ftt": 3103478.48,
    "mainnet_income_call_luna": 6505227.97,
    "mainnet_income_put_luna": 74815.31,
    "mainnet_income_put_mngo": 392439.07,
    "mainnet_income_call_socean": 1612709.63,
    "mainnet_income_call_srm": 12897933.88,
    "mainnet_income_call_mngo": 1786518.65,
    "mainnet_income_call_ray": 96025.3,
    "mainnet_income_call_eth": 5685527.26,
    "mainnet_income_put_sol": 11436734.69,
    "mainnet_income_put_btc": 1124484.14
  },
  "globalIdToDepositTokenCoingeckoId": {
    "mainnet_income_call_sol": "solana",
    "mainnet_income_call_marinade": "msol",
    "mainnet_income_call_btc": "bitcoin",
    "mainnet_income_call_sbr": "saber",
    "mainnet_income_call_ftt": "ftx-token",
    "mainnet_income_call_luna": "terra-luna",
    "mainnet_income_put_luna": "terrausd",
    "mainnet_income_put_mngo": "usd-coin",
    "mainnet_income_call_socean": "socean-staked-sol",
    "mainnet_income_call_srm": "serum",
    "mainnet_income_call_mngo": "mango-markets",
    "mainnet_income_call_ray": "raydium",
    "mainnet_income_call_eth": "ethereum",
    "mainnet_income_put_sol": "usd-coin",
    "mainnet_income_put_btc": "usd-coin"
  }
}