{
  "totalTvlUSD": 117754258.05,
  "coinsByCoingeckoId": {
    "solana": 181092.72277887,
    "msol": 166814.094381172,
    "bitcoin": 433.59918,
    "saber": 19999999.760273,
    "ftx-token": 75335.652784,
    "terra-luna": 87597.561939,
    "terrausd": 192117.274173,
    "usd-coin": 14280165.086106999,
    "socean-staked-sol": 11000,
    "serum": 4217109.714286,
    "mango-markets": 9180273.343669,
    "raydium": 20944.198635,
    "ethereum": 1823.724283
  },
  "pricesByCoingeckoId": {
    "BTC": 42969,
    "SOL": 140.36,
    "ETH": 3222.33,
    "mSOL": 144.21,
    "FTT": 48.91,
    "SRM": 2.97,
    "USDC": 1,
    "MNGO": 0.208334,
    "scnSOL": 143.71,
    "SBR": 0.110913,
    "LUNA": 83,
    "UST": 1,
    "RAY": 5.15
  },
  "sharePricesByGlobalId": {
    "mainnet_income_call_sol": 1.05342,
    "mainnet_income_call_marinade": 1.03017,
    "mainnet_income_call_btc": 1.06976,
    "mainnet_income_call_sbr": 1.04667,
    "mainnet_income_call_ftt": 1.02068,
    "mainnet_income_call_luna": 1.02692,
    "mainnet_income_put_luna": 1,
    "mainnet_income_put_mngo": 1.00201,
    "mainnet_income_call_socean": 1.01629,
    "mainnet_income_call_srm": 1.01304,
    "mainnet_income_call_mngo": 1.01322,
    "mainnet_income_call_ray": 1.00275,
    "mainnet_income_call_eth": 1.01667,
    "mainnet_income_put_sol": 1.00281,
    "mainnet_income_put_btc": 1.00329
  },
  "depositTokenByGlobalId": {
    "mainnet_income_call_sol": 181092.72277887,
    "mainnet_income_call_marinade": 166814.094381172,
    "mainnet_income_call_btc": 433.59918,
    "mainnet_income_call_sbr": 19999999.760273,
    "mainnet_income_call_ftt": 75335.652784,
    "mainnet_income_call_luna": 87597.561939,
    "mainnet_income_put_luna": 192117.274173,
    "mainnet_income_put_mngo": 410509.79,
    "mainnet_income_call_socean": 11000,
    "mainnet_income_call_srm": 4217109.714286,
    "mainnet_income_call_mngo": 9180273.343669,
    "mainnet_income_call_ray": 20944.198635,
    "mainnet_income_call_eth": 1823.724283,
    "mainnet_income_put_sol": 12743791.25,
    "mainnet_income_put_btc": 1125864.04
  },
  "usdValueByGlobalId": {
    "mainnet_income_call_sol": 25418174.57,
    "mainnet_income_call_marinade": 24056260.55,
    "mainnet_income_call_btc": 18631323.17,
    "mainnet_income_call_sbr": 2218259.97,
    "mainnet_income_call_ftt": 3684666.78,
    "mainnet_income_call_luna": 7270597.64,
    "mainnet_income_put_luna": 192117.27,
    "mainnet_income_put_mngo": 410509.79,
    "mainnet_income_call_socean": 1580810,
    "mainnet_income_call_srm": 12524815.85,
    "mainnet_income_call_mngo": 1912563.07,
    "mainnet_income_call_ray": 107862.62,
    "mainnet_income_call_eth": 5876641.47,
    "mainnet_income_put_sol": 12743791.25,
    "mainnet_income_put_btc": 1125864.04
  },
  "globalIdToDepositTokenCoingeckoId": {
    "mainnet_income_call_sol": "solana",
    "mainnet_income_call_marinade": "msol",
    "mainnet_income_call_btc": "bitcoin",
    "mainnet_income_call_sbr": "saber",
    "mainnet_income_call_ftt": "ftx-token",
    "mainnet_income_call_luna": "terra-luna",
    "mainnet_income_put_luna": "terrausd",
    "mainnet_income_put_mngo": "usd-coin",
    "mainnet_income_call_socean": "socean-staked-sol",
    "mainnet_income_call_srm": "serum",
    "mainnet_income_call_mngo": "mango-markets",
    "mainnet_income_call_ray": "raydium",
    "mainnet_income_call_eth": "ethereum",
    "mainnet_income_put_sol": "usd-coin",
    "mainnet_income_put_btc": "usd-coin"
  }
}