{
  "totalTvlUSD": 110233826.31,
  "coinsByCoingeckoId": {
    "solana": 173863.25647887,
    "msol": 163140.886731825,
    "bitcoin": 428.536762,
    "saber": 19999999.49855,
    "ftx-token": 73586.52134,
    "terra-luna": 84839.814406,
    "terrausd": 145506.528858,
    "usd-coin": 13103781.776184998,
    "socean-staked-sol": 10999.997467117,
    "serum": 4206533.50914,
    "mango-markets": 9018168.55664,
    "raydium": 20085.630046,
    "ethereum": 1762.609017
  },
  "pricesByCoingeckoId": {
    "BTC": 41446,
    "SOL": 135.28,
    "ETH": 3116.16,
    "mSOL": 139.39,
    "FTT": 43.26,
    "SRM": 2.91,
    "USDC": 1,
    "MNGO": 0.198446,
    "scnSOL": 138.88,
    "SBR": 0.111571,
    "LUNA": 75.4,
    "UST": 0.998396,
    "RAY": 5.01
  },
  "sharePricesByGlobalId": {
    "mainnet_income_call_sol": 1.05342,
    "mainnet_income_call_marinade": 1.03017,
    "mainnet_income_call_btc": 1.06976,
    "mainnet_income_call_sbr": 1.04667,
    "mainnet_income_call_ftt": 1.02068,
    "mainnet_income_call_luna": 1.02692,
    "mainnet_income_put_luna": 1,
    "mainnet_income_put_mngo": 1.00201,
    "mainnet_income_call_socean": 1.01629,
    "mainnet_income_call_srm": 1.01304,
    "mainnet_income_call_mngo": 1.01322,
    "mainnet_income_call_ray": 1.00275,
    "mainnet_income_call_eth": 1.01667,
    "mainnet_income_put_sol": 1.00281,
    "mainnet_income_put_btc": 1.00329
  },
  "depositTokenByGlobalId": {
    "mainnet_income_call_sol": 173863.25647887,
    "mainnet_income_call_marinade": 163140.886731825,
    "mainnet_income_call_btc": 428.536762,
    "mainnet_income_call_sbr": 19999999.49855,
    "mainnet_income_call_ftt": 73586.52134,
    "mainnet_income_call_luna": 84839.814406,
    "mainnet_income_put_luna": 145506.528858,
    "mainnet_income_put_mngo": 397677.27,
    "mainnet_income_call_socean": 10999.997467117,
    "mainnet_income_call_srm": 4206533.50914,
    "mainnet_income_call_mngo": 9018168.55664,
    "mainnet_income_call_ray": 20085.630046,
    "mainnet_income_call_eth": 1762.609017,
    "mainnet_income_put_sol": 11580300.47,
    "mainnet_income_put_btc": 1125804.04
  },
  "usdValueByGlobalId": {
    "mainnet_income_call_sol": 23520221.34,
    "mainnet_income_call_marinade": 22740208.2,
    "mainnet_income_call_btc": 17761134.64,
    "mainnet_income_call_sbr": 2231419.94,
    "mainnet_income_call_ftt": 3183352.91,
    "mainnet_income_call_luna": 6396922.01,
    "mainnet_income_put_luna": 145273.14,
    "mainnet_income_put_mngo": 397677.27,
    "mainnet_income_call_socean": 1527679.65,
    "mainnet_income_call_srm": 12241012.51,
    "mainnet_income_call_mngo": 1789619.48,
    "mainnet_income_call_ray": 100629.01,
    "mainnet_income_call_eth": 5492571.71,
    "mainnet_income_put_sol": 11580300.47,
    "mainnet_income_put_btc": 1125804.04
  },
  "globalIdToDepositTokenCoingeckoId": {
    "mainnet_income_call_sol": "solana",
    "mainnet_income_call_marinade": "msol",
    "mainnet_income_call_btc": "bitcoin",
    "mainnet_income_call_sbr": "saber",
    "mainnet_income_call_ftt": "ftx-token",
    "mainnet_income_call_luna": "terra-luna",
    "mainnet_income_put_luna": "terrausd",
    "mainnet_income_put_mngo": "usd-coin",
    "mainnet_income_call_socean": "socean-staked-sol",
    "mainnet_income_call_srm": "serum",
    "mainnet_income_call_mngo": "mango-markets",
    "mainnet_income_call_ray": "raydium",
    "mainnet_income_call_eth": "ethereum",
    "mainnet_income_put_sol": "usd-coin",
    "mainnet_income_put_btc": "usd-coin"
  }
}