{
  "totalTvlUSD": 87190467.48,
  "coinsByCoingeckoId": {
    "solana": 188903.817758812,
    "msol": 162427.263841412,
    "bitcoin": 433.594951,
    "saber": 19995307.503603,
    "ftx-token": 66538.916909,
    "terra-luna": 83173.803964,
    "terrausd": 207897.657499,
    "usd-coin": 14274628.451191,
    "socean-staked-sol": 10999.999764954,
    "serum": 4235491.022661,
    "mango-markets": 7840231.792677,
    "raydium": 21619.006805,
    "ethereum": 1772.494931
  },
  "pricesByCoingeckoId": {
    "BTC": 36463,
    "SOL": 90.81,
    "ETH": 2430.17,
    "mSOL": 93.57,
    "FTT": 35.35,
    "SRM": 2.1,
    "USDC": 1,
    "MNGO": 0.150279,
    "scnSOL": 92.8,
    "SBR": 0.064863,
    "LUNA": 65.19,
    "UST": 0.999027,
    "RAY": 3.38
  },
  "sharePricesByGlobalId": {
    "mainnet_income_call_sol": 1.05252,
    "mainnet_income_call_marinade": 1.03727,
    "mainnet_income_call_btc": 1.0696,
    "mainnet_income_call_sbr": 1.05044,
    "mainnet_income_call_ftt": 1.02696,
    "mainnet_income_call_luna": 1.0374,
    "mainnet_income_put_luna": 1,
    "mainnet_income_put_mngo": 1.00322,
    "mainnet_income_call_socean": 1.02395,
    "mainnet_income_call_srm": 1.02041,
    "mainnet_income_call_mngo": 1.01533,
    "mainnet_income_call_ray": 1.01764,
    "mainnet_income_call_eth": 1.0165,
    "mainnet_income_put_sol": 1.01183,
    "mainnet_income_put_btc": 1.00606
  },
  "depositTokenByGlobalId": {
    "mainnet_income_call_sol": 188903.817758812,
    "mainnet_income_call_marinade": 162427.263841412,
    "mainnet_income_call_btc": 433.594951,
    "mainnet_income_call_sbr": 19995307.503603,
    "mainnet_income_call_ftt": 66538.916909,
    "mainnet_income_call_luna": 83173.803964,
    "mainnet_income_put_luna": 207897.657499,
    "mainnet_income_put_mngo": 248683.41,
    "mainnet_income_call_socean": 10999.999764954,
    "mainnet_income_call_srm": 4235491.022661,
    "mainnet_income_call_mngo": 7840231.792677,
    "mainnet_income_call_ray": 21619.006805,
    "mainnet_income_call_eth": 1772.494931,
    "mainnet_income_put_sol": 12887734.21,
    "mainnet_income_put_btc": 1138210.83
  },
  "usdValueByGlobalId": {
    "mainnet_income_call_sol": 17154355.69,
    "mainnet_income_call_marinade": 15198319.08,
    "mainnet_income_call_btc": 15810172.7,
    "mainnet_income_call_sbr": 1296955.63,
    "mainnet_income_call_ftt": 2352150.71,
    "mainnet_income_call_luna": 5422100.28,
    "mainnet_income_put_luna": 207695.37,
    "mainnet_income_put_mngo": 248683.41,
    "mainnet_income_call_socean": 1020799.98,
    "mainnet_income_call_srm": 8894531.15,
    "mainnet_income_call_mngo": 1178222.19,
    "mainnet_income_call_ray": 73072.24,
    "mainnet_income_call_eth": 4307464.01,
    "mainnet_income_put_sol": 12887734.21,
    "mainnet_income_put_btc": 1138210.83
  },
  "globalIdToDepositTokenCoingeckoId": {
    "mainnet_income_call_sol": "solana",
    "mainnet_income_call_marinade": "msol",
    "mainnet_income_call_btc": "bitcoin",
    "mainnet_income_call_sbr": "saber",
    "mainnet_income_call_ftt": "ftx-token",
    "mainnet_income_call_luna": "terra-luna",
    "mainnet_income_put_luna": "terrausd",
    "mainnet_income_put_mngo": "usd-coin",
    "mainnet_income_call_socean": "socean-staked-sol",
    "mainnet_income_call_srm": "serum",
    "mainnet_income_call_mngo": "mango-markets",
    "mainnet_income_call_ray": "raydium",
    "mainnet_income_call_eth": "ethereum",
    "mainnet_income_put_sol": "usd-coin",
    "mainnet_income_put_btc": "usd-coin"
  }
}