{
  "totalTvlUSD": 91515398.66,
  "coinsByCoingeckoId": {
    "solana": 125421.674350644,
    "msol": 136087.775228187,
    "bitcoin": 354.280677,
    "saber": 11000000,
    "ftx-token": 72255.801874,
    "usd-coin": 12774382.460579002,
    "terra-luna": 39999.999397,
    "socean-staked-sol": 5499.990099232,
    "serum": 3965797.053838,
    "mango-markets": 5999999.159277,
    "raydium": 18918.099566,
    "ethereum": 1407.979711
  },
  "pricesByCoingeckoId": {
    "BTC": 41929,
    "SOL": 145.23,
    "ETH": 3200.56,
    "mSOL": 148.8,
    "FTT": 35.97,
    "SRM": 3.12,
    "USDC": 1,
    "MNGO": 0.19248,
    "scnSOL": 147.9,
    "SBR": 0.097965,
    "LUNA": 69.86,
    "RAY": 5.42
  },
  "sharePricesByGlobalId": {
    "mainnet_income_call_sol": 1.03708,
    "mainnet_income_call_marinade": 1.02581,
    "mainnet_income_call_btc": 1.0644,
    "mainnet_income_call_sbr": 1,
    "mainnet_income_call_ftt": 1.01481,
    "mainnet_income_put_mngo": 1,
    "mainnet_income_call_luna": 1.01873,
    "mainnet_income_call_socean": 1.01266,
    "mainnet_income_call_srm": 1.00834,
    "mainnet_income_call_mngo": 1.01232,
    "mainnet_income_call_ray": 1,
    "mainnet_income_call_eth": 1.01181,
    "mainnet_income_put_sol": 1,
    "mainnet_income_put_btc": 1
  },
  "depositTokenByGlobalId": {
    "mainnet_income_call_sol": 125421.674350644,
    "mainnet_income_call_marinade": 136087.775228187,
    "mainnet_income_call_btc": 354.280677,
    "mainnet_income_call_sbr": 11000000,
    "mainnet_income_call_ftt": 72255.801874,
    "mainnet_income_put_mngo": 423315.84,
    "mainnet_income_call_luna": 39999.999397,
    "mainnet_income_call_socean": 5499.990099232,
    "mainnet_income_call_srm": 3965797.053838,
    "mainnet_income_call_mngo": 5999999.159277,
    "mainnet_income_call_ray": 18918.099566,
    "mainnet_income_call_eth": 1407.979711,
    "mainnet_income_put_sol": 9999999.97,
    "mainnet_income_put_btc": 2351066.65
  },
  "usdValueByGlobalId": {
    "mainnet_income_call_sol": 18214989.77,
    "mainnet_income_call_marinade": 20249860.95,
    "mainnet_income_call_btc": 14854634.51,
    "mainnet_income_call_sbr": 1077615,
    "mainnet_income_call_ftt": 2599041.19,
    "mainnet_income_put_mngo": 423315.84,
    "mainnet_income_call_luna": 2794399.96,
    "mainnet_income_call_socean": 813448.54,
    "mainnet_income_call_srm": 12373286.81,
    "mainnet_income_call_mngo": 1154879.84,
    "mainnet_income_call_ray": 102536.1,
    "mainnet_income_call_eth": 4506323.54,
    "mainnet_income_put_sol": 9999999.97,
    "mainnet_income_put_btc": 2351066.65
  }
}