{
  "totalTvlUSD": 94654790.88,
  "coinsByCoingeckoId": {
    "solana": 194344.663008812,
    "msol": 164380.083149531,
    "bitcoin": 443.236214,
    "saber": 19999998.066329,
    "ftx-token": 67457.420685,
    "terra-luna": 88190.617653,
    "terrausd": 215068.379823,
    "usd-coin": 14847159.899566,
    "socean-staked-sol": 11000,
    "serum": 4240641.347577,
    "mango-markets": 7874157.36687,
    "raydium": 23764.560698,
    "ethereum": 1768.191515
  },
  "pricesByCoingeckoId": {
    "BTC": 37955,
    "SOL": 100.04,
    "ETH": 2621.55,
    "mSOL": 103.35,
    "FTT": 37.31,
    "SRM": 2.22,
    "USDC": 1,
    "MNGO": 0.155033,
    "scnSOL": 103,
    "SBR": 0.06817,
    "LUNA": 63.87,
    "UST": 0.997336,
    "RAY": 3.79
  },
  "sharePricesByGlobalId": {
    "mainnet_income_call_sol": 1.05252,
    "mainnet_income_call_marinade": 1.03727,
    "mainnet_income_call_btc": 1.0696,
    "mainnet_income_call_sbr": 1.05044,
    "mainnet_income_call_ftt": 1.02696,
    "mainnet_income_call_luna": 1.0374,
    "mainnet_income_put_luna": 1,
    "mainnet_income_put_mngo": 1.00322,
    "mainnet_income_call_socean": 1.02395,
    "mainnet_income_call_srm": 1.02041,
    "mainnet_income_call_mngo": 1.01533,
    "mainnet_income_call_ray": 1.01764,
    "mainnet_income_call_eth": 1.0165,
    "mainnet_income_put_sol": 1.01183,
    "mainnet_income_put_btc": 1.00606
  },
  "depositTokenByGlobalId": {
    "mainnet_income_call_sol": 194344.663008812,
    "mainnet_income_call_marinade": 164380.083149531,
    "mainnet_income_call_btc": 443.236214,
    "mainnet_income_call_sbr": 19999998.066329,
    "mainnet_income_call_ftt": 67457.420685,
    "mainnet_income_call_luna": 88190.617653,
    "mainnet_income_put_luna": 215068.379823,
    "mainnet_income_put_mngo": 249437.27,
    "mainnet_income_call_socean": 11000,
    "mainnet_income_call_srm": 4240641.347577,
    "mainnet_income_call_mngo": 7874157.36687,
    "mainnet_income_call_ray": 23764.560698,
    "mainnet_income_call_eth": 1768.191515,
    "mainnet_income_put_sol": 13458999.1,
    "mainnet_income_put_btc": 1138723.52
  },
  "usdValueByGlobalId": {
    "mainnet_income_call_sol": 19527751.74,
    "mainnet_income_call_marinade": 17014982.41,
    "mainnet_income_call_btc": 16891732.12,
    "mainnet_income_call_sbr": 1365619.87,
    "mainnet_income_call_ftt": 2558659.97,
    "mainnet_income_call_luna": 5668892.9,
    "mainnet_income_put_luna": 214865.79,
    "mainnet_income_put_mngo": 249437.27,
    "mainnet_income_call_socean": 1135530,
    "mainnet_income_call_srm": 9456630.21,
    "mainnet_income_call_mngo": 1225148.02,
    "mainnet_income_call_ray": 90542.98,
    "mainnet_income_call_eth": 4657275,
    "mainnet_income_put_sol": 13458999.1,
    "mainnet_income_put_btc": 1138723.52
  },
  "globalIdToDepositTokenCoingeckoId": {
    "mainnet_income_call_sol": "solana",
    "mainnet_income_call_marinade": "msol",
    "mainnet_income_call_btc": "bitcoin",
    "mainnet_income_call_sbr": "saber",
    "mainnet_income_call_ftt": "ftx-token",
    "mainnet_income_call_luna": "terra-luna",
    "mainnet_income_put_luna": "terrausd",
    "mainnet_income_put_mngo": "usd-coin",
    "mainnet_income_call_socean": "socean-staked-sol",
    "mainnet_income_call_srm": "serum",
    "mainnet_income_call_mngo": "mango-markets",
    "mainnet_income_call_ray": "raydium",
    "mainnet_income_call_eth": "ethereum",
    "mainnet_income_put_sol": "usd-coin",
    "mainnet_income_put_btc": "usd-coin"
  }
}