{
  "totalTvlUSD": 109369398.24,
  "coinsByCoingeckoId": {
    "solana": 142632.70421187,
    "msol": 159629.219480056,
    "bitcoin": 417.029802,
    "saber": 19999999.492037,
    "ftx-token": 67882.005959,
    "usd-coin": 12224666.612289,
    "terra-luna": 69455.780295,
    "socean-staked-sol": 10999.987641614,
    "serum": 4064901.055918,
    "mango-markets": 8821218.501942,
    "raydium": 17442.102345,
    "ethereum": 1697.802106
  },
  "pricesByCoingeckoId": {
    "BTC": 43395,
    "SOL": 148.61,
    "ETH": 3341.56,
    "mSOL": 152.53,
    "FTT": 46.16,
    "SRM": 3.27,
    "USDC": 1,
    "MNGO": 0.195777,
    "scnSOL": 151.83,
    "SBR": 0.091498,
    "LUNA": 87.55,
    "RAY": 5.5
  },
  "sharePricesByGlobalId": {
    "mainnet_income_call_sol": 1.04444,
    "mainnet_income_call_marinade": 1.03017,
    "mainnet_income_call_btc": 1.06814,
    "mainnet_income_call_sbr": 1.04667,
    "mainnet_income_call_ftt": 1.02068,
    "mainnet_income_put_mngo": 1.00201,
    "mainnet_income_call_luna": 1.02692,
    "mainnet_income_call_socean": 1.01629,
    "mainnet_income_call_srm": 1.01304,
    "mainnet_income_call_mngo": 1.01322,
    "mainnet_income_call_ray": 1.00275,
    "mainnet_income_call_eth": 1.01502,
    "mainnet_income_put_sol": 1.00281,
    "mainnet_income_put_btc": 1.00329
  },
  "depositTokenByGlobalId": {
    "mainnet_income_call_sol": 142632.70421187,
    "mainnet_income_call_marinade": 159629.219480056,
    "mainnet_income_call_btc": 417.029802,
    "mainnet_income_call_sbr": 19999999.492037,
    "mainnet_income_call_ftt": 67882.005959,
    "mainnet_income_put_mngo": 392112.07,
    "mainnet_income_call_luna": 69455.780295,
    "mainnet_income_call_socean": 10999.987641614,
    "mainnet_income_call_srm": 4064901.055918,
    "mainnet_income_call_mngo": 8821218.501942,
    "mainnet_income_call_ray": 17442.102345,
    "mainnet_income_call_eth": 1697.802106,
    "mainnet_income_put_sol": 10708070.41,
    "mainnet_income_put_btc": 1124484.14
  },
  "usdValueByGlobalId": {
    "mainnet_income_call_sol": 21196646.17,
    "mainnet_income_call_marinade": 24348244.85,
    "mainnet_income_call_btc": 18097008.26,
    "mainnet_income_call_sbr": 1829959.95,
    "mainnet_income_call_ftt": 3133433.4,
    "mainnet_income_put_mngo": 392112.07,
    "mainnet_income_call_luna": 6080853.56,
    "mainnet_income_call_socean": 1670128.12,
    "mainnet_income_call_srm": 13292226.45,
    "mainnet_income_call_mngo": 1726991.69,
    "mainnet_income_call_ray": 95931.56,
    "mainnet_income_call_eth": 5673307.61,
    "mainnet_income_put_sol": 10708070.41,
    "mainnet_income_put_btc": 1124484.14
  },
  "globalIdToDepositTokenCoingeckoId": {
    "mainnet_income_call_sol": "solana",
    "mainnet_income_call_marinade": "msol",
    "mainnet_income_call_btc": "bitcoin",
    "mainnet_income_call_sbr": "saber",
    "mainnet_income_call_ftt": "ftx-token",
    "mainnet_income_put_mngo": "usd-coin",
    "mainnet_income_call_luna": "terra-luna",
    "mainnet_income_call_socean": "socean-staked-sol",
    "mainnet_income_call_srm": "serum",
    "mainnet_income_call_mngo": "mango-markets",
    "mainnet_income_call_ray": "raydium",
    "mainnet_income_call_eth": "ethereum",
    "mainnet_income_put_sol": "usd-coin",
    "mainnet_income_put_btc": "usd-coin"
  }
}