{
  "totalTvlUSD": 87259455.84,
  "coinsByCoingeckoId": {
    "solana": 183919.867158812,
    "msol": 159807.545656065,
    "bitcoin": 429.885554,
    "saber": 18618395.624704,
    "ftx-token": 65603.463145,
    "terra-luna": 77942.962256,
    "terrausd": 207614.934803,
    "usd-coin": 13998550.623904,
    "socean-staked-sol": 10999.999764954,
    "serum": 4227025.55882,
    "mango-markets": 7786170.833833,
    "raydium": 20949.158176,
    "ethereum": 1754.991316
  },
  "pricesByCoingeckoId": {
    "BTC": 35320,
    "SOL": 95.73,
    "ETH": 2437.41,
    "mSOL": 98.52,
    "FTT": 33.71,
    "SRM": 2.21,
    "USDC": 1,
    "MNGO": 0.160004,
    "scnSOL": 98.02,
    "SBR": 0.066673,
    "LUNA": 64.72,
    "UST": 1,
    "RAY": 3.73
  },
  "sharePricesByGlobalId": {
    "mainnet_income_call_sol": 1.05252,
    "mainnet_income_call_marinade": 1.03727,
    "mainnet_income_call_btc": 1.0696,
    "mainnet_income_call_sbr": 1.05044,
    "mainnet_income_call_ftt": 1.02696,
    "mainnet_income_call_luna": 1.0374,
    "mainnet_income_put_luna": 1,
    "mainnet_income_put_mngo": 1.00322,
    "mainnet_income_call_socean": 1.02395,
    "mainnet_income_call_srm": 1.02041,
    "mainnet_income_call_mngo": 1.01533,
    "mainnet_income_call_ray": 1.01764,
    "mainnet_income_call_eth": 1.0165,
    "mainnet_income_put_sol": 1.01183,
    "mainnet_income_put_btc": 1.00606
  },
  "depositTokenByGlobalId": {
    "mainnet_income_call_sol": 183919.867158812,
    "mainnet_income_call_marinade": 159807.545656065,
    "mainnet_income_call_btc": 429.885554,
    "mainnet_income_call_sbr": 18618395.624704,
    "mainnet_income_call_ftt": 65603.463145,
    "mainnet_income_call_luna": 77942.962256,
    "mainnet_income_put_luna": 207614.934803,
    "mainnet_income_put_mngo": 248683.41,
    "mainnet_income_call_socean": 10999.999764954,
    "mainnet_income_call_srm": 4227025.55882,
    "mainnet_income_call_mngo": 7786170.833833,
    "mainnet_income_call_ray": 20949.158176,
    "mainnet_income_call_eth": 1754.991316,
    "mainnet_income_put_sol": 12611676.37,
    "mainnet_income_put_btc": 1138190.84
  },
  "usdValueByGlobalId": {
    "mainnet_income_call_sol": 17606648.88,
    "mainnet_income_call_marinade": 15744239.4,
    "mainnet_income_call_btc": 15183557.77,
    "mainnet_income_call_sbr": 1241344.29,
    "mainnet_income_call_ftt": 2211492.74,
    "mainnet_income_call_luna": 5044468.52,
    "mainnet_income_put_luna": 207614.93,
    "mainnet_income_put_mngo": 248683.41,
    "mainnet_income_call_socean": 1078219.98,
    "mainnet_income_call_srm": 9341726.48,
    "mainnet_income_call_mngo": 1245818.48,
    "mainnet_income_call_ray": 78140.36,
    "mainnet_income_call_eth": 4277633.38,
    "mainnet_income_put_sol": 12611676.37,
    "mainnet_income_put_btc": 1138190.84
  },
  "globalIdToDepositTokenCoingeckoId": {
    "mainnet_income_call_sol": "solana",
    "mainnet_income_call_marinade": "msol",
    "mainnet_income_call_btc": "bitcoin",
    "mainnet_income_call_sbr": "saber",
    "mainnet_income_call_ftt": "ftx-token",
    "mainnet_income_call_luna": "terra-luna",
    "mainnet_income_put_luna": "terrausd",
    "mainnet_income_put_mngo": "usd-coin",
    "mainnet_income_call_socean": "socean-staked-sol",
    "mainnet_income_call_srm": "serum",
    "mainnet_income_call_mngo": "mango-markets",
    "mainnet_income_call_ray": "raydium",
    "mainnet_income_call_eth": "ethereum",
    "mainnet_income_put_sol": "usd-coin",
    "mainnet_income_put_btc": "usd-coin"
  }
}