{
  "totalTvlUSD": 43721966.31,
  "coinsByCoingeckoId": {
    "solana": 73805.696483664,
    "msol": 84055.049636147,
    "bitcoin": 188.286653,
    "ethereum": 154.18371,
    "ftx-token": 23817.577978,
    "serum": 210971.386184,
    "mango-markets": 964308.398396
  },
  "pricesByCoingeckoId": {
    "BTC": 50720,
    "SOL": 197.02,
    "ETH": 4052.42,
    "mSOL": 200.89,
    "FTT": 42.37,
    "SRM": 4.04,
    "USDC": 1,
    "MNGO": 0.268335
  },
  "sharePricesByGlobalId": {
    "mainnet_income_call_sol": 1.02193,
    "mainnet_income_call_marinade": 1.01091,
    "mainnet_income_call_btc": 1.05125,
    "mainnet_income_call_eth": 1.006,
    "mainnet_income_call_ftt": 1,
    "mainnet_income_call_srm": 1,
    "mainnet_income_call_mngo": 1
  }
}