{
  "totalTvlUSD": 88694477.03,
  "coinsByCoingeckoId": {
    "solana": 124800.805925644,
    "msol": 135671.680106468,
    "bitcoin": 353.768278,
    "saber": 11000000,
    "ftx-token": 71348.902835,
    "usd-coin": 12774039.779015,
    "terra-luna": 39999.989397,
    "socean-staked-sol": 5499.723505502,
    "serum": 3964295.756605,
    "mango-markets": 5999999.148087,
    "raydium": 18918.099566,
    "ethereum": 1406.518868
  },
  "pricesByCoingeckoId": {
    "BTC": 41484,
    "SOL": 136.71,
    "ETH": 3196.76,
    "mSOL": 140.38,
    "FTT": 35.56,
    "SRM": 3.12,
    "USDC": 1,
    "MNGO": 0.191582,
    "scnSOL": 139.49,
    "SBR": 0.087643,
    "LUNA": 68.84,
    "RAY": 5.35
  },
  "sharePricesByGlobalId": {
    "mainnet_income_call_sol": 1.03708,
    "mainnet_income_call_marinade": 1.02581,
    "mainnet_income_call_btc": 1.0644,
    "mainnet_income_call_sbr": 1,
    "mainnet_income_call_ftt": 1.01481,
    "mainnet_income_put_mngo": 1,
    "mainnet_income_call_luna": 1.01873,
    "mainnet_income_call_socean": 1.01266,
    "mainnet_income_call_srm": 1.00834,
    "mainnet_income_call_mngo": 1.01232,
    "mainnet_income_call_ray": 1,
    "mainnet_income_call_eth": 1.01181,
    "mainnet_income_put_sol": 1,
    "mainnet_income_put_btc": 1
  },
  "depositTokenByGlobalId": {
    "mainnet_income_call_sol": 124800.805925644,
    "mainnet_income_call_marinade": 135671.680106468,
    "mainnet_income_call_btc": 353.768278,
    "mainnet_income_call_sbr": 11000000,
    "mainnet_income_call_ftt": 71348.902835,
    "mainnet_income_put_mngo": 423015.84,
    "mainnet_income_call_luna": 39999.989397,
    "mainnet_income_call_socean": 5499.723505502,
    "mainnet_income_call_srm": 3964295.756605,
    "mainnet_income_call_mngo": 5999999.148087,
    "mainnet_income_call_ray": 18918.099566,
    "mainnet_income_call_eth": 1406.518868,
    "mainnet_income_put_sol": 9999999.86,
    "mainnet_income_put_btc": 2351024.08
  },
  "usdValueByGlobalId": {
    "mainnet_income_call_sol": 17061518.18,
    "mainnet_income_call_marinade": 19045590.45,
    "mainnet_income_call_btc": 14675723.24,
    "mainnet_income_call_sbr": 964073,
    "mainnet_income_call_ftt": 2537166.98,
    "mainnet_income_put_mngo": 423015.84,
    "mainnet_income_call_luna": 2753599.27,
    "mainnet_income_call_socean": 767156.43,
    "mainnet_income_call_srm": 12368602.76,
    "mainnet_income_call_mngo": 1149491.84,
    "mainnet_income_call_ray": 101211.83,
    "mainnet_income_call_eth": 4496303.26,
    "mainnet_income_put_sol": 9999999.86,
    "mainnet_income_put_btc": 2351024.08
  }
}