{
  "totalTvlUSD": 112305948.99,
  "coinsByCoingeckoId": {
    "solana": 175993.26837887,
    "msol": 164525.955544564,
    "bitcoin": 429.389139,
    "saber": 19999999.760273,
    "ftx-token": 75115.491089,
    "terra-luna": 86377.506328,
    "terrausd": 162364.946911,
    "usd-coin": 13322940.856687,
    "socean-staked-sol": 11000,
    "serum": 4210918.841098,
    "mango-markets": 9036849.268517,
    "raydium": 20609.053884,
    "ethereum": 1796.051596
  },
  "pricesByCoingeckoId": {
    "BTC": 41885,
    "SOL": 136.23,
    "ETH": 3101.11,
    "mSOL": 139.83,
    "FTT": 45.8,
    "SRM": 2.91,
    "USDC": 1,
    "MNGO": 0.201947,
    "scnSOL": 139.71,
    "SBR": 0.113987,
    "LUNA": 79.26,
    "UST": 1,
    "RAY": 4.99
  },
  "sharePricesByGlobalId": {
    "mainnet_income_call_sol": 1.05342,
    "mainnet_income_call_marinade": 1.03017,
    "mainnet_income_call_btc": 1.06976,
    "mainnet_income_call_sbr": 1.04667,
    "mainnet_income_call_ftt": 1.02068,
    "mainnet_income_call_luna": 1.02692,
    "mainnet_income_put_luna": 1,
    "mainnet_income_put_mngo": 1.00201,
    "mainnet_income_call_socean": 1.01629,
    "mainnet_income_call_srm": 1.01304,
    "mainnet_income_call_mngo": 1.01322,
    "mainnet_income_call_ray": 1.00275,
    "mainnet_income_call_eth": 1.01667,
    "mainnet_income_put_sol": 1.00281,
    "mainnet_income_put_btc": 1.00329
  },
  "depositTokenByGlobalId": {
    "mainnet_income_call_sol": 175993.26837887,
    "mainnet_income_call_marinade": 164525.955544564,
    "mainnet_income_call_btc": 429.389139,
    "mainnet_income_call_sbr": 19999999.760273,
    "mainnet_income_call_ftt": 75115.491089,
    "mainnet_income_call_luna": 86377.506328,
    "mainnet_income_put_luna": 162364.946911,
    "mainnet_income_put_mngo": 397710.67,
    "mainnet_income_call_socean": 11000,
    "mainnet_income_call_srm": 4210918.841098,
    "mainnet_income_call_mngo": 9036849.268517,
    "mainnet_income_call_ray": 20609.053884,
    "mainnet_income_call_eth": 1796.051596,
    "mainnet_income_put_sol": 11799416.15,
    "mainnet_income_put_btc": 1125814.04
  },
  "usdValueByGlobalId": {
    "mainnet_income_call_sol": 23975562.95,
    "mainnet_income_call_marinade": 23005664.36,
    "mainnet_income_call_btc": 17984964.09,
    "mainnet_income_call_sbr": 2279739.97,
    "mainnet_income_call_ftt": 3440289.49,
    "mainnet_income_call_luna": 6846281.15,
    "mainnet_income_put_luna": 162364.95,
    "mainnet_income_put_mngo": 397710.67,
    "mainnet_income_call_socean": 1536810,
    "mainnet_income_call_srm": 12253773.83,
    "mainnet_income_call_mngo": 1824964.6,
    "mainnet_income_call_ray": 102839.18,
    "mainnet_income_call_eth": 5569753.56,
    "mainnet_income_put_sol": 11799416.15,
    "mainnet_income_put_btc": 1125814.04
  },
  "globalIdToDepositTokenCoingeckoId": {
    "mainnet_income_call_sol": "solana",
    "mainnet_income_call_marinade": "msol",
    "mainnet_income_call_btc": "bitcoin",
    "mainnet_income_call_sbr": "saber",
    "mainnet_income_call_ftt": "ftx-token",
    "mainnet_income_call_luna": "terra-luna",
    "mainnet_income_put_luna": "terrausd",
    "mainnet_income_put_mngo": "usd-coin",
    "mainnet_income_call_socean": "socean-staked-sol",
    "mainnet_income_call_srm": "serum",
    "mainnet_income_call_mngo": "mango-markets",
    "mainnet_income_call_ray": "raydium",
    "mainnet_income_call_eth": "ethereum",
    "mainnet_income_put_sol": "usd-coin",
    "mainnet_income_put_btc": "usd-coin"
  }
}