{
  "totalTvlUSD": 106061268.74,
  "coinsByCoingeckoId": {
    "solana": 139022.35931187,
    "msol": 158499.357134875,
    "bitcoin": 410.52996,
    "saber": 18166510.57084,
    "ftx-token": 67162.225849,
    "usd-coin": 11973304.056211999,
    "terra-luna": 65240.396277,
    "socean-staked-sol": 10999.987641614,
    "serum": 4029871.180157,
    "mango-markets": 8705996.907382,
    "raydium": 16185.11108,
    "ethereum": 1687.6434
  },
  "pricesByCoingeckoId": {
    "BTC": 43111,
    "SOL": 147.48,
    "ETH": 3306.47,
    "mSOL": 151.47,
    "FTT": 44.26,
    "SRM": 3.16,
    "USDC": 1,
    "MNGO": 0.199856,
    "scnSOL": 149.89,
    "SBR": 0.093376,
    "LUNA": 82.11,
    "RAY": 5.37
  },
  "sharePricesByGlobalId": {
    "mainnet_income_call_sol": 1.04444,
    "mainnet_income_call_marinade": 1.03017,
    "mainnet_income_call_btc": 1.06814,
    "mainnet_income_call_sbr": 1.04667,
    "mainnet_income_call_ftt": 1.02068,
    "mainnet_income_put_mngo": 1.00201,
    "mainnet_income_call_luna": 1.02692,
    "mainnet_income_call_socean": 1.01629,
    "mainnet_income_call_srm": 1.01304,
    "mainnet_income_call_mngo": 1.01322,
    "mainnet_income_call_ray": 1.00275,
    "mainnet_income_call_eth": 1.01502,
    "mainnet_income_put_sol": 1.00281,
    "mainnet_income_put_btc": 1.00329
  },
  "depositTokenByGlobalId": {
    "mainnet_income_call_sol": 139022.35931187,
    "mainnet_income_call_marinade": 158499.357134875,
    "mainnet_income_call_btc": 410.52996,
    "mainnet_income_call_sbr": 18166510.57084,
    "mainnet_income_call_ftt": 67162.225849,
    "mainnet_income_put_mngo": 391820.22,
    "mainnet_income_call_luna": 65240.396277,
    "mainnet_income_call_socean": 10999.987641614,
    "mainnet_income_call_srm": 4029871.180157,
    "mainnet_income_call_mngo": 8705996.907382,
    "mainnet_income_call_ray": 16185.11108,
    "mainnet_income_call_eth": 1687.6434,
    "mainnet_income_put_sol": 10457291.5,
    "mainnet_income_put_btc": 1124192.33
  },
  "usdValueByGlobalId": {
    "mainnet_income_call_sol": 20525261.13,
    "mainnet_income_call_marinade": 24007897.63,
    "mainnet_income_call_btc": 17698357.11,
    "mainnet_income_call_sbr": 1696316.09,
    "mainnet_income_call_ftt": 2972600.12,
    "mainnet_income_put_mngo": 391820.22,
    "mainnet_income_call_luna": 5356888.94,
    "mainnet_income_call_socean": 1648788.15,
    "mainnet_income_call_srm": 12774691.64,
    "mainnet_income_call_mngo": 1739945.72,
    "mainnet_income_call_ray": 87075.9,
    "mainnet_income_call_eth": 5580142.27,
    "mainnet_income_put_sol": 10457291.5,
    "mainnet_income_put_btc": 1124192.33
  },
  "globalIdToDepositTokenCoingeckoId": {
    "mainnet_income_call_sol": "solana",
    "mainnet_income_call_marinade": "msol",
    "mainnet_income_call_btc": "bitcoin",
    "mainnet_income_call_sbr": "saber",
    "mainnet_income_call_ftt": "ftx-token",
    "mainnet_income_put_mngo": "usd-coin",
    "mainnet_income_call_luna": "terra-luna",
    "mainnet_income_call_socean": "socean-staked-sol",
    "mainnet_income_call_srm": "serum",
    "mainnet_income_call_mngo": "mango-markets",
    "mainnet_income_call_ray": "raydium",
    "mainnet_income_call_eth": "ethereum",
    "mainnet_income_put_sol": "usd-coin",
    "mainnet_income_put_btc": "usd-coin"
  }
}