{
  "totalTvlUSD": 106098956.74,
  "coinsByCoingeckoId": {
    "solana": 139984.78711187,
    "msol": 158698.364961468,
    "bitcoin": 416.547527,
    "saber": 19959027.332976,
    "ftx-token": 67225.332257,
    "usd-coin": 12000493.023302,
    "terra-luna": 65321.090509,
    "socean-staked-sol": 10999.987641614,
    "serum": 4029967.433144,
    "mango-markets": 8713377.314498,
    "raydium": 16259.175445,
    "ethereum": 1687.722789
  },
  "pricesByCoingeckoId": {
    "BTC": 43025,
    "SOL": 146.37,
    "ETH": 3305.08,
    "mSOL": 149.93,
    "FTT": 45.09,
    "SRM": 3.19,
    "USDC": 1,
    "MNGO": 0.198733,
    "scnSOL": 147.64,
    "SBR": 0.08479,
    "LUNA": 81.03,
    "RAY": 5.38
  },
  "sharePricesByGlobalId": {
    "mainnet_income_call_sol": 1.04444,
    "mainnet_income_call_marinade": 1.03017,
    "mainnet_income_call_btc": 1.06814,
    "mainnet_income_call_sbr": 1.04667,
    "mainnet_income_call_ftt": 1.02068,
    "mainnet_income_put_mngo": 1.00201,
    "mainnet_income_call_luna": 1.02692,
    "mainnet_income_call_socean": 1.01629,
    "mainnet_income_call_srm": 1.01304,
    "mainnet_income_call_mngo": 1.01322,
    "mainnet_income_call_ray": 1.00275,
    "mainnet_income_call_eth": 1.01502,
    "mainnet_income_put_sol": 1.00281,
    "mainnet_income_put_btc": 1.00329
  },
  "depositTokenByGlobalId": {
    "mainnet_income_call_sol": 139984.78711187,
    "mainnet_income_call_marinade": 158698.364961468,
    "mainnet_income_call_btc": 416.547527,
    "mainnet_income_call_sbr": 19959027.332976,
    "mainnet_income_call_ftt": 67225.332257,
    "mainnet_income_put_mngo": 392112.07,
    "mainnet_income_call_luna": 65321.090509,
    "mainnet_income_call_socean": 10999.987641614,
    "mainnet_income_call_srm": 4029967.433144,
    "mainnet_income_call_mngo": 8713377.314498,
    "mainnet_income_call_ray": 16259.175445,
    "mainnet_income_call_eth": 1687.722789,
    "mainnet_income_put_sol": 10483896.82,
    "mainnet_income_put_btc": 1124484.14
  },
  "usdValueByGlobalId": {
    "mainnet_income_call_sol": 20489573.29,
    "mainnet_income_call_marinade": 23793645.86,
    "mainnet_income_call_btc": 17921957.35,
    "mainnet_income_call_sbr": 1692325.93,
    "mainnet_income_call_ftt": 3031190.23,
    "mainnet_income_put_mngo": 392112.07,
    "mainnet_income_call_luna": 5292967.96,
    "mainnet_income_call_socean": 1624038.18,
    "mainnet_income_call_srm": 12855596.11,
    "mainnet_income_call_mngo": 1731635.61,
    "mainnet_income_call_ray": 87474.36,
    "mainnet_income_call_eth": 5578058.84,
    "mainnet_income_put_sol": 10483896.82,
    "mainnet_income_put_btc": 1124484.14
  },
  "globalIdToDepositTokenCoingeckoId": {
    "mainnet_income_call_sol": "solana",
    "mainnet_income_call_marinade": "msol",
    "mainnet_income_call_btc": "bitcoin",
    "mainnet_income_call_sbr": "saber",
    "mainnet_income_call_ftt": "ftx-token",
    "mainnet_income_put_mngo": "usd-coin",
    "mainnet_income_call_luna": "terra-luna",
    "mainnet_income_call_socean": "socean-staked-sol",
    "mainnet_income_call_srm": "serum",
    "mainnet_income_call_mngo": "mango-markets",
    "mainnet_income_call_ray": "raydium",
    "mainnet_income_call_eth": "ethereum",
    "mainnet_income_put_sol": "usd-coin",
    "mainnet_income_put_btc": "usd-coin"
  }
}