{
  "totalTvlUSD": 101860346.77,
  "coinsByCoingeckoId": {
    "solana": 182646.514958812,
    "msol": 159627.800964005,
    "bitcoin": 415.986843,
    "saber": 17832142.711082,
    "ftx-token": 65574.702527,
    "terra-luna": 75410.350417,
    "terrausd": 205355.385439,
    "usd-coin": 13938822.714652,
    "socean-staked-sol": 10999.999764954,
    "serum": 4226617.43302,
    "mango-markets": 7781534.236132,
    "raydium": 20864.654582,
    "ethereum": 1737.777482
  },
  "pricesByCoingeckoId": {
    "BTC": 38456,
    "SOL": 124.4,
    "ETH": 2789.14,
    "mSOL": 128.06,
    "FTT": 42.28,
    "SRM": 2.58,
    "USDC": 1,
    "MNGO": 0.188825,
    "scnSOL": 125.96,
    "SBR": 0.095269,
    "LUNA": 71.4,
    "UST": 1,
    "RAY": 4.49
  },
  "sharePricesByGlobalId": {
    "mainnet_income_call_sol": 1.05252,
    "mainnet_income_call_marinade": 1.03727,
    "mainnet_income_call_btc": 1.0696,
    "mainnet_income_call_sbr": 1.05044,
    "mainnet_income_call_ftt": 1.02696,
    "mainnet_income_call_luna": 1.0374,
    "mainnet_income_put_luna": 1,
    "mainnet_income_put_mngo": 1.00322,
    "mainnet_income_call_socean": 1.02395,
    "mainnet_income_call_srm": 1.02041,
    "mainnet_income_call_mngo": 1.01533,
    "mainnet_income_call_ray": 1.01764,
    "mainnet_income_call_eth": 1.0165,
    "mainnet_income_put_sol": 1.01183,
    "mainnet_income_put_btc": 1.00606
  },
  "depositTokenByGlobalId": {
    "mainnet_income_call_sol": 182646.514958812,
    "mainnet_income_call_marinade": 159627.800964005,
    "mainnet_income_call_btc": 415.986843,
    "mainnet_income_call_sbr": 17832142.711082,
    "mainnet_income_call_ftt": 65574.702527,
    "mainnet_income_call_luna": 75410.350417,
    "mainnet_income_put_luna": 205355.385439,
    "mainnet_income_put_mngo": 248683.41,
    "mainnet_income_call_socean": 10999.999764954,
    "mainnet_income_call_srm": 4226617.43302,
    "mainnet_income_call_mngo": 7781534.236132,
    "mainnet_income_call_ray": 20864.654582,
    "mainnet_income_call_eth": 1737.777482,
    "mainnet_income_put_sol": 12553976.85,
    "mainnet_income_put_btc": 1136162.46
  },
  "usdValueByGlobalId": {
    "mainnet_income_call_sol": 22721226.46,
    "mainnet_income_call_marinade": 20441936.19,
    "mainnet_income_call_btc": 15997190.03,
    "mainnet_income_call_sbr": 1698850.4,
    "mainnet_income_call_ftt": 2772498.42,
    "mainnet_income_call_luna": 5384299.02,
    "mainnet_income_put_luna": 205355.39,
    "mainnet_income_put_mngo": 248683.41,
    "mainnet_income_call_socean": 1385559.97,
    "mainnet_income_call_srm": 10904672.98,
    "mainnet_income_call_mngo": 1469348.2,
    "mainnet_income_call_ray": 93682.3,
    "mainnet_income_call_eth": 4846904.69,
    "mainnet_income_put_sol": 12553976.85,
    "mainnet_income_put_btc": 1136162.46
  },
  "globalIdToDepositTokenCoingeckoId": {
    "mainnet_income_call_sol": "solana",
    "mainnet_income_call_marinade": "msol",
    "mainnet_income_call_btc": "bitcoin",
    "mainnet_income_call_sbr": "saber",
    "mainnet_income_call_ftt": "ftx-token",
    "mainnet_income_call_luna": "terra-luna",
    "mainnet_income_put_luna": "terrausd",
    "mainnet_income_put_mngo": "usd-coin",
    "mainnet_income_call_socean": "socean-staked-sol",
    "mainnet_income_call_srm": "serum",
    "mainnet_income_call_mngo": "mango-markets",
    "mainnet_income_call_ray": "raydium",
    "mainnet_income_call_eth": "ethereum",
    "mainnet_income_put_sol": "usd-coin",
    "mainnet_income_put_btc": "usd-coin"
  }
}