{
  "totalTvlUSD": 88037419.49,
  "coinsByCoingeckoId": {
    "solana": 194591.190008812,
    "msol": 165826.16076789,
    "bitcoin": 446.423572,
    "saber": 19999999.386057,
    "ftx-token": 67639.126149,
    "terra-luna": 89374.486474,
    "terrausd": 215068.379823,
    "usd-coin": 15126757.971543,
    "socean-staked-sol": 11000,
    "serum": 4240691.247577,
    "mango-markets": 7875859.754746,
    "raydium": 23783.237749,
    "ethereum": 1768.61292
  },
  "pricesByCoingeckoId": {
    "BTC": 36225,
    "SOL": 88.77,
    "ETH": 2404.42,
    "mSOL": 91.01,
    "FTT": 35.95,
    "SRM": 2.06,
    "USDC": 1,
    "MNGO": 0.150445,
    "scnSOL": 90.54,
    "SBR": 0.066898,
    "LUNA": 57.49,
    "UST": 1,
    "RAY": 3.42
  },
  "sharePricesByGlobalId": {
    "mainnet_income_call_sol": 1.05252,
    "mainnet_income_call_marinade": 1.03727,
    "mainnet_income_call_btc": 1.0696,
    "mainnet_income_call_sbr": 1.05044,
    "mainnet_income_call_ftt": 1.02696,
    "mainnet_income_call_luna": 1.0374,
    "mainnet_income_put_luna": 1,
    "mainnet_income_put_mngo": 1.00322,
    "mainnet_income_call_socean": 1.02395,
    "mainnet_income_call_srm": 1.02041,
    "mainnet_income_call_mngo": 1.01533,
    "mainnet_income_call_ray": 1.01764,
    "mainnet_income_call_eth": 1.0165,
    "mainnet_income_put_sol": 1.01183,
    "mainnet_income_put_btc": 1.00606
  },
  "depositTokenByGlobalId": {
    "mainnet_income_call_sol": 194591.190008812,
    "mainnet_income_call_marinade": 165826.16076789,
    "mainnet_income_call_btc": 446.423572,
    "mainnet_income_call_sbr": 19999999.386057,
    "mainnet_income_call_ftt": 67639.126149,
    "mainnet_income_call_luna": 89374.486474,
    "mainnet_income_put_luna": 215068.379823,
    "mainnet_income_put_mngo": 249437.27,
    "mainnet_income_call_socean": 11000,
    "mainnet_income_call_srm": 4240691.247577,
    "mainnet_income_call_mngo": 7875859.754746,
    "mainnet_income_call_ray": 23783.237749,
    "mainnet_income_call_eth": 1768.61292,
    "mainnet_income_put_sol": 13738597.17,
    "mainnet_income_put_btc": 1138723.52
  },
  "usdValueByGlobalId": {
    "mainnet_income_call_sol": 17273859.94,
    "mainnet_income_call_marinade": 15091838.89,
    "mainnet_income_call_btc": 16171693.9,
    "mainnet_income_call_sbr": 1337959.96,
    "mainnet_income_call_ftt": 2431626.59,
    "mainnet_income_call_luna": 5138139.23,
    "mainnet_income_put_luna": 215068.38,
    "mainnet_income_put_mngo": 249437.27,
    "mainnet_income_call_socean": 995940,
    "mainnet_income_call_srm": 8735823.97,
    "mainnet_income_call_mngo": 1184883.72,
    "mainnet_income_call_ray": 81338.67,
    "mainnet_income_call_eth": 4252488.28,
    "mainnet_income_put_sol": 13738597.17,
    "mainnet_income_put_btc": 1138723.52
  },
  "globalIdToDepositTokenCoingeckoId": {
    "mainnet_income_call_sol": "solana",
    "mainnet_income_call_marinade": "msol",
    "mainnet_income_call_btc": "bitcoin",
    "mainnet_income_call_sbr": "saber",
    "mainnet_income_call_ftt": "ftx-token",
    "mainnet_income_call_luna": "terra-luna",
    "mainnet_income_put_luna": "terrausd",
    "mainnet_income_put_mngo": "usd-coin",
    "mainnet_income_call_socean": "socean-staked-sol",
    "mainnet_income_call_srm": "serum",
    "mainnet_income_call_mngo": "mango-markets",
    "mainnet_income_call_ray": "raydium",
    "mainnet_income_call_eth": "ethereum",
    "mainnet_income_put_sol": "usd-coin",
    "mainnet_income_put_btc": "usd-coin"
  }
}