{
  "totalTvlUSD": 90922597.81,
  "coinsByCoingeckoId": {
    "solana": 186271.962158812,
    "msol": 162295.772576318,
    "bitcoin": 430.23231,
    "saber": 18680698.738415,
    "ftx-token": 65682.991241,
    "terra-luna": 78064.822601,
    "terrausd": 207795.105378,
    "usd-coin": 14028878.496938,
    "socean-staked-sol": 10999.999764954,
    "serum": 4227381.42179,
    "mango-markets": 7786614.704167,
    "raydium": 20953.675782,
    "ethereum": 1762.014934
  },
  "pricesByCoingeckoId": {
    "BTC": 35915,
    "SOL": 101.14,
    "ETH": 2502.16,
    "mSOL": 103.99,
    "FTT": 35.73,
    "SRM": 2.26,
    "USDC": 1,
    "MNGO": 0.161203,
    "scnSOL": 102.93,
    "SBR": 0.074298,
    "LUNA": 68.54,
    "UST": 1.01,
    "RAY": 3.81
  },
  "sharePricesByGlobalId": {
    "mainnet_income_call_sol": 1.05252,
    "mainnet_income_call_marinade": 1.03727,
    "mainnet_income_call_btc": 1.0696,
    "mainnet_income_call_sbr": 1.05044,
    "mainnet_income_call_ftt": 1.02696,
    "mainnet_income_call_luna": 1.0374,
    "mainnet_income_put_luna": 1,
    "mainnet_income_put_mngo": 1.00322,
    "mainnet_income_call_socean": 1.02395,
    "mainnet_income_call_srm": 1.02041,
    "mainnet_income_call_mngo": 1.01533,
    "mainnet_income_call_ray": 1.01764,
    "mainnet_income_call_eth": 1.0165,
    "mainnet_income_put_sol": 1.01183,
    "mainnet_income_put_btc": 1.00606
  },
  "depositTokenByGlobalId": {
    "mainnet_income_call_sol": 186271.962158812,
    "mainnet_income_call_marinade": 162295.772576318,
    "mainnet_income_call_btc": 430.23231,
    "mainnet_income_call_sbr": 18680698.738415,
    "mainnet_income_call_ftt": 65682.991241,
    "mainnet_income_call_luna": 78064.822601,
    "mainnet_income_put_luna": 207795.105378,
    "mainnet_income_put_mngo": 248683.41,
    "mainnet_income_call_socean": 10999.999764954,
    "mainnet_income_call_srm": 4227381.42179,
    "mainnet_income_call_mngo": 7786614.704167,
    "mainnet_income_call_ray": 20953.675782,
    "mainnet_income_call_eth": 1762.014934,
    "mainnet_income_put_sol": 12642004.25,
    "mainnet_income_put_btc": 1138190.84
  },
  "usdValueByGlobalId": {
    "mainnet_income_call_sol": 18839546.25,
    "mainnet_income_call_marinade": 16877137.39,
    "mainnet_income_call_btc": 15451793.41,
    "mainnet_income_call_sbr": 1387938.55,
    "mainnet_income_call_ftt": 2346853.28,
    "mainnet_income_call_luna": 5350562.94,
    "mainnet_income_put_luna": 209873.06,
    "mainnet_income_put_mngo": 248683.41,
    "mainnet_income_call_socean": 1132229.98,
    "mainnet_income_call_srm": 9553882.01,
    "mainnet_income_call_mngo": 1255225.65,
    "mainnet_income_call_ray": 79833.5,
    "mainnet_income_call_eth": 4408843.29,
    "mainnet_income_put_sol": 12642004.25,
    "mainnet_income_put_btc": 1138190.84
  },
  "globalIdToDepositTokenCoingeckoId": {
    "mainnet_income_call_sol": "solana",
    "mainnet_income_call_marinade": "msol",
    "mainnet_income_call_btc": "bitcoin",
    "mainnet_income_call_sbr": "saber",
    "mainnet_income_call_ftt": "ftx-token",
    "mainnet_income_call_luna": "terra-luna",
    "mainnet_income_put_luna": "terrausd",
    "mainnet_income_put_mngo": "usd-coin",
    "mainnet_income_call_socean": "socean-staked-sol",
    "mainnet_income_call_srm": "serum",
    "mainnet_income_call_mngo": "mango-markets",
    "mainnet_income_call_ray": "raydium",
    "mainnet_income_call_eth": "ethereum",
    "mainnet_income_put_sol": "usd-coin",
    "mainnet_income_put_btc": "usd-coin"
  }
}