{
  "totalTvlUSD": 41665891.75,
  "coinsByCoingeckoId": {
    "solana": 67135.926053664,
    "msol": 79999.957612259,
    "bitcoin": 187.18996,
    "ethereum": 128.136357,
    "ftx-token": 22538.731831,
    "serum": 209918.963689,
    "mango-markets": 921352.399665
  },
  "pricesByCoingeckoId": {
    "BTC": 50905,
    "SOL": 198.74,
    "ETH": 4075.61,
    "mSOL": 202.61,
    "FTT": 42.66,
    "SRM": 4.06,
    "USDC": 1,
    "MNGO": 0.2709
  },
  "sharePricesByGlobalId": {
    "mainnet_income_call_sol": 1.02193,
    "mainnet_income_call_marinade": 1.01091,
    "mainnet_income_call_btc": 1.05125,
    "mainnet_income_call_eth": 1.006,
    "mainnet_income_call_ftt": 1,
    "mainnet_income_call_srm": 1,
    "mainnet_income_call_mngo": 1
  }
}