{
  "totalTvlUSD": 85932235.85,
  "coinsByCoingeckoId": {
    "solana": 188637.901558812,
    "msol": 162379.140826415,
    "bitcoin": 433.249947,
    "saber": 19453996.169282,
    "ftx-token": 66493.416909,
    "terra-luna": 82995.767261,
    "terrausd": 207897.557509,
    "usd-coin": 14227916.881350998,
    "socean-staked-sol": 10999.999764954,
    "serum": 4235169.905075,
    "mango-markets": 7839468.366552,
    "raydium": 21551.481969,
    "ethereum": 1770.30413
  },
  "pricesByCoingeckoId": {
    "BTC": 35778,
    "SOL": 89.22,
    "ETH": 2366.2,
    "mSOL": 91.36,
    "FTT": 34.14,
    "SRM": 2.07,
    "USDC": 1,
    "MNGO": 0.147467,
    "scnSOL": 89.92,
    "SBR": 0.066594,
    "LUNA": 67.33,
    "UST": 1.01,
    "RAY": 3.42
  },
  "sharePricesByGlobalId": {
    "mainnet_income_call_sol": 1.05252,
    "mainnet_income_call_marinade": 1.03727,
    "mainnet_income_call_btc": 1.0696,
    "mainnet_income_call_sbr": 1.05044,
    "mainnet_income_call_ftt": 1.02696,
    "mainnet_income_call_luna": 1.0374,
    "mainnet_income_put_luna": 1,
    "mainnet_income_put_mngo": 1.00322,
    "mainnet_income_call_socean": 1.02395,
    "mainnet_income_call_srm": 1.02041,
    "mainnet_income_call_mngo": 1.01533,
    "mainnet_income_call_ray": 1.01764,
    "mainnet_income_call_eth": 1.0165,
    "mainnet_income_put_sol": 1.01183,
    "mainnet_income_put_btc": 1.00606
  },
  "depositTokenByGlobalId": {
    "mainnet_income_call_sol": 188637.901558812,
    "mainnet_income_call_marinade": 162379.140826415,
    "mainnet_income_call_btc": 433.249947,
    "mainnet_income_call_sbr": 19453996.169282,
    "mainnet_income_call_ftt": 66493.416909,
    "mainnet_income_call_luna": 82995.767261,
    "mainnet_income_put_luna": 207897.557509,
    "mainnet_income_put_mngo": 248683.41,
    "mainnet_income_call_socean": 10999.999764954,
    "mainnet_income_call_srm": 4235169.905075,
    "mainnet_income_call_mngo": 7839468.366552,
    "mainnet_income_call_ray": 21551.481969,
    "mainnet_income_call_eth": 1770.30413,
    "mainnet_income_put_sol": 12841022.64,
    "mainnet_income_put_btc": 1138210.83
  },
  "usdValueByGlobalId": {
    "mainnet_income_call_sol": 16830273.58,
    "mainnet_income_call_marinade": 14834958.31,
    "mainnet_income_call_btc": 15500816.6,
    "mainnet_income_call_sbr": 1295519.42,
    "mainnet_income_call_ftt": 2270085.25,
    "mainnet_income_call_luna": 5588105.01,
    "mainnet_income_put_luna": 209976.53,
    "mainnet_income_put_mngo": 248683.41,
    "mainnet_income_call_socean": 989119.98,
    "mainnet_income_call_srm": 8766801.7,
    "mainnet_income_call_mngo": 1156062.88,
    "mainnet_income_call_ray": 73706.07,
    "mainnet_income_call_eth": 4188893.63,
    "mainnet_income_put_sol": 12841022.64,
    "mainnet_income_put_btc": 1138210.83
  },
  "globalIdToDepositTokenCoingeckoId": {
    "mainnet_income_call_sol": "solana",
    "mainnet_income_call_marinade": "msol",
    "mainnet_income_call_btc": "bitcoin",
    "mainnet_income_call_sbr": "saber",
    "mainnet_income_call_ftt": "ftx-token",
    "mainnet_income_call_luna": "terra-luna",
    "mainnet_income_put_luna": "terrausd",
    "mainnet_income_put_mngo": "usd-coin",
    "mainnet_income_call_socean": "socean-staked-sol",
    "mainnet_income_call_srm": "serum",
    "mainnet_income_call_mngo": "mango-markets",
    "mainnet_income_call_ray": "raydium",
    "mainnet_income_call_eth": "ethereum",
    "mainnet_income_put_sol": "usd-coin",
    "mainnet_income_put_btc": "usd-coin"
  }
}