{
  "totalTvlUSD": 106753660.13,
  "coinsByCoingeckoId": {
    "solana": 141798.66611187,
    "msol": 158815.238475627,
    "bitcoin": 416.715146,
    "saber": 19999847.492037,
    "ftx-token": 67288.469677,
    "usd-coin": 12129096.289829,
    "terra-luna": 67247.250576,
    "socean-staked-sol": 10999.987641614,
    "serum": 4059778.912462,
    "mango-markets": 8815344.213263,
    "raydium": 16464.613869,
    "ethereum": 1696.540062
  },
  "pricesByCoingeckoId": {
    "BTC": 43105,
    "SOL": 145.68,
    "ETH": 3324.57,
    "mSOL": 149.36,
    "FTT": 45.49,
    "SRM": 3.19,
    "USDC": 1,
    "MNGO": 0.198108,
    "scnSOL": 149.02,
    "SBR": 0.082729,
    "LUNA": 81.84,
    "RAY": 5.38
  },
  "sharePricesByGlobalId": {
    "mainnet_income_call_sol": 1.04444,
    "mainnet_income_call_marinade": 1.03017,
    "mainnet_income_call_btc": 1.06814,
    "mainnet_income_call_sbr": 1.04667,
    "mainnet_income_call_ftt": 1.02068,
    "mainnet_income_put_mngo": 1.00201,
    "mainnet_income_call_luna": 1.02692,
    "mainnet_income_call_socean": 1.01629,
    "mainnet_income_call_srm": 1.01304,
    "mainnet_income_call_mngo": 1.01322,
    "mainnet_income_call_ray": 1.00275,
    "mainnet_income_call_eth": 1.01502,
    "mainnet_income_put_sol": 1.00281,
    "mainnet_income_put_btc": 1.00329
  },
  "depositTokenByGlobalId": {
    "mainnet_income_call_sol": 141798.66611187,
    "mainnet_income_call_marinade": 158815.238475627,
    "mainnet_income_call_btc": 416.715146,
    "mainnet_income_call_sbr": 19999847.492037,
    "mainnet_income_call_ftt": 67288.469677,
    "mainnet_income_put_mngo": 392112.07,
    "mainnet_income_call_luna": 67247.250576,
    "mainnet_income_call_socean": 10999.987641614,
    "mainnet_income_call_srm": 4059778.912462,
    "mainnet_income_call_mngo": 8815344.213263,
    "mainnet_income_call_ray": 16464.613869,
    "mainnet_income_call_eth": 1696.540062,
    "mainnet_income_put_sol": 10612500.08,
    "mainnet_income_put_btc": 1124484.14
  },
  "usdValueByGlobalId": {
    "mainnet_income_call_sol": 20657229.68,
    "mainnet_income_call_marinade": 23720644.02,
    "mainnet_income_call_btc": 17962506.37,
    "mainnet_income_call_sbr": 1654567.38,
    "mainnet_income_call_ftt": 3060952.49,
    "mainnet_income_put_mngo": 392112.07,
    "mainnet_income_call_luna": 5503514.99,
    "mainnet_income_call_socean": 1639218.16,
    "mainnet_income_call_srm": 12950694.73,
    "mainnet_income_call_mngo": 1746390.21,
    "mainnet_income_call_ray": 88579.62,
    "mainnet_income_call_eth": 5640266.19,
    "mainnet_income_put_sol": 10612500.08,
    "mainnet_income_put_btc": 1124484.14
  },
  "globalIdToDepositTokenCoingeckoId": {
    "mainnet_income_call_sol": "solana",
    "mainnet_income_call_marinade": "msol",
    "mainnet_income_call_btc": "bitcoin",
    "mainnet_income_call_sbr": "saber",
    "mainnet_income_call_ftt": "ftx-token",
    "mainnet_income_put_mngo": "usd-coin",
    "mainnet_income_call_luna": "terra-luna",
    "mainnet_income_call_socean": "socean-staked-sol",
    "mainnet_income_call_srm": "serum",
    "mainnet_income_call_mngo": "mango-markets",
    "mainnet_income_call_ray": "raydium",
    "mainnet_income_call_eth": "ethereum",
    "mainnet_income_put_sol": "usd-coin",
    "mainnet_income_put_btc": "usd-coin"
  }
}