{
  "totalTvlUSD": 87238025.89,
  "coinsByCoingeckoId": {
    "solana": 128358.759350644,
    "msol": 136220.817288248,
    "bitcoin": 354.280677,
    "saber": 11000000,
    "ftx-token": 72255.801874,
    "usd-coin": 12774396.253459001,
    "terra-luna": 39999.999397,
    "socean-staked-sol": 5499.990099232,
    "serum": 3965834.743512,
    "mango-markets": 5999999.159277,
    "raydium": 18918.099566,
    "ethereum": 1407.979781
  },
  "pricesByCoingeckoId": {
    "BTC": 40778,
    "SOL": 135.14,
    "ETH": 3022.45,
    "mSOL": 138.94,
    "FTT": 34.27,
    "SRM": 2.93,
    "USDC": 1,
    "MNGO": 0.184887,
    "scnSOL": 136.79,
    "SBR": 0.082154,
    "LUNA": 63.24,
    "RAY": 5.14
  },
  "sharePricesByGlobalId": {
    "mainnet_income_call_sol": 1.03708,
    "mainnet_income_call_marinade": 1.02581,
    "mainnet_income_call_btc": 1.0644,
    "mainnet_income_call_sbr": 1,
    "mainnet_income_call_ftt": 1.01481,
    "mainnet_income_put_mngo": 1,
    "mainnet_income_call_luna": 1.01873,
    "mainnet_income_call_socean": 1.01266,
    "mainnet_income_call_srm": 1.00834,
    "mainnet_income_call_mngo": 1.01232,
    "mainnet_income_call_ray": 1,
    "mainnet_income_call_eth": 1.01181,
    "mainnet_income_put_sol": 1,
    "mainnet_income_put_btc": 1
  },
  "depositTokenByGlobalId": {
    "mainnet_income_call_sol": 128358.759350644,
    "mainnet_income_call_marinade": 136220.817288248,
    "mainnet_income_call_btc": 354.280677,
    "mainnet_income_call_sbr": 11000000,
    "mainnet_income_call_ftt": 72255.801874,
    "mainnet_income_put_mngo": 423329.63,
    "mainnet_income_call_luna": 39999.999397,
    "mainnet_income_call_socean": 5499.990099232,
    "mainnet_income_call_srm": 3965834.743512,
    "mainnet_income_call_mngo": 5999999.159277,
    "mainnet_income_call_ray": 18918.099566,
    "mainnet_income_call_eth": 1407.979781,
    "mainnet_income_put_sol": 9999999.97,
    "mainnet_income_put_btc": 2351066.65
  },
  "usdValueByGlobalId": {
    "mainnet_income_call_sol": 17346402.74,
    "mainnet_income_call_marinade": 18926520.35,
    "mainnet_income_call_btc": 14446857.45,
    "mainnet_income_call_sbr": 903694,
    "mainnet_income_call_ftt": 2476206.33,
    "mainnet_income_put_mngo": 423329.63,
    "mainnet_income_call_luna": 2529599.96,
    "mainnet_income_call_socean": 752343.65,
    "mainnet_income_call_srm": 11619895.8,
    "mainnet_income_call_mngo": 1109321.84,
    "mainnet_income_call_ray": 97239.03,
    "mainnet_income_call_eth": 4255548.49,
    "mainnet_income_put_sol": 9999999.97,
    "mainnet_income_put_btc": 2351066.65
  }
}