{
  "totalTvlUSD": 113415320.61,
  "coinsByCoingeckoId": {
    "solana": 168512.09237887,
    "msol": 162080.118744506,
    "bitcoin": 425.628259,
    "saber": 19999999.492037,
    "ftx-token": 72823.73046,
    "terra-luna": 81800.496053,
    "terrausd": 90791.088791,
    "usd-coin": 12971267.389496999,
    "socean-staked-sol": 10999.997467117,
    "serum": 4201305.234487,
    "mango-markets": 8999662.230881,
    "raydium": 18471.394788,
    "ethereum": 1743.385009
  },
  "pricesByCoingeckoId": {
    "BTC": 42705,
    "SOL": 142.79,
    "ETH": 3274.3,
    "mSOL": 146.45,
    "FTT": 45.87,
    "SRM": 3.06,
    "USDC": 1,
    "MNGO": 0.198746,
    "scnSOL": 145.73,
    "SBR": 0.116458,
    "LUNA": 81.37,
    "UST": 1,
    "RAY": 5.23
  },
  "sharePricesByGlobalId": {
    "mainnet_income_call_sol": 1.04444,
    "mainnet_income_call_marinade": 1.03017,
    "mainnet_income_call_btc": 1.06814,
    "mainnet_income_call_sbr": 1.04667,
    "mainnet_income_call_ftt": 1.02068,
    "mainnet_income_call_luna": 1.02692,
    "mainnet_income_put_luna": 1,
    "mainnet_income_put_mngo": 1.00201,
    "mainnet_income_call_socean": 1.01629,
    "mainnet_income_call_srm": 1.01304,
    "mainnet_income_call_mngo": 1.01322,
    "mainnet_income_call_ray": 1.00275,
    "mainnet_income_call_eth": 1.01502,
    "mainnet_income_put_sol": 1.00281,
    "mainnet_income_put_btc": 1.00329
  },
  "depositTokenByGlobalId": {
    "mainnet_income_call_sol": 168512.09237887,
    "mainnet_income_call_marinade": 162080.118744506,
    "mainnet_income_call_btc": 425.628259,
    "mainnet_income_call_sbr": 19999999.492037,
    "mainnet_income_call_ftt": 72823.73046,
    "mainnet_income_call_luna": 81800.496053,
    "mainnet_income_put_luna": 90791.088791,
    "mainnet_income_put_mngo": 397676.27,
    "mainnet_income_call_socean": 10999.997467117,
    "mainnet_income_call_srm": 4201305.234487,
    "mainnet_income_call_mngo": 8999662.230881,
    "mainnet_income_call_ray": 18471.394788,
    "mainnet_income_call_eth": 1743.385009,
    "mainnet_income_put_sol": 11448315.58,
    "mainnet_income_put_btc": 1125275.54
  },
  "usdValueByGlobalId": {
    "mainnet_income_call_sol": 24061841.67,
    "mainnet_income_call_marinade": 23736633.39,
    "mainnet_income_call_btc": 18176454.8,
    "mainnet_income_call_sbr": 2329159.94,
    "mainnet_income_call_ftt": 3340424.52,
    "mainnet_income_call_luna": 6656106.36,
    "mainnet_income_put_luna": 90791.09,
    "mainnet_income_put_mngo": 397676.27,
    "mainnet_income_call_socean": 1603029.63,
    "mainnet_income_call_srm": 12855994.02,
    "mainnet_income_call_mngo": 1788646.87,
    "mainnet_income_call_ray": 96605.39,
    "mainnet_income_call_eth": 5708365.53,
    "mainnet_income_put_sol": 11448315.58,
    "mainnet_income_put_btc": 1125275.54
  },
  "globalIdToDepositTokenCoingeckoId": {
    "mainnet_income_call_sol": "solana",
    "mainnet_income_call_marinade": "msol",
    "mainnet_income_call_btc": "bitcoin",
    "mainnet_income_call_sbr": "saber",
    "mainnet_income_call_ftt": "ftx-token",
    "mainnet_income_call_luna": "terra-luna",
    "mainnet_income_put_luna": "terrausd",
    "mainnet_income_put_mngo": "usd-coin",
    "mainnet_income_call_socean": "socean-staked-sol",
    "mainnet_income_call_srm": "serum",
    "mainnet_income_call_mngo": "mango-markets",
    "mainnet_income_call_ray": "raydium",
    "mainnet_income_call_eth": "ethereum",
    "mainnet_income_put_sol": "usd-coin",
    "mainnet_income_put_btc": "usd-coin"
  }
}