{
  "totalTvlUSD": 92379847.76,
  "coinsByCoingeckoId": {
    "solana": 132101.450759574,
    "msol": 142522.812678534,
    "bitcoin": 366.154647,
    "saber": 11000000,
    "ftx-token": 76162.148982,
    "usd-coin": 13072030.842544,
    "terra-luna": 55715.212427,
    "socean-staked-sol": 7046.369638306,
    "serum": 3974530.07352,
    "mango-markets": 5999999.159277,
    "raydium": 19199.467605,
    "ethereum": 1479.616665
  },
  "pricesByCoingeckoId": {
    "BTC": 41802,
    "SOL": 135.21,
    "ETH": 3110.48,
    "mSOL": 138.97,
    "FTT": 38.33,
    "SRM": 2.95,
    "USDC": 1,
    "MNGO": 0.199848,
    "scnSOL": 138.92,
    "SBR": 0.074765,
    "LUNA": 71.6,
    "RAY": 5.1
  },
  "sharePricesByGlobalId": {
    "mainnet_income_call_sol": 1.03708,
    "mainnet_income_call_marinade": 1.02581,
    "mainnet_income_call_btc": 1.0644,
    "mainnet_income_call_sbr": 1,
    "mainnet_income_call_ftt": 1.01481,
    "mainnet_income_put_mngo": 1.00062,
    "mainnet_income_call_luna": 1.01873,
    "mainnet_income_call_socean": 1.01266,
    "mainnet_income_call_srm": 1.00834,
    "mainnet_income_call_mngo": 1.01232,
    "mainnet_income_call_ray": 1,
    "mainnet_income_call_eth": 1.01181,
    "mainnet_income_put_sol": 1.00376,
    "mainnet_income_put_btc": 1
  },
  "depositTokenByGlobalId": {
    "mainnet_income_call_sol": 132101.450759574,
    "mainnet_income_call_marinade": 142522.812678534,
    "mainnet_income_call_btc": 366.154647,
    "mainnet_income_call_sbr": 11000000,
    "mainnet_income_call_ftt": 76162.148982,
    "mainnet_income_put_mngo": 429058.15,
    "mainnet_income_call_luna": 55715.212427,
    "mainnet_income_call_socean": 7046.369638306,
    "mainnet_income_call_srm": 3974530.07352,
    "mainnet_income_call_mngo": 5999999.159277,
    "mainnet_income_call_ray": 19199.467605,
    "mainnet_income_call_eth": 1479.616665,
    "mainnet_income_put_sol": 10288594.91,
    "mainnet_income_put_btc": 2354377.79
  },
  "usdValueByGlobalId": {
    "mainnet_income_call_sol": 17861437.16,
    "mainnet_income_call_marinade": 19806395.28,
    "mainnet_income_call_btc": 15305996.55,
    "mainnet_income_call_sbr": 822415,
    "mainnet_income_call_ftt": 2919295.17,
    "mainnet_income_put_mngo": 429058.15,
    "mainnet_income_call_luna": 3989209.21,
    "mainnet_income_call_socean": 978881.67,
    "mainnet_income_call_srm": 11724863.72,
    "mainnet_income_call_mngo": 1199087.83,
    "mainnet_income_call_ray": 97917.28,
    "mainnet_income_call_eth": 4602318.04,
    "mainnet_income_put_sol": 10288594.91,
    "mainnet_income_put_btc": 2354377.79
  }
}