{
  "totalTvlUSD": 90648421.31,
  "coinsByCoingeckoId": {
    "solana": 129658.167759574,
    "msol": 137767.620034548,
    "bitcoin": 365.642281,
    "saber": 11000000,
    "ftx-token": 72791.540999,
    "usd-coin": 12781061.270213,
    "terra-luna": 39999.999397,
    "socean-staked-sol": 5499.990099232,
    "serum": 3966441.652157,
    "mango-markets": 5999999.159277,
    "raydium": 18928.784889,
    "ethereum": 1468.5432
  },
  "pricesByCoingeckoId": {
    "BTC": 41641,
    "SOL": 139.71,
    "ETH": 3107.76,
    "mSOL": 143.1,
    "FTT": 37.42,
    "SRM": 2.97,
    "USDC": 1,
    "MNGO": 0.195213,
    "scnSOL": 142.74,
    "SBR": 0.082998,
    "LUNA": 69.39,
    "RAY": 5.26
  },
  "sharePricesByGlobalId": {
    "mainnet_income_call_sol": 1.03708,
    "mainnet_income_call_marinade": 1.02581,
    "mainnet_income_call_btc": 1.0644,
    "mainnet_income_call_sbr": 1,
    "mainnet_income_call_ftt": 1.01481,
    "mainnet_income_put_mngo": 1.00062,
    "mainnet_income_call_luna": 1.01873,
    "mainnet_income_call_socean": 1.01266,
    "mainnet_income_call_srm": 1.00834,
    "mainnet_income_call_mngo": 1.01232,
    "mainnet_income_call_ray": 1,
    "mainnet_income_call_eth": 1.01181,
    "mainnet_income_put_sol": 1.00376,
    "mainnet_income_put_btc": 1
  },
  "depositTokenByGlobalId": {
    "mainnet_income_call_sol": 129658.167759574,
    "mainnet_income_call_marinade": 137767.620034548,
    "mainnet_income_call_btc": 365.642281,
    "mainnet_income_call_sbr": 11000000,
    "mainnet_income_call_ftt": 72791.540999,
    "mainnet_income_put_mngo": 426683.48,
    "mainnet_income_call_luna": 39999.999397,
    "mainnet_income_call_socean": 5499.990099232,
    "mainnet_income_call_srm": 3966441.652157,
    "mainnet_income_call_mngo": 5999999.159277,
    "mainnet_income_call_ray": 18928.784889,
    "mainnet_income_call_eth": 1468.5432,
    "mainnet_income_put_sol": 10000000,
    "mainnet_income_put_btc": 2354377.79
  },
  "usdValueByGlobalId": {
    "mainnet_income_call_sol": 18114542.62,
    "mainnet_income_call_marinade": 19714546.43,
    "mainnet_income_call_btc": 15225710.22,
    "mainnet_income_call_sbr": 912978,
    "mainnet_income_call_ftt": 2723859.46,
    "mainnet_income_put_mngo": 426683.48,
    "mainnet_income_call_luna": 2775599.96,
    "mainnet_income_call_socean": 785068.59,
    "mainnet_income_call_srm": 11780331.71,
    "mainnet_income_call_mngo": 1171277.84,
    "mainnet_income_call_ray": 99565.41,
    "mainnet_income_call_eth": 4563879.82,
    "mainnet_income_put_sol": 10000000,
    "mainnet_income_put_btc": 2354377.79
  }
}