{
  "totalTvlUSD": 100312276.63,
  "coinsByCoingeckoId": {
    "solana": 181395.213958811,
    "msol": 159337.925304752,
    "bitcoin": 415.727959,
    "saber": 17774081.449959,
    "ftx-token": 65562.685783,
    "terra-luna": 75324.486069,
    "terrausd": 204980.450717,
    "usd-coin": 13908260.328064,
    "socean-staked-sol": 10999.999764954,
    "serum": 4226587.199415,
    "mango-markets": 7746090.977466,
    "raydium": 20864.654582,
    "ethereum": 1735.308741
  },
  "pricesByCoingeckoId": {
    "BTC": 38704,
    "SOL": 119.69,
    "ETH": 2816.68,
    "mSOL": 122.79,
    "FTT": 42.19,
    "SRM": 2.59,
    "USDC": 1,
    "MNGO": 0.187296,
    "scnSOL": 122.29,
    "SBR": 0.100418,
    "LUNA": 72.83,
    "UST": 1,
    "RAY": 4.48
  },
  "sharePricesByGlobalId": {
    "mainnet_income_call_sol": 1.05252,
    "mainnet_income_call_marinade": 1.03727,
    "mainnet_income_call_btc": 1.0696,
    "mainnet_income_call_sbr": 1.05044,
    "mainnet_income_call_ftt": 1.02696,
    "mainnet_income_call_luna": 1.0374,
    "mainnet_income_put_luna": 1,
    "mainnet_income_put_mngo": 1.00322,
    "mainnet_income_call_socean": 1.02395,
    "mainnet_income_call_srm": 1.02041,
    "mainnet_income_call_mngo": 1.01533,
    "mainnet_income_call_ray": 1.01764,
    "mainnet_income_call_eth": 1.0165,
    "mainnet_income_put_sol": 1.01183,
    "mainnet_income_put_btc": 1.00606
  },
  "depositTokenByGlobalId": {
    "mainnet_income_call_sol": 181395.213958811,
    "mainnet_income_call_marinade": 159337.925304752,
    "mainnet_income_call_btc": 415.727959,
    "mainnet_income_call_sbr": 17774081.449959,
    "mainnet_income_call_ftt": 65562.685783,
    "mainnet_income_call_luna": 75324.486069,
    "mainnet_income_put_luna": 204980.450717,
    "mainnet_income_put_mngo": 248663.41,
    "mainnet_income_call_socean": 10999.999764954,
    "mainnet_income_call_srm": 4226587.199415,
    "mainnet_income_call_mngo": 7746090.977466,
    "mainnet_income_call_ray": 20864.654582,
    "mainnet_income_call_eth": 1735.308741,
    "mainnet_income_put_sol": 12523434.46,
    "mainnet_income_put_btc": 1136162.46
  },
  "usdValueByGlobalId": {
    "mainnet_income_call_sol": 21732960.58,
    "mainnet_income_call_marinade": 19565103.85,
    "mainnet_income_call_btc": 16095323.66,
    "mainnet_income_call_sbr": 1785317.61,
    "mainnet_income_call_ftt": 2766089.71,
    "mainnet_income_call_luna": 5487388.81,
    "mainnet_income_put_luna": 204980.45,
    "mainnet_income_put_mngo": 248663.41,
    "mainnet_income_call_socean": 1345629.97,
    "mainnet_income_call_srm": 10989126.72,
    "mainnet_income_call_mngo": 1450811.86,
    "mainnet_income_call_ray": 93473.65,
    "mainnet_income_call_eth": 4887809.42,
    "mainnet_income_put_sol": 12523434.46,
    "mainnet_income_put_btc": 1136162.46
  },
  "globalIdToDepositTokenCoingeckoId": {
    "mainnet_income_call_sol": "solana",
    "mainnet_income_call_marinade": "msol",
    "mainnet_income_call_btc": "bitcoin",
    "mainnet_income_call_sbr": "saber",
    "mainnet_income_call_ftt": "ftx-token",
    "mainnet_income_call_luna": "terra-luna",
    "mainnet_income_put_luna": "terrausd",
    "mainnet_income_put_mngo": "usd-coin",
    "mainnet_income_call_socean": "socean-staked-sol",
    "mainnet_income_call_srm": "serum",
    "mainnet_income_call_mngo": "mango-markets",
    "mainnet_income_call_ray": "raydium",
    "mainnet_income_call_eth": "ethereum",
    "mainnet_income_put_sol": "usd-coin",
    "mainnet_income_put_btc": "usd-coin"
  }
}