{
  "totalTvlUSD": 101062165.16,
  "coinsByCoingeckoId": {
    "solana": 135779.948759574,
    "msol": 145853.044514327,
    "bitcoin": 370.479359,
    "saber": 11000000,
    "ftx-token": 76447.223827,
    "usd-coin": 13431633.166519,
    "terra-luna": 59999.999852,
    "socean-staked-sol": 8363.667877259,
    "serum": 3974972.039598,
    "mango-markets": 5999999.159377,
    "raydium": 19310.493998,
    "ethereum": 1488.143414
  },
  "pricesByCoingeckoId": {
    "BTC": 43904,
    "SOL": 147.27,
    "ETH": 3373.61,
    "mSOL": 150.96,
    "FTT": 41.3,
    "SRM": 3.23,
    "USDC": 1,
    "MNGO": 0.211044,
    "scnSOL": 149.7,
    "SBR": 0.084617,
    "LUNA": 79.63,
    "RAY": 5.54
  },
  "sharePricesByGlobalId": {
    "mainnet_income_call_sol": 1.03708,
    "mainnet_income_call_marinade": 1.02581,
    "mainnet_income_call_btc": 1.0644,
    "mainnet_income_call_sbr": 1,
    "mainnet_income_call_ftt": 1.01481,
    "mainnet_income_put_mngo": 1,
    "mainnet_income_call_luna": 1.01873,
    "mainnet_income_call_socean": 1.01266,
    "mainnet_income_call_srm": 1.00834,
    "mainnet_income_call_mngo": 1.01232,
    "mainnet_income_call_ray": 1,
    "mainnet_income_call_eth": 1.01181,
    "mainnet_income_put_sol": 0.99999,
    "mainnet_income_put_btc": 1
  },
  "depositTokenByGlobalId": {
    "mainnet_income_call_sol": 135779.948759574,
    "mainnet_income_call_marinade": 145853.044514327,
    "mainnet_income_call_btc": 370.479359,
    "mainnet_income_call_sbr": 11000000,
    "mainnet_income_call_ftt": 76447.223827,
    "mainnet_income_put_mngo": 429804.43,
    "mainnet_income_call_luna": 59999.999852,
    "mainnet_income_call_socean": 8363.667877259,
    "mainnet_income_call_srm": 3974972.039598,
    "mainnet_income_call_mngo": 5999999.159377,
    "mainnet_income_call_ray": 19310.493998,
    "mainnet_income_call_eth": 1488.143414,
    "mainnet_income_put_sol": 10647450.94,
    "mainnet_income_put_btc": 2354377.79
  },
  "usdValueByGlobalId": {
    "mainnet_income_call_sol": 19996313.05,
    "mainnet_income_call_marinade": 22017975.6,
    "mainnet_income_call_btc": 16265525.78,
    "mainnet_income_call_sbr": 930787,
    "mainnet_income_call_ftt": 3157270.34,
    "mainnet_income_put_mngo": 429804.43,
    "mainnet_income_call_luna": 4777799.99,
    "mainnet_income_call_socean": 1252041.08,
    "mainnet_income_call_srm": 12839159.69,
    "mainnet_income_call_mngo": 1266263.82,
    "mainnet_income_call_ray": 106980.14,
    "mainnet_income_call_eth": 5020415.5,
    "mainnet_income_put_sol": 10647450.94,
    "mainnet_income_put_btc": 2354377.79
  }
}