{
  "totalTvlUSD": 91310052.06,
  "coinsByCoingeckoId": {
    "solana": 195282.527008812,
    "msol": 165927.264768601,
    "bitcoin": 446.446572,
    "saber": 19999999.398257,
    "ftx-token": 67686.395478,
    "terra-luna": 90626.518322,
    "terrausd": 220968.379823,
    "usd-coin": 15568773.367473999,
    "socean-staked-sol": 11000,
    "serum": 4240791.473809,
    "mango-markets": 7875859.754746,
    "raydium": 23839.179952,
    "ethereum": 1768.61292
  },
  "pricesByCoingeckoId": {
    "BTC": 36799,
    "SOL": 92.76,
    "ETH": 2476.44,
    "mSOL": 94.93,
    "FTT": 37.88,
    "SRM": 2.14,
    "USDC": 1,
    "MNGO": 0.15778,
    "scnSOL": 94.73,
    "SBR": 0.066685,
    "LUNA": 60.73,
    "UST": 1,
    "RAY": 3.54
  },
  "sharePricesByGlobalId": {
    "mainnet_income_call_sol": 1.05252,
    "mainnet_income_call_marinade": 1.03727,
    "mainnet_income_call_btc": 1.0696,
    "mainnet_income_call_sbr": 1.05044,
    "mainnet_income_call_ftt": 1.02696,
    "mainnet_income_call_luna": 1.0374,
    "mainnet_income_put_luna": 1,
    "mainnet_income_put_mngo": 1.00322,
    "mainnet_income_call_socean": 1.02395,
    "mainnet_income_call_srm": 1.02041,
    "mainnet_income_call_mngo": 1.01533,
    "mainnet_income_call_ray": 1.01764,
    "mainnet_income_call_eth": 1.0165,
    "mainnet_income_put_sol": 1.01183,
    "mainnet_income_put_btc": 1.00606
  },
  "depositTokenByGlobalId": {
    "mainnet_income_call_sol": 195282.527008812,
    "mainnet_income_call_marinade": 165927.264768601,
    "mainnet_income_call_btc": 446.446572,
    "mainnet_income_call_sbr": 19999999.398257,
    "mainnet_income_call_ftt": 67686.395478,
    "mainnet_income_call_luna": 90626.518322,
    "mainnet_income_put_luna": 220968.379823,
    "mainnet_income_put_mngo": 249437.27,
    "mainnet_income_call_socean": 11000,
    "mainnet_income_call_srm": 4240791.473809,
    "mainnet_income_call_mngo": 7875859.754746,
    "mainnet_income_call_ray": 23839.179952,
    "mainnet_income_call_eth": 1768.61292,
    "mainnet_income_put_sol": 14180612.57,
    "mainnet_income_put_btc": 1138723.52
  },
  "usdValueByGlobalId": {
    "mainnet_income_call_sol": 18114407.21,
    "mainnet_income_call_marinade": 15751475.24,
    "mainnet_income_call_btc": 16428787.4,
    "mainnet_income_call_sbr": 1333699.96,
    "mainnet_income_call_ftt": 2563960.66,
    "mainnet_income_call_luna": 5503748.46,
    "mainnet_income_put_luna": 220968.38,
    "mainnet_income_put_mngo": 249437.27,
    "mainnet_income_call_socean": 1042030,
    "mainnet_income_call_srm": 9075293.75,
    "mainnet_income_call_mngo": 1242653.15,
    "mainnet_income_call_ray": 84390.7,
    "mainnet_income_call_eth": 4379863.78,
    "mainnet_income_put_sol": 14180612.57,
    "mainnet_income_put_btc": 1138723.52
  },
  "globalIdToDepositTokenCoingeckoId": {
    "mainnet_income_call_sol": "solana",
    "mainnet_income_call_marinade": "msol",
    "mainnet_income_call_btc": "bitcoin",
    "mainnet_income_call_sbr": "saber",
    "mainnet_income_call_ftt": "ftx-token",
    "mainnet_income_call_luna": "terra-luna",
    "mainnet_income_put_luna": "terrausd",
    "mainnet_income_put_mngo": "usd-coin",
    "mainnet_income_call_socean": "socean-staked-sol",
    "mainnet_income_call_srm": "serum",
    "mainnet_income_call_mngo": "mango-markets",
    "mainnet_income_call_ray": "raydium",
    "mainnet_income_call_eth": "ethereum",
    "mainnet_income_put_sol": "usd-coin",
    "mainnet_income_put_btc": "usd-coin"
  }
}