{
  "totalTvlUSD": 94017907.97,
  "coinsByCoingeckoId": {
    "solana": 132200.263759574,
    "msol": 144471.006481395,
    "bitcoin": 366.33578,
    "saber": 11000000,
    "ftx-token": 76169.786905,
    "usd-coin": 13079334.410127,
    "terra-luna": 56204.626153,
    "socean-staked-sol": 7062.892405674,
    "serum": 3974644.201194,
    "mango-markets": 5999999.159277,
    "raydium": 19199.667605,
    "ethereum": 1479.821216
  },
  "pricesByCoingeckoId": {
    "BTC": 42054,
    "SOL": 138.61,
    "ETH": 3156.61,
    "mSOL": 141.96,
    "FTT": 38.67,
    "SRM": 2.99,
    "USDC": 1,
    "MNGO": 0.20222,
    "scnSOL": 139.44,
    "SBR": 0.078954,
    "LUNA": 71.75,
    "RAY": 5.16
  },
  "sharePricesByGlobalId": {
    "mainnet_income_call_sol": 1.03708,
    "mainnet_income_call_marinade": 1.02581,
    "mainnet_income_call_btc": 1.0644,
    "mainnet_income_call_sbr": 1,
    "mainnet_income_call_ftt": 1.01481,
    "mainnet_income_put_mngo": 1.00062,
    "mainnet_income_call_luna": 1.01873,
    "mainnet_income_call_socean": 1.01266,
    "mainnet_income_call_srm": 1.00834,
    "mainnet_income_call_mngo": 1.01232,
    "mainnet_income_call_ray": 1,
    "mainnet_income_call_eth": 1.01181,
    "mainnet_income_put_sol": 1.00376,
    "mainnet_income_put_btc": 1
  },
  "depositTokenByGlobalId": {
    "mainnet_income_call_sol": 132200.263759574,
    "mainnet_income_call_marinade": 144471.006481395,
    "mainnet_income_call_btc": 366.33578,
    "mainnet_income_call_sbr": 11000000,
    "mainnet_income_call_ftt": 76169.786905,
    "mainnet_income_put_mngo": 429859.76,
    "mainnet_income_call_luna": 56204.626153,
    "mainnet_income_call_socean": 7062.892405674,
    "mainnet_income_call_srm": 3974644.201194,
    "mainnet_income_call_mngo": 5999999.159277,
    "mainnet_income_call_ray": 19199.667605,
    "mainnet_income_call_eth": 1479.821216,
    "mainnet_income_put_sol": 10295096.86,
    "mainnet_income_put_btc": 2354377.79
  },
  "usdValueByGlobalId": {
    "mainnet_income_call_sol": 18324278.56,
    "mainnet_income_call_marinade": 20509104.08,
    "mainnet_income_call_btc": 15405884.89,
    "mainnet_income_call_sbr": 868494,
    "mainnet_income_call_ftt": 2945485.66,
    "mainnet_income_put_mngo": 429859.76,
    "mainnet_income_call_luna": 4032681.93,
    "mainnet_income_call_socean": 984849.72,
    "mainnet_income_call_srm": 11884186.16,
    "mainnet_income_call_mngo": 1213319.83,
    "mainnet_income_call_ray": 99070.28,
    "mainnet_income_call_eth": 4671218.45,
    "mainnet_income_put_sol": 10295096.86,
    "mainnet_income_put_btc": 2354377.79
  }
}