{
  "totalTvlUSD": 90152651.25,
  "coinsByCoingeckoId": {
    "solana": 124782.135525644,
    "msol": 135667.680106468,
    "bitcoin": 353.758278,
    "saber": 11000000,
    "ftx-token": 71348.902835,
    "usd-coin": 12771568.689995,
    "terra-luna": 39999.989397,
    "socean-staked-sol": 5499.723505502,
    "serum": 3964294.756605,
    "mango-markets": 5999999.148087,
    "raydium": 18915.242615,
    "ethereum": 1403.518304
  },
  "pricesByCoingeckoId": {
    "BTC": 42027,
    "SOL": 140.27,
    "ETH": 3228.04,
    "mSOL": 143.95,
    "FTT": 36.06,
    "SRM": 3.15,
    "USDC": 1,
    "MNGO": 0.192806,
    "scnSOL": 142.65,
    "SBR": 0.090898,
    "LUNA": 71.15,
    "RAY": 5.44
  },
  "sharePricesByGlobalId": {
    "mainnet_income_call_sol": 1.03708,
    "mainnet_income_call_marinade": 1.02581,
    "mainnet_income_call_btc": 1.0644,
    "mainnet_income_call_sbr": 1,
    "mainnet_income_call_ftt": 1.01481,
    "mainnet_income_put_mngo": 1,
    "mainnet_income_call_luna": 1.01873,
    "mainnet_income_call_socean": 1.01266,
    "mainnet_income_call_srm": 1.00834,
    "mainnet_income_call_mngo": 1.01232,
    "mainnet_income_call_ray": 1,
    "mainnet_income_call_eth": 1.01181,
    "mainnet_income_put_sol": 1,
    "mainnet_income_put_btc": 1
  },
  "depositTokenByGlobalId": {
    "mainnet_income_call_sol": 124782.135525644,
    "mainnet_income_call_marinade": 135667.680106468,
    "mainnet_income_call_btc": 353.758278,
    "mainnet_income_call_sbr": 11000000,
    "mainnet_income_call_ftt": 71348.902835,
    "mainnet_income_put_mngo": 420661.09,
    "mainnet_income_call_luna": 39999.989397,
    "mainnet_income_call_socean": 5499.723505502,
    "mainnet_income_call_srm": 3964294.756605,
    "mainnet_income_call_mngo": 5999999.148087,
    "mainnet_income_call_ray": 18915.242615,
    "mainnet_income_call_eth": 1403.518304,
    "mainnet_income_put_sol": 9999999.86,
    "mainnet_income_put_btc": 2350907.74
  },
  "usdValueByGlobalId": {
    "mainnet_income_call_sol": 17503190.15,
    "mainnet_income_call_marinade": 19529362.55,
    "mainnet_income_call_btc": 14867399.15,
    "mainnet_income_call_sbr": 999878,
    "mainnet_income_call_ftt": 2572841.44,
    "mainnet_income_put_mngo": 420661.09,
    "mainnet_income_call_luna": 2845999.25,
    "mainnet_income_call_socean": 784535.56,
    "mainnet_income_call_srm": 12487528.48,
    "mainnet_income_call_mngo": 1156835.84,
    "mainnet_income_call_ray": 102898.92,
    "mainnet_income_call_eth": 4530613.23,
    "mainnet_income_put_sol": 9999999.86,
    "mainnet_income_put_btc": 2350907.74
  }
}