{
  "totalTvlUSD": 92608196.45,
  "coinsByCoingeckoId": {
    "solana": 129057.677350644,
    "msol": 136968.034545778,
    "bitcoin": 355.195846,
    "saber": 11000000,
    "ftx-token": 72698.904788,
    "usd-coin": 12778362.187611,
    "terra-luna": 39999.999397,
    "socean-staked-sol": 5499.990099232,
    "serum": 3966379.6449,
    "mango-markets": 5999999.159277,
    "raydium": 18918.099566,
    "ethereum": 1467.403075
  },
  "pricesByCoingeckoId": {
    "BTC": 42607,
    "SOL": 144.78,
    "ETH": 3203.13,
    "mSOL": 148.32,
    "FTT": 37.52,
    "SRM": 3.09,
    "USDC": 1,
    "MNGO": 0.19225,
    "scnSOL": 147.32,
    "SBR": 0.086963,
    "LUNA": 74.72,
    "RAY": 5.43
  },
  "sharePricesByGlobalId": {
    "mainnet_income_call_sol": 1.03708,
    "mainnet_income_call_marinade": 1.02581,
    "mainnet_income_call_btc": 1.0644,
    "mainnet_income_call_sbr": 1,
    "mainnet_income_call_ftt": 1.01481,
    "mainnet_income_put_mngo": 1,
    "mainnet_income_call_luna": 1.01873,
    "mainnet_income_call_socean": 1.01266,
    "mainnet_income_call_srm": 1.00834,
    "mainnet_income_call_mngo": 1.01232,
    "mainnet_income_call_ray": 1,
    "mainnet_income_call_eth": 1.01181,
    "mainnet_income_put_sol": 1,
    "mainnet_income_put_btc": 1
  },
  "depositTokenByGlobalId": {
    "mainnet_income_call_sol": 129057.677350644,
    "mainnet_income_call_marinade": 136968.034545778,
    "mainnet_income_call_btc": 355.195846,
    "mainnet_income_call_sbr": 11000000,
    "mainnet_income_call_ftt": 72698.904788,
    "mainnet_income_put_mngo": 426053.57,
    "mainnet_income_call_luna": 39999.999397,
    "mainnet_income_call_socean": 5499.990099232,
    "mainnet_income_call_srm": 3966379.6449,
    "mainnet_income_call_mngo": 5999999.159277,
    "mainnet_income_call_ray": 18918.099566,
    "mainnet_income_call_eth": 1467.403075,
    "mainnet_income_put_sol": 9999999.97,
    "mainnet_income_put_btc": 2352308.65
  },
  "usdValueByGlobalId": {
    "mainnet_income_call_sol": 18684970.53,
    "mainnet_income_call_marinade": 20315098.88,
    "mainnet_income_call_btc": 15133829.41,
    "mainnet_income_call_sbr": 956593,
    "mainnet_income_call_ftt": 2727662.91,
    "mainnet_income_put_mngo": 426053.57,
    "mainnet_income_call_luna": 2988799.95,
    "mainnet_income_call_socean": 810258.54,
    "mainnet_income_call_srm": 12256113.1,
    "mainnet_income_call_mngo": 1153499.84,
    "mainnet_income_call_ray": 102725.28,
    "mainnet_income_call_eth": 4700282.81,
    "mainnet_income_put_sol": 9999999.97,
    "mainnet_income_put_btc": 2352308.65
  }
}