{
  "totalTvlUSD": 113765052.71,
  "coinsByCoingeckoId": {
    "solana": 178841.91157887,
    "msol": 165770.634158314,
    "bitcoin": 431.637994,
    "saber": 19999999.760273,
    "ftx-token": 75145.317536,
    "terra-luna": 86470.120996,
    "terrausd": 175709.402127,
    "usd-coin": 13430830.675959999,
    "socean-staked-sol": 11000,
    "serum": 4214610.282533,
    "mango-markets": 9045687.358508,
    "raydium": 20609.053884,
    "ethereum": 1798.401682
  },
  "pricesByCoingeckoId": {
    "BTC": 41990,
    "SOL": 136.9,
    "ETH": 3133.53,
    "mSOL": 140.54,
    "FTT": 46.77,
    "SRM": 2.92,
    "USDC": 1,
    "MNGO": 0.200832,
    "scnSOL": 140.08,
    "SBR": 0.114133,
    "LUNA": 81.57,
    "UST": 1,
    "RAY": 5
  },
  "sharePricesByGlobalId": {
    "mainnet_income_call_sol": 1.05342,
    "mainnet_income_call_marinade": 1.03017,
    "mainnet_income_call_btc": 1.06976,
    "mainnet_income_call_sbr": 1.04667,
    "mainnet_income_call_ftt": 1.02068,
    "mainnet_income_call_luna": 1.02692,
    "mainnet_income_put_luna": 1,
    "mainnet_income_put_mngo": 1.00201,
    "mainnet_income_call_socean": 1.01629,
    "mainnet_income_call_srm": 1.01304,
    "mainnet_income_call_mngo": 1.01322,
    "mainnet_income_call_ray": 1.00275,
    "mainnet_income_call_eth": 1.01667,
    "mainnet_income_put_sol": 1.00281,
    "mainnet_income_put_btc": 1.00329
  },
  "depositTokenByGlobalId": {
    "mainnet_income_call_sol": 178841.91157887,
    "mainnet_income_call_marinade": 165770.634158314,
    "mainnet_income_call_btc": 431.637994,
    "mainnet_income_call_sbr": 19999999.760273,
    "mainnet_income_call_ftt": 75145.317536,
    "mainnet_income_call_luna": 86470.120996,
    "mainnet_income_put_luna": 175709.402127,
    "mainnet_income_put_mngo": 397710.67,
    "mainnet_income_call_socean": 11000,
    "mainnet_income_call_srm": 4214610.282533,
    "mainnet_income_call_mngo": 9045687.358508,
    "mainnet_income_call_ray": 20609.053884,
    "mainnet_income_call_eth": 1798.401682,
    "mainnet_income_put_sol": 11907255.97,
    "mainnet_income_put_btc": 1125864.04
  },
  "usdValueByGlobalId": {
    "mainnet_income_call_sol": 24483457.7,
    "mainnet_income_call_marinade": 23297404.92,
    "mainnet_income_call_btc": 18124479.37,
    "mainnet_income_call_sbr": 2282659.97,
    "mainnet_income_call_ftt": 3514546.5,
    "mainnet_income_call_luna": 7053367.77,
    "mainnet_income_put_luna": 175709.4,
    "mainnet_income_put_mngo": 397710.67,
    "mainnet_income_call_socean": 1540880,
    "mainnet_income_call_srm": 12306662.02,
    "mainnet_income_call_mngo": 1816663.48,
    "mainnet_income_call_ray": 103045.27,
    "mainnet_income_call_eth": 5635345.62,
    "mainnet_income_put_sol": 11907255.97,
    "mainnet_income_put_btc": 1125864.04
  },
  "globalIdToDepositTokenCoingeckoId": {
    "mainnet_income_call_sol": "solana",
    "mainnet_income_call_marinade": "msol",
    "mainnet_income_call_btc": "bitcoin",
    "mainnet_income_call_sbr": "saber",
    "mainnet_income_call_ftt": "ftx-token",
    "mainnet_income_call_luna": "terra-luna",
    "mainnet_income_put_luna": "terrausd",
    "mainnet_income_put_mngo": "usd-coin",
    "mainnet_income_call_socean": "socean-staked-sol",
    "mainnet_income_call_srm": "serum",
    "mainnet_income_call_mngo": "mango-markets",
    "mainnet_income_call_ray": "raydium",
    "mainnet_income_call_eth": "ethereum",
    "mainnet_income_put_sol": "usd-coin",
    "mainnet_income_put_btc": "usd-coin"
  }
}