{
  "totalTvlUSD": 106755401.08,
  "coinsByCoingeckoId": {
    "solana": 139036.35931187,
    "msol": 158590.287102334,
    "bitcoin": 415.52996,
    "saber": 19241089.674775,
    "ftx-token": 67216.225849,
    "usd-coin": 11975072.761681,
    "terra-luna": 65240.396277,
    "socean-staked-sol": 10999.987641614,
    "serum": 4029871.180157,
    "mango-markets": 8706040.823464,
    "raydium": 16185.11108,
    "ethereum": 1687.683123
  },
  "pricesByCoingeckoId": {
    "BTC": 43410,
    "SOL": 147.72,
    "ETH": 3325.14,
    "mSOL": 151.71,
    "FTT": 44.64,
    "SRM": 3.19,
    "USDC": 1,
    "MNGO": 0.200725,
    "scnSOL": 149.14,
    "SBR": 0.093499,
    "LUNA": 82.8,
    "RAY": 5.4
  },
  "sharePricesByGlobalId": {
    "mainnet_income_call_sol": 1.04444,
    "mainnet_income_call_marinade": 1.03017,
    "mainnet_income_call_btc": 1.06814,
    "mainnet_income_call_sbr": 1.04667,
    "mainnet_income_call_ftt": 1.02068,
    "mainnet_income_put_mngo": 1.00201,
    "mainnet_income_call_luna": 1.02692,
    "mainnet_income_call_socean": 1.01629,
    "mainnet_income_call_srm": 1.01304,
    "mainnet_income_call_mngo": 1.01322,
    "mainnet_income_call_ray": 1.00275,
    "mainnet_income_call_eth": 1.01502,
    "mainnet_income_put_sol": 1.00281,
    "mainnet_income_put_btc": 1.00329
  },
  "depositTokenByGlobalId": {
    "mainnet_income_call_sol": 139036.35931187,
    "mainnet_income_call_marinade": 158590.287102334,
    "mainnet_income_call_btc": 415.52996,
    "mainnet_income_call_sbr": 19241089.674775,
    "mainnet_income_call_ftt": 67216.225849,
    "mainnet_income_put_mngo": 391820.22,
    "mainnet_income_call_luna": 65240.396277,
    "mainnet_income_call_socean": 10999.987641614,
    "mainnet_income_call_srm": 4029871.180157,
    "mainnet_income_call_mngo": 8706040.823464,
    "mainnet_income_call_ray": 16185.11108,
    "mainnet_income_call_eth": 1687.683123,
    "mainnet_income_put_sol": 10459060.21,
    "mainnet_income_put_btc": 1124192.33
  },
  "usdValueByGlobalId": {
    "mainnet_income_call_sol": 20538451,
    "mainnet_income_call_marinade": 24059732.46,
    "mainnet_income_call_btc": 18038155.56,
    "mainnet_income_call_sbr": 1799022.64,
    "mainnet_income_call_ftt": 3000532.32,
    "mainnet_income_put_mngo": 391820.22,
    "mainnet_income_call_luna": 5401904.81,
    "mainnet_income_call_socean": 1640538.16,
    "mainnet_income_call_srm": 12855289.06,
    "mainnet_income_call_mngo": 1747520.04,
    "mainnet_income_call_ray": 87399.6,
    "mainnet_income_call_eth": 5611782.66,
    "mainnet_income_put_sol": 10459060.21,
    "mainnet_income_put_btc": 1124192.33
  },
  "globalIdToDepositTokenCoingeckoId": {
    "mainnet_income_call_sol": "solana",
    "mainnet_income_call_marinade": "msol",
    "mainnet_income_call_btc": "bitcoin",
    "mainnet_income_call_sbr": "saber",
    "mainnet_income_call_ftt": "ftx-token",
    "mainnet_income_put_mngo": "usd-coin",
    "mainnet_income_call_luna": "terra-luna",
    "mainnet_income_call_socean": "socean-staked-sol",
    "mainnet_income_call_srm": "serum",
    "mainnet_income_call_mngo": "mango-markets",
    "mainnet_income_call_ray": "raydium",
    "mainnet_income_call_eth": "ethereum",
    "mainnet_income_put_sol": "usd-coin",
    "mainnet_income_put_btc": "usd-coin"
  }
}