{
  "totalTvlUSD": 84449255.33,
  "coinsByCoingeckoId": {
    "solana": 188299.906158812,
    "msol": 162310.108597576,
    "bitcoin": 432.209407,
    "saber": 18801906.501584,
    "ftx-token": 66478.416909,
    "terra-luna": 82762.32551,
    "terrausd": 207818.654299,
    "usd-coin": 14062851.470973,
    "socean-staked-sol": 10999.999764954,
    "serum": 4235069.805075,
    "mango-markets": 7820363.780532,
    "raydium": 21181.224006,
    "ethereum": 1762.055973
  },
  "pricesByCoingeckoId": {
    "BTC": 35013,
    "SOL": 86.98,
    "ETH": 2392.17,
    "mSOL": 89.79,
    "FTT": 34.2,
    "SRM": 2.09,
    "USDC": 1,
    "MNGO": 0.149046,
    "scnSOL": 88.62,
    "SBR": 0.069984,
    "LUNA": 63.12,
    "UST": 1,
    "RAY": 3.46
  },
  "sharePricesByGlobalId": {
    "mainnet_income_call_sol": 1.05252,
    "mainnet_income_call_marinade": 1.03727,
    "mainnet_income_call_btc": 1.0696,
    "mainnet_income_call_sbr": 1.05044,
    "mainnet_income_call_ftt": 1.02696,
    "mainnet_income_call_luna": 1.0374,
    "mainnet_income_put_luna": 1,
    "mainnet_income_put_mngo": 1.00322,
    "mainnet_income_call_socean": 1.02395,
    "mainnet_income_call_srm": 1.02041,
    "mainnet_income_call_mngo": 1.01533,
    "mainnet_income_call_ray": 1.01764,
    "mainnet_income_call_eth": 1.0165,
    "mainnet_income_put_sol": 1.01183,
    "mainnet_income_put_btc": 1.00606
  },
  "depositTokenByGlobalId": {
    "mainnet_income_call_sol": 188299.906158812,
    "mainnet_income_call_marinade": 162310.108597576,
    "mainnet_income_call_btc": 432.209407,
    "mainnet_income_call_sbr": 18801906.501584,
    "mainnet_income_call_ftt": 66478.416909,
    "mainnet_income_call_luna": 82762.32551,
    "mainnet_income_put_luna": 207818.654299,
    "mainnet_income_put_mngo": 248683.41,
    "mainnet_income_call_socean": 10999.999764954,
    "mainnet_income_call_srm": 4235069.805075,
    "mainnet_income_call_mngo": 7820363.780532,
    "mainnet_income_call_ray": 21181.224006,
    "mainnet_income_call_eth": 1762.055973,
    "mainnet_income_put_sol": 12675957.23,
    "mainnet_income_put_btc": 1138210.83
  },
  "usdValueByGlobalId": {
    "mainnet_income_call_sol": 16378325.84,
    "mainnet_income_call_marinade": 14573824.65,
    "mainnet_income_call_btc": 15132947.97,
    "mainnet_income_call_sbr": 1315832.62,
    "mainnet_income_call_ftt": 2273561.86,
    "mainnet_income_call_luna": 5223957.99,
    "mainnet_income_put_luna": 207818.65,
    "mainnet_income_put_mngo": 248683.41,
    "mainnet_income_call_socean": 974819.98,
    "mainnet_income_call_srm": 8851295.89,
    "mainnet_income_call_mngo": 1165593.94,
    "mainnet_income_call_ray": 73287.04,
    "mainnet_income_call_eth": 4215137.44,
    "mainnet_income_put_sol": 12675957.23,
    "mainnet_income_put_btc": 1138210.83
  },
  "globalIdToDepositTokenCoingeckoId": {
    "mainnet_income_call_sol": "solana",
    "mainnet_income_call_marinade": "msol",
    "mainnet_income_call_btc": "bitcoin",
    "mainnet_income_call_sbr": "saber",
    "mainnet_income_call_ftt": "ftx-token",
    "mainnet_income_call_luna": "terra-luna",
    "mainnet_income_put_luna": "terrausd",
    "mainnet_income_put_mngo": "usd-coin",
    "mainnet_income_call_socean": "socean-staked-sol",
    "mainnet_income_call_srm": "serum",
    "mainnet_income_call_mngo": "mango-markets",
    "mainnet_income_call_ray": "raydium",
    "mainnet_income_call_eth": "ethereum",
    "mainnet_income_put_sol": "usd-coin",
    "mainnet_income_put_btc": "usd-coin"
  }
}