{
  "totalTvlUSD": 108899165.03,
  "coinsByCoingeckoId": {
    "solana": 184056.91877887,
    "msol": 168456.336237578,
    "bitcoin": 435.126767,
    "saber": 20000000,
    "ftx-token": 76156.013569,
    "terra-luna": 89738.876273,
    "terrausd": 200745.49242,
    "usd-coin": 14735523.714282,
    "socean-staked-sol": 11000,
    "serum": 4249760.505562,
    "mango-markets": 9203434.886866,
    "raydium": 21222.698075,
    "ethereum": 1873.30235
  },
  "pricesByCoingeckoId": {
    "BTC": 38900,
    "SOL": 125.37,
    "ETH": 2873.95,
    "mSOL": 128.33,
    "FTT": 43.75,
    "SRM": 2.66,
    "USDC": 1,
    "MNGO": 0.19516,
    "scnSOL": 128.15,
    "SBR": 0.099845,
    "LUNA": 78.26,
    "UST": 1,
    "RAY": 4.6
  },
  "sharePricesByGlobalId": {
    "mainnet_income_call_sol": 1.05342,
    "mainnet_income_call_marinade": 1.03806,
    "mainnet_income_call_btc": 1.06976,
    "mainnet_income_call_sbr": 1.05086,
    "mainnet_income_call_ftt": 1.02766,
    "mainnet_income_call_luna": 1.03856,
    "mainnet_income_put_luna": 1,
    "mainnet_income_put_mngo": 1.00335,
    "mainnet_income_call_socean": 1.0248,
    "mainnet_income_call_srm": 1.02123,
    "mainnet_income_call_mngo": 1.01556,
    "mainnet_income_call_ray": 1.01929,
    "mainnet_income_call_eth": 1.01667,
    "mainnet_income_put_sol": 1.01284,
    "mainnet_income_put_btc": 1.00637
  },
  "depositTokenByGlobalId": {
    "mainnet_income_call_sol": 184056.91877887,
    "mainnet_income_call_marinade": 168456.336237578,
    "mainnet_income_call_btc": 435.126767,
    "mainnet_income_call_sbr": 20000000,
    "mainnet_income_call_ftt": 76156.013569,
    "mainnet_income_call_luna": 89738.876273,
    "mainnet_income_put_luna": 200745.49242,
    "mainnet_income_put_mngo": 411031.64,
    "mainnet_income_call_socean": 11000,
    "mainnet_income_call_srm": 4249760.505562,
    "mainnet_income_call_mngo": 9203434.886866,
    "mainnet_income_call_ray": 21222.698075,
    "mainnet_income_call_eth": 1873.30235,
    "mainnet_income_put_sol": 13195135.43,
    "mainnet_income_put_btc": 1129356.64
  },
  "usdValueByGlobalId": {
    "mainnet_income_call_sol": 23075215.91,
    "mainnet_income_call_marinade": 21618001.63,
    "mainnet_income_call_btc": 16926431.24,
    "mainnet_income_call_sbr": 1996900,
    "mainnet_income_call_ftt": 3331825.59,
    "mainnet_income_call_luna": 7022964.46,
    "mainnet_income_put_luna": 200745.49,
    "mainnet_income_put_mngo": 411031.64,
    "mainnet_income_call_socean": 1409650,
    "mainnet_income_call_srm": 11304362.94,
    "mainnet_income_call_mngo": 1796142.35,
    "mainnet_income_call_ray": 97624.41,
    "mainnet_income_call_eth": 5383777.29,
    "mainnet_income_put_sol": 13195135.43,
    "mainnet_income_put_btc": 1129356.64
  },
  "globalIdToDepositTokenCoingeckoId": {
    "mainnet_income_call_sol": "solana",
    "mainnet_income_call_marinade": "msol",
    "mainnet_income_call_btc": "bitcoin",
    "mainnet_income_call_sbr": "saber",
    "mainnet_income_call_ftt": "ftx-token",
    "mainnet_income_call_luna": "terra-luna",
    "mainnet_income_put_luna": "terrausd",
    "mainnet_income_put_mngo": "usd-coin",
    "mainnet_income_call_socean": "socean-staked-sol",
    "mainnet_income_call_srm": "serum",
    "mainnet_income_call_mngo": "mango-markets",
    "mainnet_income_call_ray": "raydium",
    "mainnet_income_call_eth": "ethereum",
    "mainnet_income_put_sol": "usd-coin",
    "mainnet_income_put_btc": "usd-coin"
  }
}