{
  "totalTvlUSD": 92123212.03,
  "coinsByCoingeckoId": {
    "solana": 197156.345008812,
    "msol": 167098.544922705,
    "bitcoin": 449.892005,
    "saber": 19999999.398257,
    "ftx-token": 67786.91977,
    "terra-luna": 92906.158983,
    "terrausd": 222587.809918,
    "usd-coin": 16358240.828283,
    "socean-staked-sol": 11000,
    "serum": 4261644.267456,
    "mango-markets": 7884058.358746,
    "raydium": 23843.179952,
    "ethereum": 1777.242632
  },
  "pricesByCoingeckoId": {
    "BTC": 37306,
    "SOL": 92,
    "ETH": 2440.21,
    "mSOL": 94.43,
    "FTT": 38.67,
    "SRM": 2.15,
    "USDC": 1,
    "MNGO": 0.154646,
    "scnSOL": 93.82,
    "SBR": 0.066595,
    "LUNA": 54.38,
    "UST": 0.997845,
    "RAY": 3.59
  },
  "sharePricesByGlobalId": {
    "mainnet_income_call_sol": 1.0587,
    "mainnet_income_call_marinade": 1.03965,
    "mainnet_income_call_btc": 1.07217,
    "mainnet_income_call_sbr": 1.05044,
    "mainnet_income_call_ftt": 1.02696,
    "mainnet_income_call_luna": 1.04984,
    "mainnet_income_put_luna": 1,
    "mainnet_income_put_mngo": 1.00322,
    "mainnet_income_call_socean": 1.02395,
    "mainnet_income_call_srm": 1.02513,
    "mainnet_income_call_mngo": 1.01533,
    "mainnet_income_call_ray": 1.01764,
    "mainnet_income_call_eth": 1.0165,
    "mainnet_income_put_sol": 1.01183,
    "mainnet_income_put_btc": 1.00606
  },
  "depositTokenByGlobalId": {
    "mainnet_income_call_sol": 197156.345008812,
    "mainnet_income_call_marinade": 167098.544922705,
    "mainnet_income_call_btc": 449.892005,
    "mainnet_income_call_sbr": 19999999.398257,
    "mainnet_income_call_ftt": 67786.91977,
    "mainnet_income_call_luna": 92906.158983,
    "mainnet_income_put_luna": 222587.809918,
    "mainnet_income_put_mngo": 249437.37,
    "mainnet_income_call_socean": 11000,
    "mainnet_income_call_srm": 4261644.267456,
    "mainnet_income_call_mngo": 7884058.358746,
    "mainnet_income_call_ray": 23843.179952,
    "mainnet_income_call_eth": 1777.242632,
    "mainnet_income_put_sol": 14970079.93,
    "mainnet_income_put_btc": 1138723.52
  },
  "usdValueByGlobalId": {
    "mainnet_income_call_sol": 18138383.74,
    "mainnet_income_call_marinade": 15779115.6,
    "mainnet_income_call_btc": 16783671.14,
    "mainnet_income_call_sbr": 1331899.96,
    "mainnet_income_call_ftt": 2621320.19,
    "mainnet_income_call_luna": 5052236.93,
    "mainnet_income_put_luna": 222108.13,
    "mainnet_income_put_mngo": 249437.37,
    "mainnet_income_call_socean": 1032020,
    "mainnet_income_call_srm": 9162535.18,
    "mainnet_income_call_mngo": 1219238.09,
    "mainnet_income_call_ray": 85597.02,
    "mainnet_income_call_eth": 4336845.24,
    "mainnet_income_put_sol": 14970079.93,
    "mainnet_income_put_btc": 1138723.52
  },
  "globalIdToDepositTokenCoingeckoId": {
    "mainnet_income_call_sol": "solana",
    "mainnet_income_call_marinade": "msol",
    "mainnet_income_call_btc": "bitcoin",
    "mainnet_income_call_sbr": "saber",
    "mainnet_income_call_ftt": "ftx-token",
    "mainnet_income_call_luna": "terra-luna",
    "mainnet_income_put_luna": "terrausd",
    "mainnet_income_put_mngo": "usd-coin",
    "mainnet_income_call_socean": "socean-staked-sol",
    "mainnet_income_call_srm": "serum",
    "mainnet_income_call_mngo": "mango-markets",
    "mainnet_income_call_ray": "raydium",
    "mainnet_income_call_eth": "ethereum",
    "mainnet_income_put_sol": "usd-coin",
    "mainnet_income_put_btc": "usd-coin"
  }
}