{
  "totalTvlUSD": 108762754.52,
  "coinsByCoingeckoId": {
    "solana": 142469.14711187,
    "msol": 159031.718566754,
    "bitcoin": 416.921288,
    "saber": 19999997.492037,
    "ftx-token": 67356.918789,
    "usd-coin": 12180182.698569998,
    "terra-luna": 68172.638081,
    "socean-staked-sol": 10999.987641614,
    "serum": 4063633.368454,
    "mango-markets": 8818351.851856,
    "raydium": 16652.379413,
    "ethereum": 1697.302106
  },
  "pricesByCoingeckoId": {
    "BTC": 43495,
    "SOL": 148.32,
    "ETH": 3373.2,
    "mSOL": 152.15,
    "FTT": 47.02,
    "SRM": 3.24,
    "USDC": 1,
    "MNGO": 0.197444,
    "scnSOL": 150.52,
    "SBR": 0.086826,
    "LUNA": 85.63,
    "RAY": 5.48
  },
  "sharePricesByGlobalId": {
    "mainnet_income_call_sol": 1.04444,
    "mainnet_income_call_marinade": 1.03017,
    "mainnet_income_call_btc": 1.06814,
    "mainnet_income_call_sbr": 1.04667,
    "mainnet_income_call_ftt": 1.02068,
    "mainnet_income_put_mngo": 1.00201,
    "mainnet_income_call_luna": 1.02692,
    "mainnet_income_call_socean": 1.01629,
    "mainnet_income_call_srm": 1.01304,
    "mainnet_income_call_mngo": 1.01322,
    "mainnet_income_call_ray": 1.00275,
    "mainnet_income_call_eth": 1.01502,
    "mainnet_income_put_sol": 1.00281,
    "mainnet_income_put_btc": 1.00329
  },
  "depositTokenByGlobalId": {
    "mainnet_income_call_sol": 142469.14711187,
    "mainnet_income_call_marinade": 159031.718566754,
    "mainnet_income_call_btc": 416.921288,
    "mainnet_income_call_sbr": 19999997.492037,
    "mainnet_income_call_ftt": 67356.918789,
    "mainnet_income_put_mngo": 392112.07,
    "mainnet_income_call_luna": 68172.638081,
    "mainnet_income_call_socean": 10999.987641614,
    "mainnet_income_call_srm": 4063633.368454,
    "mainnet_income_call_mngo": 8818351.851856,
    "mainnet_income_call_ray": 16652.379413,
    "mainnet_income_call_eth": 1697.302106,
    "mainnet_income_put_sol": 10663586.49,
    "mainnet_income_put_btc": 1124484.14
  },
  "usdValueByGlobalId": {
    "mainnet_income_call_sol": 21131023.9,
    "mainnet_income_call_marinade": 24196675.98,
    "mainnet_income_call_btc": 18133991.42,
    "mainnet_income_call_sbr": 1736519.78,
    "mainnet_income_call_ftt": 3167122.32,
    "mainnet_income_put_mngo": 392112.07,
    "mainnet_income_call_luna": 5837623,
    "mainnet_income_call_socean": 1655718.14,
    "mainnet_income_call_srm": 13166172.11,
    "mainnet_income_call_mngo": 1741130.66,
    "mainnet_income_call_ray": 91255.04,
    "mainnet_income_call_eth": 5725339.46,
    "mainnet_income_put_sol": 10663586.49,
    "mainnet_income_put_btc": 1124484.14
  },
  "globalIdToDepositTokenCoingeckoId": {
    "mainnet_income_call_sol": "solana",
    "mainnet_income_call_marinade": "msol",
    "mainnet_income_call_btc": "bitcoin",
    "mainnet_income_call_sbr": "saber",
    "mainnet_income_call_ftt": "ftx-token",
    "mainnet_income_put_mngo": "usd-coin",
    "mainnet_income_call_luna": "terra-luna",
    "mainnet_income_call_socean": "socean-staked-sol",
    "mainnet_income_call_srm": "serum",
    "mainnet_income_call_mngo": "mango-markets",
    "mainnet_income_call_ray": "raydium",
    "mainnet_income_call_eth": "ethereum",
    "mainnet_income_put_sol": "usd-coin",
    "mainnet_income_put_btc": "usd-coin"
  }
}