{
  "totalTvlUSD": 112564927.03,
  "coinsByCoingeckoId": {
    "solana": 175852.06837887,
    "msol": 164521.863847212,
    "bitcoin": 429.377385,
    "saber": 19999999.760273,
    "ftx-token": 75114.157136,
    "terra-luna": 86377.506328,
    "terrausd": 162364.946911,
    "usd-coin": 13315839.856684,
    "socean-staked-sol": 10999.999467117,
    "serum": 4210918.841098,
    "mango-markets": 9036849.268517,
    "raydium": 20609.053884,
    "ethereum": 1796.051596
  },
  "pricesByCoingeckoId": {
    "BTC": 41916,
    "SOL": 136.64,
    "ETH": 3124.47,
    "mSOL": 140.21,
    "FTT": 46.03,
    "SRM": 2.92,
    "USDC": 1,
    "MNGO": 0.200663,
    "scnSOL": 140.83,
    "SBR": 0.113753,
    "LUNA": 79.74,
    "UST": 0.996716,
    "RAY": 5
  },
  "sharePricesByGlobalId": {
    "mainnet_income_call_sol": 1.05342,
    "mainnet_income_call_marinade": 1.03017,
    "mainnet_income_call_btc": 1.06976,
    "mainnet_income_call_sbr": 1.04667,
    "mainnet_income_call_ftt": 1.02068,
    "mainnet_income_call_luna": 1.02692,
    "mainnet_income_put_luna": 1,
    "mainnet_income_put_mngo": 1.00201,
    "mainnet_income_call_socean": 1.01629,
    "mainnet_income_call_srm": 1.01304,
    "mainnet_income_call_mngo": 1.01322,
    "mainnet_income_call_ray": 1.00275,
    "mainnet_income_call_eth": 1.01667,
    "mainnet_income_put_sol": 1.00281,
    "mainnet_income_put_btc": 1.00329
  },
  "depositTokenByGlobalId": {
    "mainnet_income_call_sol": 175852.06837887,
    "mainnet_income_call_marinade": 164521.863847212,
    "mainnet_income_call_btc": 429.377385,
    "mainnet_income_call_sbr": 19999999.760273,
    "mainnet_income_call_ftt": 75114.157136,
    "mainnet_income_call_luna": 86377.506328,
    "mainnet_income_put_luna": 162364.946911,
    "mainnet_income_put_mngo": 397710.67,
    "mainnet_income_call_socean": 10999.999467117,
    "mainnet_income_call_srm": 4210918.841098,
    "mainnet_income_call_mngo": 9036849.268517,
    "mainnet_income_call_ray": 20609.053884,
    "mainnet_income_call_eth": 1796.051596,
    "mainnet_income_put_sol": 11792315.15,
    "mainnet_income_put_btc": 1125814.04
  },
  "usdValueByGlobalId": {
    "mainnet_income_call_sol": 24028426.62,
    "mainnet_income_call_marinade": 23067610.53,
    "mainnet_income_call_btc": 17997782.47,
    "mainnet_income_call_sbr": 2275059.97,
    "mainnet_income_call_ftt": 3457504.65,
    "mainnet_income_call_luna": 6887742.35,
    "mainnet_income_put_luna": 161831.74,
    "mainnet_income_put_mngo": 397710.67,
    "mainnet_income_call_socean": 1549129.92,
    "mainnet_income_call_srm": 12295883.02,
    "mainnet_income_call_mngo": 1813361.28,
    "mainnet_income_call_ray": 103045.27,
    "mainnet_income_call_eth": 5611709.33,
    "mainnet_income_put_sol": 11792315.15,
    "mainnet_income_put_btc": 1125814.04
  },
  "globalIdToDepositTokenCoingeckoId": {
    "mainnet_income_call_sol": "solana",
    "mainnet_income_call_marinade": "msol",
    "mainnet_income_call_btc": "bitcoin",
    "mainnet_income_call_sbr": "saber",
    "mainnet_income_call_ftt": "ftx-token",
    "mainnet_income_call_luna": "terra-luna",
    "mainnet_income_put_luna": "terrausd",
    "mainnet_income_put_mngo": "usd-coin",
    "mainnet_income_call_socean": "socean-staked-sol",
    "mainnet_income_call_srm": "serum",
    "mainnet_income_call_mngo": "mango-markets",
    "mainnet_income_call_ray": "raydium",
    "mainnet_income_call_eth": "ethereum",
    "mainnet_income_put_sol": "usd-coin",
    "mainnet_income_put_btc": "usd-coin"
  }
}