{
  "totalTvlUSD": 113617356.42,
  "coinsByCoingeckoId": {
    "solana": 174460.89647887,
    "msol": 164023.754530778,
    "bitcoin": 428.757717,
    "saber": 19999999.54855,
    "ftx-token": 73764.516683,
    "terra-luna": 85331.707492,
    "terrausd": 153893.544231,
    "usd-coin": 13181560.331167,
    "socean-staked-sol": 10999.999467117,
    "serum": 4207982.134878,
    "mango-markets": 9018452.757475,
    "raydium": 20340.614628,
    "ethereum": 1766.572235
  },
  "pricesByCoingeckoId": {
    "BTC": 42295,
    "SOL": 140.58,
    "ETH": 3151.62,
    "mSOL": 144.28,
    "FTT": 44.71,
    "SRM": 2.98,
    "USDC": 1,
    "MNGO": 0.201307,
    "scnSOL": 144.33,
    "SBR": 0.112395,
    "LUNA": 79.64,
    "UST": 1,
    "RAY": 5.13
  },
  "sharePricesByGlobalId": {
    "mainnet_income_call_sol": 1.05342,
    "mainnet_income_call_marinade": 1.03017,
    "mainnet_income_call_btc": 1.06976,
    "mainnet_income_call_sbr": 1.04667,
    "mainnet_income_call_ftt": 1.02068,
    "mainnet_income_call_luna": 1.02692,
    "mainnet_income_put_luna": 1,
    "mainnet_income_put_mngo": 1.00201,
    "mainnet_income_call_socean": 1.01629,
    "mainnet_income_call_srm": 1.01304,
    "mainnet_income_call_mngo": 1.01322,
    "mainnet_income_call_ray": 1.00275,
    "mainnet_income_call_eth": 1.01667,
    "mainnet_income_put_sol": 1.00281,
    "mainnet_income_put_btc": 1.00329
  },
  "depositTokenByGlobalId": {
    "mainnet_income_call_sol": 174460.89647887,
    "mainnet_income_call_marinade": 164023.754530778,
    "mainnet_income_call_btc": 428.757717,
    "mainnet_income_call_sbr": 19999999.54855,
    "mainnet_income_call_ftt": 73764.516683,
    "mainnet_income_call_luna": 85331.707492,
    "mainnet_income_put_luna": 153893.544231,
    "mainnet_income_put_mngo": 397677.27,
    "mainnet_income_call_socean": 10999.999467117,
    "mainnet_income_call_srm": 4207982.134878,
    "mainnet_income_call_mngo": 9018452.757475,
    "mainnet_income_call_ray": 20340.614628,
    "mainnet_income_call_eth": 1766.572235,
    "mainnet_income_put_sol": 11658079.02,
    "mainnet_income_put_btc": 1125804.04
  },
  "usdValueByGlobalId": {
    "mainnet_income_call_sol": 24525712.83,
    "mainnet_income_call_marinade": 23665347.3,
    "mainnet_income_call_btc": 18134307.64,
    "mainnet_income_call_sbr": 2247899.95,
    "mainnet_income_call_ftt": 3298011.54,
    "mainnet_income_call_luna": 6795817.18,
    "mainnet_income_put_luna": 153893.54,
    "mainnet_income_put_mngo": 397677.27,
    "mainnet_income_call_socean": 1587629.92,
    "mainnet_income_call_srm": 12539786.76,
    "mainnet_income_call_mngo": 1815477.67,
    "mainnet_income_call_ray": 104347.35,
    "mainnet_income_call_eth": 5567564.39,
    "mainnet_income_put_sol": 11658079.02,
    "mainnet_income_put_btc": 1125804.04
  },
  "globalIdToDepositTokenCoingeckoId": {
    "mainnet_income_call_sol": "solana",
    "mainnet_income_call_marinade": "msol",
    "mainnet_income_call_btc": "bitcoin",
    "mainnet_income_call_sbr": "saber",
    "mainnet_income_call_ftt": "ftx-token",
    "mainnet_income_call_luna": "terra-luna",
    "mainnet_income_put_luna": "terrausd",
    "mainnet_income_put_mngo": "usd-coin",
    "mainnet_income_call_socean": "socean-staked-sol",
    "mainnet_income_call_srm": "serum",
    "mainnet_income_call_mngo": "mango-markets",
    "mainnet_income_call_ray": "raydium",
    "mainnet_income_call_eth": "ethereum",
    "mainnet_income_put_sol": "usd-coin",
    "mainnet_income_put_btc": "usd-coin"
  }
}