{
  "totalTvlUSD": 107148564.59,
  "coinsByCoingeckoId": {
    "solana": 141806.31611187,
    "msol": 158815.238707804,
    "bitcoin": 416.817338,
    "saber": 19999997.492037,
    "ftx-token": 67288.469677,
    "usd-coin": 12131352.291017998,
    "terra-luna": 68036.778081,
    "socean-staked-sol": 10999.987641614,
    "serum": 4059793.526884,
    "mango-markets": 8818351.851856,
    "raydium": 16651.22439,
    "ethereum": 1696.590062
  },
  "pricesByCoingeckoId": {
    "BTC": 43094,
    "SOL": 146.1,
    "ETH": 3322.58,
    "mSOL": 150.12,
    "FTT": 45.67,
    "SRM": 3.2,
    "USDC": 1,
    "MNGO": 0.19781,
    "scnSOL": 149.45,
    "SBR": 0.084304,
    "LUNA": 82.75,
    "RAY": 5.39
  },
  "sharePricesByGlobalId": {
    "mainnet_income_call_sol": 1.04444,
    "mainnet_income_call_marinade": 1.03017,
    "mainnet_income_call_btc": 1.06814,
    "mainnet_income_call_sbr": 1.04667,
    "mainnet_income_call_ftt": 1.02068,
    "mainnet_income_put_mngo": 1.00201,
    "mainnet_income_call_luna": 1.02692,
    "mainnet_income_call_socean": 1.01629,
    "mainnet_income_call_srm": 1.01304,
    "mainnet_income_call_mngo": 1.01322,
    "mainnet_income_call_ray": 1.00275,
    "mainnet_income_call_eth": 1.01502,
    "mainnet_income_put_sol": 1.00281,
    "mainnet_income_put_btc": 1.00329
  },
  "depositTokenByGlobalId": {
    "mainnet_income_call_sol": 141806.31611187,
    "mainnet_income_call_marinade": 158815.238707804,
    "mainnet_income_call_btc": 416.817338,
    "mainnet_income_call_sbr": 19999997.492037,
    "mainnet_income_call_ftt": 67288.469677,
    "mainnet_income_put_mngo": 392112.07,
    "mainnet_income_call_luna": 68036.778081,
    "mainnet_income_call_socean": 10999.987641614,
    "mainnet_income_call_srm": 4059793.526884,
    "mainnet_income_call_mngo": 8818351.851856,
    "mainnet_income_call_ray": 16651.22439,
    "mainnet_income_call_eth": 1696.590062,
    "mainnet_income_put_sol": 10614756.09,
    "mainnet_income_put_btc": 1124484.14
  },
  "usdValueByGlobalId": {
    "mainnet_income_call_sol": 20717902.78,
    "mainnet_income_call_marinade": 23841343.63,
    "mainnet_income_call_btc": 17962326.36,
    "mainnet_income_call_sbr": 1686079.79,
    "mainnet_income_call_ftt": 3073064.41,
    "mainnet_income_put_mngo": 392112.07,
    "mainnet_income_call_luna": 5630043.39,
    "mainnet_income_call_socean": 1643948.15,
    "mainnet_income_call_srm": 12991339.29,
    "mainnet_income_call_mngo": 1744358.18,
    "mainnet_income_call_ray": 89750.1,
    "mainnet_income_call_eth": 5637056.21,
    "mainnet_income_put_sol": 10614756.09,
    "mainnet_income_put_btc": 1124484.14
  },
  "globalIdToDepositTokenCoingeckoId": {
    "mainnet_income_call_sol": "solana",
    "mainnet_income_call_marinade": "msol",
    "mainnet_income_call_btc": "bitcoin",
    "mainnet_income_call_sbr": "saber",
    "mainnet_income_call_ftt": "ftx-token",
    "mainnet_income_put_mngo": "usd-coin",
    "mainnet_income_call_luna": "terra-luna",
    "mainnet_income_call_socean": "socean-staked-sol",
    "mainnet_income_call_srm": "serum",
    "mainnet_income_call_mngo": "mango-markets",
    "mainnet_income_call_ray": "raydium",
    "mainnet_income_call_eth": "ethereum",
    "mainnet_income_put_sol": "usd-coin",
    "mainnet_income_put_btc": "usd-coin"
  }
}