{
  "totalTvlUSD": 92668395.93,
  "coinsByCoingeckoId": {
    "solana": 197222.988008812,
    "msol": 167102.544922705,
    "bitcoin": 449.892005,
    "saber": 19999999.398257,
    "ftx-token": 68021.61977,
    "terra-luna": 92926.436153,
    "terrausd": 222587.809918,
    "usd-coin": 16433302.370894,
    "socean-staked-sol": 11000,
    "serum": 4261646.205171,
    "mango-markets": 7895758.358746,
    "raydium": 23843.179952,
    "ethereum": 1782.621732
  },
  "pricesByCoingeckoId": {
    "BTC": 37358,
    "SOL": 93.1,
    "ETH": 2448.1,
    "mSOL": 95.47,
    "FTT": 38.86,
    "SRM": 2.16,
    "USDC": 1,
    "MNGO": 0.154583,
    "scnSOL": 94.68,
    "SBR": 0.064116,
    "LUNA": 54.32,
    "UST": 1,
    "RAY": 3.61
  },
  "sharePricesByGlobalId": {
    "mainnet_income_call_sol": 1.0587,
    "mainnet_income_call_marinade": 1.03965,
    "mainnet_income_call_btc": 1.07217,
    "mainnet_income_call_sbr": 1.05044,
    "mainnet_income_call_ftt": 1.03064,
    "mainnet_income_call_luna": 1.04984,
    "mainnet_income_put_luna": 1,
    "mainnet_income_put_mngo": 1.00572,
    "mainnet_income_call_socean": 1.02665,
    "mainnet_income_call_srm": 1.02513,
    "mainnet_income_call_mngo": 1.01686,
    "mainnet_income_call_ray": 1.01764,
    "mainnet_income_call_eth": 1.01965,
    "mainnet_income_put_sol": 1.01728,
    "mainnet_income_put_btc": 1.0091
  },
  "depositTokenByGlobalId": {
    "mainnet_income_call_sol": 197222.988008812,
    "mainnet_income_call_marinade": 167102.544922705,
    "mainnet_income_call_btc": 449.892005,
    "mainnet_income_call_sbr": 19999999.398257,
    "mainnet_income_call_ftt": 68021.61977,
    "mainnet_income_call_luna": 92926.436153,
    "mainnet_income_put_luna": 222587.809918,
    "mainnet_income_put_mngo": 250058.78,
    "mainnet_income_call_socean": 11000,
    "mainnet_income_call_srm": 4261646.205171,
    "mainnet_income_call_mngo": 7895758.358746,
    "mainnet_income_call_ray": 23843.179952,
    "mainnet_income_call_eth": 1782.621732,
    "mainnet_income_put_sol": 15041079.44,
    "mainnet_income_put_btc": 1142164.15
  },
  "usdValueByGlobalId": {
    "mainnet_income_call_sol": 18361460.18,
    "mainnet_income_call_marinade": 15953279.96,
    "mainnet_income_call_btc": 16807065.52,
    "mainnet_income_call_sbr": 1282319.96,
    "mainnet_income_call_ftt": 2643320.14,
    "mainnet_income_call_luna": 5047764.01,
    "mainnet_income_put_luna": 222587.81,
    "mainnet_income_put_mngo": 250058.78,
    "mainnet_income_call_socean": 1041480,
    "mainnet_income_call_srm": 9205155.8,
    "mainnet_income_call_mngo": 1220550.01,
    "mainnet_income_call_ray": 86073.88,
    "mainnet_income_call_eth": 4364036.26,
    "mainnet_income_put_sol": 15041079.44,
    "mainnet_income_put_btc": 1142164.15
  },
  "globalIdToDepositTokenCoingeckoId": {
    "mainnet_income_call_sol": "solana",
    "mainnet_income_call_marinade": "msol",
    "mainnet_income_call_btc": "bitcoin",
    "mainnet_income_call_sbr": "saber",
    "mainnet_income_call_ftt": "ftx-token",
    "mainnet_income_call_luna": "terra-luna",
    "mainnet_income_put_luna": "terrausd",
    "mainnet_income_put_mngo": "usd-coin",
    "mainnet_income_call_socean": "socean-staked-sol",
    "mainnet_income_call_srm": "serum",
    "mainnet_income_call_mngo": "mango-markets",
    "mainnet_income_call_ray": "raydium",
    "mainnet_income_call_eth": "ethereum",
    "mainnet_income_put_sol": "usd-coin",
    "mainnet_income_put_btc": "usd-coin"
  }
}