{
  "totalTvlUSD": 99328742.13,
  "coinsByCoingeckoId": {
    "solana": 135709.368759574,
    "msol": 145851.344514327,
    "bitcoin": 370.298532,
    "saber": 11000000,
    "ftx-token": 76445.468392,
    "usd-coin": 13430868.176518999,
    "terra-luna": 59999.999852,
    "socean-staked-sol": 7354.667877259,
    "serum": 3974894.236332,
    "mango-markets": 5999999.159377,
    "raydium": 19310.493998,
    "ethereum": 1486.524949
  },
  "pricesByCoingeckoId": {
    "BTC": 43379,
    "SOL": 143.97,
    "ETH": 3322.33,
    "mSOL": 147.15,
    "FTT": 40.78,
    "SRM": 3.2,
    "USDC": 1,
    "MNGO": 0.208576,
    "scnSOL": 146.03,
    "SBR": 0.085844,
    "LUNA": 78.05,
    "RAY": 5.49
  },
  "sharePricesByGlobalId": {
    "mainnet_income_call_sol": 1.03708,
    "mainnet_income_call_marinade": 1.02581,
    "mainnet_income_call_btc": 1.0644,
    "mainnet_income_call_sbr": 1,
    "mainnet_income_call_ftt": 1.01481,
    "mainnet_income_put_mngo": 1,
    "mainnet_income_call_luna": 1.01873,
    "mainnet_income_call_socean": 1.01266,
    "mainnet_income_call_srm": 1.00834,
    "mainnet_income_call_mngo": 1.01232,
    "mainnet_income_call_ray": 1,
    "mainnet_income_call_eth": 1.01181,
    "mainnet_income_put_sol": 0.99999,
    "mainnet_income_put_btc": 1
  },
  "depositTokenByGlobalId": {
    "mainnet_income_call_sol": 135709.368759574,
    "mainnet_income_call_marinade": 145851.344514327,
    "mainnet_income_call_btc": 370.298532,
    "mainnet_income_call_sbr": 11000000,
    "mainnet_income_call_ftt": 76445.468392,
    "mainnet_income_put_mngo": 429804.43,
    "mainnet_income_call_luna": 59999.999852,
    "mainnet_income_call_socean": 7354.667877259,
    "mainnet_income_call_srm": 3974894.236332,
    "mainnet_income_call_mngo": 5999999.159377,
    "mainnet_income_call_ray": 19310.493998,
    "mainnet_income_call_eth": 1486.524949,
    "mainnet_income_put_sol": 10646685.95,
    "mainnet_income_put_btc": 2354377.79
  },
  "usdValueByGlobalId": {
    "mainnet_income_call_sol": 19538077.82,
    "mainnet_income_call_marinade": 21462025.35,
    "mainnet_income_call_btc": 16063180.02,
    "mainnet_income_call_sbr": 944284,
    "mainnet_income_call_ftt": 3117446.2,
    "mainnet_income_put_mngo": 429804.43,
    "mainnet_income_call_luna": 4682999.99,
    "mainnet_income_call_socean": 1074002.15,
    "mainnet_income_call_srm": 12719661.56,
    "mainnet_income_call_mngo": 1251455.82,
    "mainnet_income_call_ray": 106014.61,
    "mainnet_income_call_eth": 4938726.43,
    "mainnet_income_put_sol": 10646685.95,
    "mainnet_income_put_btc": 2354377.79
  }
}