{
  "totalTvlUSD": 88881254.57,
  "coinsByCoingeckoId": {
    "solana": 186315.972158812,
    "msol": 162301.772576318,
    "bitcoin": 430.255061,
    "saber": 18684071.349829,
    "ftx-token": 66388.891241,
    "terra-luna": 78113.781568,
    "terrausd": 207806.523956,
    "usd-coin": 14028878.496938,
    "socean-staked-sol": 10999.999764954,
    "serum": 4227507.036525,
    "mango-markets": 7787116.216835,
    "raydium": 20953.675782,
    "ethereum": 1762.014934
  },
  "pricesByCoingeckoId": {
    "BTC": 35224,
    "SOL": 97.8,
    "ETH": 2431.82,
    "mSOL": 100.6,
    "FTT": 34.34,
    "SRM": 2.21,
    "USDC": 1,
    "MNGO": 0.159738,
    "scnSOL": 101.06,
    "SBR": 0.072891,
    "LUNA": 67.05,
    "UST": 1,
    "RAY": 3.7
  },
  "sharePricesByGlobalId": {
    "mainnet_income_call_sol": 1.05252,
    "mainnet_income_call_marinade": 1.03727,
    "mainnet_income_call_btc": 1.0696,
    "mainnet_income_call_sbr": 1.05044,
    "mainnet_income_call_ftt": 1.02696,
    "mainnet_income_call_luna": 1.0374,
    "mainnet_income_put_luna": 1,
    "mainnet_income_put_mngo": 1.00322,
    "mainnet_income_call_socean": 1.02395,
    "mainnet_income_call_srm": 1.02041,
    "mainnet_income_call_mngo": 1.01533,
    "mainnet_income_call_ray": 1.01764,
    "mainnet_income_call_eth": 1.0165,
    "mainnet_income_put_sol": 1.01183,
    "mainnet_income_put_btc": 1.00606
  },
  "depositTokenByGlobalId": {
    "mainnet_income_call_sol": 186315.972158812,
    "mainnet_income_call_marinade": 162301.772576318,
    "mainnet_income_call_btc": 430.255061,
    "mainnet_income_call_sbr": 18684071.349829,
    "mainnet_income_call_ftt": 66388.891241,
    "mainnet_income_call_luna": 78113.781568,
    "mainnet_income_put_luna": 207806.523956,
    "mainnet_income_put_mngo": 248683.41,
    "mainnet_income_call_socean": 10999.999764954,
    "mainnet_income_call_srm": 4227507.036525,
    "mainnet_income_call_mngo": 7787116.216835,
    "mainnet_income_call_ray": 20953.675782,
    "mainnet_income_call_eth": 1762.014934,
    "mainnet_income_put_sol": 12642004.25,
    "mainnet_income_put_btc": 1138190.84
  },
  "usdValueByGlobalId": {
    "mainnet_income_call_sol": 18221702.08,
    "mainnet_income_call_marinade": 16327558.32,
    "mainnet_income_call_btc": 15155304.27,
    "mainnet_income_call_sbr": 1361900.64,
    "mainnet_income_call_ftt": 2279794.53,
    "mainnet_income_call_luna": 5237529.05,
    "mainnet_income_put_luna": 207806.52,
    "mainnet_income_put_mngo": 248683.41,
    "mainnet_income_call_socean": 1111659.98,
    "mainnet_income_call_srm": 9342790.55,
    "mainnet_income_call_mngo": 1243898.37,
    "mainnet_income_call_ray": 77528.6,
    "mainnet_income_call_eth": 4284903.16,
    "mainnet_income_put_sol": 12642004.25,
    "mainnet_income_put_btc": 1138190.84
  },
  "globalIdToDepositTokenCoingeckoId": {
    "mainnet_income_call_sol": "solana",
    "mainnet_income_call_marinade": "msol",
    "mainnet_income_call_btc": "bitcoin",
    "mainnet_income_call_sbr": "saber",
    "mainnet_income_call_ftt": "ftx-token",
    "mainnet_income_call_luna": "terra-luna",
    "mainnet_income_put_luna": "terrausd",
    "mainnet_income_put_mngo": "usd-coin",
    "mainnet_income_call_socean": "socean-staked-sol",
    "mainnet_income_call_srm": "serum",
    "mainnet_income_call_mngo": "mango-markets",
    "mainnet_income_call_ray": "raydium",
    "mainnet_income_call_eth": "ethereum",
    "mainnet_income_put_sol": "usd-coin",
    "mainnet_income_put_btc": "usd-coin"
  }
}