{
  "totalTvlUSD": 88945903.32,
  "coinsByCoingeckoId": {
    "solana": 189738.961008812,
    "msol": 163067.255168724,
    "bitcoin": 435.825172,
    "saber": 19999999.92845,
    "ftx-token": 66720.697665,
    "terra-luna": 82297.219818,
    "terrausd": 214583.892701,
    "usd-coin": 14311743.318165,
    "socean-staked-sol": 10999.999764954,
    "serum": 4235324.36262,
    "mango-markets": 7849137.621646,
    "raydium": 21697.793775,
    "ethereum": 1767.890112
  },
  "pricesByCoingeckoId": {
    "BTC": 36904,
    "SOL": 94.09,
    "ETH": 2451.1,
    "mSOL": 96.63,
    "FTT": 36.38,
    "SRM": 2.12,
    "USDC": 1,
    "MNGO": 0.15435,
    "scnSOL": 95.8,
    "SBR": 0.065226,
    "LUNA": 64.89,
    "UST": 1,
    "RAY": 3.53
  },
  "sharePricesByGlobalId": {
    "mainnet_income_call_sol": 1.05252,
    "mainnet_income_call_marinade": 1.03727,
    "mainnet_income_call_btc": 1.0696,
    "mainnet_income_call_sbr": 1.05044,
    "mainnet_income_call_ftt": 1.02696,
    "mainnet_income_call_luna": 1.0374,
    "mainnet_income_put_luna": 1,
    "mainnet_income_put_mngo": 1.00322,
    "mainnet_income_call_socean": 1.02395,
    "mainnet_income_call_srm": 1.02041,
    "mainnet_income_call_mngo": 1.01533,
    "mainnet_income_call_ray": 1.01764,
    "mainnet_income_call_eth": 1.0165,
    "mainnet_income_put_sol": 1.01183,
    "mainnet_income_put_btc": 1.00606
  },
  "depositTokenByGlobalId": {
    "mainnet_income_call_sol": 189738.961008812,
    "mainnet_income_call_marinade": 163067.255168724,
    "mainnet_income_call_btc": 435.825172,
    "mainnet_income_call_sbr": 19999999.92845,
    "mainnet_income_call_ftt": 66720.697665,
    "mainnet_income_call_luna": 82297.219818,
    "mainnet_income_put_luna": 214583.892701,
    "mainnet_income_put_mngo": 249184.41,
    "mainnet_income_call_socean": 10999.999764954,
    "mainnet_income_call_srm": 4235324.36262,
    "mainnet_income_call_mngo": 7849137.621646,
    "mainnet_income_call_ray": 21697.793775,
    "mainnet_income_call_eth": 1767.890112,
    "mainnet_income_put_sol": 12923847.97,
    "mainnet_income_put_btc": 1138710.93
  },
  "usdValueByGlobalId": {
    "mainnet_income_call_sol": 17852538.84,
    "mainnet_income_call_marinade": 15757188.87,
    "mainnet_income_call_btc": 16083692.15,
    "mainnet_income_call_sbr": 1304520,
    "mainnet_income_call_ftt": 2427298.98,
    "mainnet_income_call_luna": 5340266.59,
    "mainnet_income_put_luna": 214583.89,
    "mainnet_income_put_mngo": 249184.41,
    "mainnet_income_call_socean": 1053799.98,
    "mainnet_income_call_srm": 8978887.65,
    "mainnet_income_call_mngo": 1211514.39,
    "mainnet_income_call_ray": 76593.21,
    "mainnet_income_call_eth": 4333275.45,
    "mainnet_income_put_sol": 12923847.97,
    "mainnet_income_put_btc": 1138710.93
  },
  "globalIdToDepositTokenCoingeckoId": {
    "mainnet_income_call_sol": "solana",
    "mainnet_income_call_marinade": "msol",
    "mainnet_income_call_btc": "bitcoin",
    "mainnet_income_call_sbr": "saber",
    "mainnet_income_call_ftt": "ftx-token",
    "mainnet_income_call_luna": "terra-luna",
    "mainnet_income_put_luna": "terrausd",
    "mainnet_income_put_mngo": "usd-coin",
    "mainnet_income_call_socean": "socean-staked-sol",
    "mainnet_income_call_srm": "serum",
    "mainnet_income_call_mngo": "mango-markets",
    "mainnet_income_call_ray": "raydium",
    "mainnet_income_call_eth": "ethereum",
    "mainnet_income_put_sol": "usd-coin",
    "mainnet_income_put_btc": "usd-coin"
  }
}