{
  "totalTvlUSD": 89081659.93,
  "coinsByCoingeckoId": {
    "solana": 189991.404008812,
    "msol": 163125.958231312,
    "bitcoin": 435.843072,
    "saber": 19999999.92845,
    "ftx-token": 66730.195906,
    "terra-luna": 82346.650605,
    "terrausd": 214674.472397,
    "usd-coin": 14258511.308801,
    "socean-staked-sol": 10999.999764954,
    "serum": 4235344.328247,
    "mango-markets": 7852506.297657,
    "raydium": 21717.055223,
    "ethereum": 1767.889112
  },
  "pricesByCoingeckoId": {
    "BTC": 36911,
    "SOL": 94.97,
    "ETH": 2458.52,
    "mSOL": 97.21,
    "FTT": 36.27,
    "SRM": 2.09,
    "USDC": 1,
    "MNGO": 0.154273,
    "scnSOL": 97.97,
    "SBR": 0.066626,
    "LUNA": 64.4,
    "UST": 0.994595,
    "RAY": 3.59
  },
  "sharePricesByGlobalId": {
    "mainnet_income_call_sol": 1.05252,
    "mainnet_income_call_marinade": 1.03727,
    "mainnet_income_call_btc": 1.0696,
    "mainnet_income_call_sbr": 1.05044,
    "mainnet_income_call_ftt": 1.02696,
    "mainnet_income_call_luna": 1.0374,
    "mainnet_income_put_luna": 1,
    "mainnet_income_put_mngo": 1.00322,
    "mainnet_income_call_socean": 1.02395,
    "mainnet_income_call_srm": 1.02041,
    "mainnet_income_call_mngo": 1.01533,
    "mainnet_income_call_ray": 1.01764,
    "mainnet_income_call_eth": 1.0165,
    "mainnet_income_put_sol": 1.01183,
    "mainnet_income_put_btc": 1.00606
  },
  "depositTokenByGlobalId": {
    "mainnet_income_call_sol": 189991.404008812,
    "mainnet_income_call_marinade": 163125.958231312,
    "mainnet_income_call_btc": 435.843072,
    "mainnet_income_call_sbr": 19999999.92845,
    "mainnet_income_call_ftt": 66730.195906,
    "mainnet_income_call_luna": 82346.650605,
    "mainnet_income_put_luna": 214674.472397,
    "mainnet_income_put_mngo": 249185.27,
    "mainnet_income_call_socean": 10999.999764954,
    "mainnet_income_call_srm": 4235344.328247,
    "mainnet_income_call_mngo": 7852506.297657,
    "mainnet_income_call_ray": 21717.055223,
    "mainnet_income_call_eth": 1767.889112,
    "mainnet_income_put_sol": 12870604.51,
    "mainnet_income_put_btc": 1138721.52
  },
  "usdValueByGlobalId": {
    "mainnet_income_call_sol": 18043483.64,
    "mainnet_income_call_marinade": 15857474.4,
    "mainnet_income_call_btc": 16087403.63,
    "mainnet_income_call_sbr": 1332520,
    "mainnet_income_call_ftt": 2420304.21,
    "mainnet_income_call_luna": 5303124.3,
    "mainnet_income_put_luna": 213514.16,
    "mainnet_income_put_mngo": 249185.27,
    "mainnet_income_call_socean": 1077669.98,
    "mainnet_income_call_srm": 8851869.65,
    "mainnet_income_call_mngo": 1211429.7,
    "mainnet_income_call_ray": 77964.23,
    "mainnet_income_call_eth": 4346390.74,
    "mainnet_income_put_sol": 12870604.51,
    "mainnet_income_put_btc": 1138721.52
  },
  "globalIdToDepositTokenCoingeckoId": {
    "mainnet_income_call_sol": "solana",
    "mainnet_income_call_marinade": "msol",
    "mainnet_income_call_btc": "bitcoin",
    "mainnet_income_call_sbr": "saber",
    "mainnet_income_call_ftt": "ftx-token",
    "mainnet_income_call_luna": "terra-luna",
    "mainnet_income_put_luna": "terrausd",
    "mainnet_income_put_mngo": "usd-coin",
    "mainnet_income_call_socean": "socean-staked-sol",
    "mainnet_income_call_srm": "serum",
    "mainnet_income_call_mngo": "mango-markets",
    "mainnet_income_call_ray": "raydium",
    "mainnet_income_call_eth": "ethereum",
    "mainnet_income_put_sol": "usd-coin",
    "mainnet_income_put_btc": "usd-coin"
  }
}