{
  "totalTvlUSD": 108811475.19,
  "coinsByCoingeckoId": {
    "solana": 142472.64711187,
    "msol": 159031.868566754,
    "bitcoin": 416.921288,
    "saber": 19999997.492037,
    "ftx-token": 67356.918789,
    "usd-coin": 12180189.255769998,
    "terra-luna": 68172.638081,
    "socean-staked-sol": 10999.987641614,
    "serum": 4063633.368454,
    "mango-markets": 8818351.851856,
    "raydium": 16652.379413,
    "ethereum": 1697.302106
  },
  "pricesByCoingeckoId": {
    "BTC": 43380,
    "SOL": 148.3,
    "ETH": 3360.66,
    "mSOL": 152.07,
    "FTT": 46.65,
    "SRM": 3.3,
    "USDC": 1,
    "MNGO": 0.19642,
    "scnSOL": 151.47,
    "SBR": 0.084948,
    "LUNA": 84.89,
    "RAY": 5.52
  },
  "sharePricesByGlobalId": {
    "mainnet_income_call_sol": 1.04444,
    "mainnet_income_call_marinade": 1.03017,
    "mainnet_income_call_btc": 1.06814,
    "mainnet_income_call_sbr": 1.04667,
    "mainnet_income_call_ftt": 1.02068,
    "mainnet_income_put_mngo": 1.00201,
    "mainnet_income_call_luna": 1.02692,
    "mainnet_income_call_socean": 1.01629,
    "mainnet_income_call_srm": 1.01304,
    "mainnet_income_call_mngo": 1.01322,
    "mainnet_income_call_ray": 1.00275,
    "mainnet_income_call_eth": 1.01502,
    "mainnet_income_put_sol": 1.00281,
    "mainnet_income_put_btc": 1.00329
  },
  "depositTokenByGlobalId": {
    "mainnet_income_call_sol": 142472.64711187,
    "mainnet_income_call_marinade": 159031.868566754,
    "mainnet_income_call_btc": 416.921288,
    "mainnet_income_call_sbr": 19999997.492037,
    "mainnet_income_call_ftt": 67356.918789,
    "mainnet_income_put_mngo": 392112.07,
    "mainnet_income_call_luna": 68172.638081,
    "mainnet_income_call_socean": 10999.987641614,
    "mainnet_income_call_srm": 4063633.368454,
    "mainnet_income_call_mngo": 8818351.851856,
    "mainnet_income_call_ray": 16652.379413,
    "mainnet_income_call_eth": 1697.302106,
    "mainnet_income_put_sol": 10663593.05,
    "mainnet_income_put_btc": 1124484.14
  },
  "usdValueByGlobalId": {
    "mainnet_income_call_sol": 21128693.57,
    "mainnet_income_call_marinade": 24183976.25,
    "mainnet_income_call_btc": 18086045.47,
    "mainnet_income_call_sbr": 1698959.79,
    "mainnet_income_call_ftt": 3142200.26,
    "mainnet_income_put_mngo": 392112.07,
    "mainnet_income_call_luna": 5787175.25,
    "mainnet_income_call_socean": 1666168.13,
    "mainnet_income_call_srm": 13409990.12,
    "mainnet_income_call_mngo": 1732100.67,
    "mainnet_income_call_ray": 91921.13,
    "mainnet_income_call_eth": 5704055.3,
    "mainnet_income_put_sol": 10663593.05,
    "mainnet_income_put_btc": 1124484.14
  },
  "globalIdToDepositTokenCoingeckoId": {
    "mainnet_income_call_sol": "solana",
    "mainnet_income_call_marinade": "msol",
    "mainnet_income_call_btc": "bitcoin",
    "mainnet_income_call_sbr": "saber",
    "mainnet_income_call_ftt": "ftx-token",
    "mainnet_income_put_mngo": "usd-coin",
    "mainnet_income_call_luna": "terra-luna",
    "mainnet_income_call_socean": "socean-staked-sol",
    "mainnet_income_call_srm": "serum",
    "mainnet_income_call_mngo": "mango-markets",
    "mainnet_income_call_ray": "raydium",
    "mainnet_income_call_eth": "ethereum",
    "mainnet_income_put_sol": "usd-coin",
    "mainnet_income_put_btc": "usd-coin"
  }
}