{
  "totalTvlUSD": 31833554.39,
  "coinsByCoingeckoId": {
    "solana": 61225.341903664,
    "msol": 58508.20351657,
    "bitcoin": 147.743799,
    "ethereum": 30.272243,
    "ftx-token": 14436.62251,
    "serum": 68504.722503,
    "mango-markets": 347168.827278
  }
}