{
  "totalTvlUSD": 99532234.18,
  "coinsByCoingeckoId": {
    "solana": 182673.816958812,
    "msol": 159627.800964005,
    "bitcoin": 424.008948,
    "saber": 18333108.077792,
    "ftx-token": 65574.702527,
    "terra-luna": 75712.617915,
    "terrausd": 205355.385439,
    "usd-coin": 13962278.584259,
    "socean-staked-sol": 10999.999764954,
    "serum": 4226626.15645,
    "mango-markets": 7781534.236132,
    "raydium": 20933.234226,
    "ethereum": 1737.777482
  },
  "pricesByCoingeckoId": {
    "BTC": 38172,
    "SOL": 119.11,
    "ETH": 2733.58,
    "mSOL": 122.48,
    "FTT": 41.3,
    "SRM": 2.53,
    "USDC": 1,
    "MNGO": 0.186495,
    "scnSOL": 121.53,
    "SBR": 0.094674,
    "LUNA": 67.39,
    "UST": 1,
    "RAY": 4.39
  },
  "sharePricesByGlobalId": {
    "mainnet_income_call_sol": 1.05252,
    "mainnet_income_call_marinade": 1.03727,
    "mainnet_income_call_btc": 1.0696,
    "mainnet_income_call_sbr": 1.05044,
    "mainnet_income_call_ftt": 1.02696,
    "mainnet_income_call_luna": 1.0374,
    "mainnet_income_put_luna": 1,
    "mainnet_income_put_mngo": 1.00322,
    "mainnet_income_call_socean": 1.02395,
    "mainnet_income_call_srm": 1.02041,
    "mainnet_income_call_mngo": 1.01533,
    "mainnet_income_call_ray": 1.01764,
    "mainnet_income_call_eth": 1.0165,
    "mainnet_income_put_sol": 1.01183,
    "mainnet_income_put_btc": 1.00606
  },
  "depositTokenByGlobalId": {
    "mainnet_income_call_sol": 182673.816958812,
    "mainnet_income_call_marinade": 159627.800964005,
    "mainnet_income_call_btc": 424.008948,
    "mainnet_income_call_sbr": 18333108.077792,
    "mainnet_income_call_ftt": 65574.702527,
    "mainnet_income_call_luna": 75712.617915,
    "mainnet_income_put_luna": 205355.385439,
    "mainnet_income_put_mngo": 248683.41,
    "mainnet_income_call_socean": 10999.999764954,
    "mainnet_income_call_srm": 4226626.15645,
    "mainnet_income_call_mngo": 7781534.236132,
    "mainnet_income_call_ray": 20933.234226,
    "mainnet_income_call_eth": 1737.777482,
    "mainnet_income_put_sol": 12577432.72,
    "mainnet_income_put_btc": 1136162.46
  },
  "usdValueByGlobalId": {
    "mainnet_income_call_sol": 21758278.34,
    "mainnet_income_call_marinade": 19551213.06,
    "mainnet_income_call_btc": 16185269.56,
    "mainnet_income_call_sbr": 1735668.67,
    "mainnet_income_call_ftt": 2708235.21,
    "mainnet_income_call_luna": 5102273.32,
    "mainnet_income_put_luna": 205355.39,
    "mainnet_income_put_mngo": 248683.41,
    "mainnet_income_call_socean": 1336829.97,
    "mainnet_income_call_srm": 10693364.18,
    "mainnet_income_call_mngo": 1451217.23,
    "mainnet_income_call_ray": 91896.9,
    "mainnet_income_call_eth": 4750353.77,
    "mainnet_income_put_sol": 12577432.72,
    "mainnet_income_put_btc": 1136162.46
  },
  "globalIdToDepositTokenCoingeckoId": {
    "mainnet_income_call_sol": "solana",
    "mainnet_income_call_marinade": "msol",
    "mainnet_income_call_btc": "bitcoin",
    "mainnet_income_call_sbr": "saber",
    "mainnet_income_call_ftt": "ftx-token",
    "mainnet_income_call_luna": "terra-luna",
    "mainnet_income_put_luna": "terrausd",
    "mainnet_income_put_mngo": "usd-coin",
    "mainnet_income_call_socean": "socean-staked-sol",
    "mainnet_income_call_srm": "serum",
    "mainnet_income_call_mngo": "mango-markets",
    "mainnet_income_call_ray": "raydium",
    "mainnet_income_call_eth": "ethereum",
    "mainnet_income_put_sol": "usd-coin",
    "mainnet_income_put_btc": "usd-coin"
  }
}