{
  "totalTvlUSD": 115365587.74,
  "coinsByCoingeckoId": {
    "solana": 166549.11101187,
    "msol": 161392.12522528,
    "bitcoin": 422.056814,
    "saber": 19999999.492037,
    "ftx-token": 68338.645616,
    "terra-luna": 76863.723433,
    "terrausd": 28091.07631,
    "usd-coin": 12783933.643427998,
    "socean-staked-sol": 10999.987641614,
    "serum": 4200922.479688,
    "mango-markets": 8829981.11981,
    "raydium": 18006.65737,
    "ethereum": 1739.402726
  },
  "pricesByCoingeckoId": {
    "BTC": 43095,
    "SOL": 149.04,
    "ETH": 3352.58,
    "mSOL": 153.07,
    "FTT": 46.22,
    "SRM": 3.19,
    "USDC": 1,
    "MNGO": 0.199167,
    "scnSOL": 152.6,
    "SBR": 0.114395,
    "LUNA": 86.18,
    "UST": 1,
    "RAY": 5.44
  },
  "sharePricesByGlobalId": {
    "mainnet_income_call_sol": 1.04444,
    "mainnet_income_call_marinade": 1.03017,
    "mainnet_income_call_btc": 1.06814,
    "mainnet_income_call_sbr": 1.04667,
    "mainnet_income_call_ftt": 1.02068,
    "mainnet_income_call_luna": 1.02692,
    "mainnet_income_put_luna": 1,
    "mainnet_income_put_mngo": 1.00201,
    "mainnet_income_call_socean": 1.01629,
    "mainnet_income_call_srm": 1.01304,
    "mainnet_income_call_mngo": 1.01322,
    "mainnet_income_call_ray": 1.00275,
    "mainnet_income_call_eth": 1.01502,
    "mainnet_income_put_sol": 1.00281,
    "mainnet_income_put_btc": 1.00329
  },
  "depositTokenByGlobalId": {
    "mainnet_income_call_sol": 166549.11101187,
    "mainnet_income_call_marinade": 161392.12522528,
    "mainnet_income_call_btc": 422.056814,
    "mainnet_income_call_sbr": 19999999.492037,
    "mainnet_income_call_ftt": 68338.645616,
    "mainnet_income_call_luna": 76863.723433,
    "mainnet_income_put_luna": 28091.07631,
    "mainnet_income_put_mngo": 392132.07,
    "mainnet_income_call_socean": 10999.987641614,
    "mainnet_income_call_srm": 4200922.479688,
    "mainnet_income_call_mngo": 8829981.11981,
    "mainnet_income_call_ray": 18006.65737,
    "mainnet_income_call_eth": 1739.402726,
    "mainnet_income_put_sol": 11267317.44,
    "mainnet_income_put_btc": 1124484.14
  },
  "usdValueByGlobalId": {
    "mainnet_income_call_sol": 24822479.51,
    "mainnet_income_call_marinade": 24704292.61,
    "mainnet_income_call_btc": 18188538.4,
    "mainnet_income_call_sbr": 2287899.94,
    "mainnet_income_call_ftt": 3158612.2,
    "mainnet_income_call_luna": 6624115.69,
    "mainnet_income_put_luna": 28091.08,
    "mainnet_income_put_mngo": 392132.07,
    "mainnet_income_call_socean": 1678598.11,
    "mainnet_income_call_srm": 13400942.71,
    "mainnet_income_call_mngo": 1758640.85,
    "mainnet_income_call_ray": 97956.22,
    "mainnet_income_call_eth": 5831486.79,
    "mainnet_income_put_sol": 11267317.44,
    "mainnet_income_put_btc": 1124484.14
  },
  "globalIdToDepositTokenCoingeckoId": {
    "mainnet_income_call_sol": "solana",
    "mainnet_income_call_marinade": "msol",
    "mainnet_income_call_btc": "bitcoin",
    "mainnet_income_call_sbr": "saber",
    "mainnet_income_call_ftt": "ftx-token",
    "mainnet_income_call_luna": "terra-luna",
    "mainnet_income_put_luna": "terrausd",
    "mainnet_income_put_mngo": "usd-coin",
    "mainnet_income_call_socean": "socean-staked-sol",
    "mainnet_income_call_srm": "serum",
    "mainnet_income_call_mngo": "mango-markets",
    "mainnet_income_call_ray": "raydium",
    "mainnet_income_call_eth": "ethereum",
    "mainnet_income_put_sol": "usd-coin",
    "mainnet_income_put_btc": "usd-coin"
  }
}