{
  "totalTvlUSD": 88120887.28,
  "coinsByCoingeckoId": {
    "solana": 124111.292825644,
    "msol": 134432.133886587,
    "bitcoin": 300.245064,
    "raydium": 18915.242615,
    "ethereum": 1398.526442,
    "ftx-token": 70507.191888,
    "usd-coin": 12644158.504201,
    "saber": 11000000,
    "terra-luna": 39999.089397,
    "socean-staked-sol": 5354.078833142,
    "serum": 3963859.407073,
    "mango-markets": 5985846.174019
  },
  "pricesByCoingeckoId": {
    "BTC": 42526,
    "SOL": 141.71,
    "ETH": 3268.17,
    "mSOL": 144.78,
    "FTT": 36.74,
    "SRM": 3.16,
    "USDC": 1,
    "MNGO": 0.192744,
    "scnSOL": 143.92,
    "SBR": 0.092943,
    "LUNA": 72.97,
    "RAY": 5.57
  },
  "sharePricesByGlobalId": {
    "mainnet_income_call_sol": 1.03708,
    "mainnet_income_call_marinade": 1.02581,
    "mainnet_income_call_btc": 1.0644,
    "mainnet_income_call_ray": 1,
    "mainnet_income_call_eth": 1.01181,
    "mainnet_income_call_ftt": 1.01481,
    "mainnet_income_put_mngo": 1,
    "mainnet_income_call_sbr": 1,
    "mainnet_income_call_luna": 1.01873,
    "mainnet_income_call_socean": 1.01266,
    "mainnet_income_call_srm": 1.00834,
    "mainnet_income_call_mngo": 1.01232,
    "mainnet_income_put_sol": 1,
    "mainnet_income_put_btc": 1
  },
  "depositTokenByGlobalId": {
    "mainnet_income_call_sol": 124111.292825644,
    "mainnet_income_call_marinade": 134432.133886587,
    "mainnet_income_call_btc": 300.245064,
    "mainnet_income_call_ray": 18915.242615,
    "mainnet_income_call_eth": 1398.526442,
    "mainnet_income_call_ftt": 70507.191888,
    "mainnet_income_put_mngo": 420661.09,
    "mainnet_income_call_sbr": 11000000,
    "mainnet_income_call_luna": 39999.089397,
    "mainnet_income_call_socean": 5354.078833142,
    "mainnet_income_call_srm": 3963859.407073,
    "mainnet_income_call_mngo": 5985846.174019,
    "mainnet_income_put_sol": 9872589.68,
    "mainnet_income_put_btc": 2350907.74
  },
  "usdValueByGlobalId": {
    "mainnet_income_call_sol": 17587811.31,
    "mainnet_income_call_marinade": 19463084.34,
    "mainnet_income_call_btc": 12768221.59,
    "mainnet_income_call_ray": 105357.9,
    "mainnet_income_call_eth": 4570622.16,
    "mainnet_income_call_ftt": 2590434.23,
    "mainnet_income_put_mngo": 420661.09,
    "mainnet_income_call_sbr": 1022373,
    "mainnet_income_call_luna": 2918733.55,
    "mainnet_income_call_socean": 770559.03,
    "mainnet_income_call_srm": 12525795.73,
    "mainnet_income_call_mngo": 1153735.93,
    "mainnet_income_put_sol": 9872589.68,
    "mainnet_income_put_btc": 2350907.74
  }
}