{
  "totalTvlUSD": 87285687.87,
  "coinsByCoingeckoId": {
    "solana": 183837.688158812,
    "msol": 159722.201066906,
    "bitcoin": 427.528927,
    "saber": 18496627.67813,
    "ftx-token": 65601.981265,
    "terra-luna": 77744.164546,
    "terrausd": 205434.622707,
    "usd-coin": 13994429.432895,
    "socean-staked-sol": 10999.999764954,
    "serum": 4226942.298613,
    "mango-markets": 7784756.149321,
    "raydium": 20933.234226,
    "ethereum": 1754.805352
  },
  "pricesByCoingeckoId": {
    "BTC": 35140,
    "SOL": 96.26,
    "ETH": 2423.49,
    "mSOL": 99.63,
    "FTT": 33.78,
    "SRM": 2.18,
    "USDC": 1,
    "MNGO": 0.161522,
    "scnSOL": 100.09,
    "SBR": 0.079333,
    "LUNA": 62.59,
    "UST": 0.995559,
    "RAY": 3.76
  },
  "sharePricesByGlobalId": {
    "mainnet_income_call_sol": 1.05252,
    "mainnet_income_call_marinade": 1.03727,
    "mainnet_income_call_btc": 1.0696,
    "mainnet_income_call_sbr": 1.05044,
    "mainnet_income_call_ftt": 1.02696,
    "mainnet_income_call_luna": 1.0374,
    "mainnet_income_put_luna": 1,
    "mainnet_income_put_mngo": 1.00322,
    "mainnet_income_call_socean": 1.02395,
    "mainnet_income_call_srm": 1.02041,
    "mainnet_income_call_mngo": 1.01533,
    "mainnet_income_call_ray": 1.01764,
    "mainnet_income_call_eth": 1.0165,
    "mainnet_income_put_sol": 1.01183,
    "mainnet_income_put_btc": 1.00606
  },
  "depositTokenByGlobalId": {
    "mainnet_income_call_sol": 183837.688158812,
    "mainnet_income_call_marinade": 159722.201066906,
    "mainnet_income_call_btc": 427.528927,
    "mainnet_income_call_sbr": 18496627.67813,
    "mainnet_income_call_ftt": 65601.981265,
    "mainnet_income_call_luna": 77744.164546,
    "mainnet_income_put_luna": 205434.622707,
    "mainnet_income_put_mngo": 248683.41,
    "mainnet_income_call_socean": 10999.999764954,
    "mainnet_income_call_srm": 4226942.298613,
    "mainnet_income_call_mngo": 7784756.149321,
    "mainnet_income_call_ray": 20933.234226,
    "mainnet_income_call_eth": 1754.805352,
    "mainnet_income_put_sol": 12607555.18,
    "mainnet_income_put_btc": 1138190.84
  },
  "usdValueByGlobalId": {
    "mainnet_income_call_sol": 17696215.86,
    "mainnet_income_call_marinade": 15913122.89,
    "mainnet_income_call_btc": 15023366.49,
    "mainnet_income_call_sbr": 1467392.96,
    "mainnet_income_call_ftt": 2216034.93,
    "mainnet_income_call_luna": 4866007.26,
    "mainnet_income_put_luna": 204522.29,
    "mainnet_income_put_mngo": 248683.41,
    "mainnet_income_call_socean": 1100989.98,
    "mainnet_income_call_srm": 9214734.21,
    "mainnet_income_call_mngo": 1257409.38,
    "mainnet_income_call_ray": 78708.96,
    "mainnet_income_call_eth": 4252753.22,
    "mainnet_income_put_sol": 12607555.18,
    "mainnet_income_put_btc": 1138190.84
  },
  "globalIdToDepositTokenCoingeckoId": {
    "mainnet_income_call_sol": "solana",
    "mainnet_income_call_marinade": "msol",
    "mainnet_income_call_btc": "bitcoin",
    "mainnet_income_call_sbr": "saber",
    "mainnet_income_call_ftt": "ftx-token",
    "mainnet_income_call_luna": "terra-luna",
    "mainnet_income_put_luna": "terrausd",
    "mainnet_income_put_mngo": "usd-coin",
    "mainnet_income_call_socean": "socean-staked-sol",
    "mainnet_income_call_srm": "serum",
    "mainnet_income_call_mngo": "mango-markets",
    "mainnet_income_call_ray": "raydium",
    "mainnet_income_call_eth": "ethereum",
    "mainnet_income_put_sol": "usd-coin",
    "mainnet_income_put_btc": "usd-coin"
  }
}