{
  "totalTvlUSD": 112095453.45,
  "coinsByCoingeckoId": {
    "solana": 146344.83601187,
    "msol": 161202.562724891,
    "bitcoin": 422.056284,
    "saber": 19999999.492037,
    "ftx-token": 67972.470608,
    "terra-luna": 72667.066544,
    "terrausd": 19372.094515,
    "usd-coin": 12731370.699306,
    "socean-staked-sol": 10999.987641614,
    "serum": 4067118.18318,
    "mango-markets": 8829981.11981,
    "raydium": 18005.027179,
    "ethereum": 1723.165591
  },
  "pricesByCoingeckoId": {
    "BTC": 43286,
    "SOL": 151.16,
    "ETH": 3349.86,
    "mSOL": 155.34,
    "FTT": 46.02,
    "SRM": 3.21,
    "USDC": 1,
    "MNGO": 0.19497,
    "scnSOL": 154.51,
    "SBR": 0.108825,
    "LUNA": 86.15,
    "UST": 1,
    "RAY": 5.5
  },
  "sharePricesByGlobalId": {
    "mainnet_income_call_sol": 1.04444,
    "mainnet_income_call_marinade": 1.03017,
    "mainnet_income_call_btc": 1.06814,
    "mainnet_income_call_sbr": 1.04667,
    "mainnet_income_call_ftt": 1.02068,
    "mainnet_income_call_luna": 1.02692,
    "mainnet_income_put_luna": 1,
    "mainnet_income_put_mngo": 1.00201,
    "mainnet_income_call_socean": 1.01629,
    "mainnet_income_call_srm": 1.01304,
    "mainnet_income_call_mngo": 1.01322,
    "mainnet_income_call_ray": 1.00275,
    "mainnet_income_call_eth": 1.01502,
    "mainnet_income_put_sol": 1.00281,
    "mainnet_income_put_btc": 1.00329
  },
  "depositTokenByGlobalId": {
    "mainnet_income_call_sol": 146344.83601187,
    "mainnet_income_call_marinade": 161202.562724891,
    "mainnet_income_call_btc": 422.056284,
    "mainnet_income_call_sbr": 19999999.492037,
    "mainnet_income_call_ftt": 67972.470608,
    "mainnet_income_call_luna": 72667.066544,
    "mainnet_income_put_luna": 19372.094515,
    "mainnet_income_put_mngo": 392112.07,
    "mainnet_income_call_socean": 10999.987641614,
    "mainnet_income_call_srm": 4067118.18318,
    "mainnet_income_call_mngo": 8829981.11981,
    "mainnet_income_call_ray": 18005.027179,
    "mainnet_income_call_eth": 1723.165591,
    "mainnet_income_put_sol": 11214774.49,
    "mainnet_income_put_btc": 1124484.14
  },
  "usdValueByGlobalId": {
    "mainnet_income_call_sol": 22121485.41,
    "mainnet_income_call_marinade": 25041206.09,
    "mainnet_income_call_btc": 18269128.31,
    "mainnet_income_call_sbr": 2176499.94,
    "mainnet_income_call_ftt": 3128093.1,
    "mainnet_income_call_luna": 6260267.78,
    "mainnet_income_put_luna": 19372.09,
    "mainnet_income_put_mngo": 392112.07,
    "mainnet_income_call_socean": 1699608.09,
    "mainnet_income_call_srm": 13055449.37,
    "mainnet_income_call_mngo": 1721581.42,
    "mainnet_income_call_ray": 99027.65,
    "mainnet_income_call_eth": 5772363.49,
    "mainnet_income_put_sol": 11214774.49,
    "mainnet_income_put_btc": 1124484.14
  },
  "globalIdToDepositTokenCoingeckoId": {
    "mainnet_income_call_sol": "solana",
    "mainnet_income_call_marinade": "msol",
    "mainnet_income_call_btc": "bitcoin",
    "mainnet_income_call_sbr": "saber",
    "mainnet_income_call_ftt": "ftx-token",
    "mainnet_income_call_luna": "terra-luna",
    "mainnet_income_put_luna": "terrausd",
    "mainnet_income_put_mngo": "usd-coin",
    "mainnet_income_call_socean": "socean-staked-sol",
    "mainnet_income_call_srm": "serum",
    "mainnet_income_call_mngo": "mango-markets",
    "mainnet_income_call_ray": "raydium",
    "mainnet_income_call_eth": "ethereum",
    "mainnet_income_put_sol": "usd-coin",
    "mainnet_income_put_btc": "usd-coin"
  }
}