{
  "totalTvlUSD": 86727793.09,
  "coinsByCoingeckoId": {
    "solana": 188712.187558812,
    "msol": 162379.755386199,
    "bitcoin": 433.249947,
    "saber": 19454914.21229,
    "ftx-token": 66493.416909,
    "terra-luna": 83004.915737,
    "terrausd": 207897.557509,
    "usd-coin": 14247916.881350998,
    "socean-staked-sol": 10999.999764954,
    "serum": 4235169.905075,
    "mango-markets": 7839468.366552,
    "raydium": 21551.481969,
    "ethereum": 1770.30413
  },
  "pricesByCoingeckoId": {
    "BTC": 36237,
    "SOL": 90.21,
    "ETH": 2400.59,
    "mSOL": 92.33,
    "FTT": 35,
    "SRM": 2.1,
    "USDC": 1,
    "MNGO": 0.149898,
    "scnSOL": 91.82,
    "SBR": 0.065693,
    "LUNA": 66.82,
    "UST": 1.01,
    "RAY": 3.41
  },
  "sharePricesByGlobalId": {
    "mainnet_income_call_sol": 1.05252,
    "mainnet_income_call_marinade": 1.03727,
    "mainnet_income_call_btc": 1.0696,
    "mainnet_income_call_sbr": 1.05044,
    "mainnet_income_call_ftt": 1.02696,
    "mainnet_income_call_luna": 1.0374,
    "mainnet_income_put_luna": 1,
    "mainnet_income_put_mngo": 1.00322,
    "mainnet_income_call_socean": 1.02395,
    "mainnet_income_call_srm": 1.02041,
    "mainnet_income_call_mngo": 1.01533,
    "mainnet_income_call_ray": 1.01764,
    "mainnet_income_call_eth": 1.0165,
    "mainnet_income_put_sol": 1.01183,
    "mainnet_income_put_btc": 1.00606
  },
  "depositTokenByGlobalId": {
    "mainnet_income_call_sol": 188712.187558812,
    "mainnet_income_call_marinade": 162379.755386199,
    "mainnet_income_call_btc": 433.249947,
    "mainnet_income_call_sbr": 19454914.21229,
    "mainnet_income_call_ftt": 66493.416909,
    "mainnet_income_call_luna": 83004.915737,
    "mainnet_income_put_luna": 207897.557509,
    "mainnet_income_put_mngo": 248683.41,
    "mainnet_income_call_socean": 10999.999764954,
    "mainnet_income_call_srm": 4235169.905075,
    "mainnet_income_call_mngo": 7839468.366552,
    "mainnet_income_call_ray": 21551.481969,
    "mainnet_income_call_eth": 1770.30413,
    "mainnet_income_put_sol": 12861022.64,
    "mainnet_income_put_btc": 1138210.83
  },
  "usdValueByGlobalId": {
    "mainnet_income_call_sol": 17023726.44,
    "mainnet_income_call_marinade": 14992522.81,
    "mainnet_income_call_btc": 15699678.33,
    "mainnet_income_call_sbr": 1278051.68,
    "mainnet_income_call_ftt": 2327269.59,
    "mainnet_income_call_luna": 5546388.47,
    "mainnet_income_put_luna": 209976.53,
    "mainnet_income_put_mngo": 248683.41,
    "mainnet_income_call_socean": 1010019.98,
    "mainnet_income_call_srm": 8893856.8,
    "mainnet_income_call_mngo": 1175120.63,
    "mainnet_income_call_ray": 73490.55,
    "mainnet_income_call_eth": 4249774.39,
    "mainnet_income_put_sol": 12861022.64,
    "mainnet_income_put_btc": 1138210.83
  },
  "globalIdToDepositTokenCoingeckoId": {
    "mainnet_income_call_sol": "solana",
    "mainnet_income_call_marinade": "msol",
    "mainnet_income_call_btc": "bitcoin",
    "mainnet_income_call_sbr": "saber",
    "mainnet_income_call_ftt": "ftx-token",
    "mainnet_income_call_luna": "terra-luna",
    "mainnet_income_put_luna": "terrausd",
    "mainnet_income_put_mngo": "usd-coin",
    "mainnet_income_call_socean": "socean-staked-sol",
    "mainnet_income_call_srm": "serum",
    "mainnet_income_call_mngo": "mango-markets",
    "mainnet_income_call_ray": "raydium",
    "mainnet_income_call_eth": "ethereum",
    "mainnet_income_put_sol": "usd-coin",
    "mainnet_income_put_btc": "usd-coin"
  }
}