{
  "totalTvlUSD": 31836702.76,
  "coinsByCoingeckoId": {
    "solana": 61225.301903664,
    "msol": 58467.520057229,
    "bitcoin": 147.713799,
    "ethereum": 30.272243,
    "ftx-token": 14436.62251,
    "serum": 68404.722503,
    "mango-markets": 230131.3778
  }
}