{
  "totalTvlUSD": 109122776.78,
  "coinsByCoingeckoId": {
    "solana": 142510.38021187,
    "msol": 159092.95973968,
    "bitcoin": 416.921288,
    "saber": 19999997.492037,
    "ftx-token": 67356.918789,
    "usd-coin": 12192917.873436999,
    "terra-luna": 69346.35919,
    "socean-staked-sol": 10999.987641614,
    "serum": 4063633.368454,
    "mango-markets": 8821167.838289,
    "raydium": 16652.379413,
    "ethereum": 1697.302106
  },
  "pricesByCoingeckoId": {
    "BTC": 43481,
    "SOL": 148.84,
    "ETH": 3359.02,
    "mSOL": 152.4,
    "FTT": 46.79,
    "SRM": 3.29,
    "USDC": 1,
    "MNGO": 0.196169,
    "scnSOL": 151.32,
    "SBR": 0.085895,
    "LUNA": 85.33,
    "RAY": 5.54
  },
  "sharePricesByGlobalId": {
    "mainnet_income_call_sol": 1.04444,
    "mainnet_income_call_marinade": 1.03017,
    "mainnet_income_call_btc": 1.06814,
    "mainnet_income_call_sbr": 1.04667,
    "mainnet_income_call_ftt": 1.02068,
    "mainnet_income_put_mngo": 1.00201,
    "mainnet_income_call_luna": 1.02692,
    "mainnet_income_call_socean": 1.01629,
    "mainnet_income_call_srm": 1.01304,
    "mainnet_income_call_mngo": 1.01322,
    "mainnet_income_call_ray": 1.00275,
    "mainnet_income_call_eth": 1.01502,
    "mainnet_income_put_sol": 1.00281,
    "mainnet_income_put_btc": 1.00329
  },
  "depositTokenByGlobalId": {
    "mainnet_income_call_sol": 142510.38021187,
    "mainnet_income_call_marinade": 159092.95973968,
    "mainnet_income_call_btc": 416.921288,
    "mainnet_income_call_sbr": 19999997.492037,
    "mainnet_income_call_ftt": 67356.918789,
    "mainnet_income_put_mngo": 392112.07,
    "mainnet_income_call_luna": 69346.35919,
    "mainnet_income_call_socean": 10999.987641614,
    "mainnet_income_call_srm": 4063633.368454,
    "mainnet_income_call_mngo": 8821167.838289,
    "mainnet_income_call_ray": 16652.379413,
    "mainnet_income_call_eth": 1697.302106,
    "mainnet_income_put_sol": 10676321.67,
    "mainnet_income_put_btc": 1124484.14
  },
  "usdValueByGlobalId": {
    "mainnet_income_call_sol": 21211244.99,
    "mainnet_income_call_marinade": 24245767.06,
    "mainnet_income_call_btc": 18128154.52,
    "mainnet_income_call_sbr": 1717899.78,
    "mainnet_income_call_ftt": 3151630.23,
    "mainnet_income_put_mngo": 392112.07,
    "mainnet_income_call_luna": 5917324.83,
    "mainnet_income_call_socean": 1664518.13,
    "mainnet_income_call_srm": 13369353.78,
    "mainnet_income_call_mngo": 1730439.67,
    "mainnet_income_call_ray": 92254.18,
    "mainnet_income_call_eth": 5701271.72,
    "mainnet_income_put_sol": 10676321.67,
    "mainnet_income_put_btc": 1124484.14
  },
  "globalIdToDepositTokenCoingeckoId": {
    "mainnet_income_call_sol": "solana",
    "mainnet_income_call_marinade": "msol",
    "mainnet_income_call_btc": "bitcoin",
    "mainnet_income_call_sbr": "saber",
    "mainnet_income_call_ftt": "ftx-token",
    "mainnet_income_put_mngo": "usd-coin",
    "mainnet_income_call_luna": "terra-luna",
    "mainnet_income_call_socean": "socean-staked-sol",
    "mainnet_income_call_srm": "serum",
    "mainnet_income_call_mngo": "mango-markets",
    "mainnet_income_call_ray": "raydium",
    "mainnet_income_call_eth": "ethereum",
    "mainnet_income_put_sol": "usd-coin",
    "mainnet_income_put_btc": "usd-coin"
  }
}