{
  "totalTvlUSD": 46861949.45,
  "coinsByCoingeckoId": {
    "solana": 83071.440373664,
    "msol": 84055.049636147,
    "bitcoin": 193.710137,
    "ethereum": 343.155116,
    "ftx-token": 24735.31155,
    "serum": 211614.679825,
    "mango-markets": 1420799.094601
  },
  "pricesByCoingeckoId": {
    "BTC": 50817,
    "SOL": 196.66,
    "ETH": 4058.93,
    "mSOL": 202.13,
    "FTT": 42.95,
    "SRM": 4.08,
    "USDC": 1,
    "MNGO": 0.262312
  },
  "sharePricesByGlobalId": {
    "mainnet_income_call_sol": 1.02193,
    "mainnet_income_call_marinade": 1.01091,
    "mainnet_income_call_btc": 1.05125,
    "mainnet_income_call_eth": 1.006,
    "mainnet_income_call_ftt": 1,
    "mainnet_income_call_srm": 1,
    "mainnet_income_call_mngo": 1
  }
}