{
  "totalTvlUSD": 115928139.81,
  "coinsByCoingeckoId": {
    "solana": 166835.75601187,
    "msol": 161434.617981264,
    "bitcoin": 425.556814,
    "saber": 19999999.492037,
    "ftx-token": 68344.985161,
    "terra-luna": 76995.448448,
    "terrausd": 71484.78691,
    "usd-coin": 12948669.216807,
    "socean-staked-sol": 10999.987641614,
    "serum": 4201218.783831,
    "mango-markets": 8929632.488518,
    "raydium": 18221.60287,
    "ethereum": 1740.083843
  },
  "pricesByCoingeckoId": {
    "BTC": 43145,
    "SOL": 147.94,
    "ETH": 3356.3,
    "mSOL": 151.86,
    "FTT": 46.48,
    "SRM": 3.18,
    "USDC": 1,
    "MNGO": 0.199416,
    "scnSOL": 150.92,
    "SBR": 0.136663,
    "LUNA": 87.03,
    "UST": 1,
    "RAY": 5.4
  },
  "sharePricesByGlobalId": {
    "mainnet_income_call_sol": 1.04444,
    "mainnet_income_call_marinade": 1.03017,
    "mainnet_income_call_btc": 1.06814,
    "mainnet_income_call_sbr": 1.04667,
    "mainnet_income_call_ftt": 1.02068,
    "mainnet_income_call_luna": 1.02692,
    "mainnet_income_put_luna": 1,
    "mainnet_income_put_mngo": 1.00201,
    "mainnet_income_call_socean": 1.01629,
    "mainnet_income_call_srm": 1.01304,
    "mainnet_income_call_mngo": 1.01322,
    "mainnet_income_call_ray": 1.00275,
    "mainnet_income_call_eth": 1.01502,
    "mainnet_income_put_sol": 1.00281,
    "mainnet_income_put_btc": 1.00329
  },
  "depositTokenByGlobalId": {
    "mainnet_income_call_sol": 166835.75601187,
    "mainnet_income_call_marinade": 161434.617981264,
    "mainnet_income_call_btc": 425.556814,
    "mainnet_income_call_sbr": 19999999.492037,
    "mainnet_income_call_ftt": 68344.985161,
    "mainnet_income_call_luna": 76995.448448,
    "mainnet_income_put_luna": 71484.78691,
    "mainnet_income_put_mngo": 392132.07,
    "mainnet_income_call_socean": 10999.987641614,
    "mainnet_income_call_srm": 4201218.783831,
    "mainnet_income_call_mngo": 8929632.488518,
    "mainnet_income_call_ray": 18221.60287,
    "mainnet_income_call_eth": 1740.083843,
    "mainnet_income_put_sol": 11432053.01,
    "mainnet_income_put_btc": 1124484.14
  },
  "usdValueByGlobalId": {
    "mainnet_income_call_sol": 24681681.74,
    "mainnet_income_call_marinade": 24515461.09,
    "mainnet_income_call_btc": 18360648.74,
    "mainnet_income_call_sbr": 2733259.93,
    "mainnet_income_call_ftt": 3176674.91,
    "mainnet_income_call_luna": 6700913.88,
    "mainnet_income_put_luna": 71484.79,
    "mainnet_income_put_mngo": 392132.07,
    "mainnet_income_call_socean": 1660118.13,
    "mainnet_income_call_srm": 13359875.73,
    "mainnet_income_call_mngo": 1780711.59,
    "mainnet_income_call_ray": 98396.66,
    "mainnet_income_call_eth": 5840243.4,
    "mainnet_income_put_sol": 11432053.01,
    "mainnet_income_put_btc": 1124484.14
  },
  "globalIdToDepositTokenCoingeckoId": {
    "mainnet_income_call_sol": "solana",
    "mainnet_income_call_marinade": "msol",
    "mainnet_income_call_btc": "bitcoin",
    "mainnet_income_call_sbr": "saber",
    "mainnet_income_call_ftt": "ftx-token",
    "mainnet_income_call_luna": "terra-luna",
    "mainnet_income_put_luna": "terrausd",
    "mainnet_income_put_mngo": "usd-coin",
    "mainnet_income_call_socean": "socean-staked-sol",
    "mainnet_income_call_srm": "serum",
    "mainnet_income_call_mngo": "mango-markets",
    "mainnet_income_call_ray": "raydium",
    "mainnet_income_call_eth": "ethereum",
    "mainnet_income_put_sol": "usd-coin",
    "mainnet_income_put_btc": "usd-coin"
  }
}