{
  "totalTvlUSD": 91113426.41,
  "coinsByCoingeckoId": {
    "solana": 129499.517350644,
    "msol": 137058.151903942,
    "bitcoin": 355.630356,
    "saber": 11000000,
    "ftx-token": 72723.387988,
    "usd-coin": 12780819.795019,
    "terra-luna": 39999.999397,
    "socean-staked-sol": 5499.990099232,
    "serum": 3966425.602591,
    "mango-markets": 5999999.159277,
    "raydium": 18928.784889,
    "ethereum": 1467.434182
  },
  "pricesByCoingeckoId": {
    "BTC": 42105,
    "SOL": 140.99,
    "ETH": 3165.94,
    "mSOL": 144.13,
    "FTT": 37.98,
    "SRM": 3.03,
    "USDC": 1,
    "MNGO": 0.195966,
    "scnSOL": 143.15,
    "SBR": 0.086052,
    "LUNA": 72.73,
    "RAY": 5.36
  },
  "sharePricesByGlobalId": {
    "mainnet_income_call_sol": 1.03708,
    "mainnet_income_call_marinade": 1.02581,
    "mainnet_income_call_btc": 1.0644,
    "mainnet_income_call_sbr": 1,
    "mainnet_income_call_ftt": 1.01481,
    "mainnet_income_put_mngo": 1.00062,
    "mainnet_income_call_luna": 1.01873,
    "mainnet_income_call_socean": 1.01266,
    "mainnet_income_call_srm": 1.00834,
    "mainnet_income_call_mngo": 1.01232,
    "mainnet_income_call_ray": 1,
    "mainnet_income_call_eth": 1.01181,
    "mainnet_income_put_sol": 1.00376,
    "mainnet_income_put_btc": 1
  },
  "depositTokenByGlobalId": {
    "mainnet_income_call_sol": 129499.517350644,
    "mainnet_income_call_marinade": 137058.151903942,
    "mainnet_income_call_btc": 355.630356,
    "mainnet_income_call_sbr": 11000000,
    "mainnet_income_call_ftt": 72723.387988,
    "mainnet_income_put_mngo": 426442,
    "mainnet_income_call_luna": 39999.999397,
    "mainnet_income_call_socean": 5499.990099232,
    "mainnet_income_call_srm": 3966425.602591,
    "mainnet_income_call_mngo": 5999999.159277,
    "mainnet_income_call_ray": 18928.784889,
    "mainnet_income_call_eth": 1467.434182,
    "mainnet_income_put_sol": 10000000,
    "mainnet_income_put_btc": 2354377.79
  },
  "usdValueByGlobalId": {
    "mainnet_income_call_sol": 18258136.95,
    "mainnet_income_call_marinade": 19754191.43,
    "mainnet_income_call_btc": 14973816.14,
    "mainnet_income_call_sbr": 946572,
    "mainnet_income_call_ftt": 2762034.28,
    "mainnet_income_put_mngo": 426442,
    "mainnet_income_call_luna": 2909199.96,
    "mainnet_income_call_socean": 787323.58,
    "mainnet_income_call_srm": 12018269.58,
    "mainnet_income_call_mngo": 1175795.84,
    "mainnet_income_call_ray": 101458.29,
    "mainnet_income_call_eth": 4645808.57,
    "mainnet_income_put_sol": 10000000,
    "mainnet_income_put_btc": 2354377.79
  }
}