{
  "totalTvlUSD": 111063700.46,
  "coinsByCoingeckoId": {
    "solana": 146582.714859574,
    "msol": 157374.085663667,
    "bitcoin": 413.703665,
    "saber": 20000000,
    "ftx-token": 80516.482903,
    "usd-coin": 15448564.487868,
    "terra-luna": 68155.129915,
    "socean-staked-sol": 10524.278857569,
    "serum": 4033017.937429,
    "mango-markets": 8051103.116594,
    "raydium": 19383.995558,
    "ethereum": 1693.281495
  },
  "pricesByCoingeckoId": {
    "BTC": 42876,
    "SOL": 148.71,
    "ETH": 3290.32,
    "mSOL": 152.16,
    "FTT": 42.33,
    "SRM": 3.15,
    "USDC": 1,
    "MNGO": 0.199278,
    "scnSOL": 151.89,
    "SBR": 0.083485,
    "LUNA": 80.29,
    "RAY": 5.36
  },
  "sharePricesByGlobalId": {
    "mainnet_income_call_sol": 1.04513,
    "mainnet_income_call_marinade": 1.03062,
    "mainnet_income_call_btc": 1.06847,
    "mainnet_income_call_sbr": 1.05102,
    "mainnet_income_call_ftt": 1.02095,
    "mainnet_income_put_mngo": 1,
    "mainnet_income_call_luna": 1.02766,
    "mainnet_income_call_socean": 1.01667,
    "mainnet_income_call_srm": 1.01356,
    "mainnet_income_call_mngo": 1.0133,
    "mainnet_income_call_ray": 1.00283,
    "mainnet_income_call_eth": 1.01536,
    "mainnet_income_put_sol": 0.99999,
    "mainnet_income_put_btc": 1
  },
  "depositTokenByGlobalId": {
    "mainnet_income_call_sol": 146582.714859574,
    "mainnet_income_call_marinade": 157374.085663667,
    "mainnet_income_call_btc": 413.703665,
    "mainnet_income_call_sbr": 20000000,
    "mainnet_income_call_ftt": 80516.482903,
    "mainnet_income_put_mngo": 465005.97,
    "mainnet_income_call_luna": 68155.129915,
    "mainnet_income_call_socean": 10524.278857569,
    "mainnet_income_call_srm": 4033017.937429,
    "mainnet_income_call_mngo": 8051103.116594,
    "mainnet_income_call_ray": 19383.995558,
    "mainnet_income_call_eth": 1693.281495,
    "mainnet_income_put_sol": 12617638.73,
    "mainnet_income_put_btc": 2365919.79
  },
  "usdValueByGlobalId": {
    "mainnet_income_call_sol": 21798315.53,
    "mainnet_income_call_marinade": 23946040.87,
    "mainnet_income_call_btc": 17737958.34,
    "mainnet_income_call_sbr": 1670100,
    "mainnet_income_call_ftt": 3408262.72,
    "mainnet_income_put_mngo": 465005.97,
    "mainnet_income_call_luna": 5472175.38,
    "mainnet_income_call_socean": 1598532.72,
    "mainnet_income_call_srm": 12704006.5,
    "mainnet_income_call_mngo": 1604407.73,
    "mainnet_income_call_ray": 103898.22,
    "mainnet_income_call_eth": 5571437.97,
    "mainnet_income_put_sol": 12617638.73,
    "mainnet_income_put_btc": 2365919.79
  },
  "globalIdToDepositTokenCoingeckoId": {
    "mainnet_income_call_sol": "solana",
    "mainnet_income_call_marinade": "msol",
    "mainnet_income_call_btc": "bitcoin",
    "mainnet_income_call_sbr": "saber",
    "mainnet_income_call_ftt": "ftx-token",
    "mainnet_income_put_mngo": "usd-coin",
    "mainnet_income_call_luna": "terra-luna",
    "mainnet_income_call_socean": "socean-staked-sol",
    "mainnet_income_call_srm": "serum",
    "mainnet_income_call_mngo": "mango-markets",
    "mainnet_income_call_ray": "raydium",
    "mainnet_income_call_eth": "ethereum",
    "mainnet_income_put_sol": "usd-coin",
    "mainnet_income_put_btc": "usd-coin"
  }
}