{
  "totalTvlUSD": 88106632.12,
  "coinsByCoingeckoId": {
    "solana": 189368.873008812,
    "msol": 163056.359403509,
    "bitcoin": 435.584237,
    "saber": 19999254.621626,
    "ftx-token": 66633.57379,
    "terra-luna": 82252.868929,
    "terrausd": 211840.021503,
    "usd-coin": 14315953.100442,
    "socean-staked-sol": 10999.999764954,
    "serum": 4235224.36262,
    "mango-markets": 7840231.792677,
    "raydium": 21625.256316,
    "ethereum": 1767.890112
  },
  "pricesByCoingeckoId": {
    "BTC": 36422,
    "SOL": 92.66,
    "ETH": 2427.26,
    "mSOL": 95.1,
    "FTT": 35.81,
    "SRM": 2.11,
    "USDC": 1,
    "MNGO": 0.151552,
    "scnSOL": 94.7,
    "SBR": 0.066087,
    "LUNA": 65.9,
    "UST": 0.997622,
    "RAY": 3.48
  },
  "sharePricesByGlobalId": {
    "mainnet_income_call_sol": 1.05252,
    "mainnet_income_call_marinade": 1.03727,
    "mainnet_income_call_btc": 1.0696,
    "mainnet_income_call_sbr": 1.05044,
    "mainnet_income_call_ftt": 1.02696,
    "mainnet_income_call_luna": 1.0374,
    "mainnet_income_put_luna": 1,
    "mainnet_income_put_mngo": 1.00322,
    "mainnet_income_call_socean": 1.02395,
    "mainnet_income_call_srm": 1.02041,
    "mainnet_income_call_mngo": 1.01533,
    "mainnet_income_call_ray": 1.01764,
    "mainnet_income_call_eth": 1.0165,
    "mainnet_income_put_sol": 1.01183,
    "mainnet_income_put_btc": 1.00606
  },
  "depositTokenByGlobalId": {
    "mainnet_income_call_sol": 189368.873008812,
    "mainnet_income_call_marinade": 163056.359403509,
    "mainnet_income_call_btc": 435.584237,
    "mainnet_income_call_sbr": 19999254.621626,
    "mainnet_income_call_ftt": 66633.57379,
    "mainnet_income_call_luna": 82252.868929,
    "mainnet_income_put_luna": 211840.021503,
    "mainnet_income_put_mngo": 248683.41,
    "mainnet_income_call_socean": 10999.999764954,
    "mainnet_income_call_srm": 4235224.36262,
    "mainnet_income_call_mngo": 7840231.792677,
    "mainnet_income_call_ray": 21625.256316,
    "mainnet_income_call_eth": 1767.890112,
    "mainnet_income_put_sol": 12929058.76,
    "mainnet_income_put_btc": 1138210.93
  },
  "usdValueByGlobalId": {
    "mainnet_income_call_sol": 17546919.77,
    "mainnet_income_call_marinade": 15506659.78,
    "mainnet_income_call_btc": 15864849.08,
    "mainnet_income_call_sbr": 1321690.74,
    "mainnet_income_call_ftt": 2386148.28,
    "mainnet_income_call_luna": 5420464.06,
    "mainnet_income_put_luna": 211336.27,
    "mainnet_income_put_mngo": 248683.41,
    "mainnet_income_call_socean": 1041699.98,
    "mainnet_income_call_srm": 8936323.41,
    "mainnet_income_call_mngo": 1188202.81,
    "mainnet_income_call_ray": 75255.89,
    "mainnet_income_call_eth": 4291128.95,
    "mainnet_income_put_sol": 12929058.76,
    "mainnet_income_put_btc": 1138210.93
  },
  "globalIdToDepositTokenCoingeckoId": {
    "mainnet_income_call_sol": "solana",
    "mainnet_income_call_marinade": "msol",
    "mainnet_income_call_btc": "bitcoin",
    "mainnet_income_call_sbr": "saber",
    "mainnet_income_call_ftt": "ftx-token",
    "mainnet_income_call_luna": "terra-luna",
    "mainnet_income_put_luna": "terrausd",
    "mainnet_income_put_mngo": "usd-coin",
    "mainnet_income_call_socean": "socean-staked-sol",
    "mainnet_income_call_srm": "serum",
    "mainnet_income_call_mngo": "mango-markets",
    "mainnet_income_call_ray": "raydium",
    "mainnet_income_call_eth": "ethereum",
    "mainnet_income_put_sol": "usd-coin",
    "mainnet_income_put_btc": "usd-coin"
  }
}