{
  "totalTvlUSD": 89626318.51,
  "coinsByCoingeckoId": {
    "solana": 195320.090008812,
    "msol": 166588.339232792,
    "bitcoin": 446.509393,
    "saber": 19999999.398257,
    "ftx-token": 67786.905764,
    "terra-luna": 91274.671502,
    "terrausd": 221093.379823,
    "usd-coin": 15589197.289067,
    "socean-staked-sol": 11000,
    "serum": 4241072.803259,
    "mango-markets": 7875859.754746,
    "raydium": 23839.179952,
    "ethereum": 1775.982632
  },
  "pricesByCoingeckoId": {
    "BTC": 36117,
    "SOL": 89.99,
    "ETH": 2429.74,
    "mSOL": 92.24,
    "FTT": 38.21,
    "SRM": 2.12,
    "USDC": 1,
    "MNGO": 0.155369,
    "scnSOL": 92.22,
    "SBR": 0.066032,
    "LUNA": 57.05,
    "UST": 1,
    "RAY": 3.53
  },
  "sharePricesByGlobalId": {
    "mainnet_income_call_sol": 1.05252,
    "mainnet_income_call_marinade": 1.03727,
    "mainnet_income_call_btc": 1.0696,
    "mainnet_income_call_sbr": 1.05044,
    "mainnet_income_call_ftt": 1.02696,
    "mainnet_income_call_luna": 1.0374,
    "mainnet_income_put_luna": 1,
    "mainnet_income_put_mngo": 1.00322,
    "mainnet_income_call_socean": 1.02395,
    "mainnet_income_call_srm": 1.02041,
    "mainnet_income_call_mngo": 1.01533,
    "mainnet_income_call_ray": 1.01764,
    "mainnet_income_call_eth": 1.0165,
    "mainnet_income_put_sol": 1.01183,
    "mainnet_income_put_btc": 1.00606
  },
  "depositTokenByGlobalId": {
    "mainnet_income_call_sol": 195320.090008812,
    "mainnet_income_call_marinade": 166588.339232792,
    "mainnet_income_call_btc": 446.509393,
    "mainnet_income_call_sbr": 19999999.398257,
    "mainnet_income_call_ftt": 67786.905764,
    "mainnet_income_call_luna": 91274.671502,
    "mainnet_income_put_luna": 221093.379823,
    "mainnet_income_put_mngo": 249437.27,
    "mainnet_income_call_socean": 11000,
    "mainnet_income_call_srm": 4241072.803259,
    "mainnet_income_call_mngo": 7875859.754746,
    "mainnet_income_call_ray": 23839.179952,
    "mainnet_income_call_eth": 1775.982632,
    "mainnet_income_put_sol": 14201036.49,
    "mainnet_income_put_btc": 1138723.52
  },
  "usdValueByGlobalId": {
    "mainnet_income_call_sol": 17576854.9,
    "mainnet_income_call_marinade": 15366108.41,
    "mainnet_income_call_btc": 16126579.75,
    "mainnet_income_call_sbr": 1320639.96,
    "mainnet_income_call_ftt": 2590137.67,
    "mainnet_income_call_luna": 5207220.01,
    "mainnet_income_put_luna": 221093.38,
    "mainnet_income_put_mngo": 249437.27,
    "mainnet_income_call_socean": 1014420,
    "mainnet_income_call_srm": 8991074.34,
    "mainnet_income_call_mngo": 1223664.45,
    "mainnet_income_call_ray": 84152.31,
    "mainnet_income_call_eth": 4315176.04,
    "mainnet_income_put_sol": 14201036.49,
    "mainnet_income_put_btc": 1138723.52
  },
  "globalIdToDepositTokenCoingeckoId": {
    "mainnet_income_call_sol": "solana",
    "mainnet_income_call_marinade": "msol",
    "mainnet_income_call_btc": "bitcoin",
    "mainnet_income_call_sbr": "saber",
    "mainnet_income_call_ftt": "ftx-token",
    "mainnet_income_call_luna": "terra-luna",
    "mainnet_income_put_luna": "terrausd",
    "mainnet_income_put_mngo": "usd-coin",
    "mainnet_income_call_socean": "socean-staked-sol",
    "mainnet_income_call_srm": "serum",
    "mainnet_income_call_mngo": "mango-markets",
    "mainnet_income_call_ray": "raydium",
    "mainnet_income_call_eth": "ethereum",
    "mainnet_income_put_sol": "usd-coin",
    "mainnet_income_put_btc": "usd-coin"
  }
}