{
  "totalTvlUSD": 88600731.07,
  "coinsByCoingeckoId": {
    "solana": 188727.425558812,
    "msol": 162425.621058475,
    "bitcoin": 433.272673,
    "saber": 19991426.832858,
    "ftx-token": 66493.416909,
    "terra-luna": 83150.115737,
    "terrausd": 207897.557509,
    "usd-coin": 14247916.881350998,
    "socean-staked-sol": 10999.999764954,
    "serum": 4235489.928094,
    "mango-markets": 7839468.366552,
    "raydium": 21551.481969,
    "ethereum": 1770.30413
  },
  "pricesByCoingeckoId": {
    "BTC": 36581,
    "SOL": 94.1,
    "ETH": 2426.4,
    "mSOL": 96.59,
    "FTT": 35.34,
    "SRM": 2.13,
    "USDC": 1,
    "MNGO": 0.15187,
    "scnSOL": 92.49,
    "SBR": 0.063484,
    "LUNA": 67.68,
    "UST": 1.01,
    "RAY": 3.42
  },
  "sharePricesByGlobalId": {
    "mainnet_income_call_sol": 1.05252,
    "mainnet_income_call_marinade": 1.03727,
    "mainnet_income_call_btc": 1.0696,
    "mainnet_income_call_sbr": 1.05044,
    "mainnet_income_call_ftt": 1.02696,
    "mainnet_income_call_luna": 1.0374,
    "mainnet_income_put_luna": 1,
    "mainnet_income_put_mngo": 1.00322,
    "mainnet_income_call_socean": 1.02395,
    "mainnet_income_call_srm": 1.02041,
    "mainnet_income_call_mngo": 1.01533,
    "mainnet_income_call_ray": 1.01764,
    "mainnet_income_call_eth": 1.0165,
    "mainnet_income_put_sol": 1.01183,
    "mainnet_income_put_btc": 1.00606
  },
  "depositTokenByGlobalId": {
    "mainnet_income_call_sol": 188727.425558812,
    "mainnet_income_call_marinade": 162425.621058475,
    "mainnet_income_call_btc": 433.272673,
    "mainnet_income_call_sbr": 19991426.832858,
    "mainnet_income_call_ftt": 66493.416909,
    "mainnet_income_call_luna": 83150.115737,
    "mainnet_income_put_luna": 207897.557509,
    "mainnet_income_put_mngo": 248683.41,
    "mainnet_income_call_socean": 10999.999764954,
    "mainnet_income_call_srm": 4235489.928094,
    "mainnet_income_call_mngo": 7839468.366552,
    "mainnet_income_call_ray": 21551.481969,
    "mainnet_income_call_eth": 1770.30413,
    "mainnet_income_put_sol": 12861022.64,
    "mainnet_income_put_btc": 1138210.83
  },
  "usdValueByGlobalId": {
    "mainnet_income_call_sol": 17759250.75,
    "mainnet_income_call_marinade": 15688690.74,
    "mainnet_income_call_btc": 15849547.65,
    "mainnet_income_call_sbr": 1269135.74,
    "mainnet_income_call_ftt": 2349877.35,
    "mainnet_income_call_luna": 5627599.83,
    "mainnet_income_put_luna": 209976.53,
    "mainnet_income_put_mngo": 248683.41,
    "mainnet_income_call_socean": 1017389.98,
    "mainnet_income_call_srm": 9021593.55,
    "mainnet_income_call_mngo": 1190580.06,
    "mainnet_income_call_ray": 73706.07,
    "mainnet_income_call_eth": 4295465.94,
    "mainnet_income_put_sol": 12861022.64,
    "mainnet_income_put_btc": 1138210.83
  },
  "globalIdToDepositTokenCoingeckoId": {
    "mainnet_income_call_sol": "solana",
    "mainnet_income_call_marinade": "msol",
    "mainnet_income_call_btc": "bitcoin",
    "mainnet_income_call_sbr": "saber",
    "mainnet_income_call_ftt": "ftx-token",
    "mainnet_income_call_luna": "terra-luna",
    "mainnet_income_put_luna": "terrausd",
    "mainnet_income_put_mngo": "usd-coin",
    "mainnet_income_call_socean": "socean-staked-sol",
    "mainnet_income_call_srm": "serum",
    "mainnet_income_call_mngo": "mango-markets",
    "mainnet_income_call_ray": "raydium",
    "mainnet_income_call_eth": "ethereum",
    "mainnet_income_put_sol": "usd-coin",
    "mainnet_income_put_btc": "usd-coin"
  }
}