{
  "totalTvlUSD": 89674191.89,
  "coinsByCoingeckoId": {
    "solana": 124839.969450644,
    "msol": 135968.009910147,
    "bitcoin": 354.279198,
    "saber": 11000000,
    "ftx-token": 71367.510645,
    "usd-coin": 12774039.779015,
    "terra-luna": 39999.989397,
    "socean-staked-sol": 5499.870099232,
    "serum": 3965444.011937,
    "mango-markets": 5999999.148087,
    "raydium": 18918.099566,
    "ethereum": 1406.76069
  },
  "pricesByCoingeckoId": {
    "BTC": 41758,
    "SOL": 139.09,
    "ETH": 3201.59,
    "mSOL": 142.42,
    "FTT": 35.9,
    "SRM": 3.15,
    "USDC": 1,
    "MNGO": 0.193055,
    "scnSOL": 141.51,
    "SBR": 0.089431,
    "LUNA": 69.94,
    "RAY": 5.42
  },
  "sharePricesByGlobalId": {
    "mainnet_income_call_sol": 1.03708,
    "mainnet_income_call_marinade": 1.02581,
    "mainnet_income_call_btc": 1.0644,
    "mainnet_income_call_sbr": 1,
    "mainnet_income_call_ftt": 1.01481,
    "mainnet_income_put_mngo": 1,
    "mainnet_income_call_luna": 1.01873,
    "mainnet_income_call_socean": 1.01266,
    "mainnet_income_call_srm": 1.00834,
    "mainnet_income_call_mngo": 1.01232,
    "mainnet_income_call_ray": 1,
    "mainnet_income_call_eth": 1.01181,
    "mainnet_income_put_sol": 1,
    "mainnet_income_put_btc": 1
  },
  "depositTokenByGlobalId": {
    "mainnet_income_call_sol": 124839.969450644,
    "mainnet_income_call_marinade": 135968.009910147,
    "mainnet_income_call_btc": 354.279198,
    "mainnet_income_call_sbr": 11000000,
    "mainnet_income_call_ftt": 71367.510645,
    "mainnet_income_put_mngo": 423015.84,
    "mainnet_income_call_luna": 39999.989397,
    "mainnet_income_call_socean": 5499.870099232,
    "mainnet_income_call_srm": 3965444.011937,
    "mainnet_income_call_mngo": 5999999.148087,
    "mainnet_income_call_ray": 18918.099566,
    "mainnet_income_call_eth": 1406.76069,
    "mainnet_income_put_sol": 9999999.86,
    "mainnet_income_put_btc": 2351024.08
  },
  "usdValueByGlobalId": {
    "mainnet_income_call_sol": 17363991.35,
    "mainnet_income_call_marinade": 19364563.97,
    "mainnet_income_call_btc": 14793990.75,
    "mainnet_income_call_sbr": 983741,
    "mainnet_income_call_ftt": 2562093.63,
    "mainnet_income_put_mngo": 423015.84,
    "mainnet_income_call_luna": 2797599.26,
    "mainnet_income_call_socean": 778286.62,
    "mainnet_income_call_srm": 12491148.64,
    "mainnet_income_call_mngo": 1158329.84,
    "mainnet_income_call_ray": 102536.1,
    "mainnet_income_call_eth": 4503870.96,
    "mainnet_income_put_sol": 9999999.86,
    "mainnet_income_put_btc": 2351024.08
  }
}