{
  "totalTvlUSD": 91468027.67,
  "coinsByCoingeckoId": {
    "solana": 195313.441008812,
    "msol": 166600.339215886,
    "bitcoin": 446.505423,
    "saber": 19999999.398257,
    "ftx-token": 67786.905764,
    "terra-luna": 91261.518322,
    "terrausd": 221093.379823,
    "usd-coin": 15586197.289067,
    "socean-staked-sol": 11000,
    "serum": 4241072.803259,
    "mango-markets": 7875859.754746,
    "raydium": 23839.179952,
    "ethereum": 1775.972409
  },
  "pricesByCoingeckoId": {
    "BTC": 36709,
    "SOL": 92.62,
    "ETH": 2481.41,
    "mSOL": 95.17,
    "FTT": 38.71,
    "SRM": 2.15,
    "USDC": 1,
    "MNGO": 0.156106,
    "scnSOL": 94.8,
    "SBR": 0.067769,
    "LUNA": 59.86,
    "UST": 1,
    "RAY": 3.56
  },
  "sharePricesByGlobalId": {
    "mainnet_income_call_sol": 1.05252,
    "mainnet_income_call_marinade": 1.03727,
    "mainnet_income_call_btc": 1.0696,
    "mainnet_income_call_sbr": 1.05044,
    "mainnet_income_call_ftt": 1.02696,
    "mainnet_income_call_luna": 1.0374,
    "mainnet_income_put_luna": 1,
    "mainnet_income_put_mngo": 1.00322,
    "mainnet_income_call_socean": 1.02395,
    "mainnet_income_call_srm": 1.02041,
    "mainnet_income_call_mngo": 1.01533,
    "mainnet_income_call_ray": 1.01764,
    "mainnet_income_call_eth": 1.0165,
    "mainnet_income_put_sol": 1.01183,
    "mainnet_income_put_btc": 1.00606
  },
  "depositTokenByGlobalId": {
    "mainnet_income_call_sol": 195313.441008812,
    "mainnet_income_call_marinade": 166600.339215886,
    "mainnet_income_call_btc": 446.505423,
    "mainnet_income_call_sbr": 19999999.398257,
    "mainnet_income_call_ftt": 67786.905764,
    "mainnet_income_call_luna": 91261.518322,
    "mainnet_income_put_luna": 221093.379823,
    "mainnet_income_put_mngo": 249437.27,
    "mainnet_income_call_socean": 11000,
    "mainnet_income_call_srm": 4241072.803259,
    "mainnet_income_call_mngo": 7875859.754746,
    "mainnet_income_call_ray": 23839.179952,
    "mainnet_income_call_eth": 1775.972409,
    "mainnet_income_put_sol": 14198036.49,
    "mainnet_income_put_btc": 1138723.52
  },
  "usdValueByGlobalId": {
    "mainnet_income_call_sol": 18089930.91,
    "mainnet_income_call_marinade": 15855354.28,
    "mainnet_income_call_btc": 16390767.57,
    "mainnet_income_call_sbr": 1355379.96,
    "mainnet_income_call_ftt": 2624031.12,
    "mainnet_income_call_luna": 5462914.49,
    "mainnet_income_put_luna": 221093.38,
    "mainnet_income_put_mngo": 249437.27,
    "mainnet_income_call_socean": 1042800,
    "mainnet_income_call_srm": 9118306.53,
    "mainnet_income_call_mngo": 1229468.96,
    "mainnet_income_call_ray": 84867.48,
    "mainnet_income_call_eth": 4406915.7,
    "mainnet_income_put_sol": 14198036.49,
    "mainnet_income_put_btc": 1138723.52
  },
  "globalIdToDepositTokenCoingeckoId": {
    "mainnet_income_call_sol": "solana",
    "mainnet_income_call_marinade": "msol",
    "mainnet_income_call_btc": "bitcoin",
    "mainnet_income_call_sbr": "saber",
    "mainnet_income_call_ftt": "ftx-token",
    "mainnet_income_call_luna": "terra-luna",
    "mainnet_income_put_luna": "terrausd",
    "mainnet_income_put_mngo": "usd-coin",
    "mainnet_income_call_socean": "socean-staked-sol",
    "mainnet_income_call_srm": "serum",
    "mainnet_income_call_mngo": "mango-markets",
    "mainnet_income_call_ray": "raydium",
    "mainnet_income_call_eth": "ethereum",
    "mainnet_income_put_sol": "usd-coin",
    "mainnet_income_put_btc": "usd-coin"
  }
}