{
  "totalTvlUSD": 89790004.45,
  "coinsByCoingeckoId": {
    "solana": 196144.719008812,
    "msol": 166699.007997538,
    "bitcoin": 447.535399,
    "saber": 19999999.398257,
    "ftx-token": 67786.91977,
    "terra-luna": 91716.905062,
    "terrausd": 221094.379823,
    "usd-coin": 15592724.981081001,
    "socean-staked-sol": 11000,
    "serum": 4242136.367456,
    "mango-markets": 7875859.754746,
    "raydium": 23843.179952,
    "ethereum": 1775.982632
  },
  "pricesByCoingeckoId": {
    "BTC": 37174,
    "SOL": 89.49,
    "ETH": 2402.95,
    "mSOL": 92.17,
    "FTT": 38.4,
    "SRM": 2.12,
    "USDC": 1,
    "MNGO": 0.153196,
    "scnSOL": 91.7,
    "SBR": 0.064677,
    "LUNA": 54.14,
    "UST": 0.998417,
    "RAY": 3.52
  },
  "sharePricesByGlobalId": {
    "mainnet_income_call_sol": 1.05252,
    "mainnet_income_call_marinade": 1.03727,
    "mainnet_income_call_btc": 1.0696,
    "mainnet_income_call_sbr": 1.05044,
    "mainnet_income_call_ftt": 1.02696,
    "mainnet_income_call_luna": 1.0374,
    "mainnet_income_put_luna": 1,
    "mainnet_income_put_mngo": 1.00322,
    "mainnet_income_call_socean": 1.02395,
    "mainnet_income_call_srm": 1.02041,
    "mainnet_income_call_mngo": 1.01533,
    "mainnet_income_call_ray": 1.01764,
    "mainnet_income_call_eth": 1.0165,
    "mainnet_income_put_sol": 1.01183,
    "mainnet_income_put_btc": 1.00606
  },
  "depositTokenByGlobalId": {
    "mainnet_income_call_sol": 196144.719008812,
    "mainnet_income_call_marinade": 166699.007997538,
    "mainnet_income_call_btc": 447.535399,
    "mainnet_income_call_sbr": 19999999.398257,
    "mainnet_income_call_ftt": 67786.91977,
    "mainnet_income_call_luna": 91716.905062,
    "mainnet_income_put_luna": 221094.379823,
    "mainnet_income_put_mngo": 249437.37,
    "mainnet_income_call_socean": 11000,
    "mainnet_income_call_srm": 4242136.367456,
    "mainnet_income_call_mngo": 7875859.754746,
    "mainnet_income_call_ray": 23843.179952,
    "mainnet_income_call_eth": 1775.982632,
    "mainnet_income_put_sol": 14204564.08,
    "mainnet_income_put_btc": 1138723.52
  },
  "usdValueByGlobalId": {
    "mainnet_income_call_sol": 17552990.9,
    "mainnet_income_call_marinade": 15364647.57,
    "mainnet_income_call_btc": 16636680.92,
    "mainnet_income_call_sbr": 1293539.96,
    "mainnet_income_call_ftt": 2603017.72,
    "mainnet_income_call_luna": 4965553.24,
    "mainnet_income_put_luna": 220744.39,
    "mainnet_income_put_mngo": 249437.37,
    "mainnet_income_call_socean": 1008700,
    "mainnet_income_call_srm": 8993329.1,
    "mainnet_income_call_mngo": 1206550.21,
    "mainnet_income_call_ray": 83927.99,
    "mainnet_income_call_eth": 4267597.47,
    "mainnet_income_put_sol": 14204564.08,
    "mainnet_income_put_btc": 1138723.52
  },
  "globalIdToDepositTokenCoingeckoId": {
    "mainnet_income_call_sol": "solana",
    "mainnet_income_call_marinade": "msol",
    "mainnet_income_call_btc": "bitcoin",
    "mainnet_income_call_sbr": "saber",
    "mainnet_income_call_ftt": "ftx-token",
    "mainnet_income_call_luna": "terra-luna",
    "mainnet_income_put_luna": "terrausd",
    "mainnet_income_put_mngo": "usd-coin",
    "mainnet_income_call_socean": "socean-staked-sol",
    "mainnet_income_call_srm": "serum",
    "mainnet_income_call_mngo": "mango-markets",
    "mainnet_income_call_ray": "raydium",
    "mainnet_income_call_eth": "ethereum",
    "mainnet_income_put_sol": "usd-coin",
    "mainnet_income_put_btc": "usd-coin"
  }
}