{
  "totalTvlUSD": 91296617.29,
  "coinsByCoingeckoId": {
    "solana": 131812.010759574,
    "msol": 142305.81106362,
    "bitcoin": 366.119309,
    "saber": 11000000,
    "ftx-token": 76104.185874,
    "usd-coin": 13040568.77733,
    "terra-luna": 44664.181242,
    "socean-staked-sol": 6633.146334524,
    "serum": 3974013.550706,
    "mango-markets": 5999999.159277,
    "raydium": 18929.736609,
    "ethereum": 1479.616645
  },
  "pricesByCoingeckoId": {
    "BTC": 41972,
    "SOL": 135.86,
    "ETH": 3095.25,
    "mSOL": 138.8,
    "FTT": 38.1,
    "SRM": 2.93,
    "USDC": 1,
    "MNGO": 0.195888,
    "scnSOL": 136.64,
    "SBR": 0.07268,
    "LUNA": 70.05,
    "RAY": 5.08
  },
  "sharePricesByGlobalId": {
    "mainnet_income_call_sol": 1.03708,
    "mainnet_income_call_marinade": 1.02581,
    "mainnet_income_call_btc": 1.0644,
    "mainnet_income_call_sbr": 1,
    "mainnet_income_call_ftt": 1.01481,
    "mainnet_income_put_mngo": 1.00062,
    "mainnet_income_call_luna": 1.01873,
    "mainnet_income_call_socean": 1.01266,
    "mainnet_income_call_srm": 1.00834,
    "mainnet_income_call_mngo": 1.01232,
    "mainnet_income_call_ray": 1,
    "mainnet_income_call_eth": 1.01181,
    "mainnet_income_put_sol": 1.00376,
    "mainnet_income_put_btc": 1
  },
  "depositTokenByGlobalId": {
    "mainnet_income_call_sol": 131812.010759574,
    "mainnet_income_call_marinade": 142305.81106362,
    "mainnet_income_call_btc": 366.119309,
    "mainnet_income_call_sbr": 11000000,
    "mainnet_income_call_ftt": 76104.185874,
    "mainnet_income_put_mngo": 428653.05,
    "mainnet_income_call_luna": 44664.181242,
    "mainnet_income_call_socean": 6633.146334524,
    "mainnet_income_call_srm": 3974013.550706,
    "mainnet_income_call_mngo": 5999999.159277,
    "mainnet_income_call_ray": 18929.736609,
    "mainnet_income_call_eth": 1479.616645,
    "mainnet_income_put_sol": 10257537.94,
    "mainnet_income_put_btc": 2354377.79
  },
  "usdValueByGlobalId": {
    "mainnet_income_call_sol": 17907979.78,
    "mainnet_income_call_marinade": 19752046.58,
    "mainnet_income_call_btc": 15366759.64,
    "mainnet_income_call_sbr": 799480,
    "mainnet_income_call_ftt": 2899569.48,
    "mainnet_income_put_mngo": 428653.05,
    "mainnet_income_call_luna": 3128725.9,
    "mainnet_income_call_socean": 906353.12,
    "mainnet_income_call_srm": 11643859.7,
    "mainnet_income_call_mngo": 1175327.84,
    "mainnet_income_call_ray": 96163.06,
    "mainnet_income_call_eth": 4579783.42,
    "mainnet_income_put_sol": 10257537.94,
    "mainnet_income_put_btc": 2354377.79
  }
}