{
  "totalTvlUSD": 80550341.39,
  "coinsByCoingeckoId": {
    "solana": 188457.343158812,
    "msol": 162341.014106364,
    "bitcoin": 433.249694,
    "saber": 19327427.034276,
    "ftx-token": 66478.416909,
    "terra-luna": 82848.574974,
    "terrausd": 207818.654299,
    "usd-coin": 14214391.470973,
    "socean-staked-sol": 10999.999764954,
    "serum": 4235069.805075,
    "mango-markets": 7820363.780532,
    "raydium": 21551.481969,
    "ethereum": 1762.055973
  },
  "pricesByCoingeckoId": {
    "BTC": 33419,
    "SOL": 81.71,
    "ETH": 2196.53,
    "mSOL": 84.09,
    "FTT": 31.69,
    "SRM": 1.95,
    "USDC": 1,
    "MNGO": 0.143708,
    "scnSOL": 84.38,
    "SBR": 0.065222,
    "LUNA": 60.14,
    "UST": 0.997414,
    "RAY": 3.21
  },
  "sharePricesByGlobalId": {
    "mainnet_income_call_sol": 1.05252,
    "mainnet_income_call_marinade": 1.03727,
    "mainnet_income_call_btc": 1.0696,
    "mainnet_income_call_sbr": 1.05044,
    "mainnet_income_call_ftt": 1.02696,
    "mainnet_income_call_luna": 1.0374,
    "mainnet_income_put_luna": 1,
    "mainnet_income_put_mngo": 1.00322,
    "mainnet_income_call_socean": 1.02395,
    "mainnet_income_call_srm": 1.02041,
    "mainnet_income_call_mngo": 1.01533,
    "mainnet_income_call_ray": 1.01764,
    "mainnet_income_call_eth": 1.0165,
    "mainnet_income_put_sol": 1.01183,
    "mainnet_income_put_btc": 1.00606
  },
  "depositTokenByGlobalId": {
    "mainnet_income_call_sol": 188457.343158812,
    "mainnet_income_call_marinade": 162341.014106364,
    "mainnet_income_call_btc": 433.249694,
    "mainnet_income_call_sbr": 19327427.034276,
    "mainnet_income_call_ftt": 66478.416909,
    "mainnet_income_call_luna": 82848.574974,
    "mainnet_income_put_luna": 207818.654299,
    "mainnet_income_put_mngo": 248683.41,
    "mainnet_income_call_socean": 10999.999764954,
    "mainnet_income_call_srm": 4235069.805075,
    "mainnet_income_call_mngo": 7820363.780532,
    "mainnet_income_call_ray": 21551.481969,
    "mainnet_income_call_eth": 1762.055973,
    "mainnet_income_put_sol": 12827497.23,
    "mainnet_income_put_btc": 1138210.83
  },
  "usdValueByGlobalId": {
    "mainnet_income_call_sol": 15398849.51,
    "mainnet_income_call_marinade": 13651255.88,
    "mainnet_income_call_btc": 14478771.52,
    "mainnet_income_call_sbr": 1260573.45,
    "mainnet_income_call_ftt": 2106701.03,
    "mainnet_income_call_luna": 4982513.3,
    "mainnet_income_put_luna": 207281.24,
    "mainnet_income_put_mngo": 248683.41,
    "mainnet_income_call_socean": 928179.98,
    "mainnet_income_call_srm": 8258386.12,
    "mainnet_income_call_mngo": 1123848.84,
    "mainnet_income_call_ray": 69180.26,
    "mainnet_income_call_eth": 3870408.81,
    "mainnet_income_put_sol": 12827497.23,
    "mainnet_income_put_btc": 1138210.83
  },
  "globalIdToDepositTokenCoingeckoId": {
    "mainnet_income_call_sol": "solana",
    "mainnet_income_call_marinade": "msol",
    "mainnet_income_call_btc": "bitcoin",
    "mainnet_income_call_sbr": "saber",
    "mainnet_income_call_ftt": "ftx-token",
    "mainnet_income_call_luna": "terra-luna",
    "mainnet_income_put_luna": "terrausd",
    "mainnet_income_put_mngo": "usd-coin",
    "mainnet_income_call_socean": "socean-staked-sol",
    "mainnet_income_call_srm": "serum",
    "mainnet_income_call_mngo": "mango-markets",
    "mainnet_income_call_ray": "raydium",
    "mainnet_income_call_eth": "ethereum",
    "mainnet_income_put_sol": "usd-coin",
    "mainnet_income_put_btc": "usd-coin"
  }
}