{
  "totalTvlUSD": 90892903.59,
  "coinsByCoingeckoId": {
    "solana": 195313.441008812,
    "msol": 166600.339215886,
    "bitcoin": 446.506113,
    "saber": 19999999.398257,
    "ftx-token": 67786.905764,
    "terra-luna": 91267.458322,
    "terrausd": 221093.379823,
    "usd-coin": 15586197.289067,
    "socean-staked-sol": 11000,
    "serum": 4241072.803259,
    "mango-markets": 7875859.754746,
    "raydium": 23839.179952,
    "ethereum": 1775.982632
  },
  "pricesByCoingeckoId": {
    "BTC": 36558,
    "SOL": 91.85,
    "ETH": 2470.71,
    "mSOL": 93.71,
    "FTT": 38.39,
    "SRM": 2.14,
    "USDC": 1,
    "MNGO": 0.156202,
    "scnSOL": 94.17,
    "SBR": 0.067531,
    "LUNA": 59.64,
    "UST": 0.999442,
    "RAY": 3.55
  },
  "sharePricesByGlobalId": {
    "mainnet_income_call_sol": 1.05252,
    "mainnet_income_call_marinade": 1.03727,
    "mainnet_income_call_btc": 1.0696,
    "mainnet_income_call_sbr": 1.05044,
    "mainnet_income_call_ftt": 1.02696,
    "mainnet_income_call_luna": 1.0374,
    "mainnet_income_put_luna": 1,
    "mainnet_income_put_mngo": 1.00322,
    "mainnet_income_call_socean": 1.02395,
    "mainnet_income_call_srm": 1.02041,
    "mainnet_income_call_mngo": 1.01533,
    "mainnet_income_call_ray": 1.01764,
    "mainnet_income_call_eth": 1.0165,
    "mainnet_income_put_sol": 1.01183,
    "mainnet_income_put_btc": 1.00606
  },
  "depositTokenByGlobalId": {
    "mainnet_income_call_sol": 195313.441008812,
    "mainnet_income_call_marinade": 166600.339215886,
    "mainnet_income_call_btc": 446.506113,
    "mainnet_income_call_sbr": 19999999.398257,
    "mainnet_income_call_ftt": 67786.905764,
    "mainnet_income_call_luna": 91267.458322,
    "mainnet_income_put_luna": 221093.379823,
    "mainnet_income_put_mngo": 249437.27,
    "mainnet_income_call_socean": 11000,
    "mainnet_income_call_srm": 4241072.803259,
    "mainnet_income_call_mngo": 7875859.754746,
    "mainnet_income_call_ray": 23839.179952,
    "mainnet_income_call_eth": 1775.982632,
    "mainnet_income_put_sol": 14198036.49,
    "mainnet_income_put_btc": 1138723.52
  },
  "usdValueByGlobalId": {
    "mainnet_income_call_sol": 17939539.56,
    "mainnet_income_call_marinade": 15612117.79,
    "mainnet_income_call_btc": 16323370.48,
    "mainnet_income_call_sbr": 1350619.96,
    "mainnet_income_call_ftt": 2602339.31,
    "mainnet_income_call_luna": 5443191.21,
    "mainnet_income_put_luna": 220970.01,
    "mainnet_income_put_mngo": 249437.27,
    "mainnet_income_call_socean": 1035870,
    "mainnet_income_call_srm": 9075895.8,
    "mainnet_income_call_mngo": 1230225.05,
    "mainnet_income_call_ray": 84629.09,
    "mainnet_income_call_eth": 4387938.05,
    "mainnet_income_put_sol": 14198036.49,
    "mainnet_income_put_btc": 1138723.52
  },
  "globalIdToDepositTokenCoingeckoId": {
    "mainnet_income_call_sol": "solana",
    "mainnet_income_call_marinade": "msol",
    "mainnet_income_call_btc": "bitcoin",
    "mainnet_income_call_sbr": "saber",
    "mainnet_income_call_ftt": "ftx-token",
    "mainnet_income_call_luna": "terra-luna",
    "mainnet_income_put_luna": "terrausd",
    "mainnet_income_put_mngo": "usd-coin",
    "mainnet_income_call_socean": "socean-staked-sol",
    "mainnet_income_call_srm": "serum",
    "mainnet_income_call_mngo": "mango-markets",
    "mainnet_income_call_ray": "raydium",
    "mainnet_income_call_eth": "ethereum",
    "mainnet_income_put_sol": "usd-coin",
    "mainnet_income_put_btc": "usd-coin"
  }
}