{
  "totalTvlUSD": 90519397.4,
  "coinsByCoingeckoId": {
    "solana": 128426.071350644,
    "msol": 136225.657098791,
    "bitcoin": 354.287743,
    "saber": 11000000,
    "ftx-token": 72579.651497,
    "usd-coin": 12775908.253459001,
    "terra-luna": 39999.999397,
    "socean-staked-sol": 5499.990099232,
    "serum": 3965834.743512,
    "mango-markets": 5999999.159277,
    "raydium": 18918.099566,
    "ethereum": 1407.979801
  },
  "pricesByCoingeckoId": {
    "BTC": 41895,
    "SOL": 143.26,
    "ETH": 3101.17,
    "mSOL": 146.38,
    "FTT": 35.42,
    "SRM": 3.01,
    "USDC": 1,
    "MNGO": 0.188129,
    "scnSOL": 145.39,
    "SBR": 0.08685,
    "LUNA": 67.59,
    "RAY": 5.28
  },
  "sharePricesByGlobalId": {
    "mainnet_income_call_sol": 1.03708,
    "mainnet_income_call_marinade": 1.02581,
    "mainnet_income_call_btc": 1.0644,
    "mainnet_income_call_sbr": 1,
    "mainnet_income_call_ftt": 1.01481,
    "mainnet_income_put_mngo": 1,
    "mainnet_income_call_luna": 1.01873,
    "mainnet_income_call_socean": 1.01266,
    "mainnet_income_call_srm": 1.00834,
    "mainnet_income_call_mngo": 1.01232,
    "mainnet_income_call_ray": 1,
    "mainnet_income_call_eth": 1.01181,
    "mainnet_income_put_sol": 1,
    "mainnet_income_put_btc": 1
  },
  "depositTokenByGlobalId": {
    "mainnet_income_call_sol": 128426.071350644,
    "mainnet_income_call_marinade": 136225.657098791,
    "mainnet_income_call_btc": 354.287743,
    "mainnet_income_call_sbr": 11000000,
    "mainnet_income_call_ftt": 72579.651497,
    "mainnet_income_put_mngo": 424829.63,
    "mainnet_income_call_luna": 39999.999397,
    "mainnet_income_call_socean": 5499.990099232,
    "mainnet_income_call_srm": 3965834.743512,
    "mainnet_income_call_mngo": 5999999.159277,
    "mainnet_income_call_ray": 18918.099566,
    "mainnet_income_call_eth": 1407.979801,
    "mainnet_income_put_sol": 9999999.97,
    "mainnet_income_put_btc": 2351078.65
  },
  "usdValueByGlobalId": {
    "mainnet_income_call_sol": 18398318.98,
    "mainnet_income_call_marinade": 19940711.69,
    "mainnet_income_call_btc": 14842884.99,
    "mainnet_income_call_sbr": 955350,
    "mainnet_income_call_ftt": 2570771.26,
    "mainnet_income_put_mngo": 424829.63,
    "mainnet_income_call_luna": 2703599.96,
    "mainnet_income_call_socean": 799643.56,
    "mainnet_income_call_srm": 11937162.58,
    "mainnet_income_call_mngo": 1128773.84,
    "mainnet_income_call_ray": 99887.57,
    "mainnet_income_call_eth": 4366384.72,
    "mainnet_income_put_sol": 9999999.97,
    "mainnet_income_put_btc": 2351078.65
  }
}