{
  "totalTvlUSD": 114984680.98,
  "coinsByCoingeckoId": {
    "solana": 179318.75757887,
    "msol": 166351.893418279,
    "bitcoin": 432.943551,
    "saber": 19999999.760273,
    "ftx-token": 75213.804779,
    "terra-luna": 86949.46253,
    "terrausd": 175809.402127,
    "usd-coin": 13821163.611449,
    "socean-staked-sol": 11000,
    "serum": 4217015.741031,
    "mango-markets": 9045923.846387,
    "raydium": 20816.297794,
    "ethereum": 1800.821251
  },
  "pricesByCoingeckoId": {
    "BTC": 42130,
    "SOL": 137.65,
    "ETH": 3149.93,
    "mSOL": 141.26,
    "FTT": 48.26,
    "SRM": 2.93,
    "USDC": 1,
    "MNGO": 0.200788,
    "scnSOL": 140.74,
    "SBR": 0.11213,
    "LUNA": 82.5,
    "UST": 1,
    "RAY": 5.01
  },
  "sharePricesByGlobalId": {
    "mainnet_income_call_sol": 1.05342,
    "mainnet_income_call_marinade": 1.03017,
    "mainnet_income_call_btc": 1.06976,
    "mainnet_income_call_sbr": 1.04667,
    "mainnet_income_call_ftt": 1.02068,
    "mainnet_income_call_luna": 1.02692,
    "mainnet_income_put_luna": 1,
    "mainnet_income_put_mngo": 1.00201,
    "mainnet_income_call_socean": 1.01629,
    "mainnet_income_call_srm": 1.01304,
    "mainnet_income_call_mngo": 1.01322,
    "mainnet_income_call_ray": 1.00275,
    "mainnet_income_call_eth": 1.01667,
    "mainnet_income_put_sol": 1.00281,
    "mainnet_income_put_btc": 1.00329
  },
  "depositTokenByGlobalId": {
    "mainnet_income_call_sol": 179318.75757887,
    "mainnet_income_call_marinade": 166351.893418279,
    "mainnet_income_call_btc": 432.943551,
    "mainnet_income_call_sbr": 19999999.760273,
    "mainnet_income_call_ftt": 75213.804779,
    "mainnet_income_call_luna": 86949.46253,
    "mainnet_income_put_luna": 175809.402127,
    "mainnet_income_put_mngo": 397710.67,
    "mainnet_income_call_socean": 11000,
    "mainnet_income_call_srm": 4217015.741031,
    "mainnet_income_call_mngo": 9045923.846387,
    "mainnet_income_call_ray": 20816.297794,
    "mainnet_income_call_eth": 1800.821251,
    "mainnet_income_put_sol": 12297588.9,
    "mainnet_income_put_btc": 1125864.04
  },
  "usdValueByGlobalId": {
    "mainnet_income_call_sol": 24690399.73,
    "mainnet_income_call_marinade": 23523821.25,
    "mainnet_income_call_btc": 18229088.21,
    "mainnet_income_call_sbr": 2243319.97,
    "mainnet_income_call_ftt": 3631322.49,
    "mainnet_income_call_luna": 7171591.67,
    "mainnet_income_put_luna": 175809.4,
    "mainnet_income_put_mngo": 397710.67,
    "mainnet_income_call_socean": 1548140,
    "mainnet_income_call_srm": 12355856.12,
    "mainnet_income_call_mngo": 1817724.12,
    "mainnet_income_call_ray": 104289.65,
    "mainnet_income_call_eth": 5672154.74,
    "mainnet_income_put_sol": 12297588.9,
    "mainnet_income_put_btc": 1125864.04
  },
  "globalIdToDepositTokenCoingeckoId": {
    "mainnet_income_call_sol": "solana",
    "mainnet_income_call_marinade": "msol",
    "mainnet_income_call_btc": "bitcoin",
    "mainnet_income_call_sbr": "saber",
    "mainnet_income_call_ftt": "ftx-token",
    "mainnet_income_call_luna": "terra-luna",
    "mainnet_income_put_luna": "terrausd",
    "mainnet_income_put_mngo": "usd-coin",
    "mainnet_income_call_socean": "socean-staked-sol",
    "mainnet_income_call_srm": "serum",
    "mainnet_income_call_mngo": "mango-markets",
    "mainnet_income_call_ray": "raydium",
    "mainnet_income_call_eth": "ethereum",
    "mainnet_income_put_sol": "usd-coin",
    "mainnet_income_put_btc": "usd-coin"
  }
}