{
  "totalTvlUSD": 90456244.44,
  "coinsByCoingeckoId": {
    "solana": 183290.298158812,
    "msol": 159719.183452622,
    "bitcoin": 427.390676,
    "saber": 18402794.392303,
    "ftx-token": 65590.449226,
    "terra-luna": 77680.571934,
    "terrausd": 205434.622707,
    "usd-coin": 13990766.238714999,
    "socean-staked-sol": 10999.999764954,
    "serum": 4226672.705572,
    "mango-markets": 7784756.149321,
    "raydium": 20933.234226,
    "ethereum": 1740.177641
  },
  "pricesByCoingeckoId": {
    "BTC": 35788,
    "SOL": 103.27,
    "ETH": 2500.41,
    "mSOL": 105.69,
    "FTT": 35.81,
    "SRM": 2.31,
    "USDC": 1,
    "MNGO": 0.170893,
    "scnSOL": 103.73,
    "SBR": 0.085142,
    "LUNA": 57.64,
    "UST": 1.01,
    "RAY": 3.99
  },
  "sharePricesByGlobalId": {
    "mainnet_income_call_sol": 1.05252,
    "mainnet_income_call_marinade": 1.03727,
    "mainnet_income_call_btc": 1.0696,
    "mainnet_income_call_sbr": 1.05044,
    "mainnet_income_call_ftt": 1.02696,
    "mainnet_income_call_luna": 1.0374,
    "mainnet_income_put_luna": 1,
    "mainnet_income_put_mngo": 1.00322,
    "mainnet_income_call_socean": 1.02395,
    "mainnet_income_call_srm": 1.02041,
    "mainnet_income_call_mngo": 1.01533,
    "mainnet_income_call_ray": 1.01764,
    "mainnet_income_call_eth": 1.0165,
    "mainnet_income_put_sol": 1.01183,
    "mainnet_income_put_btc": 1.00606
  },
  "depositTokenByGlobalId": {
    "mainnet_income_call_sol": 183290.298158812,
    "mainnet_income_call_marinade": 159719.183452622,
    "mainnet_income_call_btc": 427.390676,
    "mainnet_income_call_sbr": 18402794.392303,
    "mainnet_income_call_ftt": 65590.449226,
    "mainnet_income_call_luna": 77680.571934,
    "mainnet_income_put_luna": 205434.622707,
    "mainnet_income_put_mngo": 248683.41,
    "mainnet_income_call_socean": 10999.999764954,
    "mainnet_income_call_srm": 4226672.705572,
    "mainnet_income_call_mngo": 7784756.149321,
    "mainnet_income_call_ray": 20933.234226,
    "mainnet_income_call_eth": 1740.177641,
    "mainnet_income_put_sol": 12604890.99,
    "mainnet_income_put_btc": 1137191.84
  },
  "usdValueByGlobalId": {
    "mainnet_income_call_sol": 18961381.34,
    "mainnet_income_call_marinade": 16880720.5,
    "mainnet_income_call_btc": 15292893.17,
    "mainnet_income_call_sbr": 1569445.51,
    "mainnet_income_call_ftt": 2354041.22,
    "mainnet_income_call_luna": 4484499.42,
    "mainnet_income_put_luna": 207488.97,
    "mainnet_income_put_mngo": 248683.41,
    "mainnet_income_call_socean": 1141029.98,
    "mainnet_income_call_srm": 9805880.68,
    "mainnet_income_call_mngo": 1330126.79,
    "mainnet_income_call_ray": 83732.94,
    "mainnet_income_call_eth": 4354237.69,
    "mainnet_income_put_sol": 12604890.99,
    "mainnet_income_put_btc": 1137191.84
  },
  "globalIdToDepositTokenCoingeckoId": {
    "mainnet_income_call_sol": "solana",
    "mainnet_income_call_marinade": "msol",
    "mainnet_income_call_btc": "bitcoin",
    "mainnet_income_call_sbr": "saber",
    "mainnet_income_call_ftt": "ftx-token",
    "mainnet_income_call_luna": "terra-luna",
    "mainnet_income_put_luna": "terrausd",
    "mainnet_income_put_mngo": "usd-coin",
    "mainnet_income_call_socean": "socean-staked-sol",
    "mainnet_income_call_srm": "serum",
    "mainnet_income_call_mngo": "mango-markets",
    "mainnet_income_call_ray": "raydium",
    "mainnet_income_call_eth": "ethereum",
    "mainnet_income_put_sol": "usd-coin",
    "mainnet_income_put_btc": "usd-coin"
  }
}