{
  "totalTvlUSD": 89839515.3,
  "coinsByCoingeckoId": {
    "solana": 131177.060759574,
    "msol": 139177.353177697,
    "bitcoin": 365.949184,
    "saber": 11000000,
    "ftx-token": 72951.911359,
    "usd-coin": 12830802.740575,
    "terra-luna": 44036.241611,
    "socean-staked-sol": 5658.072842855,
    "serum": 3966646.376607,
    "mango-markets": 5999999.159277,
    "raydium": 18929.736609,
    "ethereum": 1472.616635
  },
  "pricesByCoingeckoId": {
    "BTC": 41680,
    "SOL": 135.19,
    "ETH": 3073.92,
    "mSOL": 138.62,
    "FTT": 37.67,
    "SRM": 2.9,
    "USDC": 1,
    "MNGO": 0.195015,
    "scnSOL": 137.51,
    "SBR": 0.074361,
    "LUNA": 70.16,
    "RAY": 5.05
  },
  "sharePricesByGlobalId": {
    "mainnet_income_call_sol": 1.03708,
    "mainnet_income_call_marinade": 1.02581,
    "mainnet_income_call_btc": 1.0644,
    "mainnet_income_call_sbr": 1,
    "mainnet_income_call_ftt": 1.01481,
    "mainnet_income_put_mngo": 1.00062,
    "mainnet_income_call_luna": 1.01873,
    "mainnet_income_call_socean": 1.01266,
    "mainnet_income_call_srm": 1.00834,
    "mainnet_income_call_mngo": 1.01232,
    "mainnet_income_call_ray": 1,
    "mainnet_income_call_eth": 1.01181,
    "mainnet_income_put_sol": 1.00376,
    "mainnet_income_put_btc": 1
  },
  "depositTokenByGlobalId": {
    "mainnet_income_call_sol": 131177.060759574,
    "mainnet_income_call_marinade": 139177.353177697,
    "mainnet_income_call_btc": 365.949184,
    "mainnet_income_call_sbr": 11000000,
    "mainnet_income_call_ftt": 72951.911359,
    "mainnet_income_put_mngo": 428507.75,
    "mainnet_income_call_luna": 44036.241611,
    "mainnet_income_call_socean": 5658.072842855,
    "mainnet_income_call_srm": 3966646.376607,
    "mainnet_income_call_mngo": 5999999.159277,
    "mainnet_income_call_ray": 18929.736609,
    "mainnet_income_call_eth": 1472.616635,
    "mainnet_income_put_sol": 10047917.2,
    "mainnet_income_put_btc": 2354377.79
  },
  "usdValueByGlobalId": {
    "mainnet_income_call_sol": 17733826.84,
    "mainnet_income_call_marinade": 19292764.7,
    "mainnet_income_call_btc": 15252761.99,
    "mainnet_income_call_sbr": 817971,
    "mainnet_income_call_ftt": 2748098.5,
    "mainnet_income_put_mngo": 428507.75,
    "mainnet_income_call_luna": 3089582.71,
    "mainnet_income_call_socean": 778041.6,
    "mainnet_income_call_srm": 11503274.49,
    "mainnet_income_call_mngo": 1170089.84,
    "mainnet_income_call_ray": 95595.17,
    "mainnet_income_call_eth": 4526705.73,
    "mainnet_income_put_sol": 10047917.2,
    "mainnet_income_put_btc": 2354377.79
  }
}