{
  "totalTvlUSD": 86639917.13,
  "coinsByCoingeckoId": {
    "solana": 188998.995008812,
    "msol": 162965.208628163,
    "bitcoin": 435.584237,
    "saber": 19997812.19705,
    "ftx-token": 66594.389206,
    "terra-luna": 81824.930964,
    "terrausd": 207899.657499,
    "usd-coin": 14275913.303539,
    "socean-staked-sol": 10999.999764954,
    "serum": 4235493.955661,
    "mango-markets": 7840231.792677,
    "raydium": 21625.256316,
    "ethereum": 1772.494941
  },
  "pricesByCoingeckoId": {
    "BTC": 36286,
    "SOL": 89.87,
    "ETH": 2406.33,
    "mSOL": 92.32,
    "FTT": 35.33,
    "SRM": 2.11,
    "USDC": 1,
    "MNGO": 0.150871,
    "scnSOL": 91.07,
    "SBR": 0.065031,
    "LUNA": 63.64,
    "UST": 1,
    "RAY": 3.37
  },
  "sharePricesByGlobalId": {
    "mainnet_income_call_sol": 1.05252,
    "mainnet_income_call_marinade": 1.03727,
    "mainnet_income_call_btc": 1.0696,
    "mainnet_income_call_sbr": 1.05044,
    "mainnet_income_call_ftt": 1.02696,
    "mainnet_income_call_luna": 1.0374,
    "mainnet_income_put_luna": 1,
    "mainnet_income_put_mngo": 1.00322,
    "mainnet_income_call_socean": 1.02395,
    "mainnet_income_call_srm": 1.02041,
    "mainnet_income_call_mngo": 1.01533,
    "mainnet_income_call_ray": 1.01764,
    "mainnet_income_call_eth": 1.0165,
    "mainnet_income_put_sol": 1.01183,
    "mainnet_income_put_btc": 1.00606
  },
  "depositTokenByGlobalId": {
    "mainnet_income_call_sol": 188998.995008812,
    "mainnet_income_call_marinade": 162965.208628163,
    "mainnet_income_call_btc": 435.584237,
    "mainnet_income_call_sbr": 19997812.19705,
    "mainnet_income_call_ftt": 66594.389206,
    "mainnet_income_call_luna": 81824.930964,
    "mainnet_income_put_luna": 207899.657499,
    "mainnet_income_put_mngo": 248683.41,
    "mainnet_income_call_socean": 10999.999764954,
    "mainnet_income_call_srm": 4235493.955661,
    "mainnet_income_call_mngo": 7840231.792677,
    "mainnet_income_call_ray": 21625.256316,
    "mainnet_income_call_eth": 1772.494941,
    "mainnet_income_put_sol": 12889018.96,
    "mainnet_income_put_btc": 1138210.93
  },
  "usdValueByGlobalId": {
    "mainnet_income_call_sol": 16985339.68,
    "mainnet_income_call_marinade": 15044948.06,
    "mainnet_income_call_btc": 15805609.62,
    "mainnet_income_call_sbr": 1300477.72,
    "mainnet_income_call_ftt": 2352779.77,
    "mainnet_income_call_luna": 5207338.61,
    "mainnet_income_put_luna": 207899.66,
    "mainnet_income_put_mngo": 248683.41,
    "mainnet_income_call_socean": 1001769.98,
    "mainnet_income_call_srm": 8936892.25,
    "mainnet_income_call_mngo": 1182863.61,
    "mainnet_income_call_ray": 72877.11,
    "mainnet_income_call_eth": 4265207.75,
    "mainnet_income_put_sol": 12889018.96,
    "mainnet_income_put_btc": 1138210.93
  },
  "globalIdToDepositTokenCoingeckoId": {
    "mainnet_income_call_sol": "solana",
    "mainnet_income_call_marinade": "msol",
    "mainnet_income_call_btc": "bitcoin",
    "mainnet_income_call_sbr": "saber",
    "mainnet_income_call_ftt": "ftx-token",
    "mainnet_income_call_luna": "terra-luna",
    "mainnet_income_put_luna": "terrausd",
    "mainnet_income_put_mngo": "usd-coin",
    "mainnet_income_call_socean": "socean-staked-sol",
    "mainnet_income_call_srm": "serum",
    "mainnet_income_call_mngo": "mango-markets",
    "mainnet_income_call_ray": "raydium",
    "mainnet_income_call_eth": "ethereum",
    "mainnet_income_put_sol": "usd-coin",
    "mainnet_income_put_btc": "usd-coin"
  }
}