{
  "totalTvlUSD": 87134467.49,
  "coinsByCoingeckoId": {
    "solana": 124140.112825644,
    "msol": 134444.083020146,
    "bitcoin": 300.245064,
    "saber": 11000000,
    "ftx-token": 70639.430071,
    "usd-coin": 12652630.203389,
    "terra-luna": 39999.089397,
    "socean-staked-sol": 5365.042266537,
    "serum": 3964059.407073,
    "mango-markets": 5995557.488087,
    "raydium": 18915.242615,
    "ethereum": 1399.448063
  },
  "pricesByCoingeckoId": {
    "BTC": 42239,
    "SOL": 139.06,
    "ETH": 3230.9,
    "mSOL": 142.53,
    "FTT": 36.41,
    "SRM": 3.12,
    "USDC": 1,
    "MNGO": 0.192726,
    "scnSOL": 141.62,
    "SBR": 0.093374,
    "LUNA": 71.69,
    "RAY": 5.46
  },
  "sharePricesByGlobalId": {
    "mainnet_income_call_sol": 1.03708,
    "mainnet_income_call_marinade": 1.02581,
    "mainnet_income_call_btc": 1.0644,
    "mainnet_income_call_sbr": 1,
    "mainnet_income_call_ftt": 1.01481,
    "mainnet_income_put_mngo": 1,
    "mainnet_income_call_luna": 1.01873,
    "mainnet_income_call_socean": 1.01266,
    "mainnet_income_call_srm": 1.00834,
    "mainnet_income_call_mngo": 1.01232,
    "mainnet_income_call_ray": 1,
    "mainnet_income_call_eth": 1.01181,
    "mainnet_income_put_sol": 1,
    "mainnet_income_put_btc": 1
  },
  "depositTokenByGlobalId": {
    "mainnet_income_call_sol": 124140.112825644,
    "mainnet_income_call_marinade": 134444.083020146,
    "mainnet_income_call_btc": 300.245064,
    "mainnet_income_call_sbr": 11000000,
    "mainnet_income_call_ftt": 70639.430071,
    "mainnet_income_put_mngo": 420661.09,
    "mainnet_income_call_luna": 39999.089397,
    "mainnet_income_call_socean": 5365.042266537,
    "mainnet_income_call_srm": 3964059.407073,
    "mainnet_income_call_mngo": 5995557.488087,
    "mainnet_income_call_ray": 18915.242615,
    "mainnet_income_call_eth": 1399.448063,
    "mainnet_income_put_sol": 9881061.37,
    "mainnet_income_put_btc": 2350907.74
  },
  "usdValueByGlobalId": {
    "mainnet_income_call_sol": 17262924.09,
    "mainnet_income_call_marinade": 19162315.15,
    "mainnet_income_call_btc": 12682051.26,
    "mainnet_income_call_sbr": 1027114,
    "mainnet_income_call_ftt": 2571981.65,
    "mainnet_income_put_mngo": 420661.09,
    "mainnet_income_call_luna": 2867534.72,
    "mainnet_income_call_socean": 759797.29,
    "mainnet_income_call_srm": 12367865.35,
    "mainnet_income_call_mngo": 1155499.81,
    "mainnet_income_call_ray": 103277.22,
    "mainnet_income_call_eth": 4521476.75,
    "mainnet_income_put_sol": 9881061.37,
    "mainnet_income_put_btc": 2350907.74
  }
}