{
  "totalTvlUSD": 31092534.07,
  "coinsByCoingeckoId": {
    "solana": 61099.602403664,
    "msol": 55561.384795672,
    "bitcoin": 147.5118,
    "ethereum": 30.013254,
    "ftx-token": 13702.464581,
    "serum": 67873.663401,
    "mango-markets": 78361.586269
  }
}