{
  "totalTvlUSD": 87283674.86,
  "coinsByCoingeckoId": {
    "solana": 124405.748525644,
    "msol": 134787.519264854,
    "bitcoin": 300.454016,
    "saber": 11000000,
    "ftx-token": 71321.130075,
    "usd-coin": 12771480.689995,
    "terra-luna": 39999.989397,
    "socean-staked-sol": 5373.967331319,
    "serum": 3964192.957073,
    "mango-markets": 5999999.148087,
    "raydium": 18915.242615,
    "ethereum": 1399.448063
  },
  "pricesByCoingeckoId": {
    "BTC": 41804,
    "SOL": 139.11,
    "ETH": 3202.34,
    "mSOL": 142.92,
    "FTT": 35.95,
    "SRM": 3.15,
    "USDC": 1,
    "MNGO": 0.191032,
    "scnSOL": 141.58,
    "SBR": 0.092243,
    "LUNA": 70.61,
    "RAY": 5.46
  },
  "sharePricesByGlobalId": {
    "mainnet_income_call_sol": 1.03708,
    "mainnet_income_call_marinade": 1.02581,
    "mainnet_income_call_btc": 1.0644,
    "mainnet_income_call_sbr": 1,
    "mainnet_income_call_ftt": 1.01481,
    "mainnet_income_put_mngo": 1,
    "mainnet_income_call_luna": 1.01873,
    "mainnet_income_call_socean": 1.01266,
    "mainnet_income_call_srm": 1.00834,
    "mainnet_income_call_mngo": 1.01232,
    "mainnet_income_call_ray": 1,
    "mainnet_income_call_eth": 1.01181,
    "mainnet_income_put_sol": 1,
    "mainnet_income_put_btc": 1
  },
  "depositTokenByGlobalId": {
    "mainnet_income_call_sol": 124405.748525644,
    "mainnet_income_call_marinade": 134787.519264854,
    "mainnet_income_call_btc": 300.454016,
    "mainnet_income_call_sbr": 11000000,
    "mainnet_income_call_ftt": 71321.130075,
    "mainnet_income_put_mngo": 420661.09,
    "mainnet_income_call_luna": 39999.989397,
    "mainnet_income_call_socean": 5373.967331319,
    "mainnet_income_call_srm": 3964192.957073,
    "mainnet_income_call_mngo": 5999999.148087,
    "mainnet_income_call_ray": 18915.242615,
    "mainnet_income_call_eth": 1399.448063,
    "mainnet_income_put_sol": 9999911.86,
    "mainnet_income_put_btc": 2350907.74
  },
  "usdValueByGlobalId": {
    "mainnet_income_call_sol": 17306083.68,
    "mainnet_income_call_marinade": 19263832.25,
    "mainnet_income_call_btc": 12560179.68,
    "mainnet_income_call_sbr": 1014673,
    "mainnet_income_call_ftt": 2563994.63,
    "mainnet_income_put_mngo": 420661.09,
    "mainnet_income_call_luna": 2824399.25,
    "mainnet_income_call_socean": 760846.29,
    "mainnet_income_call_srm": 12487207.81,
    "mainnet_income_call_mngo": 1146191.84,
    "mainnet_income_call_ray": 103277.22,
    "mainnet_income_call_eth": 4481508.51,
    "mainnet_income_put_sol": 9999911.86,
    "mainnet_income_put_btc": 2350907.74
  }
}