{
  "totalTvlUSD": 87320169.77,
  "coinsByCoingeckoId": {
    "solana": 189620.727008812,
    "msol": 163067.255168724,
    "bitcoin": 435.586795,
    "saber": 19999972.92845,
    "ftx-token": 66703.58679,
    "terra-luna": 82259.845494,
    "terrausd": 211840.021503,
    "usd-coin": 14308775.322555,
    "socean-staked-sol": 10999.999764954,
    "serum": 4235224.36262,
    "mango-markets": 7847633.676601,
    "raydium": 21625.256316,
    "ethereum": 1767.890112
  },
  "pricesByCoingeckoId": {
    "BTC": 36535,
    "SOL": 91.29,
    "ETH": 2426.6,
    "mSOL": 93.72,
    "FTT": 35.66,
    "SRM": 2.07,
    "USDC": 1,
    "MNGO": 0.152862,
    "scnSOL": 92.99,
    "SBR": 0.064871,
    "LUNA": 63.96,
    "UST": 1,
    "RAY": 3.49
  },
  "sharePricesByGlobalId": {
    "mainnet_income_call_sol": 1.05252,
    "mainnet_income_call_marinade": 1.03727,
    "mainnet_income_call_btc": 1.0696,
    "mainnet_income_call_sbr": 1.05044,
    "mainnet_income_call_ftt": 1.02696,
    "mainnet_income_call_luna": 1.0374,
    "mainnet_income_put_luna": 1,
    "mainnet_income_put_mngo": 1.00322,
    "mainnet_income_call_socean": 1.02395,
    "mainnet_income_call_srm": 1.02041,
    "mainnet_income_call_mngo": 1.01533,
    "mainnet_income_call_ray": 1.01764,
    "mainnet_income_call_eth": 1.0165,
    "mainnet_income_put_sol": 1.01183,
    "mainnet_income_put_btc": 1.00606
  },
  "depositTokenByGlobalId": {
    "mainnet_income_call_sol": 189620.727008812,
    "mainnet_income_call_marinade": 163067.255168724,
    "mainnet_income_call_btc": 435.586795,
    "mainnet_income_call_sbr": 19999972.92845,
    "mainnet_income_call_ftt": 66703.58679,
    "mainnet_income_call_luna": 82259.845494,
    "mainnet_income_put_luna": 211840.021503,
    "mainnet_income_put_mngo": 248684.41,
    "mainnet_income_call_socean": 10999.999764954,
    "mainnet_income_call_srm": 4235224.36262,
    "mainnet_income_call_mngo": 7847633.676601,
    "mainnet_income_call_ray": 21625.256316,
    "mainnet_income_call_eth": 1767.890112,
    "mainnet_income_put_sol": 12921879.98,
    "mainnet_income_put_btc": 1138210.93
  },
  "usdValueByGlobalId": {
    "mainnet_income_call_sol": 17310476.17,
    "mainnet_income_call_marinade": 15282663.15,
    "mainnet_income_call_btc": 15914163.56,
    "mainnet_income_call_sbr": 1297418.24,
    "mainnet_income_call_ftt": 2378649.9,
    "mainnet_income_call_luna": 5261339.72,
    "mainnet_income_put_luna": 211840.02,
    "mainnet_income_put_mngo": 248684.41,
    "mainnet_income_call_socean": 1022889.98,
    "mainnet_income_call_srm": 8766914.43,
    "mainnet_income_call_mngo": 1199604.98,
    "mainnet_income_call_ray": 75472.14,
    "mainnet_income_call_eth": 4289962.15,
    "mainnet_income_put_sol": 12921879.98,
    "mainnet_income_put_btc": 1138210.93
  },
  "globalIdToDepositTokenCoingeckoId": {
    "mainnet_income_call_sol": "solana",
    "mainnet_income_call_marinade": "msol",
    "mainnet_income_call_btc": "bitcoin",
    "mainnet_income_call_sbr": "saber",
    "mainnet_income_call_ftt": "ftx-token",
    "mainnet_income_call_luna": "terra-luna",
    "mainnet_income_put_luna": "terrausd",
    "mainnet_income_put_mngo": "usd-coin",
    "mainnet_income_call_socean": "socean-staked-sol",
    "mainnet_income_call_srm": "serum",
    "mainnet_income_call_mngo": "mango-markets",
    "mainnet_income_call_ray": "raydium",
    "mainnet_income_call_eth": "ethereum",
    "mainnet_income_put_sol": "usd-coin",
    "mainnet_income_put_btc": "usd-coin"
  }
}