{
  "totalTvlUSD": 111348342.18,
  "coinsByCoingeckoId": {
    "solana": 173701.79157887,
    "msol": 163130.201969314,
    "bitcoin": 428.536762,
    "saber": 19999999.49755,
    "ftx-token": 73566.52134,
    "terra-luna": 84839.152949,
    "terrausd": 145476.528858,
    "usd-coin": 13103144.285834998,
    "socean-staked-sol": 10999.997467117,
    "serum": 4206533.50914,
    "mango-markets": 9018168.55664,
    "raydium": 20010.49712,
    "ethereum": 1762.609017
  },
  "pricesByCoingeckoId": {
    "BTC": 41824,
    "SOL": 137.27,
    "ETH": 3162.73,
    "mSOL": 140.83,
    "FTT": 43.85,
    "SRM": 2.95,
    "USDC": 1,
    "MNGO": 0.198431,
    "scnSOL": 140.04,
    "SBR": 0.112022,
    "LUNA": 75.61,
    "UST": 1,
    "RAY": 5.05
  },
  "sharePricesByGlobalId": {
    "mainnet_income_call_sol": 1.05342,
    "mainnet_income_call_marinade": 1.03017,
    "mainnet_income_call_btc": 1.06976,
    "mainnet_income_call_sbr": 1.04667,
    "mainnet_income_call_ftt": 1.02068,
    "mainnet_income_call_luna": 1.02692,
    "mainnet_income_put_luna": 1,
    "mainnet_income_put_mngo": 1.00201,
    "mainnet_income_call_socean": 1.01629,
    "mainnet_income_call_srm": 1.01304,
    "mainnet_income_call_mngo": 1.01322,
    "mainnet_income_call_ray": 1.00275,
    "mainnet_income_call_eth": 1.01667,
    "mainnet_income_put_sol": 1.00281,
    "mainnet_income_put_btc": 1.00329
  },
  "depositTokenByGlobalId": {
    "mainnet_income_call_sol": 173701.79157887,
    "mainnet_income_call_marinade": 163130.201969314,
    "mainnet_income_call_btc": 428.536762,
    "mainnet_income_call_sbr": 19999999.49755,
    "mainnet_income_call_ftt": 73566.52134,
    "mainnet_income_call_luna": 84839.152949,
    "mainnet_income_put_luna": 145476.528858,
    "mainnet_income_put_mngo": 397677.27,
    "mainnet_income_call_socean": 10999.997467117,
    "mainnet_income_call_srm": 4206533.50914,
    "mainnet_income_call_mngo": 9018168.55664,
    "mainnet_income_call_ray": 20010.49712,
    "mainnet_income_call_eth": 1762.609017,
    "mainnet_income_put_sol": 11579662.98,
    "mainnet_income_put_btc": 1125804.04
  },
  "usdValueByGlobalId": {
    "mainnet_income_call_sol": 23866626.16,
    "mainnet_income_call_marinade": 22988308.06,
    "mainnet_income_call_btc": 17937691.78,
    "mainnet_income_call_sbr": 2240439.94,
    "mainnet_income_call_ftt": 3225891.96,
    "mainnet_income_call_luna": 6416385.14,
    "mainnet_income_put_luna": 145476.53,
    "mainnet_income_put_mngo": 397677.27,
    "mainnet_income_call_socean": 1542419.64,
    "mainnet_income_call_srm": 12409273.85,
    "mainnet_income_call_mngo": 1790764.78,
    "mainnet_income_call_ray": 101253.12,
    "mainnet_income_call_eth": 5580666.91,
    "mainnet_income_put_sol": 11579662.98,
    "mainnet_income_put_btc": 1125804.04
  },
  "globalIdToDepositTokenCoingeckoId": {
    "mainnet_income_call_sol": "solana",
    "mainnet_income_call_marinade": "msol",
    "mainnet_income_call_btc": "bitcoin",
    "mainnet_income_call_sbr": "saber",
    "mainnet_income_call_ftt": "ftx-token",
    "mainnet_income_call_luna": "terra-luna",
    "mainnet_income_put_luna": "terrausd",
    "mainnet_income_put_mngo": "usd-coin",
    "mainnet_income_call_socean": "socean-staked-sol",
    "mainnet_income_call_srm": "serum",
    "mainnet_income_call_mngo": "mango-markets",
    "mainnet_income_call_ray": "raydium",
    "mainnet_income_call_eth": "ethereum",
    "mainnet_income_put_sol": "usd-coin",
    "mainnet_income_put_btc": "usd-coin"
  }
}