{
  "totalTvlUSD": 92418973.14,
  "coinsByCoingeckoId": {
    "solana": 132171.663759574,
    "msol": 142522.823403707,
    "bitcoin": 366.33578,
    "saber": 11000000,
    "ftx-token": 76169.786905,
    "usd-coin": 13078320.915506002,
    "terra-luna": 56151.336153,
    "socean-staked-sol": 7061.594676521,
    "serum": 3974644.201194,
    "mango-markets": 5999999.159277,
    "raydium": 19199.667605,
    "ethereum": 1479.66265
  },
  "pricesByCoingeckoId": {
    "BTC": 41483,
    "SOL": 135.98,
    "ETH": 3099.62,
    "mSOL": 140.09,
    "FTT": 37.94,
    "SRM": 2.93,
    "USDC": 1,
    "MNGO": 0.200588,
    "scnSOL": 139.42,
    "SBR": 0.076729,
    "LUNA": 70.4,
    "RAY": 5.11
  },
  "sharePricesByGlobalId": {
    "mainnet_income_call_sol": 1.03708,
    "mainnet_income_call_marinade": 1.02581,
    "mainnet_income_call_btc": 1.0644,
    "mainnet_income_call_sbr": 1,
    "mainnet_income_call_ftt": 1.01481,
    "mainnet_income_put_mngo": 1.00062,
    "mainnet_income_call_luna": 1.01873,
    "mainnet_income_call_socean": 1.01266,
    "mainnet_income_call_srm": 1.00834,
    "mainnet_income_call_mngo": 1.01232,
    "mainnet_income_call_ray": 1,
    "mainnet_income_call_eth": 1.01181,
    "mainnet_income_put_sol": 1.00376,
    "mainnet_income_put_btc": 1
  },
  "depositTokenByGlobalId": {
    "mainnet_income_call_sol": 132171.663759574,
    "mainnet_income_call_marinade": 142522.823403707,
    "mainnet_income_call_btc": 366.33578,
    "mainnet_income_call_sbr": 11000000,
    "mainnet_income_call_ftt": 76169.786905,
    "mainnet_income_put_mngo": 429359.76,
    "mainnet_income_call_luna": 56151.336153,
    "mainnet_income_call_socean": 7061.594676521,
    "mainnet_income_call_srm": 3974644.201194,
    "mainnet_income_call_mngo": 5999999.159277,
    "mainnet_income_call_ray": 19199.667605,
    "mainnet_income_call_eth": 1479.66265,
    "mainnet_income_put_sol": 10294583.37,
    "mainnet_income_put_btc": 2354377.79
  },
  "usdValueByGlobalId": {
    "mainnet_income_call_sol": 17972702.84,
    "mainnet_income_call_marinade": 19966022.33,
    "mainnet_income_call_btc": 15196707.16,
    "mainnet_income_call_sbr": 844019,
    "mainnet_income_call_ftt": 2889881.72,
    "mainnet_income_put_mngo": 429359.76,
    "mainnet_income_call_luna": 3953054.07,
    "mainnet_income_call_socean": 984527.53,
    "mainnet_income_call_srm": 11645707.51,
    "mainnet_income_call_mngo": 1203527.83,
    "mainnet_income_call_ray": 98110.3,
    "mainnet_income_call_eth": 4586391.94,
    "mainnet_income_put_sol": 10294583.37,
    "mainnet_income_put_btc": 2354377.79
  }
}