{
  "totalTvlUSD": 104828805.78,
  "coinsByCoingeckoId": {
    "solana": 180460.541958811,
    "msol": 159246.029927219,
    "bitcoin": 415.549604,
    "saber": 20000000,
    "ftx-token": 76355.013339,
    "terra-luna": 75194.931701,
    "terrausd": 201372.699713,
    "usd-coin": 14058836.985227998,
    "socean-staked-sol": 10954.523862317,
    "serum": 4220734.628162,
    "mango-markets": 9223517.922299,
    "raydium": 21464.704546,
    "ethereum": 1734.683479
  },
  "pricesByCoingeckoId": {
    "BTC": 39262,
    "SOL": 125.89,
    "ETH": 2897.44,
    "mSOL": 129.27,
    "FTT": 44.04,
    "SRM": 2.68,
    "USDC": 1,
    "MNGO": 0.194483,
    "scnSOL": 129.59,
    "SBR": 0.1003,
    "LUNA": 78.87,
    "UST": 1,
    "RAY": 4.61
  },
  "sharePricesByGlobalId": {
    "mainnet_income_call_sol": 1.05252,
    "mainnet_income_call_marinade": 1.03727,
    "mainnet_income_call_btc": 1.0696,
    "mainnet_income_call_sbr": 1.05086,
    "mainnet_income_call_ftt": 1.02766,
    "mainnet_income_call_luna": 1.0374,
    "mainnet_income_put_luna": 1,
    "mainnet_income_put_mngo": 1.00335,
    "mainnet_income_call_socean": 1.02395,
    "mainnet_income_call_srm": 1.02041,
    "mainnet_income_call_mngo": 1.01556,
    "mainnet_income_call_ray": 1.01929,
    "mainnet_income_call_eth": 1.0165,
    "mainnet_income_put_sol": 1.01183,
    "mainnet_income_put_btc": 1.00606
  },
  "depositTokenByGlobalId": {
    "mainnet_income_call_sol": 180460.541958811,
    "mainnet_income_call_marinade": 159246.029927219,
    "mainnet_income_call_btc": 415.549604,
    "mainnet_income_call_sbr": 20000000,
    "mainnet_income_call_ftt": 76355.013339,
    "mainnet_income_call_luna": 75194.931701,
    "mainnet_income_put_luna": 201372.699713,
    "mainnet_income_put_mngo": 411031.64,
    "mainnet_income_call_socean": 10954.523862317,
    "mainnet_income_call_srm": 4220734.628162,
    "mainnet_income_call_mngo": 9223517.922299,
    "mainnet_income_call_ray": 21464.704546,
    "mainnet_income_call_eth": 1734.683479,
    "mainnet_income_put_sol": 12511744.15,
    "mainnet_income_put_btc": 1136061.19
  },
  "usdValueByGlobalId": {
    "mainnet_income_call_sol": 22718177.63,
    "mainnet_income_call_marinade": 20585734.29,
    "mainnet_income_call_btc": 16315308.55,
    "mainnet_income_call_sbr": 2006000,
    "mainnet_income_call_ftt": 3362674.79,
    "mainnet_income_call_luna": 5930624.26,
    "mainnet_income_put_luna": 201372.7,
    "mainnet_income_put_mngo": 411031.64,
    "mainnet_income_call_socean": 1419596.75,
    "mainnet_income_call_srm": 11311568.8,
    "mainnet_income_call_mngo": 1793817.44,
    "mainnet_income_call_ray": 98952.29,
    "mainnet_income_call_eth": 5026141.3,
    "mainnet_income_put_sol": 12511744.15,
    "mainnet_income_put_btc": 1136061.19
  },
  "globalIdToDepositTokenCoingeckoId": {
    "mainnet_income_call_sol": "solana",
    "mainnet_income_call_marinade": "msol",
    "mainnet_income_call_btc": "bitcoin",
    "mainnet_income_call_sbr": "saber",
    "mainnet_income_call_ftt": "ftx-token",
    "mainnet_income_call_luna": "terra-luna",
    "mainnet_income_put_luna": "terrausd",
    "mainnet_income_put_mngo": "usd-coin",
    "mainnet_income_call_socean": "socean-staked-sol",
    "mainnet_income_call_srm": "serum",
    "mainnet_income_call_mngo": "mango-markets",
    "mainnet_income_call_ray": "raydium",
    "mainnet_income_call_eth": "ethereum",
    "mainnet_income_put_sol": "usd-coin",
    "mainnet_income_put_btc": "usd-coin"
  }
}