{
  "totalTvlUSD": 87609302.86,
  "coinsByCoingeckoId": {
    "solana": 187738.776158812,
    "msol": 162309.00167484,
    "bitcoin": 432.197839,
    "saber": 18800038.195854,
    "ftx-token": 66388.891241,
    "terra-luna": 82611.989516,
    "terrausd": 207818.654299,
    "usd-coin": 14052170.991145,
    "socean-staked-sol": 10999.999764954,
    "serum": 4235069.805075,
    "mango-markets": 7819872.780532,
    "raydium": 20953.675782,
    "ethereum": 1762.055973
  },
  "pricesByCoingeckoId": {
    "BTC": 35551,
    "SOL": 92.25,
    "ETH": 2456.44,
    "mSOL": 95.16,
    "FTT": 34.95,
    "SRM": 2.19,
    "USDC": 1,
    "MNGO": 0.156772,
    "scnSOL": 94.78,
    "SBR": 0.070951,
    "LUNA": 67.02,
    "UST": 0.998137,
    "RAY": 3.59
  },
  "sharePricesByGlobalId": {
    "mainnet_income_call_sol": 1.05252,
    "mainnet_income_call_marinade": 1.03727,
    "mainnet_income_call_btc": 1.0696,
    "mainnet_income_call_sbr": 1.05044,
    "mainnet_income_call_ftt": 1.02696,
    "mainnet_income_call_luna": 1.0374,
    "mainnet_income_put_luna": 1,
    "mainnet_income_put_mngo": 1.00322,
    "mainnet_income_call_socean": 1.02395,
    "mainnet_income_call_srm": 1.02041,
    "mainnet_income_call_mngo": 1.01533,
    "mainnet_income_call_ray": 1.01764,
    "mainnet_income_call_eth": 1.0165,
    "mainnet_income_put_sol": 1.01183,
    "mainnet_income_put_btc": 1.00606
  },
  "depositTokenByGlobalId": {
    "mainnet_income_call_sol": 187738.776158812,
    "mainnet_income_call_marinade": 162309.00167484,
    "mainnet_income_call_btc": 432.197839,
    "mainnet_income_call_sbr": 18800038.195854,
    "mainnet_income_call_ftt": 66388.891241,
    "mainnet_income_call_luna": 82611.989516,
    "mainnet_income_put_luna": 207818.654299,
    "mainnet_income_put_mngo": 248683.41,
    "mainnet_income_call_socean": 10999.999764954,
    "mainnet_income_call_srm": 4235069.805075,
    "mainnet_income_call_mngo": 7819872.780532,
    "mainnet_income_call_ray": 20953.675782,
    "mainnet_income_call_eth": 1762.055973,
    "mainnet_income_put_sol": 12665276.75,
    "mainnet_income_put_btc": 1138210.83
  },
  "usdValueByGlobalId": {
    "mainnet_income_call_sol": 17328289.04,
    "mainnet_income_call_marinade": 15477786.4,
    "mainnet_income_call_btc": 15394887.03,
    "mainnet_income_call_sbr": 1333881.51,
    "mainnet_income_call_ftt": 2319627.86,
    "mainnet_income_call_luna": 5537481.66,
    "mainnet_income_put_luna": 207497.99,
    "mainnet_income_put_mngo": 248683.41,
    "mainnet_income_call_socean": 1042579.98,
    "mainnet_income_call_srm": 9274802.87,
    "mainnet_income_call_mngo": 1227634.01,
    "mainnet_income_call_ray": 75433.23,
    "mainnet_income_call_eth": 4337230.3,
    "mainnet_income_put_sol": 12665276.75,
    "mainnet_income_put_btc": 1138210.83
  },
  "globalIdToDepositTokenCoingeckoId": {
    "mainnet_income_call_sol": "solana",
    "mainnet_income_call_marinade": "msol",
    "mainnet_income_call_btc": "bitcoin",
    "mainnet_income_call_sbr": "saber",
    "mainnet_income_call_ftt": "ftx-token",
    "mainnet_income_call_luna": "terra-luna",
    "mainnet_income_put_luna": "terrausd",
    "mainnet_income_put_mngo": "usd-coin",
    "mainnet_income_call_socean": "socean-staked-sol",
    "mainnet_income_call_srm": "serum",
    "mainnet_income_call_mngo": "mango-markets",
    "mainnet_income_call_ray": "raydium",
    "mainnet_income_call_eth": "ethereum",
    "mainnet_income_put_sol": "usd-coin",
    "mainnet_income_put_btc": "usd-coin"
  }
}