{
  "totalTvlUSD": 94252312.13,
  "coinsByCoingeckoId": {
    "solana": 183255.368958812,
    "msol": 159719.183452622,
    "bitcoin": 426.45062,
    "saber": 18399285.100253,
    "ftx-token": 65585.449226,
    "terra-luna": 77678.509197,
    "terrausd": 205355.385439,
    "usd-coin": 13990766.238714999,
    "socean-staked-sol": 10999.999764954,
    "serum": 4226672.705572,
    "mango-markets": 7784756.149321,
    "raydium": 20933.234226,
    "ethereum": 1740.177641
  },
  "pricesByCoingeckoId": {
    "BTC": 36373,
    "SOL": 109.84,
    "ETH": 2563.23,
    "mSOL": 112.66,
    "FTT": 38.52,
    "SRM": 2.41,
    "USDC": 1,
    "MNGO": 0.181183,
    "scnSOL": 112.03,
    "SBR": 0.086074,
    "LUNA": 63.54,
    "UST": 1,
    "RAY": 4.15
  },
  "sharePricesByGlobalId": {
    "mainnet_income_call_sol": 1.05252,
    "mainnet_income_call_marinade": 1.03727,
    "mainnet_income_call_btc": 1.0696,
    "mainnet_income_call_sbr": 1.05044,
    "mainnet_income_call_ftt": 1.02696,
    "mainnet_income_call_luna": 1.0374,
    "mainnet_income_put_luna": 1,
    "mainnet_income_put_mngo": 1.00322,
    "mainnet_income_call_socean": 1.02395,
    "mainnet_income_call_srm": 1.02041,
    "mainnet_income_call_mngo": 1.01533,
    "mainnet_income_call_ray": 1.01764,
    "mainnet_income_call_eth": 1.0165,
    "mainnet_income_put_sol": 1.01183,
    "mainnet_income_put_btc": 1.00606
  },
  "depositTokenByGlobalId": {
    "mainnet_income_call_sol": 183255.368958812,
    "mainnet_income_call_marinade": 159719.183452622,
    "mainnet_income_call_btc": 426.45062,
    "mainnet_income_call_sbr": 18399285.100253,
    "mainnet_income_call_ftt": 65585.449226,
    "mainnet_income_call_luna": 77678.509197,
    "mainnet_income_put_luna": 205355.385439,
    "mainnet_income_put_mngo": 248683.41,
    "mainnet_income_call_socean": 10999.999764954,
    "mainnet_income_call_srm": 4226672.705572,
    "mainnet_income_call_mngo": 7784756.149321,
    "mainnet_income_call_ray": 20933.234226,
    "mainnet_income_call_eth": 1740.177641,
    "mainnet_income_put_sol": 12604890.99,
    "mainnet_income_put_btc": 1137191.84
  },
  "usdValueByGlobalId": {
    "mainnet_income_call_sol": 20128769.73,
    "mainnet_income_call_marinade": 17993963.21,
    "mainnet_income_call_btc": 15511288.4,
    "mainnet_income_call_sbr": 1583700.07,
    "mainnet_income_call_ftt": 2526351.5,
    "mainnet_income_call_luna": 4935692.47,
    "mainnet_income_put_luna": 205355.39,
    "mainnet_income_put_mngo": 248683.41,
    "mainnet_income_call_socean": 1232329.97,
    "mainnet_income_call_srm": 10186281.22,
    "mainnet_income_call_mngo": 1410465.47,
    "mainnet_income_call_ray": 86872.92,
    "mainnet_income_call_eth": 4460475.53,
    "mainnet_income_put_sol": 12604890.99,
    "mainnet_income_put_btc": 1137191.84
  },
  "globalIdToDepositTokenCoingeckoId": {
    "mainnet_income_call_sol": "solana",
    "mainnet_income_call_marinade": "msol",
    "mainnet_income_call_btc": "bitcoin",
    "mainnet_income_call_sbr": "saber",
    "mainnet_income_call_ftt": "ftx-token",
    "mainnet_income_call_luna": "terra-luna",
    "mainnet_income_put_luna": "terrausd",
    "mainnet_income_put_mngo": "usd-coin",
    "mainnet_income_call_socean": "socean-staked-sol",
    "mainnet_income_call_srm": "serum",
    "mainnet_income_call_mngo": "mango-markets",
    "mainnet_income_call_ray": "raydium",
    "mainnet_income_call_eth": "ethereum",
    "mainnet_income_put_sol": "usd-coin",
    "mainnet_income_put_btc": "usd-coin"
  }
}