{
  "totalTvlUSD": 113349562.41,
  "coinsByCoingeckoId": {
    "solana": 168387.35437887,
    "msol": 162074.002789118,
    "bitcoin": 425.595559,
    "saber": 19999999.492037,
    "ftx-token": 72821.69046,
    "terra-luna": 78198.722723,
    "terrausd": 90791.088791,
    "usd-coin": 12967571.409362,
    "socean-staked-sol": 10999.997467117,
    "serum": 4201305.234487,
    "mango-markets": 8991662.180881,
    "raydium": 18465.430705,
    "ethereum": 1743.385009
  },
  "pricesByCoingeckoId": {
    "BTC": 42782,
    "SOL": 143.03,
    "ETH": 3268.59,
    "mSOL": 146.71,
    "FTT": 45.79,
    "SRM": 3.09,
    "USDC": 1,
    "MNGO": 0.199755,
    "scnSOL": 146.24,
    "SBR": 0.11693,
    "LUNA": 81.41,
    "UST": 1,
    "RAY": 5.23
  },
  "sharePricesByGlobalId": {
    "mainnet_income_call_sol": 1.04444,
    "mainnet_income_call_marinade": 1.03017,
    "mainnet_income_call_btc": 1.06814,
    "mainnet_income_call_sbr": 1.04667,
    "mainnet_income_call_ftt": 1.02068,
    "mainnet_income_call_luna": 1.02692,
    "mainnet_income_put_luna": 1,
    "mainnet_income_put_mngo": 1.00201,
    "mainnet_income_call_socean": 1.01629,
    "mainnet_income_call_srm": 1.01304,
    "mainnet_income_call_mngo": 1.01322,
    "mainnet_income_call_ray": 1.00275,
    "mainnet_income_call_eth": 1.01502,
    "mainnet_income_put_sol": 1.00281,
    "mainnet_income_put_btc": 1.00329
  },
  "depositTokenByGlobalId": {
    "mainnet_income_call_sol": 168387.35437887,
    "mainnet_income_call_marinade": 162074.002789118,
    "mainnet_income_call_btc": 425.595559,
    "mainnet_income_call_sbr": 19999999.492037,
    "mainnet_income_call_ftt": 72821.69046,
    "mainnet_income_call_luna": 78198.722723,
    "mainnet_income_put_luna": 90791.088791,
    "mainnet_income_put_mngo": 397676.27,
    "mainnet_income_call_socean": 10999.997467117,
    "mainnet_income_call_srm": 4201305.234487,
    "mainnet_income_call_mngo": 8991662.180881,
    "mainnet_income_call_ray": 18465.430705,
    "mainnet_income_call_eth": 1743.385009,
    "mainnet_income_put_sol": 11444619.6,
    "mainnet_income_put_btc": 1125275.54
  },
  "usdValueByGlobalId": {
    "mainnet_income_call_sol": 24084443.3,
    "mainnet_income_call_marinade": 23777876.95,
    "mainnet_income_call_btc": 18207829.21,
    "mainnet_income_call_sbr": 2338599.94,
    "mainnet_income_call_ftt": 3334505.21,
    "mainnet_income_call_luna": 6366158.02,
    "mainnet_income_put_luna": 90791.09,
    "mainnet_income_put_mngo": 397676.27,
    "mainnet_income_call_socean": 1608639.63,
    "mainnet_income_call_srm": 12982033.17,
    "mainnet_income_call_mngo": 1796129.48,
    "mainnet_income_call_ray": 96574.2,
    "mainnet_income_call_eth": 5698410.81,
    "mainnet_income_put_sol": 11444619.6,
    "mainnet_income_put_btc": 1125275.54
  },
  "globalIdToDepositTokenCoingeckoId": {
    "mainnet_income_call_sol": "solana",
    "mainnet_income_call_marinade": "msol",
    "mainnet_income_call_btc": "bitcoin",
    "mainnet_income_call_sbr": "saber",
    "mainnet_income_call_ftt": "ftx-token",
    "mainnet_income_call_luna": "terra-luna",
    "mainnet_income_put_luna": "terrausd",
    "mainnet_income_put_mngo": "usd-coin",
    "mainnet_income_call_socean": "socean-staked-sol",
    "mainnet_income_call_srm": "serum",
    "mainnet_income_call_mngo": "mango-markets",
    "mainnet_income_call_ray": "raydium",
    "mainnet_income_call_eth": "ethereum",
    "mainnet_income_put_sol": "usd-coin",
    "mainnet_income_put_btc": "usd-coin"
  }
}