{
  "totalTvlUSD": 96033980.05,
  "coinsByCoingeckoId": {
    "solana": 133395.437759574,
    "msol": 145564.673392413,
    "bitcoin": 369.503559,
    "saber": 11000000,
    "ftx-token": 76427.928336,
    "usd-coin": 13150089.76107,
    "terra-luna": 57366.189869,
    "socean-staked-sol": 7236.363601505,
    "serum": 3974874.806404,
    "mango-markets": 5999999.159277,
    "raydium": 19310.493998,
    "ethereum": 1481.524668
  },
  "pricesByCoingeckoId": {
    "BTC": 42537,
    "SOL": 140.41,
    "ETH": 3233.7,
    "mSOL": 143.86,
    "FTT": 39.78,
    "SRM": 3.05,
    "USDC": 1,
    "MNGO": 0.208206,
    "scnSOL": 142.63,
    "SBR": 0.086998,
    "LUNA": 73.2,
    "RAY": 5.35
  },
  "sharePricesByGlobalId": {
    "mainnet_income_call_sol": 1.03708,
    "mainnet_income_call_marinade": 1.02581,
    "mainnet_income_call_btc": 1.0644,
    "mainnet_income_call_sbr": 1,
    "mainnet_income_call_ftt": 1.01481,
    "mainnet_income_put_mngo": 1,
    "mainnet_income_call_luna": 1.01873,
    "mainnet_income_call_socean": 1.01266,
    "mainnet_income_call_srm": 1.00834,
    "mainnet_income_call_mngo": 1.01232,
    "mainnet_income_call_ray": 1,
    "mainnet_income_call_eth": 1.01181,
    "mainnet_income_put_sol": 0.99999,
    "mainnet_income_put_btc": 1
  },
  "depositTokenByGlobalId": {
    "mainnet_income_call_sol": 133395.437759574,
    "mainnet_income_call_marinade": 145564.673392413,
    "mainnet_income_call_btc": 369.503559,
    "mainnet_income_call_sbr": 11000000,
    "mainnet_income_call_ftt": 76427.928336,
    "mainnet_income_put_mngo": 429604.43,
    "mainnet_income_call_luna": 57366.189869,
    "mainnet_income_call_socean": 7236.363601505,
    "mainnet_income_call_srm": 3974874.806404,
    "mainnet_income_call_mngo": 5999999.159277,
    "mainnet_income_call_ray": 19310.493998,
    "mainnet_income_call_eth": 1481.524668,
    "mainnet_income_put_sol": 10366107.54,
    "mainnet_income_put_btc": 2354377.79
  },
  "usdValueByGlobalId": {
    "mainnet_income_call_sol": 18730053.42,
    "mainnet_income_call_marinade": 20940933.91,
    "mainnet_income_call_btc": 15717572.89,
    "mainnet_income_call_sbr": 956978,
    "mainnet_income_call_ftt": 3040302.99,
    "mainnet_income_put_mngo": 429604.43,
    "mainnet_income_call_luna": 4199205.1,
    "mainnet_income_call_socean": 1032122.54,
    "mainnet_income_call_srm": 12123368.16,
    "mainnet_income_call_mngo": 1249235.82,
    "mainnet_income_call_ray": 103311.14,
    "mainnet_income_call_eth": 4790806.32,
    "mainnet_income_put_sol": 10366107.54,
    "mainnet_income_put_btc": 2354377.79
  }
}