{
  "totalTvlUSD": 109001177.38,
  "coinsByCoingeckoId": {
    "solana": 181632.94377887,
    "msol": 168388.599686419,
    "bitcoin": 434.608775,
    "saber": 20000000,
    "ftx-token": 76099.493909,
    "terra-luna": 88604.551139,
    "terrausd": 200245.397212,
    "usd-coin": 14568059.214154,
    "socean-staked-sol": 11000,
    "serum": 4249760.505562,
    "mango-markets": 9202781.459156,
    "raydium": 21211.198635,
    "ethereum": 1872.297683
  },
  "pricesByCoingeckoId": {
    "BTC": 39091,
    "SOL": 126.37,
    "ETH": 2879.07,
    "mSOL": 129.3,
    "FTT": 43.63,
    "SRM": 2.68,
    "USDC": 1,
    "MNGO": 0.195946,
    "scnSOL": 128.83,
    "SBR": 0.108214,
    "LUNA": 78.24,
    "UST": 1.01,
    "RAY": 4.66
  },
  "sharePricesByGlobalId": {
    "mainnet_income_call_sol": 1.05342,
    "mainnet_income_call_marinade": 1.03806,
    "mainnet_income_call_btc": 1.06976,
    "mainnet_income_call_sbr": 1.05086,
    "mainnet_income_call_ftt": 1.02766,
    "mainnet_income_call_luna": 1.03856,
    "mainnet_income_put_luna": 1,
    "mainnet_income_put_mngo": 1.00335,
    "mainnet_income_call_socean": 1.0248,
    "mainnet_income_call_srm": 1.02123,
    "mainnet_income_call_mngo": 1.01556,
    "mainnet_income_call_ray": 1.01929,
    "mainnet_income_call_eth": 1.01667,
    "mainnet_income_put_sol": 1.01284,
    "mainnet_income_put_btc": 1.00637
  },
  "depositTokenByGlobalId": {
    "mainnet_income_call_sol": 181632.94377887,
    "mainnet_income_call_marinade": 168388.599686419,
    "mainnet_income_call_btc": 434.608775,
    "mainnet_income_call_sbr": 20000000,
    "mainnet_income_call_ftt": 76099.493909,
    "mainnet_income_call_luna": 88604.551139,
    "mainnet_income_put_luna": 200245.397212,
    "mainnet_income_put_mngo": 411031.64,
    "mainnet_income_call_socean": 11000,
    "mainnet_income_call_srm": 4249760.505562,
    "mainnet_income_call_mngo": 9202781.459156,
    "mainnet_income_call_ray": 21211.198635,
    "mainnet_income_call_eth": 1872.297683,
    "mainnet_income_put_sol": 13027714.91,
    "mainnet_income_put_btc": 1129312.66
  },
  "usdValueByGlobalId": {
    "mainnet_income_call_sol": 22952955.11,
    "mainnet_income_call_marinade": 21772645.94,
    "mainnet_income_call_btc": 16989291.62,
    "mainnet_income_call_sbr": 2164280,
    "mainnet_income_call_ftt": 3320220.92,
    "mainnet_income_call_luna": 6932420.08,
    "mainnet_income_put_luna": 202247.85,
    "mainnet_income_put_mngo": 411031.64,
    "mainnet_income_call_socean": 1417130,
    "mainnet_income_call_srm": 11389358.15,
    "mainnet_income_call_mngo": 1803248.22,
    "mainnet_income_call_ray": 98844.19,
    "mainnet_income_call_eth": 5390476.09,
    "mainnet_income_put_sol": 13027714.91,
    "mainnet_income_put_btc": 1129312.66
  },
  "globalIdToDepositTokenCoingeckoId": {
    "mainnet_income_call_sol": "solana",
    "mainnet_income_call_marinade": "msol",
    "mainnet_income_call_btc": "bitcoin",
    "mainnet_income_call_sbr": "saber",
    "mainnet_income_call_ftt": "ftx-token",
    "mainnet_income_call_luna": "terra-luna",
    "mainnet_income_put_luna": "terrausd",
    "mainnet_income_put_mngo": "usd-coin",
    "mainnet_income_call_socean": "socean-staked-sol",
    "mainnet_income_call_srm": "serum",
    "mainnet_income_call_mngo": "mango-markets",
    "mainnet_income_call_ray": "raydium",
    "mainnet_income_call_eth": "ethereum",
    "mainnet_income_put_sol": "usd-coin",
    "mainnet_income_put_btc": "usd-coin"
  }
}