{
  "totalTvlUSD": 102654817.89,
  "coinsByCoingeckoId": {
    "solana": 136137.498759574,
    "msol": 146183.507029518,
    "bitcoin": 370.50562,
    "saber": 11000000,
    "ftx-token": 76473.262338,
    "usd-coin": 13912701.653509,
    "terra-luna": 59999.999852,
    "socean-staked-sol": 8447.372950758,
    "serum": 3976426.157105,
    "mango-markets": 5999999.159377,
    "raydium": 19310.493998,
    "ethereum": 1492.861426
  },
  "pricesByCoingeckoId": {
    "BTC": 43894,
    "SOL": 151.11,
    "ETH": 3384.61,
    "mSOL": 154.86,
    "FTT": 41.29,
    "SRM": 3.19,
    "USDC": 1,
    "MNGO": 0.211128,
    "scnSOL": 153.78,
    "SBR": 0.087065,
    "LUNA": 79.06,
    "RAY": 5.55
  },
  "sharePricesByGlobalId": {
    "mainnet_income_call_sol": 1.03708,
    "mainnet_income_call_marinade": 1.02581,
    "mainnet_income_call_btc": 1.0644,
    "mainnet_income_call_sbr": 1,
    "mainnet_income_call_ftt": 1.01481,
    "mainnet_income_put_mngo": 1,
    "mainnet_income_call_luna": 1.01873,
    "mainnet_income_call_socean": 1.01266,
    "mainnet_income_call_srm": 1.00834,
    "mainnet_income_call_mngo": 1.01232,
    "mainnet_income_call_ray": 1,
    "mainnet_income_call_eth": 1.01181,
    "mainnet_income_put_sol": 0.99999,
    "mainnet_income_put_btc": 1
  },
  "depositTokenByGlobalId": {
    "mainnet_income_call_sol": 136137.498759574,
    "mainnet_income_call_marinade": 146183.507029518,
    "mainnet_income_call_btc": 370.50562,
    "mainnet_income_call_sbr": 11000000,
    "mainnet_income_call_ftt": 76473.262338,
    "mainnet_income_put_mngo": 429804.43,
    "mainnet_income_call_luna": 59999.999852,
    "mainnet_income_call_socean": 8447.372950758,
    "mainnet_income_call_srm": 3976426.157105,
    "mainnet_income_call_mngo": 5999999.159377,
    "mainnet_income_call_ray": 19310.493998,
    "mainnet_income_call_eth": 1492.861426,
    "mainnet_income_put_sol": 11128519.43,
    "mainnet_income_put_btc": 2354377.79
  },
  "usdValueByGlobalId": {
    "mainnet_income_call_sol": 20571737.44,
    "mainnet_income_call_marinade": 22637977.9,
    "mainnet_income_call_btc": 16262973.68,
    "mainnet_income_call_sbr": 957715,
    "mainnet_income_call_ftt": 3157581,
    "mainnet_income_put_mngo": 429804.43,
    "mainnet_income_call_luna": 4743599.99,
    "mainnet_income_call_socean": 1299037.01,
    "mainnet_income_call_srm": 12684799.44,
    "mainnet_income_call_mngo": 1266767.82,
    "mainnet_income_call_ray": 107173.24,
    "mainnet_income_call_eth": 5052753.71,
    "mainnet_income_put_sol": 11128519.43,
    "mainnet_income_put_btc": 2354377.79
  }
}