{
  "totalTvlUSD": 89638888.96,
  "coinsByCoingeckoId": {
    "solana": 196144.390008812,
    "msol": 166631.557997538,
    "bitcoin": 446.535399,
    "saber": 19999999.398257,
    "ftx-token": 67786.91977,
    "terra-luna": 91694.251118,
    "terrausd": 221093.379823,
    "usd-coin": 15592724.981081001,
    "socean-staked-sol": 11000,
    "serum": 4242136.367456,
    "mango-markets": 7875859.754746,
    "raydium": 23843.179952,
    "ethereum": 1775.982632
  },
  "pricesByCoingeckoId": {
    "BTC": 37167,
    "SOL": 89.47,
    "ETH": 2400.41,
    "mSOL": 91.89,
    "FTT": 38.27,
    "SRM": 2.12,
    "USDC": 1,
    "MNGO": 0.153163,
    "scnSOL": 90.97,
    "SBR": 0.064593,
    "LUNA": 53.82,
    "UST": 1,
    "RAY": 3.5
  },
  "sharePricesByGlobalId": {
    "mainnet_income_call_sol": 1.05252,
    "mainnet_income_call_marinade": 1.03727,
    "mainnet_income_call_btc": 1.0696,
    "mainnet_income_call_sbr": 1.05044,
    "mainnet_income_call_ftt": 1.02696,
    "mainnet_income_call_luna": 1.0374,
    "mainnet_income_put_luna": 1,
    "mainnet_income_put_mngo": 1.00322,
    "mainnet_income_call_socean": 1.02395,
    "mainnet_income_call_srm": 1.02041,
    "mainnet_income_call_mngo": 1.01533,
    "mainnet_income_call_ray": 1.01764,
    "mainnet_income_call_eth": 1.0165,
    "mainnet_income_put_sol": 1.01183,
    "mainnet_income_put_btc": 1.00606
  },
  "depositTokenByGlobalId": {
    "mainnet_income_call_sol": 196144.390008812,
    "mainnet_income_call_marinade": 166631.557997538,
    "mainnet_income_call_btc": 446.535399,
    "mainnet_income_call_sbr": 19999999.398257,
    "mainnet_income_call_ftt": 67786.91977,
    "mainnet_income_call_luna": 91694.251118,
    "mainnet_income_put_luna": 221093.379823,
    "mainnet_income_put_mngo": 249437.37,
    "mainnet_income_call_socean": 11000,
    "mainnet_income_call_srm": 4242136.367456,
    "mainnet_income_call_mngo": 7875859.754746,
    "mainnet_income_call_ray": 23843.179952,
    "mainnet_income_call_eth": 1775.982632,
    "mainnet_income_put_sol": 14204564.08,
    "mainnet_income_put_btc": 1138723.52
  },
  "usdValueByGlobalId": {
    "mainnet_income_call_sol": 17549038.57,
    "mainnet_income_call_marinade": 15311773.86,
    "mainnet_income_call_btc": 16596381.17,
    "mainnet_income_call_sbr": 1291859.96,
    "mainnet_income_call_ftt": 2594205.42,
    "mainnet_income_call_luna": 4934984.6,
    "mainnet_income_put_luna": 221093.38,
    "mainnet_income_put_mngo": 249437.37,
    "mainnet_income_call_socean": 1000670,
    "mainnet_income_call_srm": 8993329.1,
    "mainnet_income_call_mngo": 1206290.31,
    "mainnet_income_call_ray": 83451.13,
    "mainnet_income_call_eth": 4263086.47,
    "mainnet_income_put_sol": 14204564.08,
    "mainnet_income_put_btc": 1138723.52
  },
  "globalIdToDepositTokenCoingeckoId": {
    "mainnet_income_call_sol": "solana",
    "mainnet_income_call_marinade": "msol",
    "mainnet_income_call_btc": "bitcoin",
    "mainnet_income_call_sbr": "saber",
    "mainnet_income_call_ftt": "ftx-token",
    "mainnet_income_call_luna": "terra-luna",
    "mainnet_income_put_luna": "terrausd",
    "mainnet_income_put_mngo": "usd-coin",
    "mainnet_income_call_socean": "socean-staked-sol",
    "mainnet_income_call_srm": "serum",
    "mainnet_income_call_mngo": "mango-markets",
    "mainnet_income_call_ray": "raydium",
    "mainnet_income_call_eth": "ethereum",
    "mainnet_income_put_sol": "usd-coin",
    "mainnet_income_put_btc": "usd-coin"
  }
}