{
  "totalTvlUSD": 89796199.26,
  "coinsByCoingeckoId": {
    "solana": 131188.645759574,
    "msol": 139179.853177697,
    "bitcoin": 365.949184,
    "saber": 11000000,
    "ftx-token": 72951.911359,
    "usd-coin": 12840448.040575,
    "terra-luna": 44036.241611,
    "socean-staked-sol": 5658.317048642,
    "serum": 3966646.376607,
    "mango-markets": 5999999.159277,
    "raydium": 18929.736609,
    "ethereum": 1472.616635
  },
  "pricesByCoingeckoId": {
    "BTC": 41698,
    "SOL": 135,
    "ETH": 3074.99,
    "mSOL": 138.39,
    "FTT": 37.75,
    "SRM": 2.9,
    "USDC": 1,
    "MNGO": 0.194804,
    "scnSOL": 137.59,
    "SBR": 0.074788,
    "LUNA": 69.8,
    "RAY": 5.05
  },
  "sharePricesByGlobalId": {
    "mainnet_income_call_sol": 1.03708,
    "mainnet_income_call_marinade": 1.02581,
    "mainnet_income_call_btc": 1.0644,
    "mainnet_income_call_sbr": 1,
    "mainnet_income_call_ftt": 1.01481,
    "mainnet_income_put_mngo": 1.00062,
    "mainnet_income_call_luna": 1.01873,
    "mainnet_income_call_socean": 1.01266,
    "mainnet_income_call_srm": 1.00834,
    "mainnet_income_call_mngo": 1.01232,
    "mainnet_income_call_ray": 1,
    "mainnet_income_call_eth": 1.01181,
    "mainnet_income_put_sol": 1.00376,
    "mainnet_income_put_btc": 1
  },
  "depositTokenByGlobalId": {
    "mainnet_income_call_sol": 131188.645759574,
    "mainnet_income_call_marinade": 139179.853177697,
    "mainnet_income_call_btc": 365.949184,
    "mainnet_income_call_sbr": 11000000,
    "mainnet_income_call_ftt": 72951.911359,
    "mainnet_income_put_mngo": 428653.05,
    "mainnet_income_call_luna": 44036.241611,
    "mainnet_income_call_socean": 5658.317048642,
    "mainnet_income_call_srm": 3966646.376607,
    "mainnet_income_call_mngo": 5999999.159277,
    "mainnet_income_call_ray": 18929.736609,
    "mainnet_income_call_eth": 1472.616635,
    "mainnet_income_put_sol": 10057417.2,
    "mainnet_income_put_btc": 2354377.79
  },
  "usdValueByGlobalId": {
    "mainnet_income_call_sol": 17710467.18,
    "mainnet_income_call_marinade": 19261099.88,
    "mainnet_income_call_btc": 15259349.07,
    "mainnet_income_call_sbr": 822668,
    "mainnet_income_call_ftt": 2753934.65,
    "mainnet_income_put_mngo": 428653.05,
    "mainnet_income_call_luna": 3073729.66,
    "mainnet_income_call_socean": 778527.84,
    "mainnet_income_call_srm": 11503274.49,
    "mainnet_income_call_mngo": 1168823.84,
    "mainnet_income_call_ray": 95595.17,
    "mainnet_income_call_eth": 4528281.43,
    "mainnet_income_put_sol": 10057417.2,
    "mainnet_income_put_btc": 2354377.79
  }
}