{
  "totalTvlUSD": 92965144.27,
  "coinsByCoingeckoId": {
    "solana": 131986.757759574,
    "msol": 142484.521766837,
    "bitcoin": 366.152549,
    "saber": 11000000,
    "ftx-token": 76146.793877,
    "usd-coin": 13046686.358778,
    "terra-luna": 54919.7609,
    "socean-staked-sol": 6964.270941025,
    "serum": 3974334.558091,
    "mango-markets": 5999999.159277,
    "raydium": 19194.149433,
    "ethereum": 1479.616665
  },
  "pricesByCoingeckoId": {
    "BTC": 42237,
    "SOL": 137.22,
    "ETH": 3124.19,
    "mSOL": 140.21,
    "FTT": 38.49,
    "SRM": 2.96,
    "USDC": 1,
    "MNGO": 0.19688,
    "scnSOL": 139.16,
    "SBR": 0.075882,
    "LUNA": 72.17,
    "RAY": 5.11
  },
  "sharePricesByGlobalId": {
    "mainnet_income_call_sol": 1.03708,
    "mainnet_income_call_marinade": 1.02581,
    "mainnet_income_call_btc": 1.0644,
    "mainnet_income_call_sbr": 1,
    "mainnet_income_call_ftt": 1.01481,
    "mainnet_income_put_mngo": 1.00062,
    "mainnet_income_call_luna": 1.01873,
    "mainnet_income_call_socean": 1.01266,
    "mainnet_income_call_srm": 1.00834,
    "mainnet_income_call_mngo": 1.01232,
    "mainnet_income_call_ray": 1,
    "mainnet_income_call_eth": 1.01181,
    "mainnet_income_put_sol": 1.00376,
    "mainnet_income_put_btc": 1
  },
  "depositTokenByGlobalId": {
    "mainnet_income_call_sol": 131986.757759574,
    "mainnet_income_call_marinade": 142484.521766837,
    "mainnet_income_call_btc": 366.152549,
    "mainnet_income_call_sbr": 11000000,
    "mainnet_income_call_ftt": 76146.793877,
    "mainnet_income_put_mngo": 429058.15,
    "mainnet_income_call_luna": 54919.7609,
    "mainnet_income_call_socean": 6964.270941025,
    "mainnet_income_call_srm": 3974334.558091,
    "mainnet_income_call_mngo": 5999999.159277,
    "mainnet_income_call_ray": 19194.149433,
    "mainnet_income_call_eth": 1479.616665,
    "mainnet_income_put_sol": 10263250.42,
    "mainnet_income_put_btc": 2354377.79
  },
  "usdValueByGlobalId": {
    "mainnet_income_call_sol": 18111222.9,
    "mainnet_income_call_marinade": 19977754.8,
    "mainnet_income_call_btc": 15465185.21,
    "mainnet_income_call_sbr": 834702,
    "mainnet_income_call_ftt": 2930890.1,
    "mainnet_income_put_mngo": 429058.15,
    "mainnet_income_call_luna": 3963559.14,
    "mainnet_income_call_socean": 969147.94,
    "mainnet_income_call_srm": 11764030.29,
    "mainnet_income_call_mngo": 1181279.83,
    "mainnet_income_call_ray": 98082.1,
    "mainnet_income_call_eth": 4622603.59,
    "mainnet_income_put_sol": 10263250.42,
    "mainnet_income_put_btc": 2354377.79
  }
}