{
  "totalTvlUSD": 113275014.81,
  "coinsByCoingeckoId": {
    "solana": 177731.61737887,
    "msol": 165620.147806274,
    "bitcoin": 429.393352,
    "saber": 19999999.760273,
    "ftx-token": 75140.491089,
    "terra-luna": 86466.34323,
    "terrausd": 165717.558158,
    "usd-coin": 13426680.584064,
    "socean-staked-sol": 11000,
    "serum": 4214610.282533,
    "mango-markets": 9045687.358508,
    "raydium": 20609.053884,
    "ethereum": 1797.989255
  },
  "pricesByCoingeckoId": {
    "BTC": 41954,
    "SOL": 136.7,
    "ETH": 3137.11,
    "mSOL": 140.24,
    "FTT": 46.26,
    "SRM": 2.93,
    "USDC": 1,
    "MNGO": 0.201418,
    "scnSOL": 140.34,
    "SBR": 0.113383,
    "LUNA": 80.3,
    "UST": 1,
    "RAY": 5.02
  },
  "sharePricesByGlobalId": {
    "mainnet_income_call_sol": 1.05342,
    "mainnet_income_call_marinade": 1.03017,
    "mainnet_income_call_btc": 1.06976,
    "mainnet_income_call_sbr": 1.04667,
    "mainnet_income_call_ftt": 1.02068,
    "mainnet_income_call_luna": 1.02692,
    "mainnet_income_put_luna": 1,
    "mainnet_income_put_mngo": 1.00201,
    "mainnet_income_call_socean": 1.01629,
    "mainnet_income_call_srm": 1.01304,
    "mainnet_income_call_mngo": 1.01322,
    "mainnet_income_call_ray": 1.00275,
    "mainnet_income_call_eth": 1.01667,
    "mainnet_income_put_sol": 1.00281,
    "mainnet_income_put_btc": 1.00329
  },
  "depositTokenByGlobalId": {
    "mainnet_income_call_sol": 177731.61737887,
    "mainnet_income_call_marinade": 165620.147806274,
    "mainnet_income_call_btc": 429.393352,
    "mainnet_income_call_sbr": 19999999.760273,
    "mainnet_income_call_ftt": 75140.491089,
    "mainnet_income_call_luna": 86466.34323,
    "mainnet_income_put_luna": 165717.558158,
    "mainnet_income_put_mngo": 397710.67,
    "mainnet_income_call_socean": 11000,
    "mainnet_income_call_srm": 4214610.282533,
    "mainnet_income_call_mngo": 9045687.358508,
    "mainnet_income_call_ray": 20609.053884,
    "mainnet_income_call_eth": 1797.989255,
    "mainnet_income_put_sol": 11903105.87,
    "mainnet_income_put_btc": 1125864.04
  },
  "usdValueByGlobalId": {
    "mainnet_income_call_sol": 24295912.1,
    "mainnet_income_call_marinade": 23226569.53,
    "mainnet_income_call_btc": 18014768.69,
    "mainnet_income_call_sbr": 2267659.97,
    "mainnet_income_call_ftt": 3475999.12,
    "mainnet_income_call_luna": 6943247.36,
    "mainnet_income_put_luna": 165717.56,
    "mainnet_income_put_mngo": 397710.67,
    "mainnet_income_call_socean": 1543740,
    "mainnet_income_call_srm": 12348808.13,
    "mainnet_income_call_mngo": 1821964.26,
    "mainnet_income_call_ray": 103457.45,
    "mainnet_income_call_eth": 5640490.07,
    "mainnet_income_put_sol": 11903105.87,
    "mainnet_income_put_btc": 1125864.04
  },
  "globalIdToDepositTokenCoingeckoId": {
    "mainnet_income_call_sol": "solana",
    "mainnet_income_call_marinade": "msol",
    "mainnet_income_call_btc": "bitcoin",
    "mainnet_income_call_sbr": "saber",
    "mainnet_income_call_ftt": "ftx-token",
    "mainnet_income_call_luna": "terra-luna",
    "mainnet_income_put_luna": "terrausd",
    "mainnet_income_put_mngo": "usd-coin",
    "mainnet_income_call_socean": "socean-staked-sol",
    "mainnet_income_call_srm": "serum",
    "mainnet_income_call_mngo": "mango-markets",
    "mainnet_income_call_ray": "raydium",
    "mainnet_income_call_eth": "ethereum",
    "mainnet_income_put_sol": "usd-coin",
    "mainnet_income_put_btc": "usd-coin"
  }
}