{
  "totalTvlUSD": 91278870.2,
  "coinsByCoingeckoId": {
    "solana": 197479.630008812,
    "msol": 167111.158978,
    "bitcoin": 451.638766,
    "saber": 19999999.498262,
    "ftx-token": 68104.694976,
    "terra-luna": 93872.801134,
    "terrausd": 222587.799918,
    "usd-coin": 16437113.911726,
    "socean-staked-sol": 11000,
    "serum": 4261826.55251,
    "mango-markets": 7895758.358746,
    "raydium": 23843.179952,
    "ethereum": 1787.724877
  },
  "pricesByCoingeckoId": {
    "BTC": 36779,
    "SOL": 90.47,
    "ETH": 2432.88,
    "mSOL": 92.77,
    "FTT": 38.46,
    "SRM": 2.13,
    "USDC": 1,
    "MNGO": 0.15328,
    "scnSOL": 93.06,
    "SBR": 0.065852,
    "LUNA": 52.82,
    "UST": 0.994166,
    "RAY": 3.57
  },
  "sharePricesByGlobalId": {
    "mainnet_income_call_sol": 1.0587,
    "mainnet_income_call_marinade": 1.03965,
    "mainnet_income_call_btc": 1.07217,
    "mainnet_income_call_sbr": 1.05044,
    "mainnet_income_call_ftt": 1.03064,
    "mainnet_income_call_luna": 1.04984,
    "mainnet_income_put_luna": 1,
    "mainnet_income_put_mngo": 1.00572,
    "mainnet_income_call_socean": 1.02665,
    "mainnet_income_call_srm": 1.02513,
    "mainnet_income_call_mngo": 1.01686,
    "mainnet_income_call_ray": 1.01764,
    "mainnet_income_call_eth": 1.01965,
    "mainnet_income_put_sol": 1.01728,
    "mainnet_income_put_btc": 1.0091
  },
  "depositTokenByGlobalId": {
    "mainnet_income_call_sol": 197479.630008812,
    "mainnet_income_call_marinade": 167111.158978,
    "mainnet_income_call_btc": 451.638766,
    "mainnet_income_call_sbr": 19999999.498262,
    "mainnet_income_call_ftt": 68104.694976,
    "mainnet_income_call_luna": 93872.801134,
    "mainnet_income_put_luna": 222587.799918,
    "mainnet_income_put_mngo": 250058.78,
    "mainnet_income_call_socean": 11000,
    "mainnet_income_call_srm": 4261826.55251,
    "mainnet_income_call_mngo": 7895758.358746,
    "mainnet_income_call_ray": 23843.179952,
    "mainnet_income_call_eth": 1787.724877,
    "mainnet_income_put_sol": 15044890.98,
    "mainnet_income_put_btc": 1142164.15
  },
  "usdValueByGlobalId": {
    "mainnet_income_call_sol": 17865982.13,
    "mainnet_income_call_marinade": 15502902.22,
    "mainnet_income_call_btc": 16610822.17,
    "mainnet_income_call_sbr": 1317039.97,
    "mainnet_income_call_ftt": 2619306.57,
    "mainnet_income_call_luna": 4958361.36,
    "mainnet_income_put_luna": 221289.22,
    "mainnet_income_put_mngo": 250058.78,
    "mainnet_income_call_socean": 1023660,
    "mainnet_income_call_srm": 9077690.56,
    "mainnet_income_call_mngo": 1210261.84,
    "mainnet_income_call_ray": 85120.15,
    "mainnet_income_call_eth": 4349320.1,
    "mainnet_income_put_sol": 15044890.98,
    "mainnet_income_put_btc": 1142164.15
  },
  "globalIdToDepositTokenCoingeckoId": {
    "mainnet_income_call_sol": "solana",
    "mainnet_income_call_marinade": "msol",
    "mainnet_income_call_btc": "bitcoin",
    "mainnet_income_call_sbr": "saber",
    "mainnet_income_call_ftt": "ftx-token",
    "mainnet_income_call_luna": "terra-luna",
    "mainnet_income_put_luna": "terrausd",
    "mainnet_income_put_mngo": "usd-coin",
    "mainnet_income_call_socean": "socean-staked-sol",
    "mainnet_income_call_srm": "serum",
    "mainnet_income_call_mngo": "mango-markets",
    "mainnet_income_call_ray": "raydium",
    "mainnet_income_call_eth": "ethereum",
    "mainnet_income_put_sol": "usd-coin",
    "mainnet_income_put_btc": "usd-coin"
  }
}