{
  "totalTvlUSD": 108084327.03,
  "coinsByCoingeckoId": {
    "solana": 143465.336759574,
    "msol": 149408.968912518,
    "bitcoin": 409.911073,
    "saber": 19999999.829711,
    "ftx-token": 78033.996857,
    "usd-coin": 14985180.196031,
    "terra-luna": 64749.471114,
    "socean-staked-sol": 10213.671559841,
    "serum": 4007979.619401,
    "mango-markets": 7937170.809044,
    "raydium": 19329.593057,
    "ethereum": 1607.170983
  },
  "pricesByCoingeckoId": {
    "BTC": 42976,
    "SOL": 149.99,
    "ETH": 3294.85,
    "mSOL": 152.58,
    "FTT": 41.42,
    "SRM": 3.14,
    "USDC": 1,
    "MNGO": 0.200797,
    "scnSOL": 151.69,
    "SBR": 0.079253,
    "LUNA": 80.66,
    "RAY": 5.39
  },
  "sharePricesByGlobalId": {
    "mainnet_income_call_sol": 1.03708,
    "mainnet_income_call_marinade": 1.02581,
    "mainnet_income_call_btc": 1.0644,
    "mainnet_income_call_sbr": 1,
    "mainnet_income_call_ftt": 1.01481,
    "mainnet_income_put_mngo": 1,
    "mainnet_income_call_luna": 1.01873,
    "mainnet_income_call_socean": 1.01266,
    "mainnet_income_call_srm": 1.00834,
    "mainnet_income_call_mngo": 1.01232,
    "mainnet_income_call_ray": 1,
    "mainnet_income_call_eth": 1.01181,
    "mainnet_income_put_sol": 0.99999,
    "mainnet_income_put_btc": 1
  },
  "depositTokenByGlobalId": {
    "mainnet_income_call_sol": 143465.336759574,
    "mainnet_income_call_marinade": 149408.968912518,
    "mainnet_income_call_btc": 409.911073,
    "mainnet_income_call_sbr": 19999999.829711,
    "mainnet_income_call_ftt": 78033.996857,
    "mainnet_income_put_mngo": 454804.43,
    "mainnet_income_call_luna": 64749.471114,
    "mainnet_income_call_socean": 10213.671559841,
    "mainnet_income_call_srm": 4007979.619401,
    "mainnet_income_call_mngo": 7937170.809044,
    "mainnet_income_call_ray": 19329.593057,
    "mainnet_income_call_eth": 1607.170983,
    "mainnet_income_put_sol": 12174485.98,
    "mainnet_income_put_btc": 2355889.79
  },
  "usdValueByGlobalId": {
    "mainnet_income_call_sol": 21518365.86,
    "mainnet_income_call_marinade": 22796820.48,
    "mainnet_income_call_btc": 17616338.27,
    "mainnet_income_call_sbr": 1585059.99,
    "mainnet_income_call_ftt": 3232168.15,
    "mainnet_income_put_mngo": 454804.43,
    "mainnet_income_call_luna": 5222692.34,
    "mainnet_income_call_socean": 1549311.84,
    "mainnet_income_call_srm": 12585056,
    "mainnet_income_call_mngo": 1593760.09,
    "mainnet_income_call_ray": 104186.51,
    "mainnet_income_call_eth": 5295387.31,
    "mainnet_income_put_sol": 12174485.98,
    "mainnet_income_put_btc": 2355889.79
  },
  "globalIdToDepositTokenCoingeckoId": {
    "mainnet_income_call_sol": "solana",
    "mainnet_income_call_marinade": "msol",
    "mainnet_income_call_btc": "bitcoin",
    "mainnet_income_call_sbr": "saber",
    "mainnet_income_call_ftt": "ftx-token",
    "mainnet_income_put_mngo": "usd-coin",
    "mainnet_income_call_luna": "terra-luna",
    "mainnet_income_call_socean": "socean-staked-sol",
    "mainnet_income_call_srm": "serum",
    "mainnet_income_call_mngo": "mango-markets",
    "mainnet_income_call_ray": "raydium",
    "mainnet_income_call_eth": "ethereum",
    "mainnet_income_put_sol": "usd-coin",
    "mainnet_income_put_btc": "usd-coin"
  }
}