{
  "totalTvlUSD": 109575318.72,
  "coinsByCoingeckoId": {
    "solana": 142579.55621187,
    "msol": 159614.959739723,
    "bitcoin": 417.004347,
    "saber": 19999999.492037,
    "ftx-token": 67858.941637,
    "usd-coin": 12224075.842503,
    "terra-luna": 69454.800295,
    "socean-staked-sol": 10999.987641614,
    "serum": 4063892.243237,
    "mango-markets": 8821218.501942,
    "raydium": 17442.102345,
    "ethereum": 1697.302106
  },
  "pricesByCoingeckoId": {
    "BTC": 43646,
    "SOL": 148.95,
    "ETH": 3361.85,
    "mSOL": 152.49,
    "FTT": 46.85,
    "SRM": 3.28,
    "USDC": 1,
    "MNGO": 0.195961,
    "scnSOL": 151.92,
    "SBR": 0.091981,
    "LUNA": 86.72,
    "RAY": 5.53
  },
  "sharePricesByGlobalId": {
    "mainnet_income_call_sol": 1.04444,
    "mainnet_income_call_marinade": 1.03017,
    "mainnet_income_call_btc": 1.06814,
    "mainnet_income_call_sbr": 1.04667,
    "mainnet_income_call_ftt": 1.02068,
    "mainnet_income_put_mngo": 1.00201,
    "mainnet_income_call_luna": 1.02692,
    "mainnet_income_call_socean": 1.01629,
    "mainnet_income_call_srm": 1.01304,
    "mainnet_income_call_mngo": 1.01322,
    "mainnet_income_call_ray": 1.00275,
    "mainnet_income_call_eth": 1.01502,
    "mainnet_income_put_sol": 1.00281,
    "mainnet_income_put_btc": 1.00329
  },
  "depositTokenByGlobalId": {
    "mainnet_income_call_sol": 142579.55621187,
    "mainnet_income_call_marinade": 159614.959739723,
    "mainnet_income_call_btc": 417.004347,
    "mainnet_income_call_sbr": 19999999.492037,
    "mainnet_income_call_ftt": 67858.941637,
    "mainnet_income_put_mngo": 392112.07,
    "mainnet_income_call_luna": 69454.800295,
    "mainnet_income_call_socean": 10999.987641614,
    "mainnet_income_call_srm": 4063892.243237,
    "mainnet_income_call_mngo": 8821218.501942,
    "mainnet_income_call_ray": 17442.102345,
    "mainnet_income_call_eth": 1697.302106,
    "mainnet_income_put_sol": 10707479.64,
    "mainnet_income_put_btc": 1124484.14
  },
  "usdValueByGlobalId": {
    "mainnet_income_call_sol": 21237224.9,
    "mainnet_income_call_marinade": 24339685.21,
    "mainnet_income_call_btc": 18200571.73,
    "mainnet_income_call_sbr": 1839619.95,
    "mainnet_income_call_ftt": 3179191.42,
    "mainnet_income_put_mngo": 392112.07,
    "mainnet_income_call_luna": 6023120.28,
    "mainnet_income_call_socean": 1671118.12,
    "mainnet_income_call_srm": 13329566.56,
    "mainnet_income_call_mngo": 1728614.8,
    "mainnet_income_call_ray": 96454.83,
    "mainnet_income_call_eth": 5706075.09,
    "mainnet_income_put_sol": 10707479.64,
    "mainnet_income_put_btc": 1124484.14
  },
  "globalIdToDepositTokenCoingeckoId": {
    "mainnet_income_call_sol": "solana",
    "mainnet_income_call_marinade": "msol",
    "mainnet_income_call_btc": "bitcoin",
    "mainnet_income_call_sbr": "saber",
    "mainnet_income_call_ftt": "ftx-token",
    "mainnet_income_put_mngo": "usd-coin",
    "mainnet_income_call_luna": "terra-luna",
    "mainnet_income_call_socean": "socean-staked-sol",
    "mainnet_income_call_srm": "serum",
    "mainnet_income_call_mngo": "mango-markets",
    "mainnet_income_call_ray": "raydium",
    "mainnet_income_call_eth": "ethereum",
    "mainnet_income_put_sol": "usd-coin",
    "mainnet_income_put_btc": "usd-coin"
  }
}