{
  "totalTvlUSD": 92073394.98,
  "coinsByCoingeckoId": {
    "solana": 125117.719350644,
    "msol": 136007.801299385,
    "bitcoin": 354.279327,
    "saber": 11000000,
    "ftx-token": 71563.701874,
    "usd-coin": 12774281.350179002,
    "terra-luna": 39999.989397,
    "socean-staked-sol": 5499.870099232,
    "serum": 3965494.011937,
    "mango-markets": 5999999.148087,
    "raydium": 18918.099566,
    "ethereum": 1406.76081
  },
  "pricesByCoingeckoId": {
    "BTC": 42155,
    "SOL": 146.49,
    "ETH": 3235.36,
    "mSOL": 149.81,
    "FTT": 36.31,
    "SRM": 3.17,
    "USDC": 1,
    "MNGO": 0.192963,
    "scnSOL": 148.8,
    "SBR": 0.095907,
    "LUNA": 70.12,
    "RAY": 5.51
  },
  "sharePricesByGlobalId": {
    "mainnet_income_call_sol": 1.03708,
    "mainnet_income_call_marinade": 1.02581,
    "mainnet_income_call_btc": 1.0644,
    "mainnet_income_call_sbr": 1,
    "mainnet_income_call_ftt": 1.01481,
    "mainnet_income_put_mngo": 1,
    "mainnet_income_call_luna": 1.01873,
    "mainnet_income_call_socean": 1.01266,
    "mainnet_income_call_srm": 1.00834,
    "mainnet_income_call_mngo": 1.01232,
    "mainnet_income_call_ray": 1,
    "mainnet_income_call_eth": 1.01181,
    "mainnet_income_put_sol": 1,
    "mainnet_income_put_btc": 1
  },
  "depositTokenByGlobalId": {
    "mainnet_income_call_sol": 125117.719350644,
    "mainnet_income_call_marinade": 136007.801299385,
    "mainnet_income_call_btc": 354.279327,
    "mainnet_income_call_sbr": 11000000,
    "mainnet_income_call_ftt": 71563.701874,
    "mainnet_income_put_mngo": 423215.84,
    "mainnet_income_call_luna": 39999.989397,
    "mainnet_income_call_socean": 5499.870099232,
    "mainnet_income_call_srm": 3965494.011937,
    "mainnet_income_call_mngo": 5999999.148087,
    "mainnet_income_call_ray": 18918.099566,
    "mainnet_income_call_eth": 1406.76081,
    "mainnet_income_put_sol": 9999999.86,
    "mainnet_income_put_btc": 2351065.65
  },
  "usdValueByGlobalId": {
    "mainnet_income_call_sol": 18328494.71,
    "mainnet_income_call_marinade": 20375328.71,
    "mainnet_income_call_btc": 14934645.03,
    "mainnet_income_call_sbr": 1054977,
    "mainnet_income_call_ftt": 2598478.02,
    "mainnet_income_put_mngo": 423215.84,
    "mainnet_income_call_luna": 2804799.26,
    "mainnet_income_call_socean": 818380.67,
    "mainnet_income_call_srm": 12570616.02,
    "mainnet_income_call_mngo": 1157777.84,
    "mainnet_income_call_ray": 104238.73,
    "mainnet_income_call_eth": 4551377.65,
    "mainnet_income_put_sol": 9999999.86,
    "mainnet_income_put_btc": 2351065.65
  }
}