{
  "totalTvlUSD": 92792998.78,
  "coinsByCoingeckoId": {
    "solana": 132171.663759574,
    "msol": 144471.006481395,
    "bitcoin": 366.33578,
    "saber": 11000000,
    "ftx-token": 76169.786905,
    "usd-coin": 13078320.915506002,
    "terra-luna": 56198.936153,
    "socean-staked-sol": 7061.594676521,
    "serum": 3974644.201194,
    "mango-markets": 5999999.159277,
    "raydium": 19199.667605,
    "ethereum": 1479.66265
  },
  "pricesByCoingeckoId": {
    "BTC": 41527,
    "SOL": 136.47,
    "ETH": 3101.05,
    "mSOL": 139.67,
    "FTT": 37.95,
    "SRM": 2.94,
    "USDC": 1,
    "MNGO": 0.201459,
    "scnSOL": 138.98,
    "SBR": 0.077821,
    "LUNA": 70.77,
    "RAY": 5.11
  },
  "sharePricesByGlobalId": {
    "mainnet_income_call_sol": 1.03708,
    "mainnet_income_call_marinade": 1.02581,
    "mainnet_income_call_btc": 1.0644,
    "mainnet_income_call_sbr": 1,
    "mainnet_income_call_ftt": 1.01481,
    "mainnet_income_put_mngo": 1.00062,
    "mainnet_income_call_luna": 1.01873,
    "mainnet_income_call_socean": 1.01266,
    "mainnet_income_call_srm": 1.00834,
    "mainnet_income_call_mngo": 1.01232,
    "mainnet_income_call_ray": 1,
    "mainnet_income_call_eth": 1.01181,
    "mainnet_income_put_sol": 1.00376,
    "mainnet_income_put_btc": 1
  },
  "depositTokenByGlobalId": {
    "mainnet_income_call_sol": 132171.663759574,
    "mainnet_income_call_marinade": 144471.006481395,
    "mainnet_income_call_btc": 366.33578,
    "mainnet_income_call_sbr": 11000000,
    "mainnet_income_call_ftt": 76169.786905,
    "mainnet_income_put_mngo": 429359.76,
    "mainnet_income_call_luna": 56198.936153,
    "mainnet_income_call_socean": 7061.594676521,
    "mainnet_income_call_srm": 3974644.201194,
    "mainnet_income_call_mngo": 5999999.159277,
    "mainnet_income_call_ray": 19199.667605,
    "mainnet_income_call_eth": 1479.66265,
    "mainnet_income_put_sol": 10294583.37,
    "mainnet_income_put_btc": 2354377.79
  },
  "usdValueByGlobalId": {
    "mainnet_income_call_sol": 18037466.95,
    "mainnet_income_call_marinade": 20178265.48,
    "mainnet_income_call_btc": 15212825.94,
    "mainnet_income_call_sbr": 856031,
    "mainnet_income_call_ftt": 2890643.41,
    "mainnet_income_put_mngo": 429359.76,
    "mainnet_income_call_luna": 3977198.71,
    "mainnet_income_call_socean": 981420.43,
    "mainnet_income_call_srm": 11685453.95,
    "mainnet_income_call_mngo": 1208753.83,
    "mainnet_income_call_ray": 98110.3,
    "mainnet_income_call_eth": 4588507.86,
    "mainnet_income_put_sol": 10294583.37,
    "mainnet_income_put_btc": 2354377.79
  }
}