{
  "totalTvlUSD": 90149203.79,
  "coinsByCoingeckoId": {
    "solana": 196144.390008812,
    "msol": 166699.007997538,
    "bitcoin": 447.535399,
    "saber": 19999999.398257,
    "ftx-token": 67786.91977,
    "terra-luna": 91715.898622,
    "terrausd": 221093.379823,
    "usd-coin": 15592724.981081001,
    "socean-staked-sol": 11000,
    "serum": 4242136.367456,
    "mango-markets": 7875859.754746,
    "raydium": 23843.179952,
    "ethereum": 1775.982632
  },
  "pricesByCoingeckoId": {
    "BTC": 37330,
    "SOL": 89.91,
    "ETH": 2415.14,
    "mSOL": 92.61,
    "FTT": 38.36,
    "SRM": 2.13,
    "USDC": 1,
    "MNGO": 0.153222,
    "scnSOL": 92.03,
    "SBR": 0.064619,
    "LUNA": 54.83,
    "UST": 0.99747,
    "RAY": 3.52
  },
  "sharePricesByGlobalId": {
    "mainnet_income_call_sol": 1.05252,
    "mainnet_income_call_marinade": 1.03727,
    "mainnet_income_call_btc": 1.0696,
    "mainnet_income_call_sbr": 1.05044,
    "mainnet_income_call_ftt": 1.02696,
    "mainnet_income_call_luna": 1.0374,
    "mainnet_income_put_luna": 1,
    "mainnet_income_put_mngo": 1.00322,
    "mainnet_income_call_socean": 1.02395,
    "mainnet_income_call_srm": 1.02041,
    "mainnet_income_call_mngo": 1.01533,
    "mainnet_income_call_ray": 1.01764,
    "mainnet_income_call_eth": 1.0165,
    "mainnet_income_put_sol": 1.01183,
    "mainnet_income_put_btc": 1.00606
  },
  "depositTokenByGlobalId": {
    "mainnet_income_call_sol": 196144.390008812,
    "mainnet_income_call_marinade": 166699.007997538,
    "mainnet_income_call_btc": 447.535399,
    "mainnet_income_call_sbr": 19999999.398257,
    "mainnet_income_call_ftt": 67786.91977,
    "mainnet_income_call_luna": 91715.898622,
    "mainnet_income_put_luna": 221093.379823,
    "mainnet_income_put_mngo": 249437.37,
    "mainnet_income_call_socean": 11000,
    "mainnet_income_call_srm": 4242136.367456,
    "mainnet_income_call_mngo": 7875859.754746,
    "mainnet_income_call_ray": 23843.179952,
    "mainnet_income_call_eth": 1775.982632,
    "mainnet_income_put_sol": 14204564.08,
    "mainnet_income_put_btc": 1138723.52
  },
  "usdValueByGlobalId": {
    "mainnet_income_call_sol": 17635342.11,
    "mainnet_income_call_marinade": 15437995.13,
    "mainnet_income_call_btc": 16711866.87,
    "mainnet_income_call_sbr": 1291759.96,
    "mainnet_income_call_ftt": 2600306.24,
    "mainnet_income_call_luna": 5030617.04,
    "mainnet_income_put_luna": 220581.33,
    "mainnet_income_put_mngo": 249437.37,
    "mainnet_income_call_socean": 1012330,
    "mainnet_income_call_srm": 9035750.46,
    "mainnet_income_call_mngo": 1206754.98,
    "mainnet_income_call_ray": 83927.99,
    "mainnet_income_call_eth": 4289246.69,
    "mainnet_income_put_sol": 14204564.08,
    "mainnet_income_put_btc": 1138723.52
  },
  "globalIdToDepositTokenCoingeckoId": {
    "mainnet_income_call_sol": "solana",
    "mainnet_income_call_marinade": "msol",
    "mainnet_income_call_btc": "bitcoin",
    "mainnet_income_call_sbr": "saber",
    "mainnet_income_call_ftt": "ftx-token",
    "mainnet_income_call_luna": "terra-luna",
    "mainnet_income_put_luna": "terrausd",
    "mainnet_income_put_mngo": "usd-coin",
    "mainnet_income_call_socean": "socean-staked-sol",
    "mainnet_income_call_srm": "serum",
    "mainnet_income_call_mngo": "mango-markets",
    "mainnet_income_call_ray": "raydium",
    "mainnet_income_call_eth": "ethereum",
    "mainnet_income_put_sol": "usd-coin",
    "mainnet_income_put_btc": "usd-coin"
  }
}