{
  "totalTvlUSD": 86059181.87,
  "coinsByCoingeckoId": {
    "solana": 183938.933158812,
    "msol": 159827.552364289,
    "bitcoin": 429.885554,
    "saber": 18618446.145819,
    "ftx-token": 65603.463145,
    "terra-luna": 77943.976116,
    "terrausd": 207614.934803,
    "usd-coin": 14002806.157331,
    "socean-staked-sol": 10999.999764954,
    "serum": 4227025.55882,
    "mango-markets": 7786170.833833,
    "raydium": 20949.158176,
    "ethereum": 1754.991326
  },
  "pricesByCoingeckoId": {
    "BTC": 35076,
    "SOL": 93.91,
    "ETH": 2400.68,
    "mSOL": 96.25,
    "FTT": 33.41,
    "SRM": 2.2,
    "USDC": 1,
    "MNGO": 0.158792,
    "scnSOL": 95.59,
    "SBR": 0.063832,
    "LUNA": 62.29,
    "UST": 1,
    "RAY": 3.68
  },
  "sharePricesByGlobalId": {
    "mainnet_income_call_sol": 1.05252,
    "mainnet_income_call_marinade": 1.03727,
    "mainnet_income_call_btc": 1.0696,
    "mainnet_income_call_sbr": 1.05044,
    "mainnet_income_call_ftt": 1.02696,
    "mainnet_income_call_luna": 1.0374,
    "mainnet_income_put_luna": 1,
    "mainnet_income_put_mngo": 1.00322,
    "mainnet_income_call_socean": 1.02395,
    "mainnet_income_call_srm": 1.02041,
    "mainnet_income_call_mngo": 1.01533,
    "mainnet_income_call_ray": 1.01764,
    "mainnet_income_call_eth": 1.0165,
    "mainnet_income_put_sol": 1.01183,
    "mainnet_income_put_btc": 1.00606
  },
  "depositTokenByGlobalId": {
    "mainnet_income_call_sol": 183938.933158812,
    "mainnet_income_call_marinade": 159827.552364289,
    "mainnet_income_call_btc": 429.885554,
    "mainnet_income_call_sbr": 18618446.145819,
    "mainnet_income_call_ftt": 65603.463145,
    "mainnet_income_call_luna": 77943.976116,
    "mainnet_income_put_luna": 207614.934803,
    "mainnet_income_put_mngo": 248683.41,
    "mainnet_income_call_socean": 10999.999764954,
    "mainnet_income_call_srm": 4227025.55882,
    "mainnet_income_call_mngo": 7786170.833833,
    "mainnet_income_call_ray": 20949.158176,
    "mainnet_income_call_eth": 1754.991326,
    "mainnet_income_put_sol": 12615931.91,
    "mainnet_income_put_btc": 1138190.84
  },
  "usdValueByGlobalId": {
    "mainnet_income_call_sol": 17273705.21,
    "mainnet_income_call_marinade": 15383401.92,
    "mainnet_income_call_btc": 15078665.69,
    "mainnet_income_call_sbr": 1188452.65,
    "mainnet_income_call_ftt": 2191811.7,
    "mainnet_income_call_luna": 4855130.27,
    "mainnet_income_put_luna": 207614.93,
    "mainnet_income_put_mngo": 248683.41,
    "mainnet_income_call_socean": 1051489.98,
    "mainnet_income_call_srm": 9299456.23,
    "mainnet_income_call_mngo": 1236381.64,
    "mainnet_income_call_ray": 77092.9,
    "mainnet_income_call_eth": 4213172.58,
    "mainnet_income_put_sol": 12615931.91,
    "mainnet_income_put_btc": 1138190.84
  },
  "globalIdToDepositTokenCoingeckoId": {
    "mainnet_income_call_sol": "solana",
    "mainnet_income_call_marinade": "msol",
    "mainnet_income_call_btc": "bitcoin",
    "mainnet_income_call_sbr": "saber",
    "mainnet_income_call_ftt": "ftx-token",
    "mainnet_income_call_luna": "terra-luna",
    "mainnet_income_put_luna": "terrausd",
    "mainnet_income_put_mngo": "usd-coin",
    "mainnet_income_call_socean": "socean-staked-sol",
    "mainnet_income_call_srm": "serum",
    "mainnet_income_call_mngo": "mango-markets",
    "mainnet_income_call_ray": "raydium",
    "mainnet_income_call_eth": "ethereum",
    "mainnet_income_put_sol": "usd-coin",
    "mainnet_income_put_btc": "usd-coin"
  }
}