{
  "totalTvlUSD": 87950027.14,
  "coinsByCoingeckoId": {
    "solana": 186439.371158812,
    "msol": 162304.33098336,
    "bitcoin": 432.194831,
    "saber": 18685987.649682,
    "ftx-token": 66388.891241,
    "terra-luna": 78985.490336,
    "terrausd": 207806.523956,
    "usd-coin": 14048343.919287,
    "socean-staked-sol": 10999.999764954,
    "serum": 4227511.209609,
    "mango-markets": 7794796.909632,
    "raydium": 20953.675782,
    "ethereum": 1762.014934
  },
  "pricesByCoingeckoId": {
    "BTC": 35077,
    "SOL": 95.91,
    "ETH": 2421.52,
    "mSOL": 98.23,
    "FTT": 34.55,
    "SRM": 2.18,
    "USDC": 1,
    "MNGO": 0.158649,
    "scnSOL": 98.74,
    "SBR": 0.071669,
    "LUNA": 65.76,
    "UST": 1,
    "RAY": 3.66
  },
  "sharePricesByGlobalId": {
    "mainnet_income_call_sol": 1.05252,
    "mainnet_income_call_marinade": 1.03727,
    "mainnet_income_call_btc": 1.0696,
    "mainnet_income_call_sbr": 1.05044,
    "mainnet_income_call_ftt": 1.02696,
    "mainnet_income_call_luna": 1.0374,
    "mainnet_income_put_luna": 1,
    "mainnet_income_put_mngo": 1.00322,
    "mainnet_income_call_socean": 1.02395,
    "mainnet_income_call_srm": 1.02041,
    "mainnet_income_call_mngo": 1.01533,
    "mainnet_income_call_ray": 1.01764,
    "mainnet_income_call_eth": 1.0165,
    "mainnet_income_put_sol": 1.01183,
    "mainnet_income_put_btc": 1.00606
  },
  "depositTokenByGlobalId": {
    "mainnet_income_call_sol": 186439.371158812,
    "mainnet_income_call_marinade": 162304.33098336,
    "mainnet_income_call_btc": 432.194831,
    "mainnet_income_call_sbr": 18685987.649682,
    "mainnet_income_call_ftt": 66388.891241,
    "mainnet_income_call_luna": 78985.490336,
    "mainnet_income_put_luna": 207806.523956,
    "mainnet_income_put_mngo": 248683.41,
    "mainnet_income_call_socean": 10999.999764954,
    "mainnet_income_call_srm": 4227511.209609,
    "mainnet_income_call_mngo": 7794796.909632,
    "mainnet_income_call_ray": 20953.675782,
    "mainnet_income_call_eth": 1762.014934,
    "mainnet_income_put_sol": 12661469.67,
    "mainnet_income_put_btc": 1138190.84
  },
  "usdValueByGlobalId": {
    "mainnet_income_call_sol": 17881400.09,
    "mainnet_income_call_marinade": 15943154.43,
    "mainnet_income_call_btc": 15160098.09,
    "mainnet_income_call_sbr": 1339206.05,
    "mainnet_income_call_ftt": 2293736.19,
    "mainnet_income_call_luna": 5194085.84,
    "mainnet_income_put_luna": 207806.52,
    "mainnet_income_put_mngo": 248683.41,
    "mainnet_income_call_socean": 1086139.98,
    "mainnet_income_call_srm": 9215974.44,
    "mainnet_income_call_mngo": 1236636.73,
    "mainnet_income_call_ray": 76690.45,
    "mainnet_income_call_eth": 4266754.4,
    "mainnet_income_put_sol": 12661469.67,
    "mainnet_income_put_btc": 1138190.84
  },
  "globalIdToDepositTokenCoingeckoId": {
    "mainnet_income_call_sol": "solana",
    "mainnet_income_call_marinade": "msol",
    "mainnet_income_call_btc": "bitcoin",
    "mainnet_income_call_sbr": "saber",
    "mainnet_income_call_ftt": "ftx-token",
    "mainnet_income_call_luna": "terra-luna",
    "mainnet_income_put_luna": "terrausd",
    "mainnet_income_put_mngo": "usd-coin",
    "mainnet_income_call_socean": "socean-staked-sol",
    "mainnet_income_call_srm": "serum",
    "mainnet_income_call_mngo": "mango-markets",
    "mainnet_income_call_ray": "raydium",
    "mainnet_income_call_eth": "ethereum",
    "mainnet_income_put_sol": "usd-coin",
    "mainnet_income_put_btc": "usd-coin"
  }
}