{
  "totalTvlUSD": 44084474.74,
  "coinsByCoingeckoId": {
    "solana": 73796.161983664,
    "msol": 84055.049636147,
    "bitcoin": 188.277799,
    "ethereum": 153.18371,
    "ftx-token": 23811.427617,
    "serum": 210842.642317,
    "mango-markets": 951808.398396
  },
  "pricesByCoingeckoId": {
    "BTC": 50757,
    "SOL": 199.02,
    "ETH": 4056.66,
    "mSOL": 203.4,
    "FTT": 42.42,
    "SRM": 4.06,
    "USDC": 1,
    "MNGO": 0.269837
  },
  "sharePricesByGlobalId": {
    "mainnet_income_call_sol": 1.02193,
    "mainnet_income_call_marinade": 1.01091,
    "mainnet_income_call_btc": 1.05125,
    "mainnet_income_call_eth": 1.006,
    "mainnet_income_call_ftt": 1,
    "mainnet_income_call_srm": 1,
    "mainnet_income_call_mngo": 1
  }
}