{
  "totalTvlUSD": 103002515.77,
  "coinsByCoingeckoId": {
    "solana": 180462.343958811,
    "msol": 159246.279927219,
    "bitcoin": 415.549604,
    "saber": 17437817.78894,
    "ftx-token": 65560.325307,
    "terra-luna": 75208.732295,
    "terrausd": 200908.800878,
    "usd-coin": 13899922.189871999,
    "socean-staked-sol": 10999.999764954,
    "serum": 4220735.036338,
    "mango-markets": 7746090.977466,
    "raydium": 20847.640433,
    "ethereum": 1734.683479
  },
  "pricesByCoingeckoId": {
    "BTC": 39199,
    "SOL": 124.42,
    "ETH": 2892.12,
    "mSOL": 127.78,
    "FTT": 43.94,
    "SRM": 2.67,
    "USDC": 1,
    "MNGO": 0.194772,
    "scnSOL": 128,
    "SBR": 0.100153,
    "LUNA": 78.25,
    "UST": 1,
    "RAY": 4.59
  },
  "sharePricesByGlobalId": {
    "mainnet_income_call_sol": 1.05252,
    "mainnet_income_call_marinade": 1.03727,
    "mainnet_income_call_btc": 1.0696,
    "mainnet_income_call_sbr": 1.05044,
    "mainnet_income_call_ftt": 1.02696,
    "mainnet_income_call_luna": 1.0374,
    "mainnet_income_put_luna": 1,
    "mainnet_income_put_mngo": 1.00322,
    "mainnet_income_call_socean": 1.02395,
    "mainnet_income_call_srm": 1.02041,
    "mainnet_income_call_mngo": 1.01533,
    "mainnet_income_call_ray": 1.01764,
    "mainnet_income_call_eth": 1.0165,
    "mainnet_income_put_sol": 1.01183,
    "mainnet_income_put_btc": 1.00606
  },
  "depositTokenByGlobalId": {
    "mainnet_income_call_sol": 180462.343958811,
    "mainnet_income_call_marinade": 159246.279927219,
    "mainnet_income_call_btc": 415.549604,
    "mainnet_income_call_sbr": 17437817.78894,
    "mainnet_income_call_ftt": 65560.325307,
    "mainnet_income_call_luna": 75208.732295,
    "mainnet_income_put_luna": 200908.800878,
    "mainnet_income_put_mngo": 248663.41,
    "mainnet_income_call_socean": 10999.999764954,
    "mainnet_income_call_srm": 4220735.036338,
    "mainnet_income_call_mngo": 7746090.977466,
    "mainnet_income_call_ray": 20847.640433,
    "mainnet_income_call_eth": 1734.683479,
    "mainnet_income_put_sol": 12515197.59,
    "mainnet_income_put_btc": 1136061.19
  },
  "usdValueByGlobalId": {
    "mainnet_income_call_sol": 22453124.84,
    "mainnet_income_call_marinade": 20348489.65,
    "mainnet_income_call_btc": 16289128.93,
    "mainnet_income_call_sbr": 1746449.77,
    "mainnet_income_call_ftt": 2880720.69,
    "mainnet_income_call_luna": 5885083.3,
    "mainnet_income_put_luna": 200908.8,
    "mainnet_income_put_mngo": 248663.41,
    "mainnet_income_call_socean": 1407999.97,
    "mainnet_income_call_srm": 11269362.55,
    "mainnet_income_call_mngo": 1508721.63,
    "mainnet_income_call_ray": 95690.67,
    "mainnet_income_call_eth": 5016912.78,
    "mainnet_income_put_sol": 12515197.59,
    "mainnet_income_put_btc": 1136061.19
  },
  "globalIdToDepositTokenCoingeckoId": {
    "mainnet_income_call_sol": "solana",
    "mainnet_income_call_marinade": "msol",
    "mainnet_income_call_btc": "bitcoin",
    "mainnet_income_call_sbr": "saber",
    "mainnet_income_call_ftt": "ftx-token",
    "mainnet_income_call_luna": "terra-luna",
    "mainnet_income_put_luna": "terrausd",
    "mainnet_income_put_mngo": "usd-coin",
    "mainnet_income_call_socean": "socean-staked-sol",
    "mainnet_income_call_srm": "serum",
    "mainnet_income_call_mngo": "mango-markets",
    "mainnet_income_call_ray": "raydium",
    "mainnet_income_call_eth": "ethereum",
    "mainnet_income_put_sol": "usd-coin",
    "mainnet_income_put_btc": "usd-coin"
  }
}