{
  "totalTvlUSD": 86899152.2,
  "coinsByCoingeckoId": {
    "solana": 194355.369008812,
    "msol": 165887.969075202,
    "bitcoin": 445.057864,
    "saber": 19999998.066329,
    "ftx-token": 67638.566337,
    "terra-luna": 88245.463991,
    "terrausd": 215068.379823,
    "usd-coin": 15051871.356332999,
    "socean-staked-sol": 11000,
    "serum": 4240641.347577,
    "mango-markets": 7875149.374337,
    "raydium": 23764.560698,
    "ethereum": 1768.61292
  },
  "pricesByCoingeckoId": {
    "BTC": 35892,
    "SOL": 87.18,
    "ETH": 2388.21,
    "mSOL": 89.3,
    "FTT": 35.54,
    "SRM": 2.06,
    "USDC": 1,
    "MNGO": 0.151202,
    "scnSOL": 89.01,
    "SBR": 0.066778,
    "LUNA": 56.09,
    "UST": 1,
    "RAY": 3.45
  },
  "sharePricesByGlobalId": {
    "mainnet_income_call_sol": 1.05252,
    "mainnet_income_call_marinade": 1.03727,
    "mainnet_income_call_btc": 1.0696,
    "mainnet_income_call_sbr": 1.05044,
    "mainnet_income_call_ftt": 1.02696,
    "mainnet_income_call_luna": 1.0374,
    "mainnet_income_put_luna": 1,
    "mainnet_income_put_mngo": 1.00322,
    "mainnet_income_call_socean": 1.02395,
    "mainnet_income_call_srm": 1.02041,
    "mainnet_income_call_mngo": 1.01533,
    "mainnet_income_call_ray": 1.01764,
    "mainnet_income_call_eth": 1.0165,
    "mainnet_income_put_sol": 1.01183,
    "mainnet_income_put_btc": 1.00606
  },
  "depositTokenByGlobalId": {
    "mainnet_income_call_sol": 194355.369008812,
    "mainnet_income_call_marinade": 165887.969075202,
    "mainnet_income_call_btc": 445.057864,
    "mainnet_income_call_sbr": 19999998.066329,
    "mainnet_income_call_ftt": 67638.566337,
    "mainnet_income_call_luna": 88245.463991,
    "mainnet_income_put_luna": 215068.379823,
    "mainnet_income_put_mngo": 249437.27,
    "mainnet_income_call_socean": 11000,
    "mainnet_income_call_srm": 4240641.347577,
    "mainnet_income_call_mngo": 7875149.374337,
    "mainnet_income_call_ray": 23764.560698,
    "mainnet_income_call_eth": 1768.61292,
    "mainnet_income_put_sol": 13663710.56,
    "mainnet_income_put_btc": 1138723.52
  },
  "usdValueByGlobalId": {
    "mainnet_income_call_sol": 16943901.07,
    "mainnet_income_call_marinade": 14813795.64,
    "mainnet_income_call_btc": 15974016.85,
    "mainnet_income_call_sbr": 1335559.87,
    "mainnet_income_call_ftt": 2403874.65,
    "mainnet_income_call_luna": 4949688.08,
    "mainnet_income_put_luna": 215068.38,
    "mainnet_income_put_mngo": 249437.27,
    "mainnet_income_call_socean": 979110,
    "mainnet_income_call_srm": 8735721.18,
    "mainnet_income_call_mngo": 1190738.34,
    "mainnet_income_call_ray": 81987.73,
    "mainnet_income_call_eth": 4223819.06,
    "mainnet_income_put_sol": 13663710.56,
    "mainnet_income_put_btc": 1138723.52
  },
  "globalIdToDepositTokenCoingeckoId": {
    "mainnet_income_call_sol": "solana",
    "mainnet_income_call_marinade": "msol",
    "mainnet_income_call_btc": "bitcoin",
    "mainnet_income_call_sbr": "saber",
    "mainnet_income_call_ftt": "ftx-token",
    "mainnet_income_call_luna": "terra-luna",
    "mainnet_income_put_luna": "terrausd",
    "mainnet_income_put_mngo": "usd-coin",
    "mainnet_income_call_socean": "socean-staked-sol",
    "mainnet_income_call_srm": "serum",
    "mainnet_income_call_mngo": "mango-markets",
    "mainnet_income_call_ray": "raydium",
    "mainnet_income_call_eth": "ethereum",
    "mainnet_income_put_sol": "usd-coin",
    "mainnet_income_put_btc": "usd-coin"
  }
}