{
  "totalTvlUSD": 103733596.12,
  "coinsByCoingeckoId": {
    "solana": 136371.012759574,
    "msol": 146240.714160774,
    "bitcoin": 370.647563,
    "saber": 11000000,
    "ftx-token": 76673.262338,
    "usd-coin": 13994200.327123,
    "terra-luna": 59999.999852,
    "socean-staked-sol": 8490.268682184,
    "serum": 3976433.073675,
    "mango-markets": 5999999.159377,
    "raydium": 19310.493998,
    "ethereum": 1492.861426
  },
  "pricesByCoingeckoId": {
    "BTC": 44242,
    "SOL": 153.4,
    "ETH": 3410.52,
    "mSOL": 156.43,
    "FTT": 41.69,
    "SRM": 3.22,
    "USDC": 1,
    "MNGO": 0.214021,
    "scnSOL": 155.26,
    "SBR": 0.086084,
    "LUNA": 79.94,
    "RAY": 5.58
  },
  "sharePricesByGlobalId": {
    "mainnet_income_call_sol": 1.03708,
    "mainnet_income_call_marinade": 1.02581,
    "mainnet_income_call_btc": 1.0644,
    "mainnet_income_call_sbr": 1,
    "mainnet_income_call_ftt": 1.01481,
    "mainnet_income_put_mngo": 1,
    "mainnet_income_call_luna": 1.01873,
    "mainnet_income_call_socean": 1.01266,
    "mainnet_income_call_srm": 1.00834,
    "mainnet_income_call_mngo": 1.01232,
    "mainnet_income_call_ray": 1,
    "mainnet_income_call_eth": 1.01181,
    "mainnet_income_put_sol": 0.99999,
    "mainnet_income_put_btc": 1
  },
  "depositTokenByGlobalId": {
    "mainnet_income_call_sol": 136371.012759574,
    "mainnet_income_call_marinade": 146240.714160774,
    "mainnet_income_call_btc": 370.647563,
    "mainnet_income_call_sbr": 11000000,
    "mainnet_income_call_ftt": 76673.262338,
    "mainnet_income_put_mngo": 429804.43,
    "mainnet_income_call_luna": 59999.999852,
    "mainnet_income_call_socean": 8490.268682184,
    "mainnet_income_call_srm": 3976433.073675,
    "mainnet_income_call_mngo": 5999999.159377,
    "mainnet_income_call_ray": 19310.493998,
    "mainnet_income_call_eth": 1492.861426,
    "mainnet_income_put_sol": 11210008.1,
    "mainnet_income_put_btc": 2354387.79
  },
  "usdValueByGlobalId": {
    "mainnet_income_call_sol": 20919313.36,
    "mainnet_income_call_marinade": 22876434.92,
    "mainnet_income_call_btc": 16398189.48,
    "mainnet_income_call_sbr": 946924,
    "mainnet_income_call_ftt": 3196508.31,
    "mainnet_income_put_mngo": 429804.43,
    "mainnet_income_call_luna": 4796399.99,
    "mainnet_income_call_socean": 1318199.12,
    "mainnet_income_call_srm": 12804114.5,
    "mainnet_income_call_mngo": 1284125.82,
    "mainnet_income_call_ray": 107752.56,
    "mainnet_income_call_eth": 5091433.75,
    "mainnet_income_put_sol": 11210008.1,
    "mainnet_income_put_btc": 2354387.79
  }
}