{
  "totalTvlUSD": 90061035.17,
  "coinsByCoingeckoId": {
    "solana": 124810.500950644,
    "msol": 135956.963028602,
    "bitcoin": 353.775398,
    "saber": 11000000,
    "ftx-token": 71367.510645,
    "usd-coin": 12774039.779015,
    "terra-luna": 39999.989397,
    "socean-staked-sol": 5499.723505502,
    "serum": 3964857.75555,
    "mango-markets": 5999999.148087,
    "raydium": 18918.099566,
    "ethereum": 1406.76069
  },
  "pricesByCoingeckoId": {
    "BTC": 41922,
    "SOL": 139.94,
    "ETH": 3224.08,
    "mSOL": 143.57,
    "FTT": 35.96,
    "SRM": 3.16,
    "USDC": 1,
    "MNGO": 0.192598,
    "scnSOL": 142.72,
    "SBR": 0.089114,
    "LUNA": 70.4,
    "RAY": 5.45
  },
  "sharePricesByGlobalId": {
    "mainnet_income_call_sol": 1.03708,
    "mainnet_income_call_marinade": 1.02581,
    "mainnet_income_call_btc": 1.0644,
    "mainnet_income_call_sbr": 1,
    "mainnet_income_call_ftt": 1.01481,
    "mainnet_income_put_mngo": 1,
    "mainnet_income_call_luna": 1.01873,
    "mainnet_income_call_socean": 1.01266,
    "mainnet_income_call_srm": 1.00834,
    "mainnet_income_call_mngo": 1.01232,
    "mainnet_income_call_ray": 1,
    "mainnet_income_call_eth": 1.01181,
    "mainnet_income_put_sol": 1,
    "mainnet_income_put_btc": 1
  },
  "depositTokenByGlobalId": {
    "mainnet_income_call_sol": 124810.500950644,
    "mainnet_income_call_marinade": 135956.963028602,
    "mainnet_income_call_btc": 353.775398,
    "mainnet_income_call_sbr": 11000000,
    "mainnet_income_call_ftt": 71367.510645,
    "mainnet_income_put_mngo": 423015.84,
    "mainnet_income_call_luna": 39999.989397,
    "mainnet_income_call_socean": 5499.723505502,
    "mainnet_income_call_srm": 3964857.75555,
    "mainnet_income_call_mngo": 5999999.148087,
    "mainnet_income_call_ray": 18918.099566,
    "mainnet_income_call_eth": 1406.76069,
    "mainnet_income_put_sol": 9999999.86,
    "mainnet_income_put_btc": 2351024.08
  },
  "usdValueByGlobalId": {
    "mainnet_income_call_sol": 17465981.5,
    "mainnet_income_call_marinade": 19519341.18,
    "mainnet_income_call_btc": 14830972.23,
    "mainnet_income_call_sbr": 980254,
    "mainnet_income_call_ftt": 2566375.68,
    "mainnet_income_put_mngo": 423015.84,
    "mainnet_income_call_luna": 2815999.25,
    "mainnet_income_call_socean": 784920.54,
    "mainnet_income_call_srm": 12528950.51,
    "mainnet_income_call_mngo": 1155587.84,
    "mainnet_income_call_ray": 103103.64,
    "mainnet_income_call_eth": 4535509.01,
    "mainnet_income_put_sol": 9999999.86,
    "mainnet_income_put_btc": 2351024.08
  }
}