{
  "totalTvlUSD": 92990189.89,
  "coinsByCoingeckoId": {
    "solana": 132093.150759574,
    "msol": 142505.873091706,
    "bitcoin": 366.154647,
    "saber": 11000000,
    "ftx-token": 76162.148982,
    "usd-coin": 13061030.842544,
    "terra-luna": 55330.47926,
    "socean-staked-sol": 7046.301964905,
    "serum": 3974334.558091,
    "mango-markets": 5999999.159277,
    "raydium": 19194.149433,
    "ethereum": 1479.616665
  },
  "pricesByCoingeckoId": {
    "BTC": 42102,
    "SOL": 136.61,
    "ETH": 3119.49,
    "mSOL": 139.6,
    "FTT": 38.56,
    "SRM": 2.99,
    "USDC": 1,
    "MNGO": 0.20001,
    "scnSOL": 138.9,
    "SBR": 0.075143,
    "LUNA": 72.92,
    "RAY": 5.13
  },
  "sharePricesByGlobalId": {
    "mainnet_income_call_sol": 1.03708,
    "mainnet_income_call_marinade": 1.02581,
    "mainnet_income_call_btc": 1.0644,
    "mainnet_income_call_sbr": 1,
    "mainnet_income_call_ftt": 1.01481,
    "mainnet_income_put_mngo": 1.00062,
    "mainnet_income_call_luna": 1.01873,
    "mainnet_income_call_socean": 1.01266,
    "mainnet_income_call_srm": 1.00834,
    "mainnet_income_call_mngo": 1.01232,
    "mainnet_income_call_ray": 1,
    "mainnet_income_call_eth": 1.01181,
    "mainnet_income_put_sol": 1.00376,
    "mainnet_income_put_btc": 1
  },
  "depositTokenByGlobalId": {
    "mainnet_income_call_sol": 132093.150759574,
    "mainnet_income_call_marinade": 142505.873091706,
    "mainnet_income_call_btc": 366.154647,
    "mainnet_income_call_sbr": 11000000,
    "mainnet_income_call_ftt": 76162.148982,
    "mainnet_income_put_mngo": 429058.15,
    "mainnet_income_call_luna": 55330.47926,
    "mainnet_income_call_socean": 7046.301964905,
    "mainnet_income_call_srm": 3974334.558091,
    "mainnet_income_call_mngo": 5999999.159277,
    "mainnet_income_call_ray": 19194.149433,
    "mainnet_income_call_eth": 1479.616665,
    "mainnet_income_put_sol": 10277594.91,
    "mainnet_income_put_btc": 2354377.79
  },
  "usdValueByGlobalId": {
    "mainnet_income_call_sol": 18045245.33,
    "mainnet_income_call_marinade": 19893819.88,
    "mainnet_income_call_btc": 15415842.95,
    "mainnet_income_call_sbr": 826573,
    "mainnet_income_call_ftt": 2936812.46,
    "mainnet_income_put_mngo": 429058.15,
    "mainnet_income_call_luna": 4034698.55,
    "mainnet_income_call_socean": 978731.34,
    "mainnet_income_call_srm": 11883260.33,
    "mainnet_income_call_mngo": 1200059.83,
    "mainnet_income_call_ray": 98465.99,
    "mainnet_income_call_eth": 4615649.39,
    "mainnet_income_put_sol": 10277594.91,
    "mainnet_income_put_btc": 2354377.79
  }
}