{
  "totalTvlUSD": 103598139.63,
  "coinsByCoingeckoId": {
    "solana": 135686.78431187,
    "msol": 157110.32358602,
    "bitcoin": 398.835741,
    "saber": 20000000,
    "ftx-token": 80537.28186,
    "usd-coin": 11479734.085868,
    "terra-luna": 69172.891049,
    "socean-staked-sol": 10465.954857574,
    "serum": 4008561.680771,
    "mango-markets": 8052294.421679,
    "raydium": 19383.995558,
    "ethereum": 1683.944387
  },
  "pricesByCoingeckoId": {
    "BTC": 42521,
    "SOL": 146.11,
    "ETH": 3258.11,
    "mSOL": 149.59,
    "FTT": 41.92,
    "SRM": 3.12,
    "USDC": 1,
    "MNGO": 0.197468,
    "scnSOL": 149.72,
    "SBR": 0.087654,
    "LUNA": 78.78,
    "RAY": 5.33
  },
  "sharePricesByGlobalId": {
    "mainnet_income_call_sol": 1.04444,
    "mainnet_income_call_marinade": 1.03017,
    "mainnet_income_call_btc": 1.06814,
    "mainnet_income_call_sbr": 1.05102,
    "mainnet_income_call_ftt": 1.02095,
    "mainnet_income_put_mngo": 1.002,
    "mainnet_income_call_luna": 1.02766,
    "mainnet_income_call_socean": 1.01629,
    "mainnet_income_call_srm": 1.01304,
    "mainnet_income_call_mngo": 1.0133,
    "mainnet_income_call_ray": 1.00283,
    "mainnet_income_call_eth": 1.01502,
    "mainnet_income_put_sol": 1.00281,
    "mainnet_income_put_btc": 1.00329
  },
  "depositTokenByGlobalId": {
    "mainnet_income_call_sol": 135686.78431187,
    "mainnet_income_call_marinade": 157110.32358602,
    "mainnet_income_call_btc": 398.835741,
    "mainnet_income_call_sbr": 20000000,
    "mainnet_income_call_ftt": 80537.28186,
    "mainnet_income_put_mngo": 465846.95,
    "mainnet_income_call_luna": 69172.891049,
    "mainnet_income_call_socean": 10465.954857574,
    "mainnet_income_call_srm": 4008561.680771,
    "mainnet_income_call_mngo": 8052294.421679,
    "mainnet_income_call_ray": 19383.995558,
    "mainnet_income_call_eth": 1683.944387,
    "mainnet_income_put_sol": 9889694.8,
    "mainnet_income_put_btc": 1124192.33
  },
  "usdValueByGlobalId": {
    "mainnet_income_call_sol": 19825196.06,
    "mainnet_income_call_marinade": 23502133.31,
    "mainnet_income_call_btc": 16958894.54,
    "mainnet_income_call_sbr": 1753080,
    "mainnet_income_call_ftt": 3376122.86,
    "mainnet_income_put_mngo": 465846.95,
    "mainnet_income_call_luna": 5449440.36,
    "mainnet_income_call_socean": 1566962.76,
    "mainnet_income_call_srm": 12506712.44,
    "mainnet_income_call_mngo": 1590070.47,
    "mainnet_income_call_ray": 103316.7,
    "mainnet_income_call_eth": 5486476.05,
    "mainnet_income_put_sol": 9889694.8,
    "mainnet_income_put_btc": 1124192.33
  },
  "globalIdToDepositTokenCoingeckoId": {
    "mainnet_income_call_sol": "solana",
    "mainnet_income_call_marinade": "msol",
    "mainnet_income_call_btc": "bitcoin",
    "mainnet_income_call_sbr": "saber",
    "mainnet_income_call_ftt": "ftx-token",
    "mainnet_income_put_mngo": "usd-coin",
    "mainnet_income_call_luna": "terra-luna",
    "mainnet_income_call_socean": "socean-staked-sol",
    "mainnet_income_call_srm": "serum",
    "mainnet_income_call_mngo": "mango-markets",
    "mainnet_income_call_ray": "raydium",
    "mainnet_income_call_eth": "ethereum",
    "mainnet_income_put_sol": "usd-coin",
    "mainnet_income_put_btc": "usd-coin"
  }
}