{
  "totalTvlUSD": 88252942.28,
  "coinsByCoingeckoId": {
    "solana": 188751.576558812,
    "msol": 162425.621058475,
    "bitcoin": 433.594951,
    "saber": 19993595.458368,
    "ftx-token": 66538.916909,
    "terra-luna": 83173.239087,
    "terrausd": 207897.557509,
    "usd-coin": 14260525.816645,
    "socean-staked-sol": 10999.999764954,
    "serum": 4235489.928094,
    "mango-markets": 7839821.792677,
    "raydium": 21551.553621,
    "ethereum": 1772.494931
  },
  "pricesByCoingeckoId": {
    "BTC": 36719,
    "SOL": 92.86,
    "ETH": 2441.62,
    "mSOL": 95.27,
    "FTT": 35.61,
    "SRM": 2.13,
    "USDC": 1,
    "MNGO": 0.150758,
    "scnSOL": 94.73,
    "SBR": 0.063781,
    "LUNA": 66.97,
    "UST": 0.99907,
    "RAY": 3.42
  },
  "sharePricesByGlobalId": {
    "mainnet_income_call_sol": 1.05252,
    "mainnet_income_call_marinade": 1.03727,
    "mainnet_income_call_btc": 1.0696,
    "mainnet_income_call_sbr": 1.05044,
    "mainnet_income_call_ftt": 1.02696,
    "mainnet_income_call_luna": 1.0374,
    "mainnet_income_put_luna": 1,
    "mainnet_income_put_mngo": 1.00322,
    "mainnet_income_call_socean": 1.02395,
    "mainnet_income_call_srm": 1.02041,
    "mainnet_income_call_mngo": 1.01533,
    "mainnet_income_call_ray": 1.01764,
    "mainnet_income_call_eth": 1.0165,
    "mainnet_income_put_sol": 1.01183,
    "mainnet_income_put_btc": 1.00606
  },
  "depositTokenByGlobalId": {
    "mainnet_income_call_sol": 188751.576558812,
    "mainnet_income_call_marinade": 162425.621058475,
    "mainnet_income_call_btc": 433.594951,
    "mainnet_income_call_sbr": 19993595.458368,
    "mainnet_income_call_ftt": 66538.916909,
    "mainnet_income_call_luna": 83173.239087,
    "mainnet_income_put_luna": 207897.557509,
    "mainnet_income_put_mngo": 248683.41,
    "mainnet_income_call_socean": 10999.999764954,
    "mainnet_income_call_srm": 4235489.928094,
    "mainnet_income_call_mngo": 7839821.792677,
    "mainnet_income_call_ray": 21551.553621,
    "mainnet_income_call_eth": 1772.494931,
    "mainnet_income_put_sol": 12873631.57,
    "mainnet_income_put_btc": 1138210.83
  },
  "usdValueByGlobalId": {
    "mainnet_income_call_sol": 17527471.4,
    "mainnet_income_call_marinade": 15474288.92,
    "mainnet_income_call_btc": 15921173.01,
    "mainnet_income_call_sbr": 1275211.51,
    "mainnet_income_call_ftt": 2369450.83,
    "mainnet_income_call_luna": 5570111.82,
    "mainnet_income_put_luna": 207704.21,
    "mainnet_income_put_mngo": 248683.41,
    "mainnet_income_call_socean": 1042029.98,
    "mainnet_income_call_srm": 9021593.55,
    "mainnet_income_call_mngo": 1181915.85,
    "mainnet_income_call_ray": 73706.31,
    "mainnet_income_call_eth": 4327759.07,
    "mainnet_income_put_sol": 12873631.57,
    "mainnet_income_put_btc": 1138210.83
  },
  "globalIdToDepositTokenCoingeckoId": {
    "mainnet_income_call_sol": "solana",
    "mainnet_income_call_marinade": "msol",
    "mainnet_income_call_btc": "bitcoin",
    "mainnet_income_call_sbr": "saber",
    "mainnet_income_call_ftt": "ftx-token",
    "mainnet_income_call_luna": "terra-luna",
    "mainnet_income_put_luna": "terrausd",
    "mainnet_income_put_mngo": "usd-coin",
    "mainnet_income_call_socean": "socean-staked-sol",
    "mainnet_income_call_srm": "serum",
    "mainnet_income_call_mngo": "mango-markets",
    "mainnet_income_call_ray": "raydium",
    "mainnet_income_call_eth": "ethereum",
    "mainnet_income_put_sol": "usd-coin",
    "mainnet_income_put_btc": "usd-coin"
  }
}