{
  "totalTvlUSD": 108214411.44,
  "coinsByCoingeckoId": {
    "solana": 144318.739759574,
    "msol": 149412.767116937,
    "bitcoin": 411.413962,
    "saber": 19999999.829711,
    "ftx-token": 78067.992961,
    "usd-coin": 15194240.815482,
    "terra-luna": 64922.149297,
    "socean-staked-sol": 10225.337190762,
    "serum": 4007979.619401,
    "mango-markets": 7953888.41438,
    "raydium": 19329.593057,
    "ethereum": 1607.443688
  },
  "pricesByCoingeckoId": {
    "BTC": 42844,
    "SOL": 149.01,
    "ETH": 3276.01,
    "mSOL": 152.85,
    "FTT": 41.17,
    "SRM": 3.14,
    "USDC": 1,
    "MNGO": 0.199418,
    "scnSOL": 152.83,
    "SBR": 0.078838,
    "LUNA": 79.42,
    "RAY": 5.38
  },
  "sharePricesByGlobalId": {
    "mainnet_income_call_sol": 1.03708,
    "mainnet_income_call_marinade": 1.02581,
    "mainnet_income_call_btc": 1.0644,
    "mainnet_income_call_sbr": 1,
    "mainnet_income_call_ftt": 1.01481,
    "mainnet_income_put_mngo": 1,
    "mainnet_income_call_luna": 1.01873,
    "mainnet_income_call_socean": 1.01266,
    "mainnet_income_call_srm": 1.00834,
    "mainnet_income_call_mngo": 1.01232,
    "mainnet_income_call_ray": 1,
    "mainnet_income_call_eth": 1.01181,
    "mainnet_income_put_sol": 0.99999,
    "mainnet_income_put_btc": 1
  },
  "depositTokenByGlobalId": {
    "mainnet_income_call_sol": 144318.739759574,
    "mainnet_income_call_marinade": 149412.767116937,
    "mainnet_income_call_btc": 411.413962,
    "mainnet_income_call_sbr": 19999999.829711,
    "mainnet_income_call_ftt": 78067.992961,
    "mainnet_income_put_mngo": 454804.43,
    "mainnet_income_call_luna": 64922.149297,
    "mainnet_income_call_socean": 10225.337190762,
    "mainnet_income_call_srm": 4007979.619401,
    "mainnet_income_call_mngo": 7953888.41438,
    "mainnet_income_call_ray": 19329.593057,
    "mainnet_income_call_eth": 1607.443688,
    "mainnet_income_put_sol": 12383546.59,
    "mainnet_income_put_btc": 2355889.79
  },
  "usdValueByGlobalId": {
    "mainnet_income_call_sol": 21504935.41,
    "mainnet_income_call_marinade": 22837741.45,
    "mainnet_income_call_btc": 17626619.79,
    "mainnet_income_call_sbr": 1576759.99,
    "mainnet_income_call_ftt": 3214059.27,
    "mainnet_income_put_mngo": 454804.43,
    "mainnet_income_call_luna": 5156117.1,
    "mainnet_income_call_socean": 1562738.28,
    "mainnet_income_call_srm": 12585056,
    "mainnet_income_call_mngo": 1586148.52,
    "mainnet_income_call_ray": 103993.21,
    "mainnet_income_call_eth": 5266001.6,
    "mainnet_income_put_sol": 12383546.59,
    "mainnet_income_put_btc": 2355889.79
  },
  "globalIdToDepositTokenCoingeckoId": {
    "mainnet_income_call_sol": "solana",
    "mainnet_income_call_marinade": "msol",
    "mainnet_income_call_btc": "bitcoin",
    "mainnet_income_call_sbr": "saber",
    "mainnet_income_call_ftt": "ftx-token",
    "mainnet_income_put_mngo": "usd-coin",
    "mainnet_income_call_luna": "terra-luna",
    "mainnet_income_call_socean": "socean-staked-sol",
    "mainnet_income_call_srm": "serum",
    "mainnet_income_call_mngo": "mango-markets",
    "mainnet_income_call_ray": "raydium",
    "mainnet_income_call_eth": "ethereum",
    "mainnet_income_put_sol": "usd-coin",
    "mainnet_income_put_btc": "usd-coin"
  }
}