{
  "totalTvlUSD": 106071159.3,
  "coinsByCoingeckoId": {
    "solana": 140604.99511187,
    "msol": 158782.095889866,
    "bitcoin": 416.550527,
    "saber": 19999847.492037,
    "ftx-token": 67255.213306,
    "usd-coin": 12005503.023302,
    "terra-luna": 65567.980298,
    "socean-staked-sol": 10999.987641614,
    "serum": 4042677.021154,
    "mango-markets": 8713377.314498,
    "raydium": 16284.912197,
    "ethereum": 1687.735466
  },
  "pricesByCoingeckoId": {
    "BTC": 43003,
    "SOL": 145.72,
    "ETH": 3313.27,
    "mSOL": 149.53,
    "FTT": 44.61,
    "SRM": 3.19,
    "USDC": 1,
    "MNGO": 0.19877,
    "scnSOL": 147.45,
    "SBR": 0.083439,
    "LUNA": 81.18,
    "RAY": 5.36
  },
  "sharePricesByGlobalId": {
    "mainnet_income_call_sol": 1.04444,
    "mainnet_income_call_marinade": 1.03017,
    "mainnet_income_call_btc": 1.06814,
    "mainnet_income_call_sbr": 1.04667,
    "mainnet_income_call_ftt": 1.02068,
    "mainnet_income_put_mngo": 1.00201,
    "mainnet_income_call_luna": 1.02692,
    "mainnet_income_call_socean": 1.01629,
    "mainnet_income_call_srm": 1.01304,
    "mainnet_income_call_mngo": 1.01322,
    "mainnet_income_call_ray": 1.00275,
    "mainnet_income_call_eth": 1.01502,
    "mainnet_income_put_sol": 1.00281,
    "mainnet_income_put_btc": 1.00329
  },
  "depositTokenByGlobalId": {
    "mainnet_income_call_sol": 140604.99511187,
    "mainnet_income_call_marinade": 158782.095889866,
    "mainnet_income_call_btc": 416.550527,
    "mainnet_income_call_sbr": 19999847.492037,
    "mainnet_income_call_ftt": 67255.213306,
    "mainnet_income_put_mngo": 392112.07,
    "mainnet_income_call_luna": 65567.980298,
    "mainnet_income_call_socean": 10999.987641614,
    "mainnet_income_call_srm": 4042677.021154,
    "mainnet_income_call_mngo": 8713377.314498,
    "mainnet_income_call_ray": 16284.912197,
    "mainnet_income_call_eth": 1687.735466,
    "mainnet_income_put_sol": 10488906.82,
    "mainnet_income_put_btc": 1124484.14
  },
  "usdValueByGlobalId": {
    "mainnet_income_call_sol": 20488959.89,
    "mainnet_income_call_marinade": 23742686.8,
    "mainnet_income_call_btc": 17912922.31,
    "mainnet_income_call_sbr": 1668767.27,
    "mainnet_income_call_ftt": 3000255.07,
    "mainnet_income_put_mngo": 392112.07,
    "mainnet_income_call_luna": 5322808.64,
    "mainnet_income_call_socean": 1621948.18,
    "mainnet_income_call_srm": 12896139.7,
    "mainnet_income_call_mngo": 1731958.01,
    "mainnet_income_call_ray": 87287.13,
    "mainnet_income_call_eth": 5591923.29,
    "mainnet_income_put_sol": 10488906.82,
    "mainnet_income_put_btc": 1124484.14
  },
  "globalIdToDepositTokenCoingeckoId": {
    "mainnet_income_call_sol": "solana",
    "mainnet_income_call_marinade": "msol",
    "mainnet_income_call_btc": "bitcoin",
    "mainnet_income_call_sbr": "saber",
    "mainnet_income_call_ftt": "ftx-token",
    "mainnet_income_put_mngo": "usd-coin",
    "mainnet_income_call_luna": "terra-luna",
    "mainnet_income_call_socean": "socean-staked-sol",
    "mainnet_income_call_srm": "serum",
    "mainnet_income_call_mngo": "mango-markets",
    "mainnet_income_call_ray": "raydium",
    "mainnet_income_call_eth": "ethereum",
    "mainnet_income_put_sol": "usd-coin",
    "mainnet_income_put_btc": "usd-coin"
  }
}