{
  "totalTvlUSD": 89327582.82,
  "coinsByCoingeckoId": {
    "solana": 124407.748525644,
    "msol": 134787.519264854,
    "bitcoin": 353.742785,
    "saber": 11000000,
    "ftx-token": 71321.130075,
    "usd-coin": 12771480.689995,
    "terra-luna": 39999.989397,
    "socean-staked-sol": 5373.967331319,
    "serum": 3964192.957073,
    "mango-markets": 5999999.148087,
    "raydium": 18915.242615,
    "ethereum": 1399.448063
  },
  "pricesByCoingeckoId": {
    "BTC": 41631,
    "SOL": 138.58,
    "ETH": 3189.86,
    "mSOL": 142.73,
    "FTT": 35.94,
    "SRM": 3.15,
    "USDC": 1,
    "MNGO": 0.190269,
    "scnSOL": 140.86,
    "SBR": 0.092307,
    "LUNA": 70.48,
    "RAY": 5.45
  },
  "sharePricesByGlobalId": {
    "mainnet_income_call_sol": 1.03708,
    "mainnet_income_call_marinade": 1.02581,
    "mainnet_income_call_btc": 1.0644,
    "mainnet_income_call_sbr": 1,
    "mainnet_income_call_ftt": 1.01481,
    "mainnet_income_put_mngo": 1,
    "mainnet_income_call_luna": 1.01873,
    "mainnet_income_call_socean": 1.01266,
    "mainnet_income_call_srm": 1.00834,
    "mainnet_income_call_mngo": 1.01232,
    "mainnet_income_call_ray": 1,
    "mainnet_income_call_eth": 1.01181,
    "mainnet_income_put_sol": 1,
    "mainnet_income_put_btc": 1
  },
  "depositTokenByGlobalId": {
    "mainnet_income_call_sol": 124407.748525644,
    "mainnet_income_call_marinade": 134787.519264854,
    "mainnet_income_call_btc": 353.742785,
    "mainnet_income_call_sbr": 11000000,
    "mainnet_income_call_ftt": 71321.130075,
    "mainnet_income_put_mngo": 420661.09,
    "mainnet_income_call_luna": 39999.989397,
    "mainnet_income_call_socean": 5373.967331319,
    "mainnet_income_call_srm": 3964192.957073,
    "mainnet_income_call_mngo": 5999999.148087,
    "mainnet_income_call_ray": 18915.242615,
    "mainnet_income_call_eth": 1399.448063,
    "mainnet_income_put_sol": 9999911.86,
    "mainnet_income_put_btc": 2350907.74
  },
  "usdValueByGlobalId": {
    "mainnet_income_call_sol": 17240425.79,
    "mainnet_income_call_marinade": 19238222.62,
    "mainnet_income_call_btc": 14726665.88,
    "mainnet_income_call_sbr": 1015377,
    "mainnet_income_call_ftt": 2563281.41,
    "mainnet_income_put_mngo": 420661.09,
    "mainnet_income_call_luna": 2819199.25,
    "mainnet_income_call_socean": 756977.04,
    "mainnet_income_call_srm": 12487207.81,
    "mainnet_income_call_mngo": 1141613.84,
    "mainnet_income_call_ray": 103088.07,
    "mainnet_income_call_eth": 4464043.4,
    "mainnet_income_put_sol": 9999911.86,
    "mainnet_income_put_btc": 2350907.74
  }
}