{
  "totalTvlUSD": 91859832.15,
  "coinsByCoingeckoId": {
    "solana": 129065.664350644,
    "msol": 136980.119769158,
    "bitcoin": 355.445846,
    "saber": 11000000,
    "ftx-token": 72698.904788,
    "usd-coin": 12778642.591255002,
    "terra-luna": 39999.999397,
    "socean-staked-sol": 5499.990099232,
    "serum": 3966379.737937,
    "mango-markets": 5999999.159277,
    "raydium": 18918.099566,
    "ethereum": 1467.403075
  },
  "pricesByCoingeckoId": {
    "BTC": 42381,
    "SOL": 142.49,
    "ETH": 3198.49,
    "mSOL": 146.19,
    "FTT": 37.44,
    "SRM": 3.07,
    "USDC": 1,
    "MNGO": 0.192766,
    "scnSOL": 146.03,
    "SBR": 0.087975,
    "LUNA": 74.49,
    "RAY": 5.4
  },
  "sharePricesByGlobalId": {
    "mainnet_income_call_sol": 1.03708,
    "mainnet_income_call_marinade": 1.02581,
    "mainnet_income_call_btc": 1.0644,
    "mainnet_income_call_sbr": 1,
    "mainnet_income_call_ftt": 1.01481,
    "mainnet_income_put_mngo": 1,
    "mainnet_income_call_luna": 1.01873,
    "mainnet_income_call_socean": 1.01266,
    "mainnet_income_call_srm": 1.00834,
    "mainnet_income_call_mngo": 1.01232,
    "mainnet_income_call_ray": 1,
    "mainnet_income_call_eth": 1.01181,
    "mainnet_income_put_sol": 1,
    "mainnet_income_put_btc": 1
  },
  "depositTokenByGlobalId": {
    "mainnet_income_call_sol": 129065.664350644,
    "mainnet_income_call_marinade": 136980.119769158,
    "mainnet_income_call_btc": 355.445846,
    "mainnet_income_call_sbr": 11000000,
    "mainnet_income_call_ftt": 72698.904788,
    "mainnet_income_put_mngo": 426078.97,
    "mainnet_income_call_luna": 39999.999397,
    "mainnet_income_call_socean": 5499.990099232,
    "mainnet_income_call_srm": 3966379.737937,
    "mainnet_income_call_mngo": 5999999.159277,
    "mainnet_income_call_ray": 18918.099566,
    "mainnet_income_call_eth": 1467.403075,
    "mainnet_income_put_sol": 9999999.97,
    "mainnet_income_put_btc": 2352563.65
  },
  "usdValueByGlobalId": {
    "mainnet_income_call_sol": 18390566.51,
    "mainnet_income_call_marinade": 20025123.71,
    "mainnet_income_call_btc": 15064150.4,
    "mainnet_income_call_sbr": 967725,
    "mainnet_income_call_ftt": 2721847,
    "mainnet_income_put_mngo": 426078.97,
    "mainnet_income_call_luna": 2979599.96,
    "mainnet_income_call_socean": 803163.55,
    "mainnet_income_call_srm": 12176785.8,
    "mainnet_income_call_mngo": 1156595.84,
    "mainnet_income_call_ray": 102157.74,
    "mainnet_income_call_eth": 4693474.06,
    "mainnet_income_put_sol": 9999999.97,
    "mainnet_income_put_btc": 2352563.65
  }
}