{
  "totalTvlUSD": 47214307.18,
  "coinsByCoingeckoId": {
    "solana": 83071.440373664,
    "msol": 84055.049636147,
    "bitcoin": 193.710137,
    "ethereum": 343.038003,
    "ftx-token": 24735.31155,
    "serum": 211614.679825,
    "mango-markets": 1420799.094601
  },
  "pricesByCoingeckoId": {
    "BTC": 51175,
    "SOL": 198.74,
    "ETH": 4074.41,
    "mSOL": 203.14,
    "FTT": 43.24,
    "SRM": 4.13,
    "USDC": 1,
    "MNGO": 0.264238
  },
  "sharePricesByGlobalId": {
    "mainnet_income_call_sol": 1.02193,
    "mainnet_income_call_marinade": 1.01091,
    "mainnet_income_call_btc": 1.05125,
    "mainnet_income_call_eth": 1.006,
    "mainnet_income_call_ftt": 1,
    "mainnet_income_call_srm": 1,
    "mainnet_income_call_mngo": 1
  }
}