{
  "totalTvlUSD": 87296726.71,
  "coinsByCoingeckoId": {
    "solana": 129745.882759574,
    "msol": 137945.234247323,
    "bitcoin": 365.642281,
    "saber": 11000000,
    "ftx-token": 72816.988953,
    "usd-coin": 12781105.080565,
    "terra-luna": 39999.999397,
    "socean-staked-sol": 5499.990099232,
    "serum": 3966531.216187,
    "mango-markets": 5999999.159277,
    "raydium": 18928.784889,
    "ethereum": 1468.5432
  },
  "pricesByCoingeckoId": {
    "BTC": 40256,
    "SOL": 132.6,
    "ETH": 2975.21,
    "mSOL": 136.38,
    "FTT": 35.84,
    "SRM": 2.83,
    "USDC": 1,
    "MNGO": 0.191555,
    "scnSOL": 137.92,
    "SBR": 0.082262,
    "LUNA": 66.67,
    "RAY": 5.03
  },
  "sharePricesByGlobalId": {
    "mainnet_income_call_sol": 1.03708,
    "mainnet_income_call_marinade": 1.02581,
    "mainnet_income_call_btc": 1.0644,
    "mainnet_income_call_sbr": 1,
    "mainnet_income_call_ftt": 1.01481,
    "mainnet_income_put_mngo": 1.00062,
    "mainnet_income_call_luna": 1.01873,
    "mainnet_income_call_socean": 1.01266,
    "mainnet_income_call_srm": 1.00834,
    "mainnet_income_call_mngo": 1.01232,
    "mainnet_income_call_ray": 1,
    "mainnet_income_call_eth": 1.01181,
    "mainnet_income_put_sol": 1.00376,
    "mainnet_income_put_btc": 1
  },
  "depositTokenByGlobalId": {
    "mainnet_income_call_sol": 129745.882759574,
    "mainnet_income_call_marinade": 137945.234247323,
    "mainnet_income_call_btc": 365.642281,
    "mainnet_income_call_sbr": 11000000,
    "mainnet_income_call_ftt": 72816.988953,
    "mainnet_income_put_mngo": 426727.29,
    "mainnet_income_call_luna": 39999.999397,
    "mainnet_income_call_socean": 5499.990099232,
    "mainnet_income_call_srm": 3966531.216187,
    "mainnet_income_call_mngo": 5999999.159277,
    "mainnet_income_call_ray": 18928.784889,
    "mainnet_income_call_eth": 1468.5432,
    "mainnet_income_put_sol": 10000000,
    "mainnet_income_put_btc": 2354377.79
  },
  "usdValueByGlobalId": {
    "mainnet_income_call_sol": 17204304.05,
    "mainnet_income_call_marinade": 18812971.05,
    "mainnet_income_call_btc": 14719295.66,
    "mainnet_income_call_sbr": 904882,
    "mainnet_income_call_ftt": 2609760.88,
    "mainnet_income_put_mngo": 426727.29,
    "mainnet_income_call_luna": 2666799.96,
    "mainnet_income_call_socean": 758558.63,
    "mainnet_income_call_srm": 11225283.34,
    "mainnet_income_call_mngo": 1149329.84,
    "mainnet_income_call_ray": 95211.79,
    "mainnet_income_call_eth": 4369224.41,
    "mainnet_income_put_sol": 10000000,
    "mainnet_income_put_btc": 2354377.79
  }
}