{
  "totalTvlUSD": 87686635.04,
  "coinsByCoingeckoId": {
    "solana": 189264.273008812,
    "msol": 163056.564980971,
    "bitcoin": 435.586795,
    "saber": 19999383.74845,
    "ftx-token": 66633.57379,
    "terra-luna": 82259.845494,
    "terrausd": 211840.021503,
    "usd-coin": 14317823.377662,
    "socean-staked-sol": 10999.999764954,
    "serum": 4235224.36262,
    "mango-markets": 7840231.792677,
    "raydium": 21625.256316,
    "ethereum": 1767.890112
  },
  "pricesByCoingeckoId": {
    "BTC": 36491,
    "SOL": 91.92,
    "ETH": 2433.47,
    "mSOL": 94.33,
    "FTT": 35.74,
    "SRM": 2.09,
    "USDC": 1,
    "MNGO": 0.152555,
    "scnSOL": 93.42,
    "SBR": 0.064783,
    "LUNA": 65.08,
    "UST": 1,
    "RAY": 3.5
  },
  "sharePricesByGlobalId": {
    "mainnet_income_call_sol": 1.05252,
    "mainnet_income_call_marinade": 1.03727,
    "mainnet_income_call_btc": 1.0696,
    "mainnet_income_call_sbr": 1.05044,
    "mainnet_income_call_ftt": 1.02696,
    "mainnet_income_call_luna": 1.0374,
    "mainnet_income_put_luna": 1,
    "mainnet_income_put_mngo": 1.00322,
    "mainnet_income_call_socean": 1.02395,
    "mainnet_income_call_srm": 1.02041,
    "mainnet_income_call_mngo": 1.01533,
    "mainnet_income_call_ray": 1.01764,
    "mainnet_income_call_eth": 1.0165,
    "mainnet_income_put_sol": 1.01183,
    "mainnet_income_put_btc": 1.00606
  },
  "depositTokenByGlobalId": {
    "mainnet_income_call_sol": 189264.273008812,
    "mainnet_income_call_marinade": 163056.564980971,
    "mainnet_income_call_btc": 435.586795,
    "mainnet_income_call_sbr": 19999383.74845,
    "mainnet_income_call_ftt": 66633.57379,
    "mainnet_income_call_luna": 82259.845494,
    "mainnet_income_put_luna": 211840.021503,
    "mainnet_income_put_mngo": 248683.41,
    "mainnet_income_call_socean": 10999.999764954,
    "mainnet_income_call_srm": 4235224.36262,
    "mainnet_income_call_mngo": 7840231.792677,
    "mainnet_income_call_ray": 21625.256316,
    "mainnet_income_call_eth": 1767.890112,
    "mainnet_income_put_sol": 12930929.03,
    "mainnet_income_put_btc": 1138210.93
  },
  "usdValueByGlobalId": {
    "mainnet_income_call_sol": 17397171.97,
    "mainnet_income_call_marinade": 15381125.77,
    "mainnet_income_call_btc": 15894997.74,
    "mainnet_income_call_sbr": 1295620.08,
    "mainnet_income_call_ftt": 2381483.93,
    "mainnet_income_call_luna": 5353470.74,
    "mainnet_income_put_luna": 211840.02,
    "mainnet_income_put_mngo": 248683.41,
    "mainnet_income_call_socean": 1027619.98,
    "mainnet_income_call_srm": 8851618.92,
    "mainnet_income_call_mngo": 1196066.56,
    "mainnet_income_call_ray": 75688.4,
    "mainnet_income_call_eth": 4302107.55,
    "mainnet_income_put_sol": 12930929.03,
    "mainnet_income_put_btc": 1138210.93
  },
  "globalIdToDepositTokenCoingeckoId": {
    "mainnet_income_call_sol": "solana",
    "mainnet_income_call_marinade": "msol",
    "mainnet_income_call_btc": "bitcoin",
    "mainnet_income_call_sbr": "saber",
    "mainnet_income_call_ftt": "ftx-token",
    "mainnet_income_call_luna": "terra-luna",
    "mainnet_income_put_luna": "terrausd",
    "mainnet_income_put_mngo": "usd-coin",
    "mainnet_income_call_socean": "socean-staked-sol",
    "mainnet_income_call_srm": "serum",
    "mainnet_income_call_mngo": "mango-markets",
    "mainnet_income_call_ray": "raydium",
    "mainnet_income_call_eth": "ethereum",
    "mainnet_income_put_sol": "usd-coin",
    "mainnet_income_put_btc": "usd-coin"
  }
}