{
  "totalTvlUSD": 41604266.74,
  "coinsByCoingeckoId": {
    "solana": 67135.226043664,
    "msol": 79999.957612259,
    "bitcoin": 187.18996,
    "ethereum": 127.718357,
    "ftx-token": 22538.731831,
    "serum": 209918.963689,
    "mango-markets": 921352.399665
  },
  "pricesByCoingeckoId": {
    "BTC": 50859,
    "SOL": 198.2,
    "ETH": 4075.03,
    "mSOL": 202.46,
    "FTT": 42.63,
    "SRM": 4.05,
    "USDC": 1,
    "MNGO": 0.270825
  },
  "sharePricesByGlobalId": {
    "mainnet_income_call_sol": 1.02193,
    "mainnet_income_call_marinade": 1.01091,
    "mainnet_income_call_btc": 1.05125,
    "mainnet_income_call_eth": 1.006,
    "mainnet_income_call_ftt": 1,
    "mainnet_income_call_srm": 1,
    "mainnet_income_call_mngo": 1
  }
}