{
  "totalTvlUSD": 114786774.69,
  "coinsByCoingeckoId": {
    "solana": 167892.59601187,
    "msol": 161648.750294218,
    "bitcoin": 425.583716,
    "saber": 19999999.492037,
    "ftx-token": 68344.985161,
    "terra-luna": 77815.964034,
    "terrausd": 74385.135074,
    "usd-coin": 12952962.206848998,
    "socean-staked-sol": 10999.997467117,
    "serum": 4201218.835769,
    "mango-markets": 8978202.523868,
    "raydium": 18255.760532,
    "ethereum": 1740.402497
  },
  "pricesByCoingeckoId": {
    "BTC": 42989,
    "SOL": 145.22,
    "ETH": 3328.59,
    "mSOL": 149.04,
    "FTT": 46.24,
    "SRM": 3.12,
    "USDC": 1,
    "MNGO": 0.199241,
    "scnSOL": 148.82,
    "SBR": 0.133873,
    "LUNA": 86.47,
    "UST": 1,
    "RAY": 5.33
  },
  "sharePricesByGlobalId": {
    "mainnet_income_call_sol": 1.04444,
    "mainnet_income_call_marinade": 1.03017,
    "mainnet_income_call_btc": 1.06814,
    "mainnet_income_call_sbr": 1.04667,
    "mainnet_income_call_ftt": 1.02068,
    "mainnet_income_call_luna": 1.02692,
    "mainnet_income_put_luna": 1,
    "mainnet_income_put_mngo": 1.00201,
    "mainnet_income_call_socean": 1.01629,
    "mainnet_income_call_srm": 1.01304,
    "mainnet_income_call_mngo": 1.01322,
    "mainnet_income_call_ray": 1.00275,
    "mainnet_income_call_eth": 1.01502,
    "mainnet_income_put_sol": 1.00281,
    "mainnet_income_put_btc": 1.00329
  },
  "depositTokenByGlobalId": {
    "mainnet_income_call_sol": 167892.59601187,
    "mainnet_income_call_marinade": 161648.750294218,
    "mainnet_income_call_btc": 425.583716,
    "mainnet_income_call_sbr": 19999999.492037,
    "mainnet_income_call_ftt": 68344.985161,
    "mainnet_income_call_luna": 77815.964034,
    "mainnet_income_put_luna": 74385.135074,
    "mainnet_income_put_mngo": 392439.07,
    "mainnet_income_call_socean": 10999.997467117,
    "mainnet_income_call_srm": 4201218.835769,
    "mainnet_income_call_mngo": 8978202.523868,
    "mainnet_income_call_ray": 18255.760532,
    "mainnet_income_call_eth": 1740.402497,
    "mainnet_income_put_sol": 11436039,
    "mainnet_income_put_btc": 1124484.14
  },
  "usdValueByGlobalId": {
    "mainnet_income_call_sol": 24381362.79,
    "mainnet_income_call_marinade": 24092129.74,
    "mainnet_income_call_btc": 18295418.37,
    "mainnet_income_call_sbr": 2677459.93,
    "mainnet_income_call_ftt": 3160272.11,
    "mainnet_income_call_luna": 6728746.41,
    "mainnet_income_put_luna": 74385.14,
    "mainnet_income_put_mngo": 392439.07,
    "mainnet_income_call_socean": 1637019.62,
    "mainnet_income_call_srm": 13107802.77,
    "mainnet_income_call_mngo": 1788826.05,
    "mainnet_income_call_ray": 97303.2,
    "mainnet_income_call_eth": 5793086.35,
    "mainnet_income_put_sol": 11436039,
    "mainnet_income_put_btc": 1124484.14
  },
  "globalIdToDepositTokenCoingeckoId": {
    "mainnet_income_call_sol": "solana",
    "mainnet_income_call_marinade": "msol",
    "mainnet_income_call_btc": "bitcoin",
    "mainnet_income_call_sbr": "saber",
    "mainnet_income_call_ftt": "ftx-token",
    "mainnet_income_call_luna": "terra-luna",
    "mainnet_income_put_luna": "terrausd",
    "mainnet_income_put_mngo": "usd-coin",
    "mainnet_income_call_socean": "socean-staked-sol",
    "mainnet_income_call_srm": "serum",
    "mainnet_income_call_mngo": "mango-markets",
    "mainnet_income_call_ray": "raydium",
    "mainnet_income_call_eth": "ethereum",
    "mainnet_income_put_sol": "usd-coin",
    "mainnet_income_put_btc": "usd-coin"
  }
}