{
  "totalTvlUSD": 88538740.59,
  "coinsByCoingeckoId": {
    "solana": 187708.742158812,
    "msol": 162309.00167484,
    "bitcoin": 432.197839,
    "saber": 18788748.312483,
    "ftx-token": 66388.891241,
    "terra-luna": 82555.080499,
    "terrausd": 207806.523956,
    "usd-coin": 14052170.991145,
    "socean-staked-sol": 10999.999764954,
    "serum": 4235069.805075,
    "mango-markets": 7819872.780532,
    "raydium": 20953.675782,
    "ethereum": 1762.055973
  },
  "pricesByCoingeckoId": {
    "BTC": 36025,
    "SOL": 93.32,
    "ETH": 2500.41,
    "mSOL": 95.87,
    "FTT": 35.56,
    "SRM": 2.23,
    "USDC": 1,
    "MNGO": 0.157665,
    "scnSOL": 98.03,
    "SBR": 0.071501,
    "LUNA": 68.91,
    "UST": 1,
    "RAY": 3.67
  },
  "sharePricesByGlobalId": {
    "mainnet_income_call_sol": 1.05252,
    "mainnet_income_call_marinade": 1.03727,
    "mainnet_income_call_btc": 1.0696,
    "mainnet_income_call_sbr": 1.05044,
    "mainnet_income_call_ftt": 1.02696,
    "mainnet_income_call_luna": 1.0374,
    "mainnet_income_put_luna": 1,
    "mainnet_income_put_mngo": 1.00322,
    "mainnet_income_call_socean": 1.02395,
    "mainnet_income_call_srm": 1.02041,
    "mainnet_income_call_mngo": 1.01533,
    "mainnet_income_call_ray": 1.01764,
    "mainnet_income_call_eth": 1.0165,
    "mainnet_income_put_sol": 1.01183,
    "mainnet_income_put_btc": 1.00606
  },
  "depositTokenByGlobalId": {
    "mainnet_income_call_sol": 187708.742158812,
    "mainnet_income_call_marinade": 162309.00167484,
    "mainnet_income_call_btc": 432.197839,
    "mainnet_income_call_sbr": 18788748.312483,
    "mainnet_income_call_ftt": 66388.891241,
    "mainnet_income_call_luna": 82555.080499,
    "mainnet_income_put_luna": 207806.523956,
    "mainnet_income_put_mngo": 248683.41,
    "mainnet_income_call_socean": 10999.999764954,
    "mainnet_income_call_srm": 4235069.805075,
    "mainnet_income_call_mngo": 7819872.780532,
    "mainnet_income_call_ray": 20953.675782,
    "mainnet_income_call_eth": 1762.055973,
    "mainnet_income_put_sol": 12665276.75,
    "mainnet_income_put_btc": 1138210.83
  },
  "usdValueByGlobalId": {
    "mainnet_income_call_sol": 17516979.82,
    "mainnet_income_call_marinade": 15560563.99,
    "mainnet_income_call_btc": 15569927.15,
    "mainnet_income_call_sbr": 1343414.29,
    "mainnet_income_call_ftt": 2360788.97,
    "mainnet_income_call_luna": 5688870.6,
    "mainnet_income_put_luna": 207806.52,
    "mainnet_income_put_mngo": 248683.41,
    "mainnet_income_call_socean": 1078329.98,
    "mainnet_income_call_srm": 9444205.67,
    "mainnet_income_call_mngo": 1232920.24,
    "mainnet_income_call_ray": 76899.99,
    "mainnet_income_call_eth": 4405862.38,
    "mainnet_income_put_sol": 12665276.75,
    "mainnet_income_put_btc": 1138210.83
  },
  "globalIdToDepositTokenCoingeckoId": {
    "mainnet_income_call_sol": "solana",
    "mainnet_income_call_marinade": "msol",
    "mainnet_income_call_btc": "bitcoin",
    "mainnet_income_call_sbr": "saber",
    "mainnet_income_call_ftt": "ftx-token",
    "mainnet_income_call_luna": "terra-luna",
    "mainnet_income_put_luna": "terrausd",
    "mainnet_income_put_mngo": "usd-coin",
    "mainnet_income_call_socean": "socean-staked-sol",
    "mainnet_income_call_srm": "serum",
    "mainnet_income_call_mngo": "mango-markets",
    "mainnet_income_call_ray": "raydium",
    "mainnet_income_call_eth": "ethereum",
    "mainnet_income_put_sol": "usd-coin",
    "mainnet_income_put_btc": "usd-coin"
  }
}