{
  "totalTvlUSD": 46081742.35,
  "coinsByCoingeckoId": {
    "solana": 83827.563503664,
    "msol": 84999.999902565,
    "bitcoin": 203.643324,
    "ethereum": 362.877792,
    "ftx-token": 24828.702639,
    "serum": 211665.935209,
    "mango-markets": 1562720.193023
  },
  "pricesByCoingeckoId": {
    "BTC": 49735,
    "SOL": 188.54,
    "ETH": 3958.83,
    "mSOL": 193.79,
    "FTT": 41.17,
    "SRM": 3.87,
    "USDC": 1,
    "MNGO": 0.255085
  },
  "sharePricesByGlobalId": {
    "mainnet_income_call_sol": 1.02193,
    "mainnet_income_call_marinade": 1.01091,
    "mainnet_income_call_btc": 1.05125,
    "mainnet_income_call_eth": 1.006,
    "mainnet_income_call_ftt": 1,
    "mainnet_income_call_srm": 1,
    "mainnet_income_call_mngo": 1
  }
}