{
  "totalTvlUSD": 102185105.13,
  "coinsByCoingeckoId": {
    "solana": 182646.514958812,
    "msol": 159627.800964005,
    "bitcoin": 415.986843,
    "saber": 17832142.711082,
    "ftx-token": 65574.702527,
    "terra-luna": 75411.450417,
    "terrausd": 205355.385439,
    "usd-coin": 13938822.714652,
    "socean-staked-sol": 10999.999764954,
    "serum": 4226617.43302,
    "mango-markets": 7781534.236132,
    "raydium": 20864.654582,
    "ethereum": 1737.777482
  },
  "pricesByCoingeckoId": {
    "BTC": 38586,
    "SOL": 125.15,
    "ETH": 2798.32,
    "mSOL": 128.32,
    "FTT": 42.5,
    "SRM": 2.59,
    "USDC": 1,
    "MNGO": 0.189003,
    "scnSOL": 126.13,
    "SBR": 0.095363,
    "LUNA": 71.56,
    "UST": 1.01,
    "RAY": 4.51
  },
  "sharePricesByGlobalId": {
    "mainnet_income_call_sol": 1.05252,
    "mainnet_income_call_marinade": 1.03727,
    "mainnet_income_call_btc": 1.0696,
    "mainnet_income_call_sbr": 1.05044,
    "mainnet_income_call_ftt": 1.02696,
    "mainnet_income_call_luna": 1.0374,
    "mainnet_income_put_luna": 1,
    "mainnet_income_put_mngo": 1.00322,
    "mainnet_income_call_socean": 1.02395,
    "mainnet_income_call_srm": 1.02041,
    "mainnet_income_call_mngo": 1.01533,
    "mainnet_income_call_ray": 1.01764,
    "mainnet_income_call_eth": 1.0165,
    "mainnet_income_put_sol": 1.01183,
    "mainnet_income_put_btc": 1.00606
  },
  "depositTokenByGlobalId": {
    "mainnet_income_call_sol": 182646.514958812,
    "mainnet_income_call_marinade": 159627.800964005,
    "mainnet_income_call_btc": 415.986843,
    "mainnet_income_call_sbr": 17832142.711082,
    "mainnet_income_call_ftt": 65574.702527,
    "mainnet_income_call_luna": 75411.450417,
    "mainnet_income_put_luna": 205355.385439,
    "mainnet_income_put_mngo": 248683.41,
    "mainnet_income_call_socean": 10999.999764954,
    "mainnet_income_call_srm": 4226617.43302,
    "mainnet_income_call_mngo": 7781534.236132,
    "mainnet_income_call_ray": 20864.654582,
    "mainnet_income_call_eth": 1737.777482,
    "mainnet_income_put_sol": 12553976.85,
    "mainnet_income_put_btc": 1136162.46
  },
  "usdValueByGlobalId": {
    "mainnet_income_call_sol": 22858211.35,
    "mainnet_income_call_marinade": 20483439.42,
    "mainnet_income_call_btc": 16051268.32,
    "mainnet_income_call_sbr": 1700526.63,
    "mainnet_income_call_ftt": 2786924.86,
    "mainnet_income_call_luna": 5396443.39,
    "mainnet_income_put_luna": 207408.94,
    "mainnet_income_put_mngo": 248683.41,
    "mainnet_income_call_socean": 1387429.97,
    "mainnet_income_call_srm": 10946939.15,
    "mainnet_income_call_mngo": 1470733.32,
    "mainnet_income_call_ray": 94099.59,
    "mainnet_income_call_eth": 4862857.48,
    "mainnet_income_put_sol": 12553976.85,
    "mainnet_income_put_btc": 1136162.46
  },
  "globalIdToDepositTokenCoingeckoId": {
    "mainnet_income_call_sol": "solana",
    "mainnet_income_call_marinade": "msol",
    "mainnet_income_call_btc": "bitcoin",
    "mainnet_income_call_sbr": "saber",
    "mainnet_income_call_ftt": "ftx-token",
    "mainnet_income_call_luna": "terra-luna",
    "mainnet_income_put_luna": "terrausd",
    "mainnet_income_put_mngo": "usd-coin",
    "mainnet_income_call_socean": "socean-staked-sol",
    "mainnet_income_call_srm": "serum",
    "mainnet_income_call_mngo": "mango-markets",
    "mainnet_income_call_ray": "raydium",
    "mainnet_income_call_eth": "ethereum",
    "mainnet_income_put_sol": "usd-coin",
    "mainnet_income_put_btc": "usd-coin"
  }
}