{
  "totalTvlUSD": 112316188.71,
  "coinsByCoingeckoId": {
    "solana": 175518.35847887,
    "msol": 164029.6718726,
    "bitcoin": 428.86518,
    "saber": 19999999.54855,
    "ftx-token": 74870.103098,
    "terra-luna": 85385.836062,
    "terrausd": 157484.315573,
    "usd-coin": 13189251.620909998,
    "socean-staked-sol": 10999.999467117,
    "serum": 4208041.220583,
    "mango-markets": 9032849.268517,
    "raydium": 20342.033591,
    "ethereum": 1769.487625
  },
  "pricesByCoingeckoId": {
    "BTC": 41726,
    "SOL": 138.24,
    "ETH": 3109.39,
    "mSOL": 141.78,
    "FTT": 44.21,
    "SRM": 2.94,
    "USDC": 1,
    "MNGO": 0.20115,
    "scnSOL": 141.76,
    "SBR": 0.112083,
    "LUNA": 77.88,
    "UST": 1,
    "RAY": 5.08
  },
  "sharePricesByGlobalId": {
    "mainnet_income_call_sol": 1.05342,
    "mainnet_income_call_marinade": 1.03017,
    "mainnet_income_call_btc": 1.06976,
    "mainnet_income_call_sbr": 1.04667,
    "mainnet_income_call_ftt": 1.02068,
    "mainnet_income_call_luna": 1.02692,
    "mainnet_income_put_luna": 1,
    "mainnet_income_put_mngo": 1.00201,
    "mainnet_income_call_socean": 1.01629,
    "mainnet_income_call_srm": 1.01304,
    "mainnet_income_call_mngo": 1.01322,
    "mainnet_income_call_ray": 1.00275,
    "mainnet_income_call_eth": 1.01667,
    "mainnet_income_put_sol": 1.00281,
    "mainnet_income_put_btc": 1.00329
  },
  "depositTokenByGlobalId": {
    "mainnet_income_call_sol": 175518.35847887,
    "mainnet_income_call_marinade": 164029.6718726,
    "mainnet_income_call_btc": 428.86518,
    "mainnet_income_call_sbr": 19999999.54855,
    "mainnet_income_call_ftt": 74870.103098,
    "mainnet_income_call_luna": 85385.836062,
    "mainnet_income_put_luna": 157484.315573,
    "mainnet_income_put_mngo": 397677.27,
    "mainnet_income_call_socean": 10999.999467117,
    "mainnet_income_call_srm": 4208041.220583,
    "mainnet_income_call_mngo": 9032849.268517,
    "mainnet_income_call_ray": 20342.033591,
    "mainnet_income_call_eth": 1769.487625,
    "mainnet_income_put_sol": 11665770.31,
    "mainnet_income_put_btc": 1125804.04
  },
  "usdValueByGlobalId": {
    "mainnet_income_call_sol": 24263657.88,
    "mainnet_income_call_marinade": 23256126.88,
    "mainnet_income_call_btc": 17894828.5,
    "mainnet_income_call_sbr": 2241659.95,
    "mainnet_income_call_ftt": 3310007.26,
    "mainnet_income_call_luna": 6649848.91,
    "mainnet_income_put_luna": 157484.32,
    "mainnet_income_put_mngo": 397677.27,
    "mainnet_income_call_socean": 1559359.92,
    "mainnet_income_call_srm": 12371641.19,
    "mainnet_income_call_mngo": 1816957.63,
    "mainnet_income_call_ray": 103337.53,
    "mainnet_income_call_eth": 5502027.13,
    "mainnet_income_put_sol": 11665770.31,
    "mainnet_income_put_btc": 1125804.04
  },
  "globalIdToDepositTokenCoingeckoId": {
    "mainnet_income_call_sol": "solana",
    "mainnet_income_call_marinade": "msol",
    "mainnet_income_call_btc": "bitcoin",
    "mainnet_income_call_sbr": "saber",
    "mainnet_income_call_ftt": "ftx-token",
    "mainnet_income_call_luna": "terra-luna",
    "mainnet_income_put_luna": "terrausd",
    "mainnet_income_put_mngo": "usd-coin",
    "mainnet_income_call_socean": "socean-staked-sol",
    "mainnet_income_call_srm": "serum",
    "mainnet_income_call_mngo": "mango-markets",
    "mainnet_income_call_ray": "raydium",
    "mainnet_income_call_eth": "ethereum",
    "mainnet_income_put_sol": "usd-coin",
    "mainnet_income_put_btc": "usd-coin"
  }
}