{
  "totalTvlUSD": 104327586.79,
  "coinsByCoingeckoId": {
    "solana": 137328.150759574,
    "msol": 146414.807373749,
    "bitcoin": 371.542369,
    "saber": 11851579.918809,
    "ftx-token": 76883.955564,
    "usd-coin": 14063163.401395999,
    "terra-luna": 60650.160762,
    "socean-staked-sol": 8611.735033174,
    "serum": 3979569.968643,
    "mango-markets": 6609338.386109,
    "raydium": 19310.493998,
    "ethereum": 1501.37258
  },
  "pricesByCoingeckoId": {
    "BTC": 43950,
    "SOL": 152.85,
    "ETH": 3378,
    "mSOL": 156.39,
    "FTT": 42.21,
    "SRM": 3.26,
    "USDC": 1,
    "MNGO": 0.199492,
    "scnSOL": 154.89,
    "SBR": 0.082595,
    "LUNA": 82.73,
    "RAY": 5.57
  },
  "sharePricesByGlobalId": {
    "mainnet_income_call_sol": 1.03708,
    "mainnet_income_call_marinade": 1.02581,
    "mainnet_income_call_btc": 1.0644,
    "mainnet_income_call_sbr": 1,
    "mainnet_income_call_ftt": 1.01481,
    "mainnet_income_put_mngo": 1,
    "mainnet_income_call_luna": 1.01873,
    "mainnet_income_call_socean": 1.01266,
    "mainnet_income_call_srm": 1.00834,
    "mainnet_income_call_mngo": 1.01232,
    "mainnet_income_call_ray": 1,
    "mainnet_income_call_eth": 1.01181,
    "mainnet_income_put_sol": 0.99999,
    "mainnet_income_put_btc": 1
  },
  "depositTokenByGlobalId": {
    "mainnet_income_call_sol": 137328.150759574,
    "mainnet_income_call_marinade": 146414.807373749,
    "mainnet_income_call_btc": 371.542369,
    "mainnet_income_call_sbr": 11851579.918809,
    "mainnet_income_call_ftt": 76883.955564,
    "mainnet_income_put_mngo": 429804.43,
    "mainnet_income_call_luna": 60650.160762,
    "mainnet_income_call_socean": 8611.735033174,
    "mainnet_income_call_srm": 3979569.968643,
    "mainnet_income_call_mngo": 6609338.386109,
    "mainnet_income_call_ray": 19310.493998,
    "mainnet_income_call_eth": 1501.37258,
    "mainnet_income_put_sol": 11278971.18,
    "mainnet_income_put_btc": 2354387.79
  },
  "usdValueByGlobalId": {
    "mainnet_income_call_sol": 20990607.84,
    "mainnet_income_call_marinade": 22897811.73,
    "mainnet_income_call_btc": 16329287.12,
    "mainnet_income_call_sbr": 978881.24,
    "mainnet_income_call_ftt": 3245271.76,
    "mainnet_income_put_mngo": 429804.43,
    "mainnet_income_call_luna": 5017587.8,
    "mainnet_income_call_socean": 1333871.64,
    "mainnet_income_call_srm": 12973398.1,
    "mainnet_income_call_mngo": 1318510.13,
    "mainnet_income_call_ray": 107559.45,
    "mainnet_income_call_eth": 5071636.58,
    "mainnet_income_put_sol": 11278971.18,
    "mainnet_income_put_btc": 2354387.79
  },
  "globalIdToDepositTokenCoingeckoId": {
    "mainnet_income_call_sol": "solana",
    "mainnet_income_call_marinade": "msol",
    "mainnet_income_call_btc": "bitcoin",
    "mainnet_income_call_sbr": "saber",
    "mainnet_income_call_ftt": "ftx-token",
    "mainnet_income_put_mngo": "usd-coin",
    "mainnet_income_call_luna": "terra-luna",
    "mainnet_income_call_socean": "socean-staked-sol",
    "mainnet_income_call_srm": "serum",
    "mainnet_income_call_mngo": "mango-markets",
    "mainnet_income_call_ray": "raydium",
    "mainnet_income_call_eth": "ethereum",
    "mainnet_income_put_sol": "usd-coin",
    "mainnet_income_put_btc": "usd-coin"
  }
}