{
  "totalTvlUSD": 105866970.6,
  "coinsByCoingeckoId": {
    "solana": 137497.731759574,
    "msol": 148733.302271751,
    "bitcoin": 371.557891,
    "saber": 12685862.22919,
    "ftx-token": 76883.955564,
    "usd-coin": 14087328.244228,
    "terra-luna": 62679.510762,
    "socean-staked-sol": 8632.382970857,
    "serum": 3997375.671827,
    "mango-markets": 6860272.538262,
    "raydium": 19310.493998,
    "ethereum": 1501.77258
  },
  "pricesByCoingeckoId": {
    "BTC": 43996,
    "SOL": 155.28,
    "ETH": 3386.6,
    "mSOL": 158.98,
    "FTT": 42.35,
    "SRM": 3.25,
    "USDC": 1,
    "MNGO": 0.200611,
    "scnSOL": 157.62,
    "SBR": 0.083764,
    "LUNA": 82.88,
    "RAY": 5.62
  },
  "sharePricesByGlobalId": {
    "mainnet_income_call_sol": 1.03708,
    "mainnet_income_call_marinade": 1.02581,
    "mainnet_income_call_btc": 1.0644,
    "mainnet_income_call_sbr": 1,
    "mainnet_income_call_ftt": 1.01481,
    "mainnet_income_put_mngo": 1,
    "mainnet_income_call_luna": 1.01873,
    "mainnet_income_call_socean": 1.01266,
    "mainnet_income_call_srm": 1.00834,
    "mainnet_income_call_mngo": 1.01232,
    "mainnet_income_call_ray": 1,
    "mainnet_income_call_eth": 1.01181,
    "mainnet_income_put_sol": 0.99999,
    "mainnet_income_put_btc": 1
  },
  "depositTokenByGlobalId": {
    "mainnet_income_call_sol": 137497.731759574,
    "mainnet_income_call_marinade": 148733.302271751,
    "mainnet_income_call_btc": 371.557891,
    "mainnet_income_call_sbr": 12685862.22919,
    "mainnet_income_call_ftt": 76883.955564,
    "mainnet_income_put_mngo": 429804.43,
    "mainnet_income_call_luna": 62679.510762,
    "mainnet_income_call_socean": 8632.382970857,
    "mainnet_income_call_srm": 3997375.671827,
    "mainnet_income_call_mngo": 6860272.538262,
    "mainnet_income_call_ray": 19310.493998,
    "mainnet_income_call_eth": 1501.77258,
    "mainnet_income_put_sol": 11303036.02,
    "mainnet_income_put_btc": 2354487.79
  },
  "usdValueByGlobalId": {
    "mainnet_income_call_sol": 21350647.79,
    "mainnet_income_call_marinade": 23645620.4,
    "mainnet_income_call_btc": 16347060.97,
    "mainnet_income_call_sbr": 1062618.56,
    "mainnet_income_call_ftt": 3256035.52,
    "mainnet_income_put_mngo": 429804.43,
    "mainnet_income_call_luna": 5194877.85,
    "mainnet_income_call_socean": 1360636.2,
    "mainnet_income_call_srm": 12991470.93,
    "mainnet_income_call_mngo": 1376246.13,
    "mainnet_income_call_ray": 108524.98,
    "mainnet_income_call_eth": 5085903.02,
    "mainnet_income_put_sol": 11303036.02,
    "mainnet_income_put_btc": 2354487.79
  },
  "globalIdToDepositTokenCoingeckoId": {
    "mainnet_income_call_sol": "solana",
    "mainnet_income_call_marinade": "msol",
    "mainnet_income_call_btc": "bitcoin",
    "mainnet_income_call_sbr": "saber",
    "mainnet_income_call_ftt": "ftx-token",
    "mainnet_income_put_mngo": "usd-coin",
    "mainnet_income_call_luna": "terra-luna",
    "mainnet_income_call_socean": "socean-staked-sol",
    "mainnet_income_call_srm": "serum",
    "mainnet_income_call_mngo": "mango-markets",
    "mainnet_income_call_ray": "raydium",
    "mainnet_income_call_eth": "ethereum",
    "mainnet_income_put_sol": "usd-coin",
    "mainnet_income_put_btc": "usd-coin"
  }
}