{
  "totalTvlUSD": 112072391.99,
  "coinsByCoingeckoId": {
    "solana": 169389.96937887,
    "msol": 162111.700529033,
    "bitcoin": 425.628259,
    "saber": 19999999.492037,
    "ftx-token": 72837.170766,
    "terra-luna": 81906.615613,
    "terrausd": 92376.041156,
    "usd-coin": 12974416.250928998,
    "socean-staked-sol": 10999.997467117,
    "serum": 4201349.234487,
    "mango-markets": 9009672.566105,
    "raydium": 19543.983088,
    "ethereum": 1743.385009
  },
  "pricesByCoingeckoId": {
    "BTC": 42301,
    "SOL": 140.51,
    "ETH": 3220.24,
    "mSOL": 144.73,
    "FTT": 44.56,
    "SRM": 2.98,
    "USDC": 1,
    "MNGO": 0.198039,
    "scnSOL": 144.23,
    "SBR": 0.11765,
    "LUNA": 79.77,
    "UST": 0.997685,
    "RAY": 5.15
  },
  "sharePricesByGlobalId": {
    "mainnet_income_call_sol": 1.04444,
    "mainnet_income_call_marinade": 1.03017,
    "mainnet_income_call_btc": 1.06814,
    "mainnet_income_call_sbr": 1.04667,
    "mainnet_income_call_ftt": 1.02068,
    "mainnet_income_call_luna": 1.02692,
    "mainnet_income_put_luna": 1,
    "mainnet_income_put_mngo": 1.00201,
    "mainnet_income_call_socean": 1.01629,
    "mainnet_income_call_srm": 1.01304,
    "mainnet_income_call_mngo": 1.01322,
    "mainnet_income_call_ray": 1.00275,
    "mainnet_income_call_eth": 1.01502,
    "mainnet_income_put_sol": 1.00281,
    "mainnet_income_put_btc": 1.00329
  },
  "depositTokenByGlobalId": {
    "mainnet_income_call_sol": 169389.96937887,
    "mainnet_income_call_marinade": 162111.700529033,
    "mainnet_income_call_btc": 425.628259,
    "mainnet_income_call_sbr": 19999999.492037,
    "mainnet_income_call_ftt": 72837.170766,
    "mainnet_income_call_luna": 81906.615613,
    "mainnet_income_put_luna": 92376.041156,
    "mainnet_income_put_mngo": 397676.27,
    "mainnet_income_call_socean": 10999.997467117,
    "mainnet_income_call_srm": 4201349.234487,
    "mainnet_income_call_mngo": 9009672.566105,
    "mainnet_income_call_ray": 19543.983088,
    "mainnet_income_call_eth": 1743.385009,
    "mainnet_income_put_sol": 11451464.44,
    "mainnet_income_put_btc": 1125275.54
  },
  "usdValueByGlobalId": {
    "mainnet_income_call_sol": 23800984.6,
    "mainnet_income_call_marinade": 23462426.42,
    "mainnet_income_call_btc": 18004500.98,
    "mainnet_income_call_sbr": 2352999.94,
    "mainnet_income_call_ftt": 3245624.33,
    "mainnet_income_call_luna": 6533690.73,
    "mainnet_income_put_luna": 92162.19,
    "mainnet_income_put_mngo": 397676.27,
    "mainnet_income_call_socean": 1586529.63,
    "mainnet_income_call_srm": 12520020.72,
    "mainnet_income_call_mngo": 1784266.55,
    "mainnet_income_call_ray": 100651.51,
    "mainnet_income_call_eth": 5614118.14,
    "mainnet_income_put_sol": 11451464.44,
    "mainnet_income_put_btc": 1125275.54
  },
  "globalIdToDepositTokenCoingeckoId": {
    "mainnet_income_call_sol": "solana",
    "mainnet_income_call_marinade": "msol",
    "mainnet_income_call_btc": "bitcoin",
    "mainnet_income_call_sbr": "saber",
    "mainnet_income_call_ftt": "ftx-token",
    "mainnet_income_call_luna": "terra-luna",
    "mainnet_income_put_luna": "terrausd",
    "mainnet_income_put_mngo": "usd-coin",
    "mainnet_income_call_socean": "socean-staked-sol",
    "mainnet_income_call_srm": "serum",
    "mainnet_income_call_mngo": "mango-markets",
    "mainnet_income_call_ray": "raydium",
    "mainnet_income_call_eth": "ethereum",
    "mainnet_income_put_sol": "usd-coin",
    "mainnet_income_put_btc": "usd-coin"
  }
}