{
  "totalTvlUSD": 111817266.63,
  "coinsByCoingeckoId": {
    "solana": 146351.38601187,
    "msol": 161202.562724891,
    "bitcoin": 422.056284,
    "saber": 19999999.492037,
    "ftx-token": 67972.470608,
    "terra-luna": 72667.066544,
    "terrausd": 19523.150425,
    "usd-coin": 12734871.074836,
    "socean-staked-sol": 10999.987641614,
    "serum": 4067118.18318,
    "mango-markets": 8829981.11981,
    "raydium": 18005.027179,
    "ethereum": 1723.165591
  },
  "pricesByCoingeckoId": {
    "BTC": 43262,
    "SOL": 150.71,
    "ETH": 3354.18,
    "mSOL": 154.57,
    "FTT": 46.07,
    "SRM": 3.2,
    "USDC": 1,
    "MNGO": 0.195078,
    "scnSOL": 154.01,
    "SBR": 0.106526,
    "LUNA": 86.12,
    "UST": 1,
    "RAY": 5.49
  },
  "sharePricesByGlobalId": {
    "mainnet_income_call_sol": 1.04444,
    "mainnet_income_call_marinade": 1.03017,
    "mainnet_income_call_btc": 1.06814,
    "mainnet_income_call_sbr": 1.04667,
    "mainnet_income_call_ftt": 1.02068,
    "mainnet_income_call_luna": 1.02692,
    "mainnet_income_put_luna": 1,
    "mainnet_income_put_mngo": 1.00201,
    "mainnet_income_call_socean": 1.01629,
    "mainnet_income_call_srm": 1.01304,
    "mainnet_income_call_mngo": 1.01322,
    "mainnet_income_call_ray": 1.00275,
    "mainnet_income_call_eth": 1.01502,
    "mainnet_income_put_sol": 1.00281,
    "mainnet_income_put_btc": 1.00329
  },
  "depositTokenByGlobalId": {
    "mainnet_income_call_sol": 146351.38601187,
    "mainnet_income_call_marinade": 161202.562724891,
    "mainnet_income_call_btc": 422.056284,
    "mainnet_income_call_sbr": 19999999.492037,
    "mainnet_income_call_ftt": 67972.470608,
    "mainnet_income_call_luna": 72667.066544,
    "mainnet_income_put_luna": 19523.150425,
    "mainnet_income_put_mngo": 392112.07,
    "mainnet_income_call_socean": 10999.987641614,
    "mainnet_income_call_srm": 4067118.18318,
    "mainnet_income_call_mngo": 8829981.11981,
    "mainnet_income_call_ray": 18005.027179,
    "mainnet_income_call_eth": 1723.165591,
    "mainnet_income_put_sol": 11218274.87,
    "mainnet_income_put_btc": 1124484.14
  },
  "usdValueByGlobalId": {
    "mainnet_income_call_sol": 22056617.39,
    "mainnet_income_call_marinade": 24917080.12,
    "mainnet_income_call_btc": 18258998.96,
    "mainnet_income_call_sbr": 2130519.95,
    "mainnet_income_call_ftt": 3131491.72,
    "mainnet_income_call_luna": 6258087.77,
    "mainnet_income_put_luna": 19523.15,
    "mainnet_income_put_mngo": 392112.07,
    "mainnet_income_call_socean": 1694108.1,
    "mainnet_income_call_srm": 13014778.19,
    "mainnet_income_call_mngo": 1722535.06,
    "mainnet_income_call_ray": 98847.6,
    "mainnet_income_call_eth": 5779807.56,
    "mainnet_income_put_sol": 11218274.87,
    "mainnet_income_put_btc": 1124484.14
  },
  "globalIdToDepositTokenCoingeckoId": {
    "mainnet_income_call_sol": "solana",
    "mainnet_income_call_marinade": "msol",
    "mainnet_income_call_btc": "bitcoin",
    "mainnet_income_call_sbr": "saber",
    "mainnet_income_call_ftt": "ftx-token",
    "mainnet_income_call_luna": "terra-luna",
    "mainnet_income_put_luna": "terrausd",
    "mainnet_income_put_mngo": "usd-coin",
    "mainnet_income_call_socean": "socean-staked-sol",
    "mainnet_income_call_srm": "serum",
    "mainnet_income_call_mngo": "mango-markets",
    "mainnet_income_call_ray": "raydium",
    "mainnet_income_call_eth": "ethereum",
    "mainnet_income_put_sol": "usd-coin",
    "mainnet_income_put_btc": "usd-coin"
  }
}