{
  "totalTvlUSD": 88397193.75,
  "coinsByCoingeckoId": {
    "solana": 189638.927008812,
    "msol": 163067.255168724,
    "bitcoin": 435.615182,
    "saber": 19999972.92845,
    "ftx-token": 133431.321983,
    "terra-luna": 82297.219818,
    "terrausd": 211583.892701,
    "usd-coin": 14311733.155102,
    "socean-staked-sol": 10999.999764954,
    "serum": 4235324.36262,
    "mango-markets": 7849137.621646,
    "raydium": 21697.793775,
    "ethereum": 1767.890112
  },
  "pricesByCoingeckoId": {
    "BTC": 36641,
    "SOL": 93.4,
    "ETH": 2428,
    "mSOL": 96.07,
    "FTT": 36.08,
    "SRM": 2.1,
    "USDC": 1,
    "MNGO": 0.153805,
    "scnSOL": 95.26,
    "SBR": 0.064986,
    "LUNA": 64.04,
    "UST": 1,
    "RAY": 3.51
  },
  "sharePricesByGlobalId": {
    "mainnet_income_call_sol": 1.05252,
    "mainnet_income_call_marinade": 1.03727,
    "mainnet_income_call_btc": 1.0696,
    "mainnet_income_call_sbr": 1.05044,
    "mainnet_income_call_ftt": 1.02696,
    "mainnet_income_call_luna": 1.0374,
    "mainnet_income_put_luna": 1,
    "mainnet_income_put_mngo": 1.00322,
    "mainnet_income_call_socean": 1.02395,
    "mainnet_income_call_srm": 1.02041,
    "mainnet_income_call_mngo": 1.01533,
    "mainnet_income_call_ray": 1.01764,
    "mainnet_income_call_eth": 1.0165,
    "mainnet_income_put_sol": 1.01183,
    "mainnet_income_put_btc": 1.00606
  },
  "depositTokenByGlobalId": {
    "mainnet_income_call_sol": 189638.927008812,
    "mainnet_income_call_marinade": 163067.255168724,
    "mainnet_income_call_btc": 435.615182,
    "mainnet_income_call_sbr": 19999972.92845,
    "mainnet_income_call_ftt": 66710.624318,
    "mainnet_income_call_luna": 82297.219818,
    "mainnet_income_put_luna": 211583.892701,
    "mainnet_income_put_mngo": 249184.41,
    "mainnet_income_call_socean": 10999.999764954,
    "mainnet_income_call_srm": 4235324.36262,
    "mainnet_income_call_mngo": 7849137.621646,
    "mainnet_income_call_ray": 21697.793775,
    "mainnet_income_call_eth": 1767.890112,
    "mainnet_income_put_sol": 12923837.81,
    "mainnet_income_put_btc": 1138710.93
  },
  "usdValueByGlobalId": {
    "mainnet_income_call_sol": 17729343.29,
    "mainnet_income_call_marinade": 15669132.55,
    "mainnet_income_call_btc": 15981849.8,
    "mainnet_income_call_sbr": 1299078.24,
    "mainnet_income_call_ftt": 2406919.33,
    "mainnet_income_call_luna": 5274428.82,
    "mainnet_income_put_luna": 211583.89,
    "mainnet_income_put_mngo": 249184.41,
    "mainnet_income_call_socean": 1047089.98,
    "mainnet_income_call_srm": 8894181.16,
    "mainnet_income_call_mngo": 1203257.1,
    "mainnet_income_call_ray": 76159.26,
    "mainnet_income_call_eth": 4292437.19,
    "mainnet_income_put_sol": 12923837.81,
    "mainnet_income_put_btc": 1138710.93
  },
  "globalIdToDepositTokenCoingeckoId": {
    "mainnet_income_call_sol": "solana",
    "mainnet_income_call_marinade": "msol",
    "mainnet_income_call_btc": "bitcoin",
    "mainnet_income_call_sbr": "saber",
    "mainnet_income_call_ftt": "ftx-token",
    "mainnet_income_call_luna": "terra-luna",
    "mainnet_income_put_luna": "terrausd",
    "mainnet_income_put_mngo": "usd-coin",
    "mainnet_income_call_socean": "socean-staked-sol",
    "mainnet_income_call_srm": "serum",
    "mainnet_income_call_mngo": "mango-markets",
    "mainnet_income_call_ray": "raydium",
    "mainnet_income_call_eth": "ethereum",
    "mainnet_income_put_sol": "usd-coin",
    "mainnet_income_put_btc": "usd-coin"
  }
}