{
  "totalTvlUSD": 46292226.17,
  "coinsByCoingeckoId": {
    "solana": 83994.702543664,
    "msol": 84999.999902565,
    "bitcoin": 203.643773,
    "ethereum": 367.877792,
    "ftx-token": 24828.702639,
    "serum": 212815.97836,
    "mango-markets": 1595852.656309
  },
  "pricesByCoingeckoId": {
    "BTC": 49313,
    "SOL": 190.78,
    "ETH": 3929.74,
    "mSOL": 194.61,
    "FTT": 40.83,
    "SRM": 3.85,
    "USDC": 1,
    "MNGO": 0.25367
  },
  "sharePricesByGlobalId": {
    "mainnet_income_call_sol": 1.02193,
    "mainnet_income_call_marinade": 1.01091,
    "mainnet_income_call_btc": 1.05125,
    "mainnet_income_call_eth": 1.006,
    "mainnet_income_call_ftt": 1,
    "mainnet_income_call_srm": 1,
    "mainnet_income_call_mngo": 1
  }
}