{
  "totalTvlUSD": 92109184.25,
  "coinsByCoingeckoId": {
    "solana": 197525.166008812,
    "msol": 167311.158978,
    "bitcoin": 451.638766,
    "saber": 19999999.498262,
    "ftx-token": 68104.694976,
    "terra-luna": 93893.989944,
    "terrausd": 222587.799918,
    "usd-coin": 16432231.911726,
    "socean-staked-sol": 11000,
    "serum": 4261826.55251,
    "mango-markets": 7895758.358746,
    "raydium": 23843.179952,
    "ethereum": 1787.724877
  },
  "pricesByCoingeckoId": {
    "BTC": 37086,
    "SOL": 91.53,
    "ETH": 2442.2,
    "mSOL": 94.01,
    "FTT": 38.85,
    "SRM": 2.16,
    "USDC": 1,
    "MNGO": 0.154856,
    "scnSOL": 93.23,
    "SBR": 0.065806,
    "LUNA": 53.56,
    "UST": 0.999736,
    "RAY": 3.6
  },
  "sharePricesByGlobalId": {
    "mainnet_income_call_sol": 1.0587,
    "mainnet_income_call_marinade": 1.03965,
    "mainnet_income_call_btc": 1.07217,
    "mainnet_income_call_sbr": 1.05044,
    "mainnet_income_call_ftt": 1.03064,
    "mainnet_income_call_luna": 1.04984,
    "mainnet_income_put_luna": 1,
    "mainnet_income_put_mngo": 1.00572,
    "mainnet_income_call_socean": 1.02665,
    "mainnet_income_call_srm": 1.02513,
    "mainnet_income_call_mngo": 1.01686,
    "mainnet_income_call_ray": 1.01764,
    "mainnet_income_call_eth": 1.01965,
    "mainnet_income_put_sol": 1.01728,
    "mainnet_income_put_btc": 1.0091
  },
  "depositTokenByGlobalId": {
    "mainnet_income_call_sol": 197525.166008812,
    "mainnet_income_call_marinade": 167311.158978,
    "mainnet_income_call_btc": 451.638766,
    "mainnet_income_call_sbr": 19999999.498262,
    "mainnet_income_call_ftt": 68104.694976,
    "mainnet_income_call_luna": 93893.989944,
    "mainnet_income_put_luna": 222587.799918,
    "mainnet_income_put_mngo": 250076.78,
    "mainnet_income_call_socean": 11000,
    "mainnet_income_call_srm": 4261826.55251,
    "mainnet_income_call_mngo": 7895758.358746,
    "mainnet_income_call_ray": 23843.179952,
    "mainnet_income_call_eth": 1787.724877,
    "mainnet_income_put_sol": 15039990.98,
    "mainnet_income_put_btc": 1142164.15
  },
  "usdValueByGlobalId": {
    "mainnet_income_call_sol": 18079478.44,
    "mainnet_income_call_marinade": 15728922.06,
    "mainnet_income_call_btc": 16749475.28,
    "mainnet_income_call_sbr": 1316119.97,
    "mainnet_income_call_ftt": 2645867.4,
    "mainnet_income_call_luna": 5028962.1,
    "mainnet_income_put_luna": 222529.04,
    "mainnet_income_put_mngo": 250076.78,
    "mainnet_income_call_socean": 1025530,
    "mainnet_income_call_srm": 9205545.35,
    "mainnet_income_call_mngo": 1222705.56,
    "mainnet_income_call_ray": 85835.45,
    "mainnet_income_call_eth": 4365981.69,
    "mainnet_income_put_sol": 15039990.98,
    "mainnet_income_put_btc": 1142164.15
  },
  "globalIdToDepositTokenCoingeckoId": {
    "mainnet_income_call_sol": "solana",
    "mainnet_income_call_marinade": "msol",
    "mainnet_income_call_btc": "bitcoin",
    "mainnet_income_call_sbr": "saber",
    "mainnet_income_call_ftt": "ftx-token",
    "mainnet_income_call_luna": "terra-luna",
    "mainnet_income_put_luna": "terrausd",
    "mainnet_income_put_mngo": "usd-coin",
    "mainnet_income_call_socean": "socean-staked-sol",
    "mainnet_income_call_srm": "serum",
    "mainnet_income_call_mngo": "mango-markets",
    "mainnet_income_call_ray": "raydium",
    "mainnet_income_call_eth": "ethereum",
    "mainnet_income_put_sol": "usd-coin",
    "mainnet_income_put_btc": "usd-coin"
  }
}