{
  "totalTvlUSD": 101754873.06,
  "coinsByCoingeckoId": {
    "solana": 182652.514958812,
    "msol": 159627.800964005,
    "bitcoin": 415.986843,
    "saber": 17837635.419995,
    "ftx-token": 65574.702527,
    "terra-luna": 75411.450417,
    "terrausd": 205355.385439,
    "usd-coin": 13938822.714652,
    "socean-staked-sol": 10999.999764954,
    "serum": 4226617.43302,
    "mango-markets": 7781534.236132,
    "raydium": 20864.654582,
    "ethereum": 1737.777482
  },
  "pricesByCoingeckoId": {
    "BTC": 38539,
    "SOL": 124.19,
    "ETH": 2787.18,
    "mSOL": 127.61,
    "FTT": 42.18,
    "SRM": 2.58,
    "USDC": 1,
    "MNGO": 0.188385,
    "scnSOL": 126.92,
    "SBR": 0.095468,
    "LUNA": 70.95,
    "UST": 1.01,
    "RAY": 4.49
  },
  "sharePricesByGlobalId": {
    "mainnet_income_call_sol": 1.05252,
    "mainnet_income_call_marinade": 1.03727,
    "mainnet_income_call_btc": 1.0696,
    "mainnet_income_call_sbr": 1.05044,
    "mainnet_income_call_ftt": 1.02696,
    "mainnet_income_call_luna": 1.0374,
    "mainnet_income_put_luna": 1,
    "mainnet_income_put_mngo": 1.00322,
    "mainnet_income_call_socean": 1.02395,
    "mainnet_income_call_srm": 1.02041,
    "mainnet_income_call_mngo": 1.01533,
    "mainnet_income_call_ray": 1.01764,
    "mainnet_income_call_eth": 1.0165,
    "mainnet_income_put_sol": 1.01183,
    "mainnet_income_put_btc": 1.00606
  },
  "depositTokenByGlobalId": {
    "mainnet_income_call_sol": 182652.514958812,
    "mainnet_income_call_marinade": 159627.800964005,
    "mainnet_income_call_btc": 415.986843,
    "mainnet_income_call_sbr": 17837635.419995,
    "mainnet_income_call_ftt": 65574.702527,
    "mainnet_income_call_luna": 75411.450417,
    "mainnet_income_put_luna": 205355.385439,
    "mainnet_income_put_mngo": 248683.41,
    "mainnet_income_call_socean": 10999.999764954,
    "mainnet_income_call_srm": 4226617.43302,
    "mainnet_income_call_mngo": 7781534.236132,
    "mainnet_income_call_ray": 20864.654582,
    "mainnet_income_call_eth": 1737.777482,
    "mainnet_income_put_sol": 12553976.85,
    "mainnet_income_put_btc": 1136162.46
  },
  "usdValueByGlobalId": {
    "mainnet_income_call_sol": 22683615.83,
    "mainnet_income_call_marinade": 20370103.68,
    "mainnet_income_call_btc": 16031716.94,
    "mainnet_income_call_sbr": 1702923.38,
    "mainnet_income_call_ftt": 2765940.95,
    "mainnet_income_call_luna": 5350442.41,
    "mainnet_income_put_luna": 207408.94,
    "mainnet_income_put_mngo": 248683.41,
    "mainnet_income_call_socean": 1396119.97,
    "mainnet_income_call_srm": 10904672.98,
    "mainnet_income_call_mngo": 1465924.33,
    "mainnet_income_call_ray": 93682.3,
    "mainnet_income_call_eth": 4843498.64,
    "mainnet_income_put_sol": 12553976.85,
    "mainnet_income_put_btc": 1136162.46
  },
  "globalIdToDepositTokenCoingeckoId": {
    "mainnet_income_call_sol": "solana",
    "mainnet_income_call_marinade": "msol",
    "mainnet_income_call_btc": "bitcoin",
    "mainnet_income_call_sbr": "saber",
    "mainnet_income_call_ftt": "ftx-token",
    "mainnet_income_call_luna": "terra-luna",
    "mainnet_income_put_luna": "terrausd",
    "mainnet_income_put_mngo": "usd-coin",
    "mainnet_income_call_socean": "socean-staked-sol",
    "mainnet_income_call_srm": "serum",
    "mainnet_income_call_mngo": "mango-markets",
    "mainnet_income_call_ray": "raydium",
    "mainnet_income_call_eth": "ethereum",
    "mainnet_income_put_sol": "usd-coin",
    "mainnet_income_put_btc": "usd-coin"
  }
}