{
  "totalTvlUSD": 111185179.16,
  "coinsByCoingeckoId": {
    "solana": 144902.03901187,
    "msol": 160944.267789576,
    "bitcoin": 422.033255,
    "saber": 19999999.492037,
    "ftx-token": 67903.710677,
    "usd-coin": 12482458.120224997,
    "terra-luna": 70393.204418,
    "terrausd": 6470.699475,
    "socean-staked-sol": 10999.987641614,
    "serum": 4066789.215169,
    "mango-markets": 8821372.022007,
    "raydium": 17508.102345,
    "ethereum": 1722.782993
  },
  "pricesByCoingeckoId": {
    "BTC": 43328,
    "SOL": 149.68,
    "ETH": 3343.35,
    "mSOL": 153.26,
    "FTT": 46.53,
    "SRM": 3.22,
    "USDC": 1,
    "MNGO": 0.194244,
    "scnSOL": 151.63,
    "SBR": 0.126925,
    "LUNA": 85.59,
    "UST": 1,
    "RAY": 5.47
  },
  "sharePricesByGlobalId": {
    "mainnet_income_call_sol": 1.04444,
    "mainnet_income_call_marinade": 1.03017,
    "mainnet_income_call_btc": 1.06814,
    "mainnet_income_call_sbr": 1.04667,
    "mainnet_income_call_ftt": 1.02068,
    "mainnet_income_put_mngo": 1.00201,
    "mainnet_income_call_luna": 1.02692,
    "mainnet_income_put_luna": 1,
    "mainnet_income_call_socean": 1.01629,
    "mainnet_income_call_srm": 1.01304,
    "mainnet_income_call_mngo": 1.01322,
    "mainnet_income_call_ray": 1.00275,
    "mainnet_income_call_eth": 1.01502,
    "mainnet_income_put_sol": 1.00281,
    "mainnet_income_put_btc": 1.00329
  },
  "depositTokenByGlobalId": {
    "mainnet_income_call_sol": 144902.03901187,
    "mainnet_income_call_marinade": 160944.267789576,
    "mainnet_income_call_btc": 422.033255,
    "mainnet_income_call_sbr": 19999999.492037,
    "mainnet_income_call_ftt": 67903.710677,
    "mainnet_income_put_mngo": 392112.07,
    "mainnet_income_call_luna": 70393.204418,
    "mainnet_income_put_luna": 6470.699475,
    "mainnet_income_call_socean": 10999.987641614,
    "mainnet_income_call_srm": 4066789.215169,
    "mainnet_income_call_mngo": 8821372.022007,
    "mainnet_income_call_ray": 17508.102345,
    "mainnet_income_call_eth": 1722.782993,
    "mainnet_income_put_sol": 10965861.91,
    "mainnet_income_put_btc": 1124484.14
  },
  "usdValueByGlobalId": {
    "mainnet_income_call_sol": 21688937.2,
    "mainnet_income_call_marinade": 24666318.48,
    "mainnet_income_call_btc": 18285856.87,
    "mainnet_income_call_sbr": 2538499.94,
    "mainnet_income_call_ftt": 3159559.66,
    "mainnet_income_put_mngo": 392112.07,
    "mainnet_income_call_luna": 6024954.37,
    "mainnet_income_put_luna": 6470.7,
    "mainnet_income_call_socean": 1667928.13,
    "mainnet_income_call_srm": 13095061.27,
    "mainnet_income_call_mngo": 1713498.59,
    "mainnet_income_call_ray": 95769.32,
    "mainnet_income_call_eth": 5759866.52,
    "mainnet_income_put_sol": 10965861.91,
    "mainnet_income_put_btc": 1124484.14
  },
  "globalIdToDepositTokenCoingeckoId": {
    "mainnet_income_call_sol": "solana",
    "mainnet_income_call_marinade": "msol",
    "mainnet_income_call_btc": "bitcoin",
    "mainnet_income_call_sbr": "saber",
    "mainnet_income_call_ftt": "ftx-token",
    "mainnet_income_put_mngo": "usd-coin",
    "mainnet_income_call_luna": "terra-luna",
    "mainnet_income_put_luna": "terrausd",
    "mainnet_income_call_socean": "socean-staked-sol",
    "mainnet_income_call_srm": "serum",
    "mainnet_income_call_mngo": "mango-markets",
    "mainnet_income_call_ray": "raydium",
    "mainnet_income_call_eth": "ethereum",
    "mainnet_income_put_sol": "usd-coin",
    "mainnet_income_put_btc": "usd-coin"
  }
}