{
  "totalTvlUSD": 114768138.92,
  "coinsByCoingeckoId": {
    "solana": 166684.34001187,
    "msol": 161392.12522528,
    "bitcoin": 422.056814,
    "saber": 19999999.492037,
    "ftx-token": 68338.645616,
    "terra-luna": 76894.342389,
    "terrausd": 48190.657877,
    "usd-coin": 12785700.77445,
    "socean-staked-sol": 10999.987641614,
    "serum": 4201082.135788,
    "mango-markets": 8829981.11981,
    "raydium": 18007.15737,
    "ethereum": 1739.634919
  },
  "pricesByCoingeckoId": {
    "BTC": 42852,
    "SOL": 147.94,
    "ETH": 3326.44,
    "mSOL": 152.04,
    "FTT": 45.86,
    "SRM": 3.17,
    "USDC": 1,
    "MNGO": 0.198416,
    "scnSOL": 151.97,
    "SBR": 0.116898,
    "LUNA": 85.23,
    "UST": 0.998671,
    "RAY": 5.41
  },
  "sharePricesByGlobalId": {
    "mainnet_income_call_sol": 1.04444,
    "mainnet_income_call_marinade": 1.03017,
    "mainnet_income_call_btc": 1.06814,
    "mainnet_income_call_sbr": 1.04667,
    "mainnet_income_call_ftt": 1.02068,
    "mainnet_income_call_luna": 1.02692,
    "mainnet_income_put_luna": 1,
    "mainnet_income_put_mngo": 1.00201,
    "mainnet_income_call_socean": 1.01629,
    "mainnet_income_call_srm": 1.01304,
    "mainnet_income_call_mngo": 1.01322,
    "mainnet_income_call_ray": 1.00275,
    "mainnet_income_call_eth": 1.01502,
    "mainnet_income_put_sol": 1.00281,
    "mainnet_income_put_btc": 1.00329
  },
  "depositTokenByGlobalId": {
    "mainnet_income_call_sol": 166684.34001187,
    "mainnet_income_call_marinade": 161392.12522528,
    "mainnet_income_call_btc": 422.056814,
    "mainnet_income_call_sbr": 19999999.492037,
    "mainnet_income_call_ftt": 68338.645616,
    "mainnet_income_call_luna": 76894.342389,
    "mainnet_income_put_luna": 48190.657877,
    "mainnet_income_put_mngo": 392132.07,
    "mainnet_income_call_socean": 10999.987641614,
    "mainnet_income_call_srm": 4201082.135788,
    "mainnet_income_call_mngo": 8829981.11981,
    "mainnet_income_call_ray": 18007.15737,
    "mainnet_income_call_eth": 1739.634919,
    "mainnet_income_put_sol": 11269084.57,
    "mainnet_income_put_btc": 1124484.14
  },
  "usdValueByGlobalId": {
    "mainnet_income_call_sol": 24659281.26,
    "mainnet_income_call_marinade": 24538058.72,
    "mainnet_income_call_btc": 18085978.59,
    "mainnet_income_call_sbr": 2337959.94,
    "mainnet_income_call_ftt": 3134010.29,
    "mainnet_income_call_luna": 6553704.8,
    "mainnet_income_put_luna": 48126.61,
    "mainnet_income_put_mngo": 392132.07,
    "mainnet_income_call_socean": 1671668.12,
    "mainnet_income_call_srm": 13317430.37,
    "mainnet_income_call_mngo": 1752009.53,
    "mainnet_income_call_ray": 97418.72,
    "mainnet_income_call_eth": 5786791.18,
    "mainnet_income_put_sol": 11269084.57,
    "mainnet_income_put_btc": 1124484.14
  },
  "globalIdToDepositTokenCoingeckoId": {
    "mainnet_income_call_sol": "solana",
    "mainnet_income_call_marinade": "msol",
    "mainnet_income_call_btc": "bitcoin",
    "mainnet_income_call_sbr": "saber",
    "mainnet_income_call_ftt": "ftx-token",
    "mainnet_income_call_luna": "terra-luna",
    "mainnet_income_put_luna": "terrausd",
    "mainnet_income_put_mngo": "usd-coin",
    "mainnet_income_call_socean": "socean-staked-sol",
    "mainnet_income_call_srm": "serum",
    "mainnet_income_call_mngo": "mango-markets",
    "mainnet_income_call_ray": "raydium",
    "mainnet_income_call_eth": "ethereum",
    "mainnet_income_put_sol": "usd-coin",
    "mainnet_income_put_btc": "usd-coin"
  }
}