{
  "totalTvlUSD": 111477946.15,
  "coinsByCoingeckoId": {
    "solana": 174187.20747887,
    "msol": 163938.58740872,
    "bitcoin": 428.757717,
    "saber": 19999999.54855,
    "ftx-token": 73726.016683,
    "terra-luna": 85140.173618,
    "terrausd": 153543.544231,
    "usd-coin": 13108536.102541998,
    "socean-staked-sol": 10999.997467117,
    "serum": 4207745.074878,
    "mango-markets": 9018452.757475,
    "raydium": 20340.614628,
    "ethereum": 1766.572235
  },
  "pricesByCoingeckoId": {
    "BTC": 41653,
    "SOL": 137.14,
    "ETH": 3118.01,
    "mSOL": 140.65,
    "FTT": 43.5,
    "SRM": 2.95,
    "USDC": 1,
    "MNGO": 0.200164,
    "scnSOL": 140.26,
    "SBR": 0.110583,
    "LUNA": 77.76,
    "UST": 1,
    "RAY": 5.04
  },
  "sharePricesByGlobalId": {
    "mainnet_income_call_sol": 1.05342,
    "mainnet_income_call_marinade": 1.03017,
    "mainnet_income_call_btc": 1.06976,
    "mainnet_income_call_sbr": 1.04667,
    "mainnet_income_call_ftt": 1.02068,
    "mainnet_income_call_luna": 1.02692,
    "mainnet_income_put_luna": 1,
    "mainnet_income_put_mngo": 1.00201,
    "mainnet_income_call_socean": 1.01629,
    "mainnet_income_call_srm": 1.01304,
    "mainnet_income_call_mngo": 1.01322,
    "mainnet_income_call_ray": 1.00275,
    "mainnet_income_call_eth": 1.01667,
    "mainnet_income_put_sol": 1.00281,
    "mainnet_income_put_btc": 1.00329
  },
  "depositTokenByGlobalId": {
    "mainnet_income_call_sol": 174187.20747887,
    "mainnet_income_call_marinade": 163938.58740872,
    "mainnet_income_call_btc": 428.757717,
    "mainnet_income_call_sbr": 19999999.54855,
    "mainnet_income_call_ftt": 73726.016683,
    "mainnet_income_call_luna": 85140.173618,
    "mainnet_income_put_luna": 153543.544231,
    "mainnet_income_put_mngo": 397677.27,
    "mainnet_income_call_socean": 10999.997467117,
    "mainnet_income_call_srm": 4207745.074878,
    "mainnet_income_call_mngo": 9018452.757475,
    "mainnet_income_call_ray": 20340.614628,
    "mainnet_income_call_eth": 1766.572235,
    "mainnet_income_put_sol": 11585054.8,
    "mainnet_income_put_btc": 1125804.04
  },
  "usdValueByGlobalId": {
    "mainnet_income_call_sol": 23888033.63,
    "mainnet_income_call_marinade": 23057962.32,
    "mainnet_income_call_btc": 17859045.19,
    "mainnet_income_call_sbr": 2211659.95,
    "mainnet_income_call_ftt": 3207081.73,
    "mainnet_income_call_luna": 6620499.9,
    "mainnet_income_put_luna": 153543.54,
    "mainnet_income_put_mngo": 397677.27,
    "mainnet_income_call_socean": 1542859.64,
    "mainnet_income_call_srm": 12412847.97,
    "mainnet_income_call_mngo": 1805169.58,
    "mainnet_income_call_ray": 102516.7,
    "mainnet_income_call_eth": 5508189.89,
    "mainnet_income_put_sol": 11585054.8,
    "mainnet_income_put_btc": 1125804.04
  },
  "globalIdToDepositTokenCoingeckoId": {
    "mainnet_income_call_sol": "solana",
    "mainnet_income_call_marinade": "msol",
    "mainnet_income_call_btc": "bitcoin",
    "mainnet_income_call_sbr": "saber",
    "mainnet_income_call_ftt": "ftx-token",
    "mainnet_income_call_luna": "terra-luna",
    "mainnet_income_put_luna": "terrausd",
    "mainnet_income_put_mngo": "usd-coin",
    "mainnet_income_call_socean": "socean-staked-sol",
    "mainnet_income_call_srm": "serum",
    "mainnet_income_call_mngo": "mango-markets",
    "mainnet_income_call_ray": "raydium",
    "mainnet_income_call_eth": "ethereum",
    "mainnet_income_put_sol": "usd-coin",
    "mainnet_income_put_btc": "usd-coin"
  }
}