{
  "totalTvlUSD": 111692693.88,
  "coinsByCoingeckoId": {
    "solana": 175702.07047887,
    "msol": 164083.374058515,
    "bitcoin": 428.874902,
    "saber": 19999999.760273,
    "ftx-token": 74872.116148,
    "terra-luna": 85652.145631,
    "terrausd": 157594.185573,
    "usd-coin": 13247735.450761,
    "socean-staked-sol": 10999.999467117,
    "serum": 4208232.150581,
    "mango-markets": 9033249.268517,
    "raydium": 20598.053884,
    "ethereum": 1788.487625
  },
  "pricesByCoingeckoId": {
    "BTC": 41982,
    "SOL": 135.51,
    "ETH": 3112.67,
    "mSOL": 138.96,
    "FTT": 44.43,
    "SRM": 2.91,
    "USDC": 1,
    "MNGO": 0.198813,
    "scnSOL": 139.12,
    "SBR": 0.113214,
    "LUNA": 79.85,
    "UST": 1,
    "RAY": 4.98
  },
  "sharePricesByGlobalId": {
    "mainnet_income_call_sol": 1.05342,
    "mainnet_income_call_marinade": 1.03017,
    "mainnet_income_call_btc": 1.06976,
    "mainnet_income_call_sbr": 1.04667,
    "mainnet_income_call_ftt": 1.02068,
    "mainnet_income_call_luna": 1.02692,
    "mainnet_income_put_luna": 1,
    "mainnet_income_put_mngo": 1.00201,
    "mainnet_income_call_socean": 1.01629,
    "mainnet_income_call_srm": 1.01304,
    "mainnet_income_call_mngo": 1.01322,
    "mainnet_income_call_ray": 1.00275,
    "mainnet_income_call_eth": 1.01667,
    "mainnet_income_put_sol": 1.00281,
    "mainnet_income_put_btc": 1.00329
  },
  "depositTokenByGlobalId": {
    "mainnet_income_call_sol": 175702.07047887,
    "mainnet_income_call_marinade": 164083.374058515,
    "mainnet_income_call_btc": 428.874902,
    "mainnet_income_call_sbr": 19999999.760273,
    "mainnet_income_call_ftt": 74872.116148,
    "mainnet_income_call_luna": 85652.145631,
    "mainnet_income_put_luna": 157594.185573,
    "mainnet_income_put_mngo": 397677.27,
    "mainnet_income_call_socean": 10999.999467117,
    "mainnet_income_call_srm": 4208232.150581,
    "mainnet_income_call_mngo": 9033249.268517,
    "mainnet_income_call_ray": 20598.053884,
    "mainnet_income_call_eth": 1788.487625,
    "mainnet_income_put_sol": 11724254.14,
    "mainnet_income_put_btc": 1125804.04
  },
  "usdValueByGlobalId": {
    "mainnet_income_call_sol": 23809387.57,
    "mainnet_income_call_marinade": 22801025.66,
    "mainnet_income_call_btc": 18005026.14,
    "mainnet_income_call_sbr": 2264279.97,
    "mainnet_income_call_ftt": 3326568.12,
    "mainnet_income_call_luna": 6839323.83,
    "mainnet_income_put_luna": 157594.19,
    "mainnet_income_put_mngo": 397677.27,
    "mainnet_income_call_socean": 1530319.93,
    "mainnet_income_call_srm": 12245955.56,
    "mainnet_income_call_mngo": 1795927.39,
    "mainnet_income_call_ray": 102578.31,
    "mainnet_income_call_eth": 5566971.78,
    "mainnet_income_put_sol": 11724254.14,
    "mainnet_income_put_btc": 1125804.04
  },
  "globalIdToDepositTokenCoingeckoId": {
    "mainnet_income_call_sol": "solana",
    "mainnet_income_call_marinade": "msol",
    "mainnet_income_call_btc": "bitcoin",
    "mainnet_income_call_sbr": "saber",
    "mainnet_income_call_ftt": "ftx-token",
    "mainnet_income_call_luna": "terra-luna",
    "mainnet_income_put_luna": "terrausd",
    "mainnet_income_put_mngo": "usd-coin",
    "mainnet_income_call_socean": "socean-staked-sol",
    "mainnet_income_call_srm": "serum",
    "mainnet_income_call_mngo": "mango-markets",
    "mainnet_income_call_ray": "raydium",
    "mainnet_income_call_eth": "ethereum",
    "mainnet_income_put_sol": "usd-coin",
    "mainnet_income_put_btc": "usd-coin"
  }
}