{
  "totalTvlUSD": 111631111.61,
  "coinsByCoingeckoId": {
    "solana": 146658.114859574,
    "msol": 157383.859713652,
    "bitcoin": 413.722282,
    "saber": 20000000,
    "ftx-token": 80516.482903,
    "usd-coin": 15463664.487868,
    "terra-luna": 69016.741415,
    "socean-staked-sol": 10525.344352555,
    "serum": 4033017.937429,
    "mango-markets": 8051103.116594,
    "raydium": 19383.995558,
    "ethereum": 1693.281505
  },
  "pricesByCoingeckoId": {
    "BTC": 42956,
    "SOL": 149.35,
    "ETH": 3309.44,
    "mSOL": 152.7,
    "FTT": 42.81,
    "SRM": 3.18,
    "USDC": 1,
    "MNGO": 0.199118,
    "scnSOL": 152.14,
    "SBR": 0.084382,
    "LUNA": 80.96,
    "RAY": 5.38
  },
  "sharePricesByGlobalId": {
    "mainnet_income_call_sol": 1.04513,
    "mainnet_income_call_marinade": 1.03062,
    "mainnet_income_call_btc": 1.06847,
    "mainnet_income_call_sbr": 1.05102,
    "mainnet_income_call_ftt": 1.02095,
    "mainnet_income_put_mngo": 1,
    "mainnet_income_call_luna": 1.02766,
    "mainnet_income_call_socean": 1.01667,
    "mainnet_income_call_srm": 1.01356,
    "mainnet_income_call_mngo": 1.0133,
    "mainnet_income_call_ray": 1.00283,
    "mainnet_income_call_eth": 1.01536,
    "mainnet_income_put_sol": 0.99999,
    "mainnet_income_put_btc": 1
  },
  "depositTokenByGlobalId": {
    "mainnet_income_call_sol": 146658.114859574,
    "mainnet_income_call_marinade": 157383.859713652,
    "mainnet_income_call_btc": 413.722282,
    "mainnet_income_call_sbr": 20000000,
    "mainnet_income_call_ftt": 80516.482903,
    "mainnet_income_put_mngo": 465005.97,
    "mainnet_income_call_luna": 69016.741415,
    "mainnet_income_call_socean": 10525.344352555,
    "mainnet_income_call_srm": 4033017.937429,
    "mainnet_income_call_mngo": 8051103.116594,
    "mainnet_income_call_ray": 19383.995558,
    "mainnet_income_call_eth": 1693.281505,
    "mainnet_income_put_sol": 12632638.73,
    "mainnet_income_put_btc": 2366019.79
  },
  "usdValueByGlobalId": {
    "mainnet_income_call_sol": 21903389.45,
    "mainnet_income_call_marinade": 24032515.38,
    "mainnet_income_call_btc": 17771854.35,
    "mainnet_income_call_sbr": 1687640,
    "mainnet_income_call_ftt": 3446910.63,
    "mainnet_income_put_mngo": 465005.97,
    "mainnet_income_call_luna": 5587595.38,
    "mainnet_income_call_socean": 1601325.89,
    "mainnet_income_call_srm": 12824997.04,
    "mainnet_income_call_mngo": 1603119.55,
    "mainnet_income_call_ray": 104285.9,
    "mainnet_income_call_eth": 5603813.54,
    "mainnet_income_put_sol": 12632638.73,
    "mainnet_income_put_btc": 2366019.79
  },
  "globalIdToDepositTokenCoingeckoId": {
    "mainnet_income_call_sol": "solana",
    "mainnet_income_call_marinade": "msol",
    "mainnet_income_call_btc": "bitcoin",
    "mainnet_income_call_sbr": "saber",
    "mainnet_income_call_ftt": "ftx-token",
    "mainnet_income_put_mngo": "usd-coin",
    "mainnet_income_call_luna": "terra-luna",
    "mainnet_income_call_socean": "socean-staked-sol",
    "mainnet_income_call_srm": "serum",
    "mainnet_income_call_mngo": "mango-markets",
    "mainnet_income_call_ray": "raydium",
    "mainnet_income_call_eth": "ethereum",
    "mainnet_income_put_sol": "usd-coin",
    "mainnet_income_put_btc": "usd-coin"
  }
}