{
  "totalTvlUSD": 89788707.09,
  "coinsByCoingeckoId": {
    "solana": 190238.491008812,
    "msol": 163904.001405268,
    "bitcoin": 435.853472,
    "saber": 19999960.611103,
    "ftx-token": 67014.245904,
    "terra-luna": 84028.720759,
    "terrausd": 214767.422522,
    "usd-coin": 14298303.265914999,
    "socean-staked-sol": 10999.999764954,
    "serum": 4236230.33355,
    "mango-markets": 7874157.260761,
    "raydium": 21726.294011,
    "ethereum": 1768.087552
  },
  "pricesByCoingeckoId": {
    "BTC": 37501,
    "SOL": 94.68,
    "ETH": 2463.96,
    "mSOL": 97.18,
    "FTT": 36.61,
    "SRM": 2.17,
    "USDC": 1,
    "MNGO": 0.15519,
    "scnSOL": 97.08,
    "SBR": 0.06781,
    "LUNA": 62.65,
    "UST": 0.995807,
    "RAY": 3.62
  },
  "sharePricesByGlobalId": {
    "mainnet_income_call_sol": 1.05252,
    "mainnet_income_call_marinade": 1.03727,
    "mainnet_income_call_btc": 1.0696,
    "mainnet_income_call_sbr": 1.05044,
    "mainnet_income_call_ftt": 1.02696,
    "mainnet_income_call_luna": 1.0374,
    "mainnet_income_put_luna": 1,
    "mainnet_income_put_mngo": 1.00322,
    "mainnet_income_call_socean": 1.02395,
    "mainnet_income_call_srm": 1.02041,
    "mainnet_income_call_mngo": 1.01533,
    "mainnet_income_call_ray": 1.01764,
    "mainnet_income_call_eth": 1.0165,
    "mainnet_income_put_sol": 1.01183,
    "mainnet_income_put_btc": 1.00606
  },
  "depositTokenByGlobalId": {
    "mainnet_income_call_sol": 190238.491008812,
    "mainnet_income_call_marinade": 163904.001405268,
    "mainnet_income_call_btc": 435.853472,
    "mainnet_income_call_sbr": 19999960.611103,
    "mainnet_income_call_ftt": 67014.245904,
    "mainnet_income_call_luna": 84028.720759,
    "mainnet_income_put_luna": 214767.422522,
    "mainnet_income_put_mngo": 249435.27,
    "mainnet_income_call_socean": 10999.999764954,
    "mainnet_income_call_srm": 4236230.33355,
    "mainnet_income_call_mngo": 7874157.260761,
    "mainnet_income_call_ray": 21726.294011,
    "mainnet_income_call_eth": 1768.087552,
    "mainnet_income_put_sol": 12910146.47,
    "mainnet_income_put_btc": 1138721.52
  },
  "usdValueByGlobalId": {
    "mainnet_income_call_sol": 18011780.33,
    "mainnet_income_call_marinade": 15928190.86,
    "mainnet_income_call_btc": 16344941.05,
    "mainnet_income_call_sbr": 1356197.33,
    "mainnet_income_call_ftt": 2453391.54,
    "mainnet_income_call_luna": 5264399.36,
    "mainnet_income_put_luna": 213866.9,
    "mainnet_income_put_mngo": 249435.27,
    "mainnet_income_call_socean": 1067879.98,
    "mainnet_income_call_srm": 9192619.82,
    "mainnet_income_call_mngo": 1221990.47,
    "mainnet_income_call_ray": 78649.18,
    "mainnet_income_call_eth": 4356497,
    "mainnet_income_put_sol": 12910146.47,
    "mainnet_income_put_btc": 1138721.52
  },
  "globalIdToDepositTokenCoingeckoId": {
    "mainnet_income_call_sol": "solana",
    "mainnet_income_call_marinade": "msol",
    "mainnet_income_call_btc": "bitcoin",
    "mainnet_income_call_sbr": "saber",
    "mainnet_income_call_ftt": "ftx-token",
    "mainnet_income_call_luna": "terra-luna",
    "mainnet_income_put_luna": "terrausd",
    "mainnet_income_put_mngo": "usd-coin",
    "mainnet_income_call_socean": "socean-staked-sol",
    "mainnet_income_call_srm": "serum",
    "mainnet_income_call_mngo": "mango-markets",
    "mainnet_income_call_ray": "raydium",
    "mainnet_income_call_eth": "ethereum",
    "mainnet_income_put_sol": "usd-coin",
    "mainnet_income_put_btc": "usd-coin"
  }
}