{
  "updateTime": 1643961096,
  "totalTvlUSD": 98471091.82,
  "coinsByCoingeckoId": {
    "solana": 232020.867915986,
    "msol": 118454.246272197,
    "bitcoin": 585.386276,
    "saber": 20000000,
    "ftx-token": 76846.880303,
    "terra-luna": 91223.638173,
    "terrausd": 200736.34838,
    "usd-coin": 12363016.685215002,
    "socean-staked-sol": 10113.30691954,
    "serum": 4282443.012682,
    "mango-markets": 7968101.645276,
    "raydium": 24203.434097,
    "ethereum": 1763.214411
  },
  "pricesByCoingeckoId": {
    "BTC": 37934,
    "SOL": 105.19,
    "ETH": 2805.44,
    "mSOL": 108.56,
    "FTT": 43.68,
    "SRM": 2.32,
    "USDC": 1,
    "MNGO": 0.147634,
    "scnSOL": 107.89,
    "SBR": 0.057774,
    "LUNA": 51.35,
    "UST": 1,
    "RAY": 3.71
  },
  "sharePricesByGlobalId": {
    "mainnet_income_call_sol": 1.06779,
    "mainnet_income_call_marinade": 1.04482,
    "mainnet_income_call_btc": 1.07576,
    "mainnet_income_call_sbr": 1.05443,
    "mainnet_income_call_ftt": 1.03735,
    "mainnet_income_call_luna": 1.05428,
    "mainnet_income_put_luna": 1.00761,
    "mainnet_income_put_mngo": 0.95984,
    "mainnet_income_call_socean": 1.03112,
    "mainnet_income_call_srm": 1.02775,
    "mainnet_income_call_mngo": 1.01942,
    "mainnet_income_call_ray": 1.02439,
    "mainnet_income_call_eth": 1.02351,
    "mainnet_income_put_sol": 0.93737,
    "mainnet_income_put_btc": 1.01599,
    "mainnet_income_put_eth": 1
  },
  "depositTokenByGlobalId": {
    "mainnet_income_call_sol": 232020.867915986,
    "mainnet_income_call_marinade": 118454.246272197,
    "mainnet_income_call_btc": 585.386276,
    "mainnet_income_call_sbr": 20000000,
    "mainnet_income_call_ftt": 76846.880303,
    "mainnet_income_call_luna": 91223.638173,
    "mainnet_income_put_luna": 200736.34838,
    "mainnet_income_put_mngo": 150898.24,
    "mainnet_income_call_socean": 10113.30691954,
    "mainnet_income_call_srm": 4282443.012682,
    "mainnet_income_call_mngo": 7968101.645276,
    "mainnet_income_call_ray": 24203.434097,
    "mainnet_income_call_eth": 1763.214411,
    "mainnet_income_put_sol": 10721343.84,
    "mainnet_income_put_btc": 1204400.71,
    "mainnet_income_put_eth": 286373.89
  },
  "usdValueByGlobalId": {
    "mainnet_income_call_sol": 24406275.1,
    "mainnet_income_call_marinade": 12859392.98,
    "mainnet_income_call_btc": 22206042.99,
    "mainnet_income_call_sbr": 1155480,
    "mainnet_income_call_ftt": 3356671.73,
    "mainnet_income_call_luna": 4684333.82,
    "mainnet_income_put_luna": 200736.35,
    "mainnet_income_put_mngo": 150898.24,
    "mainnet_income_call_socean": 1091124.68,
    "mainnet_income_call_srm": 9935267.79,
    "mainnet_income_call_mngo": 1176362.72,
    "mainnet_income_call_ray": 89794.74,
    "mainnet_income_call_eth": 4946592.24,
    "mainnet_income_put_sol": 10721343.84,
    "mainnet_income_put_btc": 1204400.71,
    "mainnet_income_put_eth": 286373.89
  },
  "globalIdToDepositTokenCoingeckoId": {
    "mainnet_income_call_sol": "solana",
    "mainnet_income_call_marinade": "msol",
    "mainnet_income_call_btc": "bitcoin",
    "mainnet_income_call_sbr": "saber",
    "mainnet_income_call_ftt": "ftx-token",
    "mainnet_income_call_luna": "terra-luna",
    "mainnet_income_put_luna": "terrausd",
    "mainnet_income_put_mngo": "usd-coin",
    "mainnet_income_call_socean": "socean-staked-sol",
    "mainnet_income_call_srm": "serum",
    "mainnet_income_call_mngo": "mango-markets",
    "mainnet_income_call_ray": "raydium",
    "mainnet_income_call_eth": "ethereum",
    "mainnet_income_put_sol": "usd-coin",
    "mainnet_income_put_btc": "usd-coin",
    "mainnet_income_put_eth": "usd-coin"
  },
  "apyByGlobalId": {
    "mainnet_income_call_sol": 47.56698231735526,
    "mainnet_income_call_marinade": 34.52891052312406,
    "mainnet_income_call_btc": 22.51721317589241,
    "mainnet_income_call_sbr": 70.16261395046638,
    "mainnet_income_call_ftt": 54.67731555403599,
    "mainnet_income_call_luna": 75.26968877922639,
    "mainnet_income_put_luna": 37.314707143449446,
    "mainnet_income_put_mngo": 20.859137102827475,
    "mainnet_income_call_socean": 42.97715116053488,
    "mainnet_income_call_srm": 34.21820571774542,
    "mainnet_income_call_mngo": 25.46401966947792,
    "mainnet_income_call_ray": 42.9401428022028,
    "mainnet_income_call_eth": 20.733619294649845,
    "mainnet_income_put_sol": 38.02820535637894,
    "mainnet_income_put_btc": 16.783867146910225,
    "mainnet_income_put_eth": 37.6
  },
  "allMainnetVolts": [
    {
      "globalId": "mainnet_income_call_btc",
      "voltVaultId": "CdZ1Mgo3927bsYdKK5rnzGtwek3NLWdvoTSSm2TJjdqW",
      "quoteMint": "EPjFWdd5AufqSSqeM2qN1xzybapC8G4wEGGkZwyTDt1v",
      "underlyingMint": "9n4nbM75f5Ui33ZbPYXn59EwSgE8CGsHtAeTH5YFeJ9E",
      "depositTokenMint": "9n4nbM75f5Ui33ZbPYXn59EwSgE8CGsHtAeTH5YFeJ9E",
      "shareTokenMint": "3BjcHXvyzMsjmeqE2qFLx45K4XFx3JPiyRnjJiF5MAHt",
      "shareTokenSymbol": "fcBTC",
      "shareTokenDecimals": 6,
      "depositPool": "A57Bn4Sj6o9H3U9wmU9GAvNdyTSS3P1pmkWRkAgNHXLK",
      "premiumPool": "7ULgSWrAaKvK7iWawFVGW6km7hqAfG1Zpb1zsQemfPh6",
      "depositTokenSymbol": "BTC",
      "depositTokenCoingeckoId": "bitcoin",
      "underlyingTokenSymbol": "BTC",
      "underlyingTokenCoingeckoId": "bitcoin",
      "voltType": 1,
      "apy": 22.51721317589241
    },
    {
      "globalId": "mainnet_income_call_sol",
      "voltVaultId": "CbPemKEEe7Y7YgBmYtFaZiECrVTP5sGrYzrrrviSewKY",
      "quoteMint": "EPjFWdd5AufqSSqeM2qN1xzybapC8G4wEGGkZwyTDt1v",
      "underlyingMint": "So11111111111111111111111111111111111111112",
      "depositTokenMint": "So11111111111111111111111111111111111111112",
      "shareTokenMint": "4Hnh1UCC6HLzx9NaGKnTVHR2bANcRrhydumdHCnrT3i2",
      "shareTokenSymbol": "fcSOL",
      "shareTokenDecimals": 9,
      "depositPool": "unrWTSSfz6H7DzYYHRTuTCK3yVzR1YUNqUn7xWwr4Z5",
      "premiumPool": "Dq3ZMPnpXqxqRmMaLKdGphsX7M1bxccaNuWHiqDkceSY",
      "depositTokenSymbol": "SOL",
      "depositTokenCoingeckoId": "solana",
      "underlyingTokenSymbol": "SOL",
      "underlyingTokenCoingeckoId": "solana",
      "voltType": 1,
      "apy": 47.56698231735526
    },
    {
      "globalId": "mainnet_income_call_marinade",
      "voltVaultId": "9RcdLHX8rkfjo4ze2uyvhfQGjX6wAZtbvmBf3aK6wqrG",
      "quoteMint": "EPjFWdd5AufqSSqeM2qN1xzybapC8G4wEGGkZwyTDt1v",
      "underlyingMint": "mSoLzYCxHdYgdzU16g5QSh3i5K3z3KZK7ytfqcJm7So",
      "depositTokenMint": "mSoLzYCxHdYgdzU16g5QSh3i5K3z3KZK7ytfqcJm7So",
      "shareTokenMint": "6UA3yn28XecAHLTwoCtjfzy3WcyQj1x13bxnH8urUiKt",
      "shareTokenSymbol": "fcmSOL",
      "shareTokenDecimals": 9,
      "depositPool": "CeR66gft7PRuaNxUVrekexGt6PQvsWFcLhrYFmzWzqPZ",
      "premiumPool": "6mGFgUHBfaEXWSLn5b9udZbeFcq44nzu17eWnpCD21va",
      "depositTokenSymbol": "mSOL",
      "depositTokenCoingeckoId": "msol",
      "underlyingTokenSymbol": "mSOL",
      "underlyingTokenCoingeckoId": "msol",
      "voltType": 1,
      "apy": 34.52891052312406
    },
    {
      "globalId": "mainnet_income_call_eth",
      "voltVaultId": "A2jbvwftkAzU5hLUmBePdfqZQsop7jydZirLS5NsRVtx",
      "quoteMint": "EPjFWdd5AufqSSqeM2qN1xzybapC8G4wEGGkZwyTDt1v",
      "underlyingMint": "2FPyTwcZLUg1MDrwsyoP4D6s1tM7hAkHYRjkNb5w6Pxk",
      "depositTokenMint": "2FPyTwcZLUg1MDrwsyoP4D6s1tM7hAkHYRjkNb5w6Pxk",
      "shareTokenMint": "GjnoPUjQiEUYWuKAbMax2cM1Eony8Yutc133wuSun9hS",
      "shareTokenSymbol": "fcETH",
      "shareTokenDecimals": 6,
      "depositPool": "6n9UCuP8HAvusfTWET5ck7fmyfSis7ND5BXzme59wJsE",
      "premiumPool": "bQHPBzL8K9jtByXqpcUi4RXU7Nc4XuwLMXLosptAfJX",
      "depositTokenSymbol": "ETH",
      "depositTokenCoingeckoId": "ethereum",
      "underlyingTokenSymbol": "ETH",
      "underlyingTokenCoingeckoId": "ethereum",
      "voltType": 1,
      "apy": 20.733619294649845
    },
    {
      "globalId": "mainnet_income_call_ftt",
      "voltVaultId": "8qjBanq5cxc3FzsaEznKfpsbPwfMVoB6AxLXY7pe3fEX",