{
  "totalTvlUSD": 96226983.04,
  "coinsByCoingeckoId": {
    "solana": 133372.031759574,
    "msol": 145482.524068569,
    "bitcoin": 369.503559,
    "saber": 11000000,
    "ftx-token": 76427.928336,
    "usd-coin": 13185755.701343002,
    "terra-luna": 57235.21357,
    "socean-staked-sol": 7236.363601505,
    "serum": 3974874.806404,
    "mango-markets": 5999999.159277,
    "raydium": 19310.493998,
    "ethereum": 1481.524668
  },
  "pricesByCoingeckoId": {
    "BTC": 42877,
    "SOL": 140.5,
    "ETH": 3249.6,
    "mSOL": 144.07,
    "FTT": 39.85,
    "SRM": 3.04,
    "USDC": 1,
    "MNGO": 0.208719,
    "scnSOL": 143.27,
    "SBR": 0.087327,
    "LUNA": 73.43,
    "RAY": 5.36
  },
  "sharePricesByGlobalId": {
    "mainnet_income_call_sol": 1.03708,
    "mainnet_income_call_marinade": 1.02581,
    "mainnet_income_call_btc": 1.0644,
    "mainnet_income_call_sbr": 1,
    "mainnet_income_call_ftt": 1.01481,
    "mainnet_income_put_mngo": 1.00062,
    "mainnet_income_call_luna": 1.01873,
    "mainnet_income_call_socean": 1.01266,
    "mainnet_income_call_srm": 1.00834,
    "mainnet_income_call_mngo": 1.01232,
    "mainnet_income_call_ray": 1,
    "mainnet_income_call_eth": 1.01181,
    "mainnet_income_put_sol": 1.00376,
    "mainnet_income_put_btc": 1
  },
  "depositTokenByGlobalId": {
    "mainnet_income_call_sol": 133372.031759574,
    "mainnet_income_call_marinade": 145482.524068569,
    "mainnet_income_call_btc": 369.503559,
    "mainnet_income_call_sbr": 11000000,
    "mainnet_income_call_ftt": 76427.928336,
    "mainnet_income_put_mngo": 429859.76,
    "mainnet_income_call_luna": 57235.21357,
    "mainnet_income_call_socean": 7236.363601505,
    "mainnet_income_call_srm": 3974874.806404,
    "mainnet_income_call_mngo": 5999999.159277,
    "mainnet_income_call_ray": 19310.493998,
    "mainnet_income_call_eth": 1481.524668,
    "mainnet_income_put_sol": 10401518.15,
    "mainnet_income_put_btc": 2354377.79
  },
  "usdValueByGlobalId": {
    "mainnet_income_call_sol": 18738770.46,
    "mainnet_income_call_marinade": 20959667.24,
    "mainnet_income_call_btc": 15843204.1,
    "mainnet_income_call_sbr": 960597,
    "mainnet_income_call_ftt": 3045652.94,
    "mainnet_income_put_mngo": 429859.76,
    "mainnet_income_call_luna": 4202781.73,
    "mainnet_income_call_socean": 1036753.81,
    "mainnet_income_call_srm": 12083619.41,
    "mainnet_income_call_mngo": 1252313.82,
    "mainnet_income_call_ray": 103504.25,
    "mainnet_income_call_eth": 4814362.56,
    "mainnet_income_put_sol": 10401518.15,
    "mainnet_income_put_btc": 2354377.79
  }
}