{
  "totalTvlUSD": 88574981.85,
  "coinsByCoingeckoId": {
    "solana": 189368.523008812,
    "msol": 163056.359403509,
    "bitcoin": 435.584237,
    "saber": 19999254.621626,
    "ftx-token": 66633.57379,
    "terra-luna": 82252.868929,
    "terrausd": 211840.021503,
    "usd-coin": 14315953.100442,
    "socean-staked-sol": 10999.999764954,
    "serum": 4235224.36262,
    "mango-markets": 7840231.792677,
    "raydium": 21625.256316,
    "ethereum": 1767.814046
  },
  "pricesByCoingeckoId": {
    "BTC": 36538,
    "SOL": 93.34,
    "ETH": 2440.88,
    "mSOL": 95.95,
    "FTT": 35.92,
    "SRM": 2.13,
    "USDC": 1,
    "MNGO": 0.152049,
    "scnSOL": 95.08,
    "SBR": 0.066111,
    "LUNA": 66.21,
    "UST": 1,
    "RAY": 3.48
  },
  "sharePricesByGlobalId": {
    "mainnet_income_call_sol": 1.05252,
    "mainnet_income_call_marinade": 1.03727,
    "mainnet_income_call_btc": 1.0696,
    "mainnet_income_call_sbr": 1.05044,
    "mainnet_income_call_ftt": 1.02696,
    "mainnet_income_call_luna": 1.0374,
    "mainnet_income_put_luna": 1,
    "mainnet_income_put_mngo": 1.00322,
    "mainnet_income_call_socean": 1.02395,
    "mainnet_income_call_srm": 1.02041,
    "mainnet_income_call_mngo": 1.01533,
    "mainnet_income_call_ray": 1.01764,
    "mainnet_income_call_eth": 1.0165,
    "mainnet_income_put_sol": 1.01183,
    "mainnet_income_put_btc": 1.00606
  },
  "depositTokenByGlobalId": {
    "mainnet_income_call_sol": 189368.523008812,
    "mainnet_income_call_marinade": 163056.359403509,
    "mainnet_income_call_btc": 435.584237,
    "mainnet_income_call_sbr": 19999254.621626,
    "mainnet_income_call_ftt": 66633.57379,
    "mainnet_income_call_luna": 82252.868929,
    "mainnet_income_put_luna": 211840.021503,
    "mainnet_income_put_mngo": 248683.41,
    "mainnet_income_call_socean": 10999.999764954,
    "mainnet_income_call_srm": 4235224.36262,
    "mainnet_income_call_mngo": 7840231.792677,
    "mainnet_income_call_ray": 21625.256316,
    "mainnet_income_call_eth": 1767.814046,
    "mainnet_income_put_sol": 12929058.76,
    "mainnet_income_put_btc": 1138210.93
  },
  "usdValueByGlobalId": {
    "mainnet_income_call_sol": 17675657.94,
    "mainnet_income_call_marinade": 15645257.68,
    "mainnet_income_call_btc": 15915376.85,
    "mainnet_income_call_sbr": 1322170.72,
    "mainnet_income_call_ftt": 2393477.97,
    "mainnet_income_call_luna": 5445962.45,
    "mainnet_income_put_luna": 211840.02,
    "mainnet_income_put_mngo": 248683.41,
    "mainnet_income_call_socean": 1045879.98,
    "mainnet_income_call_srm": 9021027.89,
    "mainnet_income_call_mngo": 1192099.4,
    "mainnet_income_call_ray": 75255.89,
    "mainnet_income_call_eth": 4315021.95,
    "mainnet_income_put_sol": 12929058.76,
    "mainnet_income_put_btc": 1138210.93
  },
  "globalIdToDepositTokenCoingeckoId": {
    "mainnet_income_call_sol": "solana",
    "mainnet_income_call_marinade": "msol",
    "mainnet_income_call_btc": "bitcoin",
    "mainnet_income_call_sbr": "saber",
    "mainnet_income_call_ftt": "ftx-token",
    "mainnet_income_call_luna": "terra-luna",
    "mainnet_income_put_luna": "terrausd",
    "mainnet_income_put_mngo": "usd-coin",
    "mainnet_income_call_socean": "socean-staked-sol",
    "mainnet_income_call_srm": "serum",
    "mainnet_income_call_mngo": "mango-markets",
    "mainnet_income_call_ray": "raydium",
    "mainnet_income_call_eth": "ethereum",
    "mainnet_income_put_sol": "usd-coin",
    "mainnet_income_put_btc": "usd-coin"
  }
}