{
  "totalTvlUSD": 32481582.85,
  "coinsByCoingeckoId": {
    "solana": 61807.415503664,
    "msol": 58939.339607449,
    "bitcoin": 147.805997,
    "ethereum": 88.664032,
    "ftx-token": 14919.888753,
    "serum": 92648.577971,
    "mango-markets": 507624.273138
  }
}