{
  "totalTvlUSD": 89272654.24,
  "coinsByCoingeckoId": {
    "solana": 196080.390008812,
    "msol": 166631.557997538,
    "bitcoin": 446.516599,
    "saber": 19999999.398257,
    "ftx-token": 67786.91977,
    "terra-luna": 91596.501118,
    "terrausd": 221093.379823,
    "usd-coin": 15592724.981081001,
    "socean-staked-sol": 11000,
    "serum": 4242136.367456,
    "mango-markets": 7875859.754746,
    "raydium": 23843.179952,
    "ethereum": 1775.982632
  },
  "pricesByCoingeckoId": {
    "BTC": 36926,
    "SOL": 89.05,
    "ETH": 2405.85,
    "mSOL": 91.47,
    "FTT": 38.04,
    "SRM": 2.11,
    "USDC": 1,
    "MNGO": 0.152595,
    "scnSOL": 90.94,
    "SBR": 0.064428,
    "LUNA": 53.41,
    "UST": 0.998408,
    "RAY": 3.49
  },
  "sharePricesByGlobalId": {
    "mainnet_income_call_sol": 1.05252,
    "mainnet_income_call_marinade": 1.03727,
    "mainnet_income_call_btc": 1.0696,
    "mainnet_income_call_sbr": 1.05044,
    "mainnet_income_call_ftt": 1.02696,
    "mainnet_income_call_luna": 1.0374,
    "mainnet_income_put_luna": 1,
    "mainnet_income_put_mngo": 1.00322,
    "mainnet_income_call_socean": 1.02395,
    "mainnet_income_call_srm": 1.02041,
    "mainnet_income_call_mngo": 1.01533,
    "mainnet_income_call_ray": 1.01764,
    "mainnet_income_call_eth": 1.0165,
    "mainnet_income_put_sol": 1.01183,
    "mainnet_income_put_btc": 1.00606
  },
  "depositTokenByGlobalId": {
    "mainnet_income_call_sol": 196080.390008812,
    "mainnet_income_call_marinade": 166631.557997538,
    "mainnet_income_call_btc": 446.516599,
    "mainnet_income_call_sbr": 19999999.398257,
    "mainnet_income_call_ftt": 67786.91977,
    "mainnet_income_call_luna": 91596.501118,
    "mainnet_income_put_luna": 221093.379823,
    "mainnet_income_put_mngo": 249437.37,
    "mainnet_income_call_socean": 11000,
    "mainnet_income_call_srm": 4242136.367456,
    "mainnet_income_call_mngo": 7875859.754746,
    "mainnet_income_call_ray": 23843.179952,
    "mainnet_income_call_eth": 1775.982632,
    "mainnet_income_put_sol": 14204564.08,
    "mainnet_income_put_btc": 1138723.52
  },
  "usdValueByGlobalId": {
    "mainnet_income_call_sol": 17460958.73,
    "mainnet_income_call_marinade": 15241788.61,
    "mainnet_income_call_btc": 16488071.93,
    "mainnet_income_call_sbr": 1288559.96,
    "mainnet_income_call_ftt": 2578614.43,
    "mainnet_income_call_luna": 4892169.12,
    "mainnet_income_put_luna": 220741.4,
    "mainnet_income_put_mngo": 249437.37,
    "mainnet_income_call_socean": 1000340,
    "mainnet_income_call_srm": 8950907.74,
    "mainnet_income_call_mngo": 1201816.82,
    "mainnet_income_call_ray": 83212.7,
    "mainnet_income_call_eth": 4272747.82,
    "mainnet_income_put_sol": 14204564.08,
    "mainnet_income_put_btc": 1138723.52
  },
  "globalIdToDepositTokenCoingeckoId": {
    "mainnet_income_call_sol": "solana",
    "mainnet_income_call_marinade": "msol",
    "mainnet_income_call_btc": "bitcoin",
    "mainnet_income_call_sbr": "saber",
    "mainnet_income_call_ftt": "ftx-token",
    "mainnet_income_call_luna": "terra-luna",
    "mainnet_income_put_luna": "terrausd",
    "mainnet_income_put_mngo": "usd-coin",
    "mainnet_income_call_socean": "socean-staked-sol",
    "mainnet_income_call_srm": "serum",
    "mainnet_income_call_mngo": "mango-markets",
    "mainnet_income_call_ray": "raydium",
    "mainnet_income_call_eth": "ethereum",
    "mainnet_income_put_sol": "usd-coin",
    "mainnet_income_put_btc": "usd-coin"
  }
}