{
  "totalTvlUSD": 83699631.04,
  "coinsByCoingeckoId": {
    "solana": 188562.522158812,
    "msol": 162372.599956998,
    "bitcoin": 433.249694,
    "saber": 19448847.153859,
    "ftx-token": 66493.416909,
    "terra-luna": 82993.633614,
    "terrausd": 207897.557509,
    "usd-coin": 14216451.605453,
    "socean-staked-sol": 10999.999764954,
    "serum": 4235169.905075,
    "mango-markets": 7839468.366552,
    "raydium": 21551.481969,
    "ethereum": 1770.30413
  },
  "pricesByCoingeckoId": {
    "BTC": 34236,
    "SOL": 87.13,
    "ETH": 2250.33,
    "mSOL": 89.62,
    "FTT": 32.63,
    "SRM": 2.02,
    "USDC": 1,
    "MNGO": 0.145667,
    "scnSOL": 86.98,
    "SBR": 0.06396,
    "LUNA": 64.31,
    "UST": 1.01,
    "RAY": 3.28
  },
  "sharePricesByGlobalId": {
    "mainnet_income_call_sol": 1.05252,
    "mainnet_income_call_marinade": 1.03727,
    "mainnet_income_call_btc": 1.0696,
    "mainnet_income_call_sbr": 1.05044,
    "mainnet_income_call_ftt": 1.02696,
    "mainnet_income_call_luna": 1.0374,
    "mainnet_income_put_luna": 1,
    "mainnet_income_put_mngo": 1.00322,
    "mainnet_income_call_socean": 1.02395,
    "mainnet_income_call_srm": 1.02041,
    "mainnet_income_call_mngo": 1.01533,
    "mainnet_income_call_ray": 1.01764,
    "mainnet_income_call_eth": 1.0165,
    "mainnet_income_put_sol": 1.01183,
    "mainnet_income_put_btc": 1.00606
  },
  "depositTokenByGlobalId": {
    "mainnet_income_call_sol": 188562.522158812,
    "mainnet_income_call_marinade": 162372.599956998,
    "mainnet_income_call_btc": 433.249694,
    "mainnet_income_call_sbr": 19448847.153859,
    "mainnet_income_call_ftt": 66493.416909,
    "mainnet_income_call_luna": 82993.633614,
    "mainnet_income_put_luna": 207897.557509,
    "mainnet_income_put_mngo": 248683.41,
    "mainnet_income_call_socean": 10999.999764954,
    "mainnet_income_call_srm": 4235169.905075,
    "mainnet_income_call_mngo": 7839468.366552,
    "mainnet_income_call_ray": 21551.481969,
    "mainnet_income_call_eth": 1770.30413,
    "mainnet_income_put_sol": 12829557.36,
    "mainnet_income_put_btc": 1138210.83
  },
  "usdValueByGlobalId": {
    "mainnet_income_call_sol": 16429452.56,
    "mainnet_income_call_marinade": 14551832.41,
    "mainnet_income_call_btc": 14832736.52,
    "mainnet_income_call_sbr": 1243948.26,
    "mainnet_income_call_ftt": 2169680.19,
    "mainnet_income_call_luna": 5337320.58,
    "mainnet_income_put_luna": 209976.53,
    "mainnet_income_put_mngo": 248683.41,
    "mainnet_income_call_socean": 956779.98,
    "mainnet_income_call_srm": 8555043.21,
    "mainnet_income_call_mngo": 1141951.84,
    "mainnet_income_call_ray": 70688.86,
    "mainnet_income_call_eth": 3983768.49,
    "mainnet_income_put_sol": 12829557.36,
    "mainnet_income_put_btc": 1138210.83
  },
  "globalIdToDepositTokenCoingeckoId": {
    "mainnet_income_call_sol": "solana",
    "mainnet_income_call_marinade": "msol",
    "mainnet_income_call_btc": "bitcoin",
    "mainnet_income_call_sbr": "saber",
    "mainnet_income_call_ftt": "ftx-token",
    "mainnet_income_call_luna": "terra-luna",
    "mainnet_income_put_luna": "terrausd",
    "mainnet_income_put_mngo": "usd-coin",
    "mainnet_income_call_socean": "socean-staked-sol",
    "mainnet_income_call_srm": "serum",
    "mainnet_income_call_mngo": "mango-markets",
    "mainnet_income_call_ray": "raydium",
    "mainnet_income_call_eth": "ethereum",
    "mainnet_income_put_sol": "usd-coin",
    "mainnet_income_put_btc": "usd-coin"
  }
}