{
  "totalTvlUSD": 106349111.08,
  "coinsByCoingeckoId": {
    "solana": 137586.723759574,
    "msol": 148793.81737002,
    "bitcoin": 371.557891,
    "saber": 12915233.736012,
    "ftx-token": 76922.427465,
    "usd-coin": 14087889.751803,
    "terra-luna": 62859.549201,
    "socean-staked-sol": 8645.689499537,
    "serum": 3997398.687273,
    "mango-markets": 6866377.538262,
    "raydium": 19310.493998,
    "ethereum": 1501.77258
  },
  "pricesByCoingeckoId": {
    "BTC": 43978,
    "SOL": 156.62,
    "ETH": 3380.37,
    "mSOL": 160.48,
    "FTT": 42.21,
    "SRM": 3.25,
    "USDC": 1,
    "MNGO": 0.200163,
    "scnSOL": 159.58,
    "SBR": 0.082779,
    "LUNA": 83.47,
    "RAY": 5.62
  },
  "sharePricesByGlobalId": {
    "mainnet_income_call_sol": 1.03708,
    "mainnet_income_call_marinade": 1.02581,
    "mainnet_income_call_btc": 1.0644,
    "mainnet_income_call_sbr": 1,
    "mainnet_income_call_ftt": 1.01481,
    "mainnet_income_put_mngo": 1,
    "mainnet_income_call_luna": 1.01873,
    "mainnet_income_call_socean": 1.01266,
    "mainnet_income_call_srm": 1.00834,
    "mainnet_income_call_mngo": 1.01232,
    "mainnet_income_call_ray": 1,
    "mainnet_income_call_eth": 1.01181,
    "mainnet_income_put_sol": 0.99999,
    "mainnet_income_put_btc": 1
  },
  "depositTokenByGlobalId": {
    "mainnet_income_call_sol": 137586.723759574,
    "mainnet_income_call_marinade": 148793.81737002,
    "mainnet_income_call_btc": 371.557891,
    "mainnet_income_call_sbr": 12915233.736012,
    "mainnet_income_call_ftt": 76922.427465,
    "mainnet_income_put_mngo": 429804.43,
    "mainnet_income_call_luna": 62859.549201,
    "mainnet_income_call_socean": 8645.689499537,
    "mainnet_income_call_srm": 3997398.687273,
    "mainnet_income_call_mngo": 6866377.538262,
    "mainnet_income_call_ray": 19310.493998,
    "mainnet_income_call_eth": 1501.77258,
    "mainnet_income_put_sol": 11303597.53,
    "mainnet_income_put_btc": 2354487.79
  },
  "usdValueByGlobalId": {
    "mainnet_income_call_sol": 21548832.68,
    "mainnet_income_call_marinade": 23878431.81,
    "mainnet_income_call_btc": 16340372.93,
    "mainnet_income_call_sbr": 1069110.13,
    "mainnet_income_call_ftt": 3246895.66,
    "mainnet_income_put_mngo": 429804.43,
    "mainnet_income_call_luna": 5246886.57,
    "mainnet_income_call_socean": 1379679.13,
    "mainnet_income_call_srm": 12991545.73,
    "mainnet_income_call_mngo": 1374394.73,
    "mainnet_income_call_ray": 108524.98,
    "mainnet_income_call_eth": 5076546.98,
    "mainnet_income_put_sol": 11303597.53,
    "mainnet_income_put_btc": 2354487.79
  },
  "globalIdToDepositTokenCoingeckoId": {
    "mainnet_income_call_sol": "solana",
    "mainnet_income_call_marinade": "msol",
    "mainnet_income_call_btc": "bitcoin",
    "mainnet_income_call_sbr": "saber",
    "mainnet_income_call_ftt": "ftx-token",
    "mainnet_income_put_mngo": "usd-coin",
    "mainnet_income_call_luna": "terra-luna",
    "mainnet_income_call_socean": "socean-staked-sol",
    "mainnet_income_call_srm": "serum",
    "mainnet_income_call_mngo": "mango-markets",
    "mainnet_income_call_ray": "raydium",
    "mainnet_income_call_eth": "ethereum",
    "mainnet_income_put_sol": "usd-coin",
    "mainnet_income_put_btc": "usd-coin"
  }
}