{
  "totalTvlUSD": 32457734.1,
  "coinsByCoingeckoId": {
    "solana": 61784.674403664,
    "msol": 58809.653430338,
    "bitcoin": 147.785997,
    "ethereum": 81.225762,
    "ftx-token": 14609.763683,
    "serum": 92250.63578,
    "mango-markets": 496622.716093
  }
}