{
  "totalTvlUSD": 92597318.18,
  "coinsByCoingeckoId": {
    "solana": 131956.557759574,
    "msol": 142484.521766837,
    "bitcoin": 366.119309,
    "saber": 11000000,
    "ftx-token": 76146.793877,
    "usd-coin": 13046628.858778,
    "terra-luna": 54803.5109,
    "socean-staked-sol": 6923.874310996,
    "serum": 3974334.558091,
    "mango-markets": 5999999.159277,
    "raydium": 18929.736609,
    "ethereum": 1479.616665
  },
  "pricesByCoingeckoId": {
    "BTC": 42168,
    "SOL": 136.24,
    "ETH": 3118.87,
    "mSOL": 139.46,
    "FTT": 38.39,
    "SRM": 2.94,
    "USDC": 1,
    "MNGO": 0.196874,
    "scnSOL": 138.37,
    "SBR": 0.075774,
    "LUNA": 72.47,
    "RAY": 5.1
  },
  "sharePricesByGlobalId": {
    "mainnet_income_call_sol": 1.03708,
    "mainnet_income_call_marinade": 1.02581,
    "mainnet_income_call_btc": 1.0644,
    "mainnet_income_call_sbr": 1,
    "mainnet_income_call_ftt": 1.01481,
    "mainnet_income_put_mngo": 1.00062,
    "mainnet_income_call_luna": 1.01873,
    "mainnet_income_call_socean": 1.01266,
    "mainnet_income_call_srm": 1.00834,
    "mainnet_income_call_mngo": 1.01232,
    "mainnet_income_call_ray": 1,
    "mainnet_income_call_eth": 1.01181,
    "mainnet_income_put_sol": 1.00376,
    "mainnet_income_put_btc": 1
  },
  "depositTokenByGlobalId": {
    "mainnet_income_call_sol": 131956.557759574,
    "mainnet_income_call_marinade": 142484.521766837,
    "mainnet_income_call_btc": 366.119309,
    "mainnet_income_call_sbr": 11000000,
    "mainnet_income_call_ftt": 76146.793877,
    "mainnet_income_put_mngo": 429058.15,
    "mainnet_income_call_luna": 54803.5109,
    "mainnet_income_call_socean": 6923.874310996,
    "mainnet_income_call_srm": 3974334.558091,
    "mainnet_income_call_mngo": 5999999.159277,
    "mainnet_income_call_ray": 18929.736609,
    "mainnet_income_call_eth": 1479.616665,
    "mainnet_income_put_sol": 10263192.92,
    "mainnet_income_put_btc": 2354377.79
  },
  "usdValueByGlobalId": {
    "mainnet_income_call_sol": 17977761.43,
    "mainnet_income_call_marinade": 19870891.41,
    "mainnet_income_call_btc": 15438519.02,
    "mainnet_income_call_sbr": 833514,
    "mainnet_income_call_ftt": 2923275.42,
    "mainnet_income_put_mngo": 429058.15,
    "mainnet_income_call_luna": 3971610.43,
    "mainnet_income_call_socean": 958056.49,
    "mainnet_income_call_srm": 11684543.6,
    "mainnet_income_call_mngo": 1181243.83,
    "mainnet_income_call_ray": 96541.66,
    "mainnet_income_call_eth": 4614732.03,
    "mainnet_income_put_sol": 10263192.92,
    "mainnet_income_put_btc": 2354377.79
  }
}