{
  "totalTvlUSD": 98140926.32,
  "coinsByCoingeckoId": {
    "solana": 135399.121759574,
    "msol": 145818.597197434,
    "bitcoin": 369.798532,
    "saber": 11000000,
    "ftx-token": 76445.206473,
    "usd-coin": 13419140.422073,
    "terra-luna": 59703.416852,
    "socean-staked-sol": 7345.800171795,
    "serum": 3974874.806404,
    "mango-markets": 5999999.159377,
    "raydium": 19310.493998,
    "ethereum": 1486.524949
  },
  "pricesByCoingeckoId": {
    "BTC": 43003,
    "SOL": 142.02,
    "ETH": 3270.06,
    "mSOL": 145.41,
    "FTT": 40.11,
    "SRM": 3.14,
    "USDC": 1,
    "MNGO": 0.207482,
    "scnSOL": 144.38,
    "SBR": 0.083951,
    "LUNA": 77.79,
    "RAY": 5.43
  },
  "sharePricesByGlobalId": {
    "mainnet_income_call_sol": 1.03708,
    "mainnet_income_call_marinade": 1.02581,
    "mainnet_income_call_btc": 1.0644,
    "mainnet_income_call_sbr": 1,
    "mainnet_income_call_ftt": 1.01481,
    "mainnet_income_put_mngo": 1,
    "mainnet_income_call_luna": 1.01873,
    "mainnet_income_call_socean": 1.01266,
    "mainnet_income_call_srm": 1.00834,
    "mainnet_income_call_mngo": 1.01232,
    "mainnet_income_call_ray": 1,
    "mainnet_income_call_eth": 1.01181,
    "mainnet_income_put_sol": 0.99999,
    "mainnet_income_put_btc": 1
  },
  "depositTokenByGlobalId": {
    "mainnet_income_call_sol": 135399.121759574,
    "mainnet_income_call_marinade": 145818.597197434,
    "mainnet_income_call_btc": 369.798532,
    "mainnet_income_call_sbr": 11000000,
    "mainnet_income_call_ftt": 76445.206473,
    "mainnet_income_put_mngo": 429604.43,
    "mainnet_income_call_luna": 59703.416852,
    "mainnet_income_call_socean": 7345.800171795,
    "mainnet_income_call_srm": 3974874.806404,
    "mainnet_income_call_mngo": 5999999.159377,
    "mainnet_income_call_ray": 19310.493998,
    "mainnet_income_call_eth": 1486.524949,
    "mainnet_income_put_sol": 10635158.2,
    "mainnet_income_put_btc": 2354377.79
  },
  "usdValueByGlobalId": {
    "mainnet_income_call_sol": 19229383.27,
    "mainnet_income_call_marinade": 21203482.22,
    "mainnet_income_call_btc": 15902446.27,
    "mainnet_income_call_sbr": 923461,
    "mainnet_income_call_ftt": 3066217.23,
    "mainnet_income_put_mngo": 429604.43,
    "mainnet_income_call_luna": 4644328.8,
    "mainnet_income_call_socean": 1060586.63,
    "mainnet_income_call_srm": 12481106.89,
    "mainnet_income_call_mngo": 1244891.83,
    "mainnet_income_call_ray": 104855.98,
    "mainnet_income_call_eth": 4861025.77,
    "mainnet_income_put_sol": 10635158.2,
    "mainnet_income_put_btc": 2354377.79
  }
}