{
  "totalTvlUSD": 113946121.56,
  "coinsByCoingeckoId": {
    "solana": 175472.88847887,
    "msol": 164023.754530778,
    "bitcoin": 428.76518,
    "saber": 19999999.54855,
    "ftx-token": 74859.193576,
    "terra-luna": 85332.593816,
    "terrausd": 154193.544231,
    "usd-coin": 13181780.331167,
    "socean-staked-sol": 10999.999467117,
    "serum": 4208041.220583,
    "mango-markets": 9018452.757475,
    "raydium": 20342.033591,
    "ethereum": 1769.487625
  },
  "pricesByCoingeckoId": {
    "BTC": 42319,
    "SOL": 140.54,
    "ETH": 3157.89,
    "mSOL": 144.36,
    "FTT": 44.92,
    "SRM": 2.99,
    "USDC": 1,
    "MNGO": 0.202129,
    "scnSOL": 144.26,
    "SBR": 0.111966,
    "LUNA": 80.15,
    "UST": 1,
    "RAY": 5.15
  },
  "sharePricesByGlobalId": {
    "mainnet_income_call_sol": 1.05342,
    "mainnet_income_call_marinade": 1.03017,
    "mainnet_income_call_btc": 1.06976,
    "mainnet_income_call_sbr": 1.04667,
    "mainnet_income_call_ftt": 1.02068,
    "mainnet_income_call_luna": 1.02692,
    "mainnet_income_put_luna": 1,
    "mainnet_income_put_mngo": 1.00201,
    "mainnet_income_call_socean": 1.01629,
    "mainnet_income_call_srm": 1.01304,
    "mainnet_income_call_mngo": 1.01322,
    "mainnet_income_call_ray": 1.00275,
    "mainnet_income_call_eth": 1.01667,
    "mainnet_income_put_sol": 1.00281,
    "mainnet_income_put_btc": 1.00329
  },
  "depositTokenByGlobalId": {
    "mainnet_income_call_sol": 175472.88847887,
    "mainnet_income_call_marinade": 164023.754530778,
    "mainnet_income_call_btc": 428.76518,
    "mainnet_income_call_sbr": 19999999.54855,
    "mainnet_income_call_ftt": 74859.193576,
    "mainnet_income_call_luna": 85332.593816,
    "mainnet_income_put_luna": 154193.544231,
    "mainnet_income_put_mngo": 397677.27,
    "mainnet_income_call_socean": 10999.999467117,
    "mainnet_income_call_srm": 4208041.220583,
    "mainnet_income_call_mngo": 9018452.757475,
    "mainnet_income_call_ray": 20342.033591,
    "mainnet_income_call_eth": 1769.487625,
    "mainnet_income_put_sol": 11658299.02,
    "mainnet_income_put_btc": 1125804.04
  },
  "usdValueByGlobalId": {
    "mainnet_income_call_sol": 24660959.75,
    "mainnet_income_call_marinade": 23678469.2,
    "mainnet_income_call_btc": 18144913.65,
    "mainnet_income_call_sbr": 2239319.95,
    "mainnet_income_call_ftt": 3362674.98,
    "mainnet_income_call_luna": 6839407.39,
    "mainnet_income_put_luna": 154193.54,
    "mainnet_income_put_mngo": 397677.27,
    "mainnet_income_call_socean": 1586859.92,
    "mainnet_income_call_srm": 12582043.25,
    "mainnet_income_call_mngo": 1822890.84,
    "mainnet_income_call_ray": 104761.47,
    "mainnet_income_call_eth": 5587847.28,
    "mainnet_income_put_sol": 11658299.02,
    "mainnet_income_put_btc": 1125804.04
  },
  "globalIdToDepositTokenCoingeckoId": {
    "mainnet_income_call_sol": "solana",
    "mainnet_income_call_marinade": "msol",
    "mainnet_income_call_btc": "bitcoin",
    "mainnet_income_call_sbr": "saber",
    "mainnet_income_call_ftt": "ftx-token",
    "mainnet_income_call_luna": "terra-luna",
    "mainnet_income_put_luna": "terrausd",
    "mainnet_income_put_mngo": "usd-coin",
    "mainnet_income_call_socean": "socean-staked-sol",
    "mainnet_income_call_srm": "serum",
    "mainnet_income_call_mngo": "mango-markets",
    "mainnet_income_call_ray": "raydium",
    "mainnet_income_call_eth": "ethereum",
    "mainnet_income_put_sol": "usd-coin",
    "mainnet_income_put_btc": "usd-coin"
  }
}