{
  "totalTvlUSD": 106147735.51,
  "coinsByCoingeckoId": {
    "solana": 141841.57111187,
    "msol": 158815.238707804,
    "bitcoin": 416.817338,
    "saber": 19999997.492037,
    "ftx-token": 67288.469677,
    "usd-coin": 12131352.291017998,
    "terra-luna": 68036.778081,
    "socean-staked-sol": 10999.987641614,
    "serum": 4060195.123385,
    "mango-markets": 8818351.851856,
    "raydium": 16651.22439,
    "ethereum": 1696.590062
  },
  "pricesByCoingeckoId": {
    "BTC": 42670,
    "SOL": 144.56,
    "ETH": 3282.12,
    "mSOL": 148.49,
    "FTT": 45.17,
    "SRM": 3.16,
    "USDC": 1,
    "MNGO": 0.196684,
    "scnSOL": 147.82,
    "SBR": 0.084552,
    "LUNA": 81.8,
    "RAY": 5.33
  },
  "sharePricesByGlobalId": {
    "mainnet_income_call_sol": 1.04444,
    "mainnet_income_call_marinade": 1.03017,
    "mainnet_income_call_btc": 1.06814,
    "mainnet_income_call_sbr": 1.04667,
    "mainnet_income_call_ftt": 1.02068,
    "mainnet_income_put_mngo": 1.00201,
    "mainnet_income_call_luna": 1.02692,
    "mainnet_income_call_socean": 1.01629,
    "mainnet_income_call_srm": 1.01304,
    "mainnet_income_call_mngo": 1.01322,
    "mainnet_income_call_ray": 1.00275,
    "mainnet_income_call_eth": 1.01502,
    "mainnet_income_put_sol": 1.00281,
    "mainnet_income_put_btc": 1.00329
  },
  "depositTokenByGlobalId": {
    "mainnet_income_call_sol": 141841.57111187,
    "mainnet_income_call_marinade": 158815.238707804,
    "mainnet_income_call_btc": 416.817338,
    "mainnet_income_call_sbr": 19999997.492037,
    "mainnet_income_call_ftt": 67288.469677,
    "mainnet_income_put_mngo": 392112.07,
    "mainnet_income_call_luna": 68036.778081,
    "mainnet_income_call_socean": 10999.987641614,
    "mainnet_income_call_srm": 4060195.123385,
    "mainnet_income_call_mngo": 8818351.851856,
    "mainnet_income_call_ray": 16651.22439,
    "mainnet_income_call_eth": 1696.590062,
    "mainnet_income_put_sol": 10614756.09,
    "mainnet_income_put_btc": 1124484.14
  },
  "usdValueByGlobalId": {
    "mainnet_income_call_sol": 20504617.52,
    "mainnet_income_call_marinade": 23582474.8,
    "mainnet_income_call_btc": 17785595.81,
    "mainnet_income_call_sbr": 1691039.79,
    "mainnet_income_call_ftt": 3039420.18,
    "mainnet_income_put_mngo": 392112.07,
    "mainnet_income_call_luna": 5565408.45,
    "mainnet_income_call_socean": 1626018.17,
    "mainnet_income_call_srm": 12830216.59,
    "mainnet_income_call_mngo": 1734428.72,
    "mainnet_income_call_ray": 88751.03,
    "mainnet_income_call_eth": 5568412.17,
    "mainnet_income_put_sol": 10614756.09,
    "mainnet_income_put_btc": 1124484.14
  },
  "globalIdToDepositTokenCoingeckoId": {
    "mainnet_income_call_sol": "solana",
    "mainnet_income_call_marinade": "msol",
    "mainnet_income_call_btc": "bitcoin",
    "mainnet_income_call_sbr": "saber",
    "mainnet_income_call_ftt": "ftx-token",
    "mainnet_income_put_mngo": "usd-coin",
    "mainnet_income_call_luna": "terra-luna",
    "mainnet_income_call_socean": "socean-staked-sol",
    "mainnet_income_call_srm": "serum",
    "mainnet_income_call_mngo": "mango-markets",
    "mainnet_income_call_ray": "raydium",
    "mainnet_income_call_eth": "ethereum",
    "mainnet_income_put_sol": "usd-coin",
    "mainnet_income_put_btc": "usd-coin"
  }
}