{
  "totalTvlUSD": 90698837.94,
  "coinsByCoingeckoId": {
    "solana": 186221.384158812,
    "msol": 161863.199953721,
    "bitcoin": 429.992838,
    "saber": 18646879.811852,
    "ftx-token": 65632.990991,
    "terra-luna": 77988.726388,
    "terrausd": 207706.774465,
    "usd-coin": 14028778.496938,
    "socean-staked-sol": 10999.999764954,
    "serum": 4227381.42179,
    "mango-markets": 7786453.188122,
    "raydium": 20953.675782,
    "ethereum": 1755.995973
  },
  "pricesByCoingeckoId": {
    "BTC": 35728,
    "SOL": 101.06,
    "ETH": 2505.2,
    "mSOL": 103.69,
    "FTT": 35.59,
    "SRM": 2.26,
    "USDC": 1,
    "MNGO": 0.161355,
    "scnSOL": 104.01,
    "SBR": 0.07461,
    "LUNA": 68.42,
    "UST": 1,
    "RAY": 3.81
  },
  "sharePricesByGlobalId": {
    "mainnet_income_call_sol": 1.05252,
    "mainnet_income_call_marinade": 1.03727,
    "mainnet_income_call_btc": 1.0696,
    "mainnet_income_call_sbr": 1.05044,
    "mainnet_income_call_ftt": 1.02696,
    "mainnet_income_call_luna": 1.0374,
    "mainnet_income_put_luna": 1,
    "mainnet_income_put_mngo": 1.00322,
    "mainnet_income_call_socean": 1.02395,
    "mainnet_income_call_srm": 1.02041,
    "mainnet_income_call_mngo": 1.01533,
    "mainnet_income_call_ray": 1.01764,
    "mainnet_income_call_eth": 1.0165,
    "mainnet_income_put_sol": 1.01183,
    "mainnet_income_put_btc": 1.00606
  },
  "depositTokenByGlobalId": {
    "mainnet_income_call_sol": 186221.384158812,
    "mainnet_income_call_marinade": 161863.199953721,
    "mainnet_income_call_btc": 429.992838,
    "mainnet_income_call_sbr": 18646879.811852,
    "mainnet_income_call_ftt": 65632.990991,
    "mainnet_income_call_luna": 77988.726388,
    "mainnet_income_put_luna": 207706.774465,
    "mainnet_income_put_mngo": 248683.41,
    "mainnet_income_call_socean": 10999.999764954,
    "mainnet_income_call_srm": 4227381.42179,
    "mainnet_income_call_mngo": 7786453.188122,
    "mainnet_income_call_ray": 20953.675782,
    "mainnet_income_call_eth": 1755.995973,
    "mainnet_income_put_sol": 12641904.25,
    "mainnet_income_put_btc": 1138190.84
  },
  "usdValueByGlobalId": {
    "mainnet_income_call_sol": 18819533.08,
    "mainnet_income_call_marinade": 16783595.2,
    "mainnet_income_call_btc": 15362784.12,
    "mainnet_income_call_sbr": 1391243.7,
    "mainnet_income_call_ftt": 2335878.15,
    "mainnet_income_call_luna": 5335988.66,
    "mainnet_income_put_luna": 207706.77,
    "mainnet_income_put_mngo": 248683.41,
    "mainnet_income_call_socean": 1144109.98,
    "mainnet_income_call_srm": 9553882.01,
    "mainnet_income_call_mngo": 1256383.15,
    "mainnet_income_call_ray": 79833.5,
    "mainnet_income_call_eth": 4399121.11,
    "mainnet_income_put_sol": 12641904.25,
    "mainnet_income_put_btc": 1138190.84
  },
  "globalIdToDepositTokenCoingeckoId": {
    "mainnet_income_call_sol": "solana",
    "mainnet_income_call_marinade": "msol",
    "mainnet_income_call_btc": "bitcoin",
    "mainnet_income_call_sbr": "saber",
    "mainnet_income_call_ftt": "ftx-token",
    "mainnet_income_call_luna": "terra-luna",
    "mainnet_income_put_luna": "terrausd",
    "mainnet_income_put_mngo": "usd-coin",
    "mainnet_income_call_socean": "socean-staked-sol",
    "mainnet_income_call_srm": "serum",
    "mainnet_income_call_mngo": "mango-markets",
    "mainnet_income_call_ray": "raydium",
    "mainnet_income_call_eth": "ethereum",
    "mainnet_income_put_sol": "usd-coin",
    "mainnet_income_put_btc": "usd-coin"
  }
}