{
  "totalTvlUSD": 112975930.99,
  "coinsByCoingeckoId": {
    "solana": 167948.29201187,
    "msol": 161693.283761562,
    "bitcoin": 425.583716,
    "saber": 19999999.492037,
    "ftx-token": 68418.273624,
    "terra-luna": 77976.624025,
    "terrausd": 79815.311378,
    "usd-coin": 12963657.897292,
    "socean-staked-sol": 10999.997467117,
    "serum": 4201281.392915,
    "mango-markets": 8978202.523868,
    "raydium": 18255.760532,
    "ethereum": 1740.460425
  },
  "pricesByCoingeckoId": {
    "BTC": 42619,
    "SOL": 142.74,
    "ETH": 3256.93,
    "mSOL": 146.8,
    "FTT": 45.18,
    "SRM": 3.06,
    "USDC": 1,
    "MNGO": 0.199052,
    "scnSOL": 145.73,
    "SBR": 0.12584,
    "LUNA": 82.93,
    "UST": 0.999659,
    "RAY": 5.25
  },
  "sharePricesByGlobalId": {
    "mainnet_income_call_sol": 1.04444,
    "mainnet_income_call_marinade": 1.03017,
    "mainnet_income_call_btc": 1.06814,
    "mainnet_income_call_sbr": 1.04667,
    "mainnet_income_call_ftt": 1.02068,
    "mainnet_income_call_luna": 1.02692,
    "mainnet_income_put_luna": 1,
    "mainnet_income_put_mngo": 1.00201,
    "mainnet_income_call_socean": 1.01629,
    "mainnet_income_call_srm": 1.01304,
    "mainnet_income_call_mngo": 1.01322,
    "mainnet_income_call_ray": 1.00275,
    "mainnet_income_call_eth": 1.01502,
    "mainnet_income_put_sol": 1.00281,
    "mainnet_income_put_btc": 1.00329
  },
  "depositTokenByGlobalId": {
    "mainnet_income_call_sol": 167948.29201187,
    "mainnet_income_call_marinade": 161693.283761562,
    "mainnet_income_call_btc": 425.583716,
    "mainnet_income_call_sbr": 19999999.492037,
    "mainnet_income_call_ftt": 68418.273624,
    "mainnet_income_call_luna": 77976.624025,
    "mainnet_income_put_luna": 79815.311378,
    "mainnet_income_put_mngo": 397439.07,
    "mainnet_income_call_socean": 10999.997467117,
    "mainnet_income_call_srm": 4201281.392915,
    "mainnet_income_call_mngo": 8978202.523868,
    "mainnet_income_call_ray": 18255.760532,
    "mainnet_income_call_eth": 1740.460425,
    "mainnet_income_put_sol": 11441734.69,
    "mainnet_income_put_btc": 1124484.14
  },
  "usdValueByGlobalId": {
    "mainnet_income_call_sol": 23972939.2,
    "mainnet_income_call_marinade": 23736574.06,
    "mainnet_income_call_btc": 18137952.39,
    "mainnet_income_call_sbr": 2516799.94,
    "mainnet_income_call_ftt": 3091137.6,
    "mainnet_income_call_luna": 6466601.43,
    "mainnet_income_put_luna": 79788.09,
    "mainnet_income_put_mngo": 397439.07,
    "mainnet_income_call_socean": 1603029.63,
    "mainnet_income_call_srm": 12855921.06,
    "mainnet_income_call_mngo": 1787129.17,
    "mainnet_income_call_ray": 95842.74,
    "mainnet_income_call_eth": 5668557.77,
    "mainnet_income_put_sol": 11441734.69,
    "mainnet_income_put_btc": 1124484.14
  },
  "globalIdToDepositTokenCoingeckoId": {
    "mainnet_income_call_sol": "solana",
    "mainnet_income_call_marinade": "msol",
    "mainnet_income_call_btc": "bitcoin",
    "mainnet_income_call_sbr": "saber",
    "mainnet_income_call_ftt": "ftx-token",
    "mainnet_income_call_luna": "terra-luna",
    "mainnet_income_put_luna": "terrausd",
    "mainnet_income_put_mngo": "usd-coin",
    "mainnet_income_call_socean": "socean-staked-sol",
    "mainnet_income_call_srm": "serum",
    "mainnet_income_call_mngo": "mango-markets",
    "mainnet_income_call_ray": "raydium",
    "mainnet_income_call_eth": "ethereum",
    "mainnet_income_put_sol": "usd-coin",
    "mainnet_income_put_btc": "usd-coin"
  }
}