{
  "totalTvlUSD": 106642284.45,
  "coinsByCoingeckoId": {
    "solana": 139037.60211187,
    "msol": 158590.287102334,
    "bitcoin": 415.52996,
    "saber": 19761173.4387,
    "ftx-token": 67218.460524,
    "usd-coin": 11980176.761681,
    "terra-luna": 65278.634499,
    "socean-staked-sol": 10999.987641614,
    "serum": 4029871.180157,
    "mango-markets": 8706213.314498,
    "raydium": 16205.11108,
    "ethereum": 1687.683143
  },
  "pricesByCoingeckoId": {
    "BTC": 43375,
    "SOL": 147.13,
    "ETH": 3332.69,
    "mSOL": 151.04,
    "FTT": 44.62,
    "SRM": 3.2,
    "USDC": 1,
    "MNGO": 0.200617,
    "scnSOL": 148.35,
    "SBR": 0.092613,
    "LUNA": 82.92,
    "RAY": 5.4
  },
  "sharePricesByGlobalId": {
    "mainnet_income_call_sol": 1.04444,
    "mainnet_income_call_marinade": 1.03017,
    "mainnet_income_call_btc": 1.06814,
    "mainnet_income_call_sbr": 1.04667,
    "mainnet_income_call_ftt": 1.02068,
    "mainnet_income_put_mngo": 1.00201,
    "mainnet_income_call_luna": 1.02692,
    "mainnet_income_call_socean": 1.01629,
    "mainnet_income_call_srm": 1.01304,
    "mainnet_income_call_mngo": 1.01322,
    "mainnet_income_call_ray": 1.00275,
    "mainnet_income_call_eth": 1.01502,
    "mainnet_income_put_sol": 1.00281,
    "mainnet_income_put_btc": 1.00329
  },
  "depositTokenByGlobalId": {
    "mainnet_income_call_sol": 139037.60211187,
    "mainnet_income_call_marinade": 158590.287102334,
    "mainnet_income_call_btc": 415.52996,
    "mainnet_income_call_sbr": 19761173.4387,
    "mainnet_income_call_ftt": 67218.460524,
    "mainnet_income_put_mngo": 391820.22,
    "mainnet_income_call_luna": 65278.634499,
    "mainnet_income_call_socean": 10999.987641614,
    "mainnet_income_call_srm": 4029871.180157,
    "mainnet_income_call_mngo": 8706213.314498,
    "mainnet_income_call_ray": 16205.11108,
    "mainnet_income_call_eth": 1687.683143,
    "mainnet_income_put_sol": 10464164.21,
    "mainnet_income_put_btc": 1124192.33
  },
  "usdValueByGlobalId": {
    "mainnet_income_call_sol": 20456602.4,
    "mainnet_income_call_marinade": 23953476.96,
    "mainnet_income_call_btc": 18023612.02,
    "mainnet_income_call_sbr": 1830141.56,
    "mainnet_income_call_ftt": 2999287.71,
    "mainnet_income_put_mngo": 391820.22,
    "mainnet_income_call_luna": 5412904.37,
    "mainnet_income_call_socean": 1631848.17,
    "mainnet_income_call_srm": 12895587.78,
    "mainnet_income_call_mngo": 1746614.4,
    "mainnet_income_call_ray": 87507.6,
    "mainnet_income_call_eth": 5624524.73,
    "mainnet_income_put_sol": 10464164.21,
    "mainnet_income_put_btc": 1124192.33
  },
  "globalIdToDepositTokenCoingeckoId": {
    "mainnet_income_call_sol": "solana",
    "mainnet_income_call_marinade": "msol",
    "mainnet_income_call_btc": "bitcoin",
    "mainnet_income_call_sbr": "saber",
    "mainnet_income_call_ftt": "ftx-token",
    "mainnet_income_put_mngo": "usd-coin",
    "mainnet_income_call_luna": "terra-luna",
    "mainnet_income_call_socean": "socean-staked-sol",
    "mainnet_income_call_srm": "serum",
    "mainnet_income_call_mngo": "mango-markets",
    "mainnet_income_call_ray": "raydium",
    "mainnet_income_call_eth": "ethereum",
    "mainnet_income_put_sol": "usd-coin",
    "mainnet_income_put_btc": "usd-coin"
  }
}