{
  "totalTvlUSD": 89746243.96,
  "coinsByCoingeckoId": {
    "solana": 131169.060759574,
    "msol": 139162.336434943,
    "bitcoin": 365.949184,
    "saber": 11000000,
    "ftx-token": 72951.911359,
    "usd-coin": 12830763.740575,
    "terra-luna": 43825.331611,
    "socean-staked-sol": 5574.404033313,
    "serum": 3966646.376607,
    "mango-markets": 5999999.159277,
    "raydium": 18929.736609,
    "ethereum": 1471.616635
  },
  "pricesByCoingeckoId": {
    "BTC": 41697,
    "SOL": 135.15,
    "ETH": 3077.39,
    "mSOL": 138.32,
    "FTT": 37.58,
    "SRM": 2.9,
    "USDC": 1,
    "MNGO": 0.19466,
    "scnSOL": 137.58,
    "SBR": 0.073541,
    "LUNA": 69.98,
    "RAY": 5.06
  },
  "sharePricesByGlobalId": {
    "mainnet_income_call_sol": 1.03708,
    "mainnet_income_call_marinade": 1.02581,
    "mainnet_income_call_btc": 1.0644,
    "mainnet_income_call_sbr": 1,
    "mainnet_income_call_ftt": 1.01481,
    "mainnet_income_put_mngo": 1.00062,
    "mainnet_income_call_luna": 1.01873,
    "mainnet_income_call_socean": 1.01266,
    "mainnet_income_call_srm": 1.00834,
    "mainnet_income_call_mngo": 1.01232,
    "mainnet_income_call_ray": 1,
    "mainnet_income_call_eth": 1.01181,
    "mainnet_income_put_sol": 1.00376,
    "mainnet_income_put_btc": 1
  },
  "depositTokenByGlobalId": {
    "mainnet_income_call_sol": 131169.060759574,
    "mainnet_income_call_marinade": 139162.336434943,
    "mainnet_income_call_btc": 365.949184,
    "mainnet_income_call_sbr": 11000000,
    "mainnet_income_call_ftt": 72951.911359,
    "mainnet_income_put_mngo": 428507.75,
    "mainnet_income_call_luna": 43825.331611,
    "mainnet_income_call_socean": 5574.404033313,
    "mainnet_income_call_srm": 3966646.376607,
    "mainnet_income_call_mngo": 5999999.159277,
    "mainnet_income_call_ray": 18929.736609,
    "mainnet_income_call_eth": 1471.616635,
    "mainnet_income_put_sol": 10047878.2,
    "mainnet_income_put_btc": 2354377.79
  },
  "usdValueByGlobalId": {
    "mainnet_income_call_sol": 17727498.56,
    "mainnet_income_call_marinade": 19248934.38,
    "mainnet_income_call_btc": 15258983.13,
    "mainnet_income_call_sbr": 808951,
    "mainnet_income_call_ftt": 2741532.83,
    "mainnet_income_put_mngo": 428507.75,
    "mainnet_income_call_luna": 3066896.71,
    "mainnet_income_call_socean": 766926.51,
    "mainnet_income_call_srm": 11503274.49,
    "mainnet_income_call_mngo": 1167959.84,
    "mainnet_income_call_ray": 95784.47,
    "mainnet_income_call_eth": 4528738.32,
    "mainnet_income_put_sol": 10047878.2,
    "mainnet_income_put_btc": 2354377.79
  }
}