{
  "totalTvlUSD": 108974892.63,
  "coinsByCoingeckoId": {
    "solana": 183753.01877887,
    "msol": 168411.001970687,
    "bitcoin": 435.119603,
    "saber": 20000000,
    "ftx-token": 76156.013569,
    "terra-luna": 88738.790911,
    "terrausd": 200745.49242,
    "usd-coin": 14663379.732997,
    "socean-staked-sol": 11000,
    "serum": 4249760.505562,
    "mango-markets": 9202781.459156,
    "raydium": 21222.698075,
    "ethereum": 1873.30233
  },
  "pricesByCoingeckoId": {
    "BTC": 38871,
    "SOL": 125.68,
    "ETH": 2862.36,
    "mSOL": 129.13,
    "FTT": 43.47,
    "SRM": 2.67,
    "USDC": 1,
    "MNGO": 0.194265,
    "scnSOL": 129.32,
    "SBR": 0.102458,
    "LUNA": 78.65,
    "UST": 1,
    "RAY": 4.62
  },
  "sharePricesByGlobalId": {
    "mainnet_income_call_sol": 1.05342,
    "mainnet_income_call_marinade": 1.03806,
    "mainnet_income_call_btc": 1.06976,
    "mainnet_income_call_sbr": 1.05086,
    "mainnet_income_call_ftt": 1.02766,
    "mainnet_income_call_luna": 1.03856,
    "mainnet_income_put_luna": 1,
    "mainnet_income_put_mngo": 1.00335,
    "mainnet_income_call_socean": 1.0248,
    "mainnet_income_call_srm": 1.02123,
    "mainnet_income_call_mngo": 1.01556,
    "mainnet_income_call_ray": 1.01929,
    "mainnet_income_call_eth": 1.01667,
    "mainnet_income_put_sol": 1.01284,
    "mainnet_income_put_btc": 1.00637
  },
  "depositTokenByGlobalId": {
    "mainnet_income_call_sol": 183753.01877887,
    "mainnet_income_call_marinade": 168411.001970687,
    "mainnet_income_call_btc": 435.119603,
    "mainnet_income_call_sbr": 20000000,
    "mainnet_income_call_ftt": 76156.013569,
    "mainnet_income_call_luna": 88738.790911,
    "mainnet_income_put_luna": 200745.49242,
    "mainnet_income_put_mngo": 411031.64,
    "mainnet_income_call_socean": 11000,
    "mainnet_income_call_srm": 4249760.505562,
    "mainnet_income_call_mngo": 9202781.459156,
    "mainnet_income_call_ray": 21222.698075,
    "mainnet_income_call_eth": 1873.30233,
    "mainnet_income_put_sol": 13123035.43,
    "mainnet_income_put_btc": 1129312.66
  },
  "usdValueByGlobalId": {
    "mainnet_income_call_sol": 23094079.4,
    "mainnet_income_call_marinade": 21746912.68,
    "mainnet_income_call_btc": 16913534.09,
    "mainnet_income_call_sbr": 2049160,
    "mainnet_income_call_ftt": 3310501.91,
    "mainnet_income_call_luna": 6979305.91,
    "mainnet_income_put_luna": 200745.49,
    "mainnet_income_put_mngo": 411031.64,
    "mainnet_income_call_socean": 1422520,
    "mainnet_income_call_srm": 11346860.55,
    "mainnet_income_call_mngo": 1787778.34,
    "mainnet_income_call_ray": 98048.87,
    "mainnet_income_call_eth": 5362065.66,
    "mainnet_income_put_sol": 13123035.43,
    "mainnet_income_put_btc": 1129312.66
  },
  "globalIdToDepositTokenCoingeckoId": {
    "mainnet_income_call_sol": "solana",
    "mainnet_income_call_marinade": "msol",
    "mainnet_income_call_btc": "bitcoin",
    "mainnet_income_call_sbr": "saber",
    "mainnet_income_call_ftt": "ftx-token",
    "mainnet_income_call_luna": "terra-luna",
    "mainnet_income_put_luna": "terrausd",
    "mainnet_income_put_mngo": "usd-coin",
    "mainnet_income_call_socean": "socean-staked-sol",
    "mainnet_income_call_srm": "serum",
    "mainnet_income_call_mngo": "mango-markets",
    "mainnet_income_call_ray": "raydium",
    "mainnet_income_call_eth": "ethereum",
    "mainnet_income_put_sol": "usd-coin",
    "mainnet_income_put_btc": "usd-coin"
  }
}