{
  "totalTvlUSD": 91325672.13,
  "coinsByCoingeckoId": {
    "solana": 128532.257350644,
    "msol": 136285.779588571,
    "bitcoin": 355.172859,
    "saber": 11000000,
    "ftx-token": 72608.061089,
    "usd-coin": 12776908.253459001,
    "terra-luna": 39999.999397,
    "socean-staked-sol": 5499.990099232,
    "serum": 3965946.763212,
    "mango-markets": 5999999.159277,
    "raydium": 18918.099566,
    "ethereum": 1432.980113
  },
  "pricesByCoingeckoId": {
    "BTC": 42162,
    "SOL": 143.45,
    "ETH": 3148.62,
    "mSOL": 147.04,
    "FTT": 36.24,
    "SRM": 3.06,
    "USDC": 1,
    "MNGO": 0.190433,
    "scnSOL": 145.48,
    "SBR": 0.091472,
    "LUNA": 69.18,
    "RAY": 5.36
  },
  "sharePricesByGlobalId": {
    "mainnet_income_call_sol": 1.03708,
    "mainnet_income_call_marinade": 1.02581,
    "mainnet_income_call_btc": 1.0644,
    "mainnet_income_call_sbr": 1,
    "mainnet_income_call_ftt": 1.01481,
    "mainnet_income_put_mngo": 1,
    "mainnet_income_call_luna": 1.01873,
    "mainnet_income_call_socean": 1.01266,
    "mainnet_income_call_srm": 1.00834,
    "mainnet_income_call_mngo": 1.01232,
    "mainnet_income_call_ray": 1,
    "mainnet_income_call_eth": 1.01181,
    "mainnet_income_put_sol": 1,
    "mainnet_income_put_btc": 1
  },
  "depositTokenByGlobalId": {
    "mainnet_income_call_sol": 128532.257350644,
    "mainnet_income_call_marinade": 136285.779588571,
    "mainnet_income_call_btc": 355.172859,
    "mainnet_income_call_sbr": 11000000,
    "mainnet_income_call_ftt": 72608.061089,
    "mainnet_income_put_mngo": 424829.63,
    "mainnet_income_call_luna": 39999.999397,
    "mainnet_income_call_socean": 5499.990099232,
    "mainnet_income_call_srm": 3965946.763212,
    "mainnet_income_call_mngo": 5999999.159277,
    "mainnet_income_call_ray": 18918.099566,
    "mainnet_income_call_eth": 1432.980113,
    "mainnet_income_put_sol": 9999999.97,
    "mainnet_income_put_btc": 2352078.65
  },
  "usdValueByGlobalId": {
    "mainnet_income_call_sol": 18437952.32,
    "mainnet_income_call_marinade": 20039461.03,
    "mainnet_income_call_btc": 14974798.08,
    "mainnet_income_call_sbr": 1006192,
    "mainnet_income_call_ftt": 2631316.13,
    "mainnet_income_put_mngo": 424829.63,
    "mainnet_income_call_luna": 2767199.96,
    "mainnet_income_call_socean": 800138.56,
    "mainnet_income_call_srm": 12135797.1,
    "mainnet_income_call_mngo": 1142597.84,
    "mainnet_income_call_ray": 101401.01,
    "mainnet_income_call_eth": 4511909.84,
    "mainnet_income_put_sol": 9999999.97,
    "mainnet_income_put_btc": 2352078.65
  }
}