{
  "totalTvlUSD": 102409169.43,
  "coinsByCoingeckoId": {
    "solana": 135865.871759574,
    "msol": 145903.550658622,
    "bitcoin": 370.50562,
    "saber": 11000000,
    "ftx-token": 76473.219851,
    "usd-coin": 13655829.251486,
    "terra-luna": 59999.999852,
    "socean-staked-sol": 8442.194591332,
    "serum": 3976384.754153,
    "mango-markets": 5999999.159377,
    "raydium": 19310.493998,
    "ethereum": 1490.861426
  },
  "pricesByCoingeckoId": {
    "BTC": 43710,
    "SOL": 151.78,
    "ETH": 3373.01,
    "mSOL": 155.13,
    "FTT": 41.09,
    "SRM": 3.21,
    "USDC": 1,
    "MNGO": 0.211033,
    "scnSOL": 154.46,
    "SBR": 0.085444,
    "LUNA": 79.17,
    "RAY": 5.56
  },
  "sharePricesByGlobalId": {
    "mainnet_income_call_sol": 1.03708,
    "mainnet_income_call_marinade": 1.02581,
    "mainnet_income_call_btc": 1.0644,
    "mainnet_income_call_sbr": 1,
    "mainnet_income_call_ftt": 1.01481,
    "mainnet_income_put_mngo": 1,
    "mainnet_income_call_luna": 1.01873,
    "mainnet_income_call_socean": 1.01266,
    "mainnet_income_call_srm": 1.00834,
    "mainnet_income_call_mngo": 1.01232,
    "mainnet_income_call_ray": 1,
    "mainnet_income_call_eth": 1.01181,
    "mainnet_income_put_sol": 0.99999,
    "mainnet_income_put_btc": 1
  },
  "depositTokenByGlobalId": {
    "mainnet_income_call_sol": 135865.871759574,
    "mainnet_income_call_marinade": 145903.550658622,
    "mainnet_income_call_btc": 370.50562,
    "mainnet_income_call_sbr": 11000000,
    "mainnet_income_call_ftt": 76473.219851,
    "mainnet_income_put_mngo": 429804.43,
    "mainnet_income_call_luna": 59999.999852,
    "mainnet_income_call_socean": 8442.194591332,
    "mainnet_income_call_srm": 3976384.754153,
    "mainnet_income_call_mngo": 5999999.159377,
    "mainnet_income_call_ray": 19310.493998,
    "mainnet_income_call_eth": 1490.861426,
    "mainnet_income_put_sol": 10871647.03,
    "mainnet_income_put_btc": 2354377.79
  },
  "usdValueByGlobalId": {
    "mainnet_income_call_sol": 20621722.02,
    "mainnet_income_call_marinade": 22634017.81,
    "mainnet_income_call_btc": 16194800.65,
    "mainnet_income_call_sbr": 939884,
    "mainnet_income_call_ftt": 3142284.6,
    "mainnet_income_put_mngo": 429804.43,
    "mainnet_income_call_luna": 4750199.99,
    "mainnet_income_call_socean": 1303981.38,
    "mainnet_income_call_srm": 12764195.06,
    "mainnet_income_call_mngo": 1266197.82,
    "mainnet_income_call_ray": 107366.35,
    "mainnet_income_call_eth": 5028690.5,
    "mainnet_income_put_sol": 10871647.03,
    "mainnet_income_put_btc": 2354377.79
  }
}