{
  "totalTvlUSD": 89560172.73,
  "coinsByCoingeckoId": {
    "solana": 196004.250008812,
    "msol": 166630.057996381,
    "bitcoin": 446.516599,
    "saber": 19999999.398257,
    "ftx-token": 67786.91977,
    "terra-luna": 91534.616803,
    "terrausd": 221093.379823,
    "usd-coin": 15592812.981081001,
    "socean-staked-sol": 11000,
    "serum": 4242136.367456,
    "mango-markets": 7875859.754746,
    "raydium": 23843.179952,
    "ethereum": 1775.982632
  },
  "pricesByCoingeckoId": {
    "BTC": 37010,
    "SOL": 89.82,
    "ETH": 2398.48,
    "mSOL": 91.54,
    "FTT": 38.33,
    "SRM": 2.12,
    "USDC": 1,
    "MNGO": 0.153459,
    "scnSOL": 90.8,
    "SBR": 0.064897,
    "LUNA": 53.75,
    "UST": 1.01,
    "RAY": 3.5
  },
  "sharePricesByGlobalId": {
    "mainnet_income_call_sol": 1.05252,
    "mainnet_income_call_marinade": 1.03727,
    "mainnet_income_call_btc": 1.0696,
    "mainnet_income_call_sbr": 1.05044,
    "mainnet_income_call_ftt": 1.02696,
    "mainnet_income_call_luna": 1.0374,
    "mainnet_income_put_luna": 1,
    "mainnet_income_put_mngo": 1.00322,
    "mainnet_income_call_socean": 1.02395,
    "mainnet_income_call_srm": 1.02041,
    "mainnet_income_call_mngo": 1.01533,
    "mainnet_income_call_ray": 1.01764,
    "mainnet_income_call_eth": 1.0165,
    "mainnet_income_put_sol": 1.01183,
    "mainnet_income_put_btc": 1.00606
  },
  "depositTokenByGlobalId": {
    "mainnet_income_call_sol": 196004.250008812,
    "mainnet_income_call_marinade": 166630.057996381,
    "mainnet_income_call_btc": 446.516599,
    "mainnet_income_call_sbr": 19999999.398257,
    "mainnet_income_call_ftt": 67786.91977,
    "mainnet_income_call_luna": 91534.616803,
    "mainnet_income_put_luna": 221093.379823,
    "mainnet_income_put_mngo": 249437.37,
    "mainnet_income_call_socean": 11000,
    "mainnet_income_call_srm": 4242136.367456,
    "mainnet_income_call_mngo": 7875859.754746,
    "mainnet_income_call_ray": 23843.179952,
    "mainnet_income_call_eth": 1775.982632,
    "mainnet_income_put_sol": 14204652.08,
    "mainnet_income_put_btc": 1138723.52
  },
  "usdValueByGlobalId": {
    "mainnet_income_call_sol": 17605101.74,
    "mainnet_income_call_marinade": 15253315.51,
    "mainnet_income_call_btc": 16525579.33,
    "mainnet_income_call_sbr": 1297939.96,
    "mainnet_income_call_ftt": 2598272.63,
    "mainnet_income_call_luna": 4919985.65,
    "mainnet_income_put_luna": 223304.31,
    "mainnet_income_put_mngo": 249437.37,
    "mainnet_income_call_socean": 998800,
    "mainnet_income_call_srm": 8993329.1,
    "mainnet_income_call_mngo": 1208621.56,
    "mainnet_income_call_ray": 83451.13,
    "mainnet_income_call_eth": 4259658.82,
    "mainnet_income_put_sol": 14204652.08,
    "mainnet_income_put_btc": 1138723.52
  },
  "globalIdToDepositTokenCoingeckoId": {
    "mainnet_income_call_sol": "solana",
    "mainnet_income_call_marinade": "msol",
    "mainnet_income_call_btc": "bitcoin",
    "mainnet_income_call_sbr": "saber",
    "mainnet_income_call_ftt": "ftx-token",
    "mainnet_income_call_luna": "terra-luna",
    "mainnet_income_put_luna": "terrausd",
    "mainnet_income_put_mngo": "usd-coin",
    "mainnet_income_call_socean": "socean-staked-sol",
    "mainnet_income_call_srm": "serum",
    "mainnet_income_call_mngo": "mango-markets",
    "mainnet_income_call_ray": "raydium",
    "mainnet_income_call_eth": "ethereum",
    "mainnet_income_put_sol": "usd-coin",
    "mainnet_income_put_btc": "usd-coin"
  }
}