{
  "totalTvlUSD": 105833431.98,
  "coinsByCoingeckoId": {
    "solana": 140234.19611187,
    "msol": 158780.290675876,
    "bitcoin": 416.550527,
    "saber": 19999847.492037,
    "ftx-token": 67255.213306,
    "usd-coin": 12005503.023302,
    "terra-luna": 65561.960298,
    "socean-staked-sol": 10999.987641614,
    "serum": 4029967.433144,
    "mango-markets": 8713377.314498,
    "raydium": 16269.373504,
    "ethereum": 1687.735466
  },
  "pricesByCoingeckoId": {
    "BTC": 42857,
    "SOL": 145.61,
    "ETH": 3303.77,
    "mSOL": 149.54,
    "FTT": 44.55,
    "SRM": 3.18,
    "USDC": 1,
    "MNGO": 0.198753,
    "scnSOL": 147.7,
    "SBR": 0.083633,
    "LUNA": 80.97,
    "RAY": 5.36
  },
  "sharePricesByGlobalId": {
    "mainnet_income_call_sol": 1.04444,
    "mainnet_income_call_marinade": 1.03017,
    "mainnet_income_call_btc": 1.06814,
    "mainnet_income_call_sbr": 1.04667,
    "mainnet_income_call_ftt": 1.02068,
    "mainnet_income_put_mngo": 1.00201,
    "mainnet_income_call_luna": 1.02692,
    "mainnet_income_call_socean": 1.01629,
    "mainnet_income_call_srm": 1.01304,
    "mainnet_income_call_mngo": 1.01322,
    "mainnet_income_call_ray": 1.00275,
    "mainnet_income_call_eth": 1.01502,
    "mainnet_income_put_sol": 1.00281,
    "mainnet_income_put_btc": 1.00329
  },
  "depositTokenByGlobalId": {
    "mainnet_income_call_sol": 140234.19611187,
    "mainnet_income_call_marinade": 158780.290675876,
    "mainnet_income_call_btc": 416.550527,
    "mainnet_income_call_sbr": 19999847.492037,
    "mainnet_income_call_ftt": 67255.213306,
    "mainnet_income_put_mngo": 392112.07,
    "mainnet_income_call_luna": 65561.960298,
    "mainnet_income_call_socean": 10999.987641614,
    "mainnet_income_call_srm": 4029967.433144,
    "mainnet_income_call_mngo": 8713377.314498,
    "mainnet_income_call_ray": 16269.373504,
    "mainnet_income_call_eth": 1687.735466,
    "mainnet_income_put_sol": 10488906.82,
    "mainnet_income_put_btc": 1124484.14
  },
  "usdValueByGlobalId": {
    "mainnet_income_call_sol": 20419501.3,
    "mainnet_income_call_marinade": 23744004.67,
    "mainnet_income_call_btc": 17852105.94,
    "mainnet_income_call_sbr": 1672647.25,
    "mainnet_income_call_ftt": 2996219.75,
    "mainnet_income_put_mngo": 392112.07,
    "mainnet_income_call_luna": 5308551.93,
    "mainnet_income_call_socean": 1624698.17,
    "mainnet_income_call_srm": 12815296.44,
    "mainnet_income_call_mngo": 1731809.88,
    "mainnet_income_call_ray": 87203.84,
    "mainnet_income_call_eth": 5575889.8,
    "mainnet_income_put_sol": 10488906.82,
    "mainnet_income_put_btc": 1124484.14
  },
  "globalIdToDepositTokenCoingeckoId": {
    "mainnet_income_call_sol": "solana",
    "mainnet_income_call_marinade": "msol",
    "mainnet_income_call_btc": "bitcoin",
    "mainnet_income_call_sbr": "saber",
    "mainnet_income_call_ftt": "ftx-token",
    "mainnet_income_put_mngo": "usd-coin",
    "mainnet_income_call_luna": "terra-luna",
    "mainnet_income_call_socean": "socean-staked-sol",
    "mainnet_income_call_srm": "serum",
    "mainnet_income_call_mngo": "mango-markets",
    "mainnet_income_call_ray": "raydium",
    "mainnet_income_call_eth": "ethereum",
    "mainnet_income_put_sol": "usd-coin",
    "mainnet_income_put_btc": "usd-coin"
  }
}