{
  "totalTvlUSD": 87324558.49,
  "coinsByCoingeckoId": {
    "solana": 124123.112825644,
    "msol": 134444.083020146,
    "bitcoin": 300.245064,
    "saber": 11000000,
    "ftx-token": 70639.430071,
    "usd-coin": 12652624.071836,
    "terra-luna": 39999.089397,
    "socean-staked-sol": 5357.809954106,
    "serum": 3964059.407073,
    "mango-markets": 5985873.086308,
    "raydium": 18915.242615,
    "ethereum": 1399.448053
  },
  "pricesByCoingeckoId": {
    "BTC": 42294,
    "SOL": 139.8,
    "ETH": 3232.71,
    "mSOL": 142.79,
    "FTT": 36.44,
    "SRM": 3.13,
    "USDC": 1,
    "MNGO": 0.192684,
    "scnSOL": 141.99,
    "SBR": 0.093503,
    "LUNA": 71.8,
    "RAY": 5.47
  },
  "sharePricesByGlobalId": {
    "mainnet_income_call_sol": 1.03708,
    "mainnet_income_call_marinade": 1.02581,
    "mainnet_income_call_btc": 1.0644,
    "mainnet_income_call_sbr": 1,
    "mainnet_income_call_ftt": 1.01481,
    "mainnet_income_put_mngo": 1,
    "mainnet_income_call_luna": 1.01873,
    "mainnet_income_call_socean": 1.01266,
    "mainnet_income_call_srm": 1.00834,
    "mainnet_income_call_mngo": 1.01232,
    "mainnet_income_call_ray": 1,
    "mainnet_income_call_eth": 1.01181,
    "mainnet_income_put_sol": 1,
    "mainnet_income_put_btc": 1
  },
  "depositTokenByGlobalId": {
    "mainnet_income_call_sol": 124123.112825644,
    "mainnet_income_call_marinade": 134444.083020146,
    "mainnet_income_call_btc": 300.245064,
    "mainnet_income_call_sbr": 11000000,
    "mainnet_income_call_ftt": 70639.430071,
    "mainnet_income_put_mngo": 420661.09,
    "mainnet_income_call_luna": 39999.089397,
    "mainnet_income_call_socean": 5357.809954106,
    "mainnet_income_call_srm": 3964059.407073,
    "mainnet_income_call_mngo": 5985873.086308,
    "mainnet_income_call_ray": 18915.242615,
    "mainnet_income_call_eth": 1399.448053,
    "mainnet_income_put_sol": 9881055.24,
    "mainnet_income_put_btc": 2350907.74
  },
  "usdValueByGlobalId": {
    "mainnet_income_call_sol": 17352411.17,
    "mainnet_income_call_marinade": 19197270.61,
    "mainnet_income_call_btc": 12698564.74,
    "mainnet_income_call_sbr": 1028533,
    "mainnet_income_call_ftt": 2574100.83,
    "mainnet_income_put_mngo": 420661.09,
    "mainnet_income_call_luna": 2871934.62,
    "mainnet_income_call_socean": 760755.44,
    "mainnet_income_call_srm": 12407505.94,
    "mainnet_income_call_mngo": 1153381.97,
    "mainnet_income_call_ray": 103466.38,
    "mainnet_income_call_eth": 4524009.72,
    "mainnet_income_put_sol": 9881055.24,
    "mainnet_income_put_btc": 2350907.74
  }
}