{
  "totalTvlUSD": 113261253.18,
  "coinsByCoingeckoId": {
    "solana": 173235.61877887,
    "msol": 162756.465247992,
    "bitcoin": 427.525376,
    "saber": 19999999.49755,
    "ftx-token": 73563.452592,
    "terra-luna": 84597.593241,
    "terrausd": 95476.528858,
    "usd-coin": 13029553.821824,
    "socean-staked-sol": 10999.997467117,
    "serum": 4206187.748997,
    "mango-markets": 9017414.639675,
    "raydium": 19968.987916,
    "ethereum": 1752.503932
  },
  "pricesByCoingeckoId": {
    "BTC": 42486,
    "SOL": 141.07,
    "ETH": 3214.61,
    "mSOL": 144.57,
    "FTT": 44.46,
    "SRM": 3.02,
    "USDC": 1,
    "MNGO": 0.199163,
    "scnSOL": 143.39,
    "SBR": 0.116205,
    "LUNA": 77.97,
    "UST": 1.01,
    "RAY": 5.16
  },
  "sharePricesByGlobalId": {
    "mainnet_income_call_sol": 1.05342,
    "mainnet_income_call_marinade": 1.03017,
    "mainnet_income_call_btc": 1.06976,
    "mainnet_income_call_sbr": 1.04667,
    "mainnet_income_call_ftt": 1.02068,
    "mainnet_income_call_luna": 1.02692,
    "mainnet_income_put_luna": 1,
    "mainnet_income_put_mngo": 1.00201,
    "mainnet_income_call_socean": 1.01629,
    "mainnet_income_call_srm": 1.01304,
    "mainnet_income_call_mngo": 1.01322,
    "mainnet_income_call_ray": 1.00275,
    "mainnet_income_call_eth": 1.01667,
    "mainnet_income_put_sol": 1.00281,
    "mainnet_income_put_btc": 1.00329
  },
  "depositTokenByGlobalId": {
    "mainnet_income_call_sol": 173235.61877887,
    "mainnet_income_call_marinade": 162756.465247992,
    "mainnet_income_call_btc": 427.525376,
    "mainnet_income_call_sbr": 19999999.49755,
    "mainnet_income_call_ftt": 73563.452592,
    "mainnet_income_call_luna": 84597.593241,
    "mainnet_income_put_luna": 95476.528858,
    "mainnet_income_put_mngo": 397676.27,
    "mainnet_income_call_socean": 10999.997467117,
    "mainnet_income_call_srm": 4206187.748997,
    "mainnet_income_call_mngo": 9017414.639675,
    "mainnet_income_call_ray": 19968.987916,
    "mainnet_income_call_eth": 1752.503932,
    "mainnet_income_put_sol": 11506101.52,
    "mainnet_income_put_btc": 1125776.04
  },
  "usdValueByGlobalId": {
    "mainnet_income_call_sol": 24438348.74,
    "mainnet_income_call_marinade": 23529702.18,
    "mainnet_income_call_btc": 18163843.12,
    "mainnet_income_call_sbr": 2324099.94,
    "mainnet_income_call_ftt": 3270631.1,
    "mainnet_income_call_luna": 6596074.35,
    "mainnet_income_put_luna": 96431.29,
    "mainnet_income_put_mngo": 397676.27,
    "mainnet_income_call_socean": 1577289.64,
    "mainnet_income_call_srm": 12702687,
    "mainnet_income_call_mngo": 1795935.35,
    "mainnet_income_call_ray": 103039.98,
    "mainnet_income_call_eth": 5633616.66,
    "mainnet_income_put_sol": 11506101.52,
    "mainnet_income_put_btc": 1125776.04
  },
  "globalIdToDepositTokenCoingeckoId": {
    "mainnet_income_call_sol": "solana",
    "mainnet_income_call_marinade": "msol",
    "mainnet_income_call_btc": "bitcoin",
    "mainnet_income_call_sbr": "saber",
    "mainnet_income_call_ftt": "ftx-token",
    "mainnet_income_call_luna": "terra-luna",
    "mainnet_income_put_luna": "terrausd",
    "mainnet_income_put_mngo": "usd-coin",
    "mainnet_income_call_socean": "socean-staked-sol",
    "mainnet_income_call_srm": "serum",
    "mainnet_income_call_mngo": "mango-markets",
    "mainnet_income_call_ray": "raydium",
    "mainnet_income_call_eth": "ethereum",
    "mainnet_income_put_sol": "usd-coin",
    "mainnet_income_put_btc": "usd-coin"
  }
}