{
  "totalTvlUSD": 85997288.13,
  "coinsByCoingeckoId": {
    "solana": 183899.599158812,
    "msol": 159751.951209382,
    "bitcoin": 427.534551,
    "saber": 18524131.395907,
    "ftx-token": 65603.463145,
    "terra-luna": 77919.752256,
    "terrausd": 207434.622707,
    "usd-coin": 13994429.432895,
    "socean-staked-sol": 10999.999764954,
    "serum": 4226942.298613,
    "mango-markets": 7784756.149321,
    "raydium": 20943.182791,
    "ethereum": 1754.805352
  },
  "pricesByCoingeckoId": {
    "BTC": 34841,
    "SOL": 93.58,
    "ETH": 2400.34,
    "mSOL": 95.92,
    "FTT": 33.51,
    "SRM": 2.19,
    "USDC": 1,
    "MNGO": 0.159725,
    "scnSOL": 95.54,
    "SBR": 0.078979,
    "LUNA": 62.42,
    "UST": 1,
    "RAY": 3.74
  },
  "sharePricesByGlobalId": {
    "mainnet_income_call_sol": 1.05252,
    "mainnet_income_call_marinade": 1.03727,
    "mainnet_income_call_btc": 1.0696,
    "mainnet_income_call_sbr": 1.05044,
    "mainnet_income_call_ftt": 1.02696,
    "mainnet_income_call_luna": 1.0374,
    "mainnet_income_put_luna": 1,
    "mainnet_income_put_mngo": 1.00322,
    "mainnet_income_call_socean": 1.02395,
    "mainnet_income_call_srm": 1.02041,
    "mainnet_income_call_mngo": 1.01533,
    "mainnet_income_call_ray": 1.01764,
    "mainnet_income_call_eth": 1.0165,
    "mainnet_income_put_sol": 1.01183,
    "mainnet_income_put_btc": 1.00606
  },
  "depositTokenByGlobalId": {
    "mainnet_income_call_sol": 183899.599158812,
    "mainnet_income_call_marinade": 159751.951209382,
    "mainnet_income_call_btc": 427.534551,
    "mainnet_income_call_sbr": 18524131.395907,
    "mainnet_income_call_ftt": 65603.463145,
    "mainnet_income_call_luna": 77919.752256,
    "mainnet_income_put_luna": 207434.622707,
    "mainnet_income_put_mngo": 248683.41,
    "mainnet_income_call_socean": 10999.999764954,
    "mainnet_income_call_srm": 4226942.298613,
    "mainnet_income_call_mngo": 7784756.149321,
    "mainnet_income_call_ray": 20943.182791,
    "mainnet_income_call_eth": 1754.805352,
    "mainnet_income_put_sol": 12607555.18,
    "mainnet_income_put_btc": 1138190.84
  },
  "usdValueByGlobalId": {
    "mainnet_income_call_sol": 17209324.49,
    "mainnet_income_call_marinade": 15323407.16,
    "mainnet_income_call_btc": 14895731.29,
    "mainnet_income_call_sbr": 1463017.37,
    "mainnet_income_call_ftt": 2198372.05,
    "mainnet_income_call_luna": 4863750.94,
    "mainnet_income_put_luna": 207434.62,
    "mainnet_income_put_mngo": 248683.41,
    "mainnet_income_call_socean": 1050939.98,
    "mainnet_income_call_srm": 9257003.63,
    "mainnet_income_call_mngo": 1243420.18,
    "mainnet_income_call_ray": 78327.5,
    "mainnet_income_call_eth": 4212129.48,
    "mainnet_income_put_sol": 12607555.18,
    "mainnet_income_put_btc": 1138190.84
  },
  "globalIdToDepositTokenCoingeckoId": {
    "mainnet_income_call_sol": "solana",
    "mainnet_income_call_marinade": "msol",
    "mainnet_income_call_btc": "bitcoin",
    "mainnet_income_call_sbr": "saber",
    "mainnet_income_call_ftt": "ftx-token",
    "mainnet_income_call_luna": "terra-luna",
    "mainnet_income_put_luna": "terrausd",
    "mainnet_income_put_mngo": "usd-coin",
    "mainnet_income_call_socean": "socean-staked-sol",
    "mainnet_income_call_srm": "serum",
    "mainnet_income_call_mngo": "mango-markets",
    "mainnet_income_call_ray": "raydium",
    "mainnet_income_call_eth": "ethereum",
    "mainnet_income_put_sol": "usd-coin",
    "mainnet_income_put_btc": "usd-coin"
  }
}