{
  "totalTvlUSD": 88560798.36,
  "coinsByCoingeckoId": {
    "solana": 187491.242158812,
    "msol": 162307.05167484,
    "bitcoin": 432.197839,
    "saber": 18780013.595862,
    "ftx-token": 66388.891241,
    "terra-luna": 82528.967292,
    "terrausd": 207806.523956,
    "usd-coin": 14050920.958186,
    "socean-staked-sol": 10999.999764954,
    "serum": 4234569.805075,
    "mango-markets": 7819872.780532,
    "raydium": 20953.675782,
    "ethereum": 1762.014934
  },
  "pricesByCoingeckoId": {
    "BTC": 35440,
    "SOL": 96.01,
    "ETH": 2435.99,
    "mSOL": 98.3,
    "FTT": 34.63,
    "SRM": 2.18,
    "USDC": 1,
    "MNGO": 0.157165,
    "scnSOL": 98.18,
    "SBR": 0.071214,
    "LUNA": 66.45,
    "UST": 1,
    "RAY": 3.63
  },
  "sharePricesByGlobalId": {
    "mainnet_income_call_sol": 1.05252,
    "mainnet_income_call_marinade": 1.03727,
    "mainnet_income_call_btc": 1.0696,
    "mainnet_income_call_sbr": 1.05044,
    "mainnet_income_call_ftt": 1.02696,
    "mainnet_income_call_luna": 1.0374,
    "mainnet_income_put_luna": 1,
    "mainnet_income_put_mngo": 1.00322,
    "mainnet_income_call_socean": 1.02395,
    "mainnet_income_call_srm": 1.02041,
    "mainnet_income_call_mngo": 1.01533,
    "mainnet_income_call_ray": 1.01764,
    "mainnet_income_call_eth": 1.0165,
    "mainnet_income_put_sol": 1.01183,
    "mainnet_income_put_btc": 1.00606
  },
  "depositTokenByGlobalId": {
    "mainnet_income_call_sol": 187491.242158812,
    "mainnet_income_call_marinade": 162307.05167484,
    "mainnet_income_call_btc": 432.197839,
    "mainnet_income_call_sbr": 18780013.595862,
    "mainnet_income_call_ftt": 66388.891241,
    "mainnet_income_call_luna": 82528.967292,
    "mainnet_income_put_luna": 207806.523956,
    "mainnet_income_put_mngo": 248683.41,
    "mainnet_income_call_socean": 10999.999764954,
    "mainnet_income_call_srm": 4234569.805075,
    "mainnet_income_call_mngo": 7819872.780532,
    "mainnet_income_call_ray": 20953.675782,
    "mainnet_income_call_eth": 1762.014934,
    "mainnet_income_put_sol": 12664026.71,
    "mainnet_income_put_btc": 1138210.83
  },
  "usdValueByGlobalId": {
    "mainnet_income_call_sol": 18001034.16,
    "mainnet_income_call_marinade": 15954783.18,
    "mainnet_income_call_btc": 15317091.41,
    "mainnet_income_call_sbr": 1337399.89,
    "mainnet_income_call_ftt": 2299047.3,
    "mainnet_income_call_luna": 5484049.88,
    "mainnet_income_put_luna": 207806.52,
    "mainnet_income_put_mngo": 248683.41,
    "mainnet_income_call_socean": 1079979.98,
    "mainnet_income_call_srm": 9231362.18,
    "mainnet_income_call_mngo": 1229010.31,
    "mainnet_income_call_ray": 76061.84,
    "mainnet_income_call_eth": 4292250.76,
    "mainnet_income_put_sol": 12664026.71,
    "mainnet_income_put_btc": 1138210.83
  },
  "globalIdToDepositTokenCoingeckoId": {
    "mainnet_income_call_sol": "solana",
    "mainnet_income_call_marinade": "msol",
    "mainnet_income_call_btc": "bitcoin",
    "mainnet_income_call_sbr": "saber",
    "mainnet_income_call_ftt": "ftx-token",
    "mainnet_income_call_luna": "terra-luna",
    "mainnet_income_put_luna": "terrausd",
    "mainnet_income_put_mngo": "usd-coin",
    "mainnet_income_call_socean": "socean-staked-sol",
    "mainnet_income_call_srm": "serum",
    "mainnet_income_call_mngo": "mango-markets",
    "mainnet_income_call_ray": "raydium",
    "mainnet_income_call_eth": "ethereum",
    "mainnet_income_put_sol": "usd-coin",
    "mainnet_income_put_btc": "usd-coin"
  }
}