{
  "totalTvlUSD": 89325349.63,
  "coinsByCoingeckoId": {
    "solana": 186372.171158812,
    "msol": 162304.23098336,
    "bitcoin": 430.255061,
    "saber": 18685469.673805,
    "ftx-token": 66388.891241,
    "terra-luna": 78963.781568,
    "terrausd": 207806.523956,
    "usd-coin": 14028933.216551999,
    "socean-staked-sol": 10999.999764954,
    "serum": 4227511.209609,
    "mango-markets": 7787116.216835,
    "raydium": 20953.675782,
    "ethereum": 1762.014934
  },
  "pricesByCoingeckoId": {
    "BTC": 35392,
    "SOL": 98.69,
    "ETH": 2440.29,
    "mSOL": 101.13,
    "FTT": 34.8,
    "SRM": 2.21,
    "USDC": 1,
    "MNGO": 0.160028,
    "scnSOL": 100.43,
    "SBR": 0.072765,
    "LUNA": 67.28,
    "UST": 1,
    "RAY": 3.72
  },
  "sharePricesByGlobalId": {
    "mainnet_income_call_sol": 1.05252,
    "mainnet_income_call_marinade": 1.03727,
    "mainnet_income_call_btc": 1.0696,
    "mainnet_income_call_sbr": 1.05044,
    "mainnet_income_call_ftt": 1.02696,
    "mainnet_income_call_luna": 1.0374,
    "mainnet_income_put_luna": 1,
    "mainnet_income_put_mngo": 1.00322,
    "mainnet_income_call_socean": 1.02395,
    "mainnet_income_call_srm": 1.02041,
    "mainnet_income_call_mngo": 1.01533,
    "mainnet_income_call_ray": 1.01764,
    "mainnet_income_call_eth": 1.0165,
    "mainnet_income_put_sol": 1.01183,
    "mainnet_income_put_btc": 1.00606
  },
  "depositTokenByGlobalId": {
    "mainnet_income_call_sol": 186372.171158812,
    "mainnet_income_call_marinade": 162304.23098336,
    "mainnet_income_call_btc": 430.255061,
    "mainnet_income_call_sbr": 18685469.673805,
    "mainnet_income_call_ftt": 66388.891241,
    "mainnet_income_call_luna": 78963.781568,
    "mainnet_income_put_luna": 207806.523956,
    "mainnet_income_put_mngo": 248683.41,
    "mainnet_income_call_socean": 10999.999764954,
    "mainnet_income_call_srm": 4227511.209609,
    "mainnet_income_call_mngo": 7787116.216835,
    "mainnet_income_call_ray": 20953.675782,
    "mainnet_income_call_eth": 1762.014934,
    "mainnet_income_put_sol": 12642058.97,
    "mainnet_income_put_btc": 1138190.84
  },
  "usdValueByGlobalId": {
    "mainnet_income_call_sol": 18393069.57,
    "mainnet_income_call_marinade": 16413826.88,
    "mainnet_income_call_btc": 15227587.12,
    "mainnet_income_call_sbr": 1359648.2,
    "mainnet_income_call_ftt": 2310333.42,
    "mainnet_income_call_luna": 5312683.22,
    "mainnet_income_put_luna": 207806.52,
    "mainnet_income_put_mngo": 248683.41,
    "mainnet_income_call_socean": 1104729.98,
    "mainnet_income_call_srm": 9342799.77,
    "mainnet_income_call_mngo": 1246156.63,
    "mainnet_income_call_ray": 77947.67,
    "mainnet_income_call_eth": 4299827.42,
    "mainnet_income_put_sol": 12642058.97,
    "mainnet_income_put_btc": 1138190.84
  },
  "globalIdToDepositTokenCoingeckoId": {
    "mainnet_income_call_sol": "solana",
    "mainnet_income_call_marinade": "msol",
    "mainnet_income_call_btc": "bitcoin",
    "mainnet_income_call_sbr": "saber",
    "mainnet_income_call_ftt": "ftx-token",
    "mainnet_income_call_luna": "terra-luna",
    "mainnet_income_put_luna": "terrausd",
    "mainnet_income_put_mngo": "usd-coin",
    "mainnet_income_call_socean": "socean-staked-sol",
    "mainnet_income_call_srm": "serum",
    "mainnet_income_call_mngo": "mango-markets",
    "mainnet_income_call_ray": "raydium",
    "mainnet_income_call_eth": "ethereum",
    "mainnet_income_put_sol": "usd-coin",
    "mainnet_income_put_btc": "usd-coin"
  }
}