{
  "totalTvlUSD": 108925236.7,
  "coinsByCoingeckoId": {
    "solana": 142638.69521187,
    "msol": 159643.19157369,
    "bitcoin": 417.029802,
    "saber": 19999999.492037,
    "ftx-token": 67885.113433,
    "usd-coin": 12224677.038408998,
    "terra-luna": 70049.425388,
    "socean-staked-sol": 10999.987641614,
    "serum": 4064978.055918,
    "mango-markets": 8821353.418256,
    "raydium": 17488.102345,
    "ethereum": 1697.802106
  },
  "pricesByCoingeckoId": {
    "BTC": 43227,
    "SOL": 147.7,
    "ETH": 3334.37,
    "mSOL": 151.52,
    "FTT": 46.17,
    "SRM": 3.23,
    "USDC": 1,
    "MNGO": 0.195975,
    "scnSOL": 150.88,
    "SBR": 0.091959,
    "LUNA": 87.59,
    "RAY": 5.49
  },
  "sharePricesByGlobalId": {
    "mainnet_income_call_sol": 1.04444,
    "mainnet_income_call_marinade": 1.03017,
    "mainnet_income_call_btc": 1.06814,
    "mainnet_income_call_sbr": 1.04667,
    "mainnet_income_call_ftt": 1.02068,
    "mainnet_income_put_mngo": 1.00201,
    "mainnet_income_call_luna": 1.02692,
    "mainnet_income_call_socean": 1.01629,
    "mainnet_income_call_srm": 1.01304,
    "mainnet_income_call_mngo": 1.01322,
    "mainnet_income_call_ray": 1.00275,
    "mainnet_income_call_eth": 1.01502,
    "mainnet_income_put_sol": 1.00281,
    "mainnet_income_put_btc": 1.00329
  },
  "depositTokenByGlobalId": {
    "mainnet_income_call_sol": 142638.69521187,
    "mainnet_income_call_marinade": 159643.19157369,
    "mainnet_income_call_btc": 417.029802,
    "mainnet_income_call_sbr": 19999999.492037,
    "mainnet_income_call_ftt": 67885.113433,
    "mainnet_income_put_mngo": 392112.07,
    "mainnet_income_call_luna": 70049.425388,
    "mainnet_income_call_socean": 10999.987641614,
    "mainnet_income_call_srm": 4064978.055918,
    "mainnet_income_call_mngo": 8821353.418256,
    "mainnet_income_call_ray": 17488.102345,
    "mainnet_income_call_eth": 1697.802106,
    "mainnet_income_put_sol": 10708080.83,
    "mainnet_income_put_btc": 1124484.14
  },
  "usdValueByGlobalId": {
    "mainnet_income_call_sol": 21067735.28,
    "mainnet_income_call_marinade": 24189136.39,
    "mainnet_income_call_btc": 18026947.25,
    "mainnet_income_call_sbr": 1839179.95,
    "mainnet_income_call_ftt": 3134255.69,
    "mainnet_income_put_mngo": 392112.07,
    "mainnet_income_call_luna": 6127223.24,
    "mainnet_income_call_socean": 1659678.14,
    "mainnet_income_call_srm": 13170528.9,
    "mainnet_income_call_mngo": 1728764.74,
    "mainnet_income_call_ray": 96009.68,
    "mainnet_income_call_eth": 5661100.41,
    "mainnet_income_put_sol": 10708080.83,
    "mainnet_income_put_btc": 1124484.14
  },
  "globalIdToDepositTokenCoingeckoId": {
    "mainnet_income_call_sol": "solana",
    "mainnet_income_call_marinade": "msol",
    "mainnet_income_call_btc": "bitcoin",
    "mainnet_income_call_sbr": "saber",
    "mainnet_income_call_ftt": "ftx-token",
    "mainnet_income_put_mngo": "usd-coin",
    "mainnet_income_call_luna": "terra-luna",
    "mainnet_income_call_socean": "socean-staked-sol",
    "mainnet_income_call_srm": "serum",
    "mainnet_income_call_mngo": "mango-markets",
    "mainnet_income_call_ray": "raydium",
    "mainnet_income_call_eth": "ethereum",
    "mainnet_income_put_sol": "usd-coin",
    "mainnet_income_put_btc": "usd-coin"
  }
}