{
  "totalTvlUSD": 90418470.97,
  "coinsByCoingeckoId": {
    "solana": 128657.016350644,
    "msol": 136342.409787063,
    "bitcoin": 355.172859,
    "saber": 11000000,
    "ftx-token": 72608.061089,
    "usd-coin": 12776908.253459001,
    "terra-luna": 39999.999397,
    "socean-staked-sol": 5499.990099232,
    "serum": 3966288.775828,
    "mango-markets": 5999999.159277,
    "raydium": 18918.099566,
    "ethereum": 1433.050421
  },
  "pricesByCoingeckoId": {
    "BTC": 41910,
    "SOL": 140.82,
    "ETH": 3135.59,
    "mSOL": 144.5,
    "FTT": 36.4,
    "SRM": 3.02,
    "USDC": 1,
    "MNGO": 0.190814,
    "scnSOL": 143.06,
    "SBR": 0.089924,
    "LUNA": 69.87,
    "RAY": 5.33
  },
  "sharePricesByGlobalId": {
    "mainnet_income_call_sol": 1.03708,
    "mainnet_income_call_marinade": 1.02581,
    "mainnet_income_call_btc": 1.0644,
    "mainnet_income_call_sbr": 1,
    "mainnet_income_call_ftt": 1.01481,
    "mainnet_income_put_mngo": 1,
    "mainnet_income_call_luna": 1.01873,
    "mainnet_income_call_socean": 1.01266,
    "mainnet_income_call_srm": 1.00834,
    "mainnet_income_call_mngo": 1.01232,
    "mainnet_income_call_ray": 1,
    "mainnet_income_call_eth": 1.01181,
    "mainnet_income_put_sol": 1,
    "mainnet_income_put_btc": 1
  },
  "depositTokenByGlobalId": {
    "mainnet_income_call_sol": 128657.016350644,
    "mainnet_income_call_marinade": 136342.409787063,
    "mainnet_income_call_btc": 355.172859,
    "mainnet_income_call_sbr": 11000000,
    "mainnet_income_call_ftt": 72608.061089,
    "mainnet_income_put_mngo": 424829.63,
    "mainnet_income_call_luna": 39999.999397,
    "mainnet_income_call_socean": 5499.990099232,
    "mainnet_income_call_srm": 3966288.775828,
    "mainnet_income_call_mngo": 5999999.159277,
    "mainnet_income_call_ray": 18918.099566,
    "mainnet_income_call_eth": 1433.050421,
    "mainnet_income_put_sol": 9999999.97,
    "mainnet_income_put_btc": 2352078.65
  },
  "usdValueByGlobalId": {
    "mainnet_income_call_sol": 18117481.04,
    "mainnet_income_call_marinade": 19701478.21,
    "mainnet_income_call_btc": 14885294.52,
    "mainnet_income_call_sbr": 989164,
    "mainnet_income_call_ftt": 2642933.42,
    "mainnet_income_put_mngo": 424829.63,
    "mainnet_income_call_luna": 2794799.96,
    "mainnet_income_call_socean": 793043.57,
    "mainnet_income_call_srm": 11978192.1,
    "mainnet_income_call_mngo": 1144883.84,
    "mainnet_income_call_ray": 100833.47,
    "mainnet_income_call_eth": 4493458.57,
    "mainnet_income_put_sol": 9999999.97,
    "mainnet_income_put_btc": 2352078.65
  }
}