{
  "totalTvlUSD": 87202917.78,
  "coinsByCoingeckoId": {
    "solana": 188082.014158812,
    "msol": 162310.098879224,
    "bitcoin": 432.197839,
    "saber": 18800367.172324,
    "ftx-token": 66452.899915,
    "terra-luna": 82760.055935,
    "terrausd": 207818.654299,
    "usd-coin": 14062851.470973,
    "socean-staked-sol": 10999.999764954,
    "serum": 4235069.805075,
    "mango-markets": 7820363.780532,
    "raydium": 21180.224006,
    "ethereum": 1762.055973
  },
  "pricesByCoingeckoId": {
    "BTC": 35459,
    "SOL": 91.69,
    "ETH": 2465.04,
    "mSOL": 94.34,
    "FTT": 35.15,
    "SRM": 2.17,
    "USDC": 1,
    "MNGO": 0.156518,
    "scnSOL": 93.9,
    "SBR": 0.071104,
    "LUNA": 66.58,
    "UST": 1,
    "RAY": 3.59
  },
  "sharePricesByGlobalId": {
    "mainnet_income_call_sol": 1.05252,
    "mainnet_income_call_marinade": 1.03727,
    "mainnet_income_call_btc": 1.0696,
    "mainnet_income_call_sbr": 1.05044,
    "mainnet_income_call_ftt": 1.02696,
    "mainnet_income_call_luna": 1.0374,
    "mainnet_income_put_luna": 1,
    "mainnet_income_put_mngo": 1.00322,
    "mainnet_income_call_socean": 1.02395,
    "mainnet_income_call_srm": 1.02041,
    "mainnet_income_call_mngo": 1.01533,
    "mainnet_income_call_ray": 1.01764,
    "mainnet_income_call_eth": 1.0165,
    "mainnet_income_put_sol": 1.01183,
    "mainnet_income_put_btc": 1.00606
  },
  "depositTokenByGlobalId": {
    "mainnet_income_call_sol": 188082.014158812,
    "mainnet_income_call_marinade": 162310.098879224,
    "mainnet_income_call_btc": 432.197839,
    "mainnet_income_call_sbr": 18800367.172324,
    "mainnet_income_call_ftt": 66452.899915,
    "mainnet_income_call_luna": 82760.055935,
    "mainnet_income_put_luna": 207818.654299,
    "mainnet_income_put_mngo": 248683.41,
    "mainnet_income_call_socean": 10999.999764954,
    "mainnet_income_call_srm": 4235069.805075,
    "mainnet_income_call_mngo": 7820363.780532,
    "mainnet_income_call_ray": 21180.224006,
    "mainnet_income_call_eth": 1762.055973,
    "mainnet_income_put_sol": 12675957.23,
    "mainnet_income_put_btc": 1138210.83
  },
  "usdValueByGlobalId": {
    "mainnet_income_call_sol": 17245239.88,
    "mainnet_income_call_marinade": 15312334.73,
    "mainnet_income_call_btc": 15325303.17,
    "mainnet_income_call_sbr": 1336781.31,
    "mainnet_income_call_ftt": 2335819.43,
    "mainnet_income_call_luna": 5510164.52,
    "mainnet_income_put_luna": 207818.65,
    "mainnet_income_put_mngo": 248683.41,
    "mainnet_income_call_socean": 1032899.98,
    "mainnet_income_call_srm": 9190101.48,
    "mainnet_income_call_mngo": 1224027.7,
    "mainnet_income_call_ray": 76037,
    "mainnet_income_call_eth": 4343538.46,
    "mainnet_income_put_sol": 12675957.23,
    "mainnet_income_put_btc": 1138210.83
  },
  "globalIdToDepositTokenCoingeckoId": {
    "mainnet_income_call_sol": "solana",
    "mainnet_income_call_marinade": "msol",
    "mainnet_income_call_btc": "bitcoin",
    "mainnet_income_call_sbr": "saber",
    "mainnet_income_call_ftt": "ftx-token",
    "mainnet_income_call_luna": "terra-luna",
    "mainnet_income_put_luna": "terrausd",
    "mainnet_income_put_mngo": "usd-coin",
    "mainnet_income_call_socean": "socean-staked-sol",
    "mainnet_income_call_srm": "serum",
    "mainnet_income_call_mngo": "mango-markets",
    "mainnet_income_call_ray": "raydium",
    "mainnet_income_call_eth": "ethereum",
    "mainnet_income_put_sol": "usd-coin",
    "mainnet_income_put_btc": "usd-coin"
  }
}