{
  "totalTvlUSD": 86666965.74,
  "coinsByCoingeckoId": {
    "solana": 184410.733158812,
    "msol": 161858.194781868,
    "bitcoin": 429.992838,
    "saber": 18628530.558718,
    "ftx-token": 65604.390991,
    "terra-luna": 77956.309303,
    "terrausd": 207614.934803,
    "usd-coin": 14009737.045635,
    "socean-staked-sol": 10999.999764954,
    "serum": 4227126.229733,
    "mango-markets": 7786170.833833,
    "raydium": 20953.675782,
    "ethereum": 1755.995973
  },
  "pricesByCoingeckoId": {
    "BTC": 35017,
    "SOL": 94.08,
    "ETH": 2404.96,
    "mSOL": 96.66,
    "FTT": 33.93,
    "SRM": 2.21,
    "USDC": 1,
    "MNGO": 0.158937,
    "scnSOL": 95.61,
    "SBR": 0.066303,
    "LUNA": 64.22,
    "UST": 1,
    "RAY": 3.64
  },
  "sharePricesByGlobalId": {
    "mainnet_income_call_sol": 1.05252,
    "mainnet_income_call_marinade": 1.03727,
    "mainnet_income_call_btc": 1.0696,
    "mainnet_income_call_sbr": 1.05044,
    "mainnet_income_call_ftt": 1.02696,
    "mainnet_income_call_luna": 1.0374,
    "mainnet_income_put_luna": 1,
    "mainnet_income_put_mngo": 1.00322,
    "mainnet_income_call_socean": 1.02395,
    "mainnet_income_call_srm": 1.02041,
    "mainnet_income_call_mngo": 1.01533,
    "mainnet_income_call_ray": 1.01764,
    "mainnet_income_call_eth": 1.0165,
    "mainnet_income_put_sol": 1.01183,
    "mainnet_income_put_btc": 1.00606
  },
  "depositTokenByGlobalId": {
    "mainnet_income_call_sol": 184410.733158812,
    "mainnet_income_call_marinade": 161858.194781868,
    "mainnet_income_call_btc": 429.992838,
    "mainnet_income_call_sbr": 18628530.558718,
    "mainnet_income_call_ftt": 65604.390991,
    "mainnet_income_call_luna": 77956.309303,
    "mainnet_income_put_luna": 207614.934803,
    "mainnet_income_put_mngo": 248683.41,
    "mainnet_income_call_socean": 10999.999764954,
    "mainnet_income_call_srm": 4227126.229733,
    "mainnet_income_call_mngo": 7786170.833833,
    "mainnet_income_call_ray": 20953.675782,
    "mainnet_income_call_eth": 1755.995973,
    "mainnet_income_put_sol": 12622862.8,
    "mainnet_income_put_btc": 1138190.84
  },
  "usdValueByGlobalId": {
    "mainnet_income_call_sol": 17349361.78,
    "mainnet_income_call_marinade": 15645213.11,
    "mainnet_income_call_btc": 15057059.21,
    "mainnet_income_call_sbr": 1235127.46,
    "mainnet_income_call_ftt": 2225956.99,
    "mainnet_income_call_luna": 5006354.18,
    "mainnet_income_put_luna": 207614.93,
    "mainnet_income_put_mngo": 248683.41,
    "mainnet_income_call_socean": 1051709.98,
    "mainnet_income_call_srm": 9341948.97,
    "mainnet_income_call_mngo": 1237510.63,
    "mainnet_income_call_ray": 76271.38,
    "mainnet_income_call_eth": 4223100.08,
    "mainnet_income_put_sol": 12622862.8,
    "mainnet_income_put_btc": 1138190.84
  },
  "globalIdToDepositTokenCoingeckoId": {
    "mainnet_income_call_sol": "solana",
    "mainnet_income_call_marinade": "msol",
    "mainnet_income_call_btc": "bitcoin",
    "mainnet_income_call_sbr": "saber",
    "mainnet_income_call_ftt": "ftx-token",
    "mainnet_income_call_luna": "terra-luna",
    "mainnet_income_put_luna": "terrausd",
    "mainnet_income_put_mngo": "usd-coin",
    "mainnet_income_call_socean": "socean-staked-sol",
    "mainnet_income_call_srm": "serum",
    "mainnet_income_call_mngo": "mango-markets",
    "mainnet_income_call_ray": "raydium",
    "mainnet_income_call_eth": "ethereum",
    "mainnet_income_put_sol": "usd-coin",
    "mainnet_income_put_btc": "usd-coin"
  }
}