{
  "totalTvlUSD": 111639196.41,
  "coinsByCoingeckoId": {
    "solana": 146332.99601187,
    "msol": 161202.313682508,
    "bitcoin": 422.056284,
    "saber": 19999999.492037,
    "ftx-token": 67969.399326,
    "terra-luna": 72446.8255,
    "terrausd": 18251.094515,
    "usd-coin": 12730921.699306,
    "socean-staked-sol": 10999.987641614,
    "serum": 4067118.18318,
    "mango-markets": 8829881.11981,
    "raydium": 18005.027179,
    "ethereum": 1723.165591
  },
  "pricesByCoingeckoId": {
    "BTC": 43164,
    "SOL": 150.18,
    "ETH": 3337.52,
    "mSOL": 154.07,
    "FTT": 45.96,
    "SRM": 3.2,
    "USDC": 1,
    "MNGO": 0.194543,
    "scnSOL": 153,
    "SBR": 0.110706,
    "LUNA": 86.36,
    "UST": 1,
    "RAY": 5.47
  },
  "sharePricesByGlobalId": {
    "mainnet_income_call_sol": 1.04444,
    "mainnet_income_call_marinade": 1.03017,
    "mainnet_income_call_btc": 1.06814,
    "mainnet_income_call_sbr": 1.04667,
    "mainnet_income_call_ftt": 1.02068,
    "mainnet_income_call_luna": 1.02692,
    "mainnet_income_put_luna": 1,
    "mainnet_income_put_mngo": 1.00201,
    "mainnet_income_call_socean": 1.01629,
    "mainnet_income_call_srm": 1.01304,
    "mainnet_income_call_mngo": 1.01322,
    "mainnet_income_call_ray": 1.00275,
    "mainnet_income_call_eth": 1.01502,
    "mainnet_income_put_sol": 1.00281,
    "mainnet_income_put_btc": 1.00329
  },
  "depositTokenByGlobalId": {
    "mainnet_income_call_sol": 146332.99601187,
    "mainnet_income_call_marinade": 161202.313682508,
    "mainnet_income_call_btc": 422.056284,
    "mainnet_income_call_sbr": 19999999.492037,
    "mainnet_income_call_ftt": 67969.399326,
    "mainnet_income_call_luna": 72446.8255,
    "mainnet_income_put_luna": 18251.094515,
    "mainnet_income_put_mngo": 392112.07,
    "mainnet_income_call_socean": 10999.987641614,
    "mainnet_income_call_srm": 4067118.18318,
    "mainnet_income_call_mngo": 8829881.11981,
    "mainnet_income_call_ray": 18005.027179,
    "mainnet_income_call_eth": 1723.165591,
    "mainnet_income_put_sol": 11214325.49,
    "mainnet_income_put_btc": 1124484.14
  },
  "usdValueByGlobalId": {
    "mainnet_income_call_sol": 21976289.34,
    "mainnet_income_call_marinade": 24836440.47,
    "mainnet_income_call_btc": 18217637.44,
    "mainnet_income_call_sbr": 2214119.94,
    "mainnet_income_call_ftt": 3123873.59,
    "mainnet_income_call_luna": 6256507.85,
    "mainnet_income_put_luna": 18251.09,
    "mainnet_income_put_mngo": 392112.07,
    "mainnet_income_call_socean": 1682998.11,
    "mainnet_income_call_srm": 13014778.19,
    "mainnet_income_call_mngo": 1717791.56,
    "mainnet_income_call_ray": 98487.5,
    "mainnet_income_call_eth": 5751099.62,
    "mainnet_income_put_sol": 11214325.49,
    "mainnet_income_put_btc": 1124484.14
  },
  "globalIdToDepositTokenCoingeckoId": {
    "mainnet_income_call_sol": "solana",
    "mainnet_income_call_marinade": "msol",
    "mainnet_income_call_btc": "bitcoin",
    "mainnet_income_call_sbr": "saber",
    "mainnet_income_call_ftt": "ftx-token",
    "mainnet_income_call_luna": "terra-luna",
    "mainnet_income_put_luna": "terrausd",
    "mainnet_income_put_mngo": "usd-coin",
    "mainnet_income_call_socean": "socean-staked-sol",
    "mainnet_income_call_srm": "serum",
    "mainnet_income_call_mngo": "mango-markets",
    "mainnet_income_call_ray": "raydium",
    "mainnet_income_call_eth": "ethereum",
    "mainnet_income_put_sol": "usd-coin",
    "mainnet_income_put_btc": "usd-coin"
  }
}