{
  "totalTvlUSD": 112634948.54,
  "coinsByCoingeckoId": {
    "solana": 173232.41777887,
    "msol": 162698.465247992,
    "bitcoin": 427.525376,
    "saber": 19999999.49755,
    "ftx-token": 73563.452592,
    "terra-luna": 84597.593241,
    "terrausd": 95476.528858,
    "usd-coin": 13029537.821824,
    "socean-staked-sol": 10999.997467117,
    "serum": 4206187.748997,
    "mango-markets": 9017414.639675,
    "raydium": 19968.987916,
    "ethereum": 1752.503932
  },
  "pricesByCoingeckoId": {
    "BTC": 42324,
    "SOL": 140.14,
    "ETH": 3194.08,
    "mSOL": 143.67,
    "FTT": 44.16,
    "SRM": 3,
    "USDC": 1,
    "MNGO": 0.198905,
    "scnSOL": 141.99,
    "SBR": 0.115544,
    "LUNA": 77.19,
    "UST": 1,
    "RAY": 5.13
  },
  "sharePricesByGlobalId": {
    "mainnet_income_call_sol": 1.05342,
    "mainnet_income_call_marinade": 1.03017,
    "mainnet_income_call_btc": 1.06976,
    "mainnet_income_call_sbr": 1.04667,
    "mainnet_income_call_ftt": 1.02068,
    "mainnet_income_call_luna": 1.02692,
    "mainnet_income_put_luna": 1,
    "mainnet_income_put_mngo": 1.00201,
    "mainnet_income_call_socean": 1.01629,
    "mainnet_income_call_srm": 1.01304,
    "mainnet_income_call_mngo": 1.01322,
    "mainnet_income_call_ray": 1.00275,
    "mainnet_income_call_eth": 1.01667,
    "mainnet_income_put_sol": 1.00281,
    "mainnet_income_put_btc": 1.00329
  },
  "depositTokenByGlobalId": {
    "mainnet_income_call_sol": 173232.41777887,
    "mainnet_income_call_marinade": 162698.465247992,
    "mainnet_income_call_btc": 427.525376,
    "mainnet_income_call_sbr": 19999999.49755,
    "mainnet_income_call_ftt": 73563.452592,
    "mainnet_income_call_luna": 84597.593241,
    "mainnet_income_put_luna": 95476.528858,
    "mainnet_income_put_mngo": 397676.27,
    "mainnet_income_call_socean": 10999.997467117,
    "mainnet_income_call_srm": 4206187.748997,
    "mainnet_income_call_mngo": 9017414.639675,
    "mainnet_income_call_ray": 19968.987916,
    "mainnet_income_call_eth": 1752.503932,
    "mainnet_income_put_sol": 11506085.52,
    "mainnet_income_put_btc": 1125776.04
  },
  "usdValueByGlobalId": {
    "mainnet_income_call_sol": 24276791.03,
    "mainnet_income_call_marinade": 23374888.5,
    "mainnet_income_call_btc": 18094584.01,
    "mainnet_income_call_sbr": 2310879.94,
    "mainnet_income_call_ftt": 3248562.07,
    "mainnet_income_call_luna": 6530088.22,
    "mainnet_income_put_luna": 95476.53,
    "mainnet_income_put_mngo": 397676.27,
    "mainnet_income_call_socean": 1561889.64,
    "mainnet_income_call_srm": 12618563.25,
    "mainnet_income_call_mngo": 1793608.86,
    "mainnet_income_call_ray": 102440.91,
    "mainnet_income_call_eth": 5597637.76,
    "mainnet_income_put_sol": 11506085.52,
    "mainnet_income_put_btc": 1125776.04
  },
  "globalIdToDepositTokenCoingeckoId": {
    "mainnet_income_call_sol": "solana",
    "mainnet_income_call_marinade": "msol",
    "mainnet_income_call_btc": "bitcoin",
    "mainnet_income_call_sbr": "saber",
    "mainnet_income_call_ftt": "ftx-token",
    "mainnet_income_call_luna": "terra-luna",
    "mainnet_income_put_luna": "terrausd",
    "mainnet_income_put_mngo": "usd-coin",
    "mainnet_income_call_socean": "socean-staked-sol",
    "mainnet_income_call_srm": "serum",
    "mainnet_income_call_mngo": "mango-markets",
    "mainnet_income_call_ray": "raydium",
    "mainnet_income_call_eth": "ethereum",
    "mainnet_income_put_sol": "usd-coin",
    "mainnet_income_put_btc": "usd-coin"
  }
}