{
  "totalTvlUSD": 100006406.46,
  "coinsByCoingeckoId": {
    "solana": 181334.213958811,
    "msol": 159327.230319778,
    "bitcoin": 415.727959,
    "saber": 17499797.959959,
    "ftx-token": 65562.685783,
    "terra-luna": 75321.608508,
    "terrausd": 204980.450717,
    "usd-coin": 13908012.413175998,
    "socean-staked-sol": 10999.999764954,
    "serum": 4226587.199415,
    "mango-markets": 7746090.977466,
    "raydium": 20864.654582,
    "ethereum": 1735.308741
  },
  "pricesByCoingeckoId": {
    "BTC": 38579,
    "SOL": 119.27,
    "ETH": 2801.8,
    "mSOL": 122.49,
    "FTT": 42.4,
    "SRM": 2.6,
    "USDC": 1,
    "MNGO": 0.188335,
    "scnSOL": 122.04,
    "SBR": 0.099893,
    "LUNA": 72.19,
    "UST": 1,
    "RAY": 4.48
  },
  "sharePricesByGlobalId": {
    "mainnet_income_call_sol": 1.05252,
    "mainnet_income_call_marinade": 1.03727,
    "mainnet_income_call_btc": 1.0696,
    "mainnet_income_call_sbr": 1.05044,
    "mainnet_income_call_ftt": 1.02696,
    "mainnet_income_call_luna": 1.0374,
    "mainnet_income_put_luna": 1,
    "mainnet_income_put_mngo": 1.00322,
    "mainnet_income_call_socean": 1.02395,
    "mainnet_income_call_srm": 1.02041,
    "mainnet_income_call_mngo": 1.01533,
    "mainnet_income_call_ray": 1.01764,
    "mainnet_income_call_eth": 1.0165,
    "mainnet_income_put_sol": 1.01183,
    "mainnet_income_put_btc": 1.00606
  },
  "depositTokenByGlobalId": {
    "mainnet_income_call_sol": 181334.213958811,
    "mainnet_income_call_marinade": 159327.230319778,
    "mainnet_income_call_btc": 415.727959,
    "mainnet_income_call_sbr": 17499797.959959,
    "mainnet_income_call_ftt": 65562.685783,
    "mainnet_income_call_luna": 75321.608508,
    "mainnet_income_put_luna": 204980.450717,
    "mainnet_income_put_mngo": 248663.41,
    "mainnet_income_call_socean": 10999.999764954,
    "mainnet_income_call_srm": 4226587.199415,
    "mainnet_income_call_mngo": 7746090.977466,
    "mainnet_income_call_ray": 20864.654582,
    "mainnet_income_call_eth": 1735.308741,
    "mainnet_income_put_sol": 12523287.81,
    "mainnet_income_put_btc": 1136061.19
  },
  "usdValueByGlobalId": {
    "mainnet_income_call_sol": 21627731.7,
    "mainnet_income_call_marinade": 19515992.44,
    "mainnet_income_call_btc": 16038368.93,
    "mainnet_income_call_sbr": 1748107.32,
    "mainnet_income_call_ftt": 2779857.88,
    "mainnet_income_call_luna": 5437466.92,
    "mainnet_income_put_luna": 204980.45,
    "mainnet_income_put_mngo": 248663.41,
    "mainnet_income_call_socean": 1342439.97,
    "mainnet_income_call_srm": 10989126.72,
    "mainnet_income_call_mngo": 1458860.04,
    "mainnet_income_call_ray": 93473.65,
    "mainnet_income_call_eth": 4861988.03,
    "mainnet_income_put_sol": 12523287.81,
    "mainnet_income_put_btc": 1136061.19
  },
  "globalIdToDepositTokenCoingeckoId": {
    "mainnet_income_call_sol": "solana",
    "mainnet_income_call_marinade": "msol",
    "mainnet_income_call_btc": "bitcoin",
    "mainnet_income_call_sbr": "saber",
    "mainnet_income_call_ftt": "ftx-token",
    "mainnet_income_call_luna": "terra-luna",
    "mainnet_income_put_luna": "terrausd",
    "mainnet_income_put_mngo": "usd-coin",
    "mainnet_income_call_socean": "socean-staked-sol",
    "mainnet_income_call_srm": "serum",
    "mainnet_income_call_mngo": "mango-markets",
    "mainnet_income_call_ray": "raydium",
    "mainnet_income_call_eth": "ethereum",
    "mainnet_income_put_sol": "usd-coin",
    "mainnet_income_put_btc": "usd-coin"
  }
}