{
  "totalTvlUSD": 89140806.26,
  "coinsByCoingeckoId": {
    "solana": 186315.972158812,
    "msol": 162301.772576318,
    "bitcoin": 430.255061,
    "saber": 18684071.349829,
    "ftx-token": 66388.891241,
    "terra-luna": 78113.781568,
    "terrausd": 207806.523956,
    "usd-coin": 14028878.496938,
    "socean-staked-sol": 10999.999764954,
    "serum": 4227507.036525,
    "mango-markets": 7787116.216835,
    "raydium": 20953.675782,
    "ethereum": 1762.014934
  },
  "pricesByCoingeckoId": {
    "BTC": 35310,
    "SOL": 98.24,
    "ETH": 2435.72,
    "mSOL": 101.07,
    "FTT": 34.61,
    "SRM": 2.22,
    "USDC": 1,
    "MNGO": 0.160246,
    "scnSOL": 101,
    "SBR": 0.072848,
    "LUNA": 66.98,
    "UST": 0.999918,
    "RAY": 3.71
  },
  "sharePricesByGlobalId": {
    "mainnet_income_call_sol": 1.05252,
    "mainnet_income_call_marinade": 1.03727,
    "mainnet_income_call_btc": 1.0696,
    "mainnet_income_call_sbr": 1.05044,
    "mainnet_income_call_ftt": 1.02696,
    "mainnet_income_call_luna": 1.0374,
    "mainnet_income_put_luna": 1,
    "mainnet_income_put_mngo": 1.00322,
    "mainnet_income_call_socean": 1.02395,
    "mainnet_income_call_srm": 1.02041,
    "mainnet_income_call_mngo": 1.01533,
    "mainnet_income_call_ray": 1.01764,
    "mainnet_income_call_eth": 1.0165,
    "mainnet_income_put_sol": 1.01183,
    "mainnet_income_put_btc": 1.00606
  },
  "depositTokenByGlobalId": {
    "mainnet_income_call_sol": 186315.972158812,
    "mainnet_income_call_marinade": 162301.772576318,
    "mainnet_income_call_btc": 430.255061,
    "mainnet_income_call_sbr": 18684071.349829,
    "mainnet_income_call_ftt": 66388.891241,
    "mainnet_income_call_luna": 78113.781568,
    "mainnet_income_put_luna": 207806.523956,
    "mainnet_income_put_mngo": 248683.41,
    "mainnet_income_call_socean": 10999.999764954,
    "mainnet_income_call_srm": 4227507.036525,
    "mainnet_income_call_mngo": 7787116.216835,
    "mainnet_income_call_ray": 20953.675782,
    "mainnet_income_call_eth": 1762.014934,
    "mainnet_income_put_sol": 12642004.25,
    "mainnet_income_put_btc": 1138190.84
  },
  "usdValueByGlobalId": {
    "mainnet_income_call_sol": 18303681.1,
    "mainnet_income_call_marinade": 16403840.15,
    "mainnet_income_call_btc": 15192306.2,
    "mainnet_income_call_sbr": 1361097.23,
    "mainnet_income_call_ftt": 2297719.53,
    "mainnet_income_call_luna": 5232061.09,
    "mainnet_income_put_luna": 207789.48,
    "mainnet_income_put_mngo": 248683.41,
    "mainnet_income_call_socean": 1110999.98,
    "mainnet_income_call_srm": 9385065.62,
    "mainnet_income_call_mngo": 1247854.23,
    "mainnet_income_call_ray": 77738.14,
    "mainnet_income_call_eth": 4291775.02,
    "mainnet_income_put_sol": 12642004.25,
    "mainnet_income_put_btc": 1138190.84
  },
  "globalIdToDepositTokenCoingeckoId": {
    "mainnet_income_call_sol": "solana",
    "mainnet_income_call_marinade": "msol",
    "mainnet_income_call_btc": "bitcoin",
    "mainnet_income_call_sbr": "saber",
    "mainnet_income_call_ftt": "ftx-token",
    "mainnet_income_call_luna": "terra-luna",
    "mainnet_income_put_luna": "terrausd",
    "mainnet_income_put_mngo": "usd-coin",
    "mainnet_income_call_socean": "socean-staked-sol",
    "mainnet_income_call_srm": "serum",
    "mainnet_income_call_mngo": "mango-markets",
    "mainnet_income_call_ray": "raydium",
    "mainnet_income_call_eth": "ethereum",
    "mainnet_income_put_sol": "usd-coin",
    "mainnet_income_put_btc": "usd-coin"
  }
}