{
  "totalTvlUSD": 87963729.67,
  "coinsByCoingeckoId": {
    "solana": 189369.138008812,
    "msol": 163056.359403509,
    "bitcoin": 435.584237,
    "saber": 19999254.621626,
    "ftx-token": 66633.57379,
    "terra-luna": 82258.463329,
    "terrausd": 211840.021503,
    "usd-coin": 14315953.100442,
    "socean-staked-sol": 10999.999764954,
    "serum": 4235224.36262,
    "mango-markets": 7840231.792677,
    "raydium": 21625.256316,
    "ethereum": 1767.890112
  },
  "pricesByCoingeckoId": {
    "BTC": 36361,
    "SOL": 92.44,
    "ETH": 2421.55,
    "mSOL": 94.86,
    "FTT": 35.63,
    "SRM": 2.11,
    "USDC": 1,
    "MNGO": 0.15162,
    "scnSOL": 94.59,
    "SBR": 0.065925,
    "LUNA": 65.78,
    "UST": 0.996347,
    "RAY": 3.49
  },
  "sharePricesByGlobalId": {
    "mainnet_income_call_sol": 1.05252,
    "mainnet_income_call_marinade": 1.03727,
    "mainnet_income_call_btc": 1.0696,
    "mainnet_income_call_sbr": 1.05044,
    "mainnet_income_call_ftt": 1.02696,
    "mainnet_income_call_luna": 1.0374,
    "mainnet_income_put_luna": 1,
    "mainnet_income_put_mngo": 1.00322,
    "mainnet_income_call_socean": 1.02395,
    "mainnet_income_call_srm": 1.02041,
    "mainnet_income_call_mngo": 1.01533,
    "mainnet_income_call_ray": 1.01764,
    "mainnet_income_call_eth": 1.0165,
    "mainnet_income_put_sol": 1.01183,
    "mainnet_income_put_btc": 1.00606
  },
  "depositTokenByGlobalId": {
    "mainnet_income_call_sol": 189369.138008812,
    "mainnet_income_call_marinade": 163056.359403509,
    "mainnet_income_call_btc": 435.584237,
    "mainnet_income_call_sbr": 19999254.621626,
    "mainnet_income_call_ftt": 66633.57379,
    "mainnet_income_call_luna": 82258.463329,
    "mainnet_income_put_luna": 211840.021503,
    "mainnet_income_put_mngo": 248683.41,
    "mainnet_income_call_socean": 10999.999764954,
    "mainnet_income_call_srm": 4235224.36262,
    "mainnet_income_call_mngo": 7840231.792677,
    "mainnet_income_call_ray": 21625.256316,
    "mainnet_income_call_eth": 1767.890112,
    "mainnet_income_put_sol": 12929058.76,
    "mainnet_income_put_btc": 1138210.93
  },
  "usdValueByGlobalId": {
    "mainnet_income_call_sol": 17505283.12,
    "mainnet_income_call_marinade": 15467526.25,
    "mainnet_income_call_btc": 15838278.44,
    "mainnet_income_call_sbr": 1318450.86,
    "mainnet_income_call_ftt": 2374154.23,
    "mainnet_income_call_luna": 5410961.72,
    "mainnet_income_put_luna": 211066.17,
    "mainnet_income_put_mngo": 248683.41,
    "mainnet_income_call_socean": 1040489.98,
    "mainnet_income_call_srm": 8936323.41,
    "mainnet_income_call_mngo": 1188735.94,
    "mainnet_income_call_ray": 75472.14,
    "mainnet_income_call_eth": 4281034.3,
    "mainnet_income_put_sol": 12929058.76,
    "mainnet_income_put_btc": 1138210.93
  },
  "globalIdToDepositTokenCoingeckoId": {
    "mainnet_income_call_sol": "solana",
    "mainnet_income_call_marinade": "msol",
    "mainnet_income_call_btc": "bitcoin",
    "mainnet_income_call_sbr": "saber",
    "mainnet_income_call_ftt": "ftx-token",
    "mainnet_income_call_luna": "terra-luna",
    "mainnet_income_put_luna": "terrausd",
    "mainnet_income_put_mngo": "usd-coin",
    "mainnet_income_call_socean": "socean-staked-sol",
    "mainnet_income_call_srm": "serum",
    "mainnet_income_call_mngo": "mango-markets",
    "mainnet_income_call_ray": "raydium",
    "mainnet_income_call_eth": "ethereum",
    "mainnet_income_put_sol": "usd-coin",
    "mainnet_income_put_btc": "usd-coin"
  }
}