{
  "totalTvlUSD": 89063023.01,
  "coinsByCoingeckoId": {
    "solana": 186292.972158812,
    "msol": 162301.772576318,
    "bitcoin": 430.255061,
    "saber": 18682709.752897,
    "ftx-token": 66388.891241,
    "terra-luna": 78113.02004,
    "terrausd": 207795.105378,
    "usd-coin": 14028878.496938,
    "socean-staked-sol": 10999.999764954,
    "serum": 4227507.036525,
    "mango-markets": 7787116.216835,
    "raydium": 20953.675782,
    "ethereum": 1762.014934
  },
  "pricesByCoingeckoId": {
    "BTC": 35286,
    "SOL": 98.2,
    "ETH": 2434.75,
    "mSOL": 100.94,
    "FTT": 34.7,
    "SRM": 2.21,
    "USDC": 1,
    "MNGO": 0.160257,
    "scnSOL": 100.51,
    "SBR": 0.073187,
    "LUNA": 66.99,
    "UST": 0.997533,
    "RAY": 3.72
  },
  "sharePricesByGlobalId": {
    "mainnet_income_call_sol": 1.05252,
    "mainnet_income_call_marinade": 1.03727,
    "mainnet_income_call_btc": 1.0696,
    "mainnet_income_call_sbr": 1.05044,
    "mainnet_income_call_ftt": 1.02696,
    "mainnet_income_call_luna": 1.0374,
    "mainnet_income_put_luna": 1,
    "mainnet_income_put_mngo": 1.00322,
    "mainnet_income_call_socean": 1.02395,
    "mainnet_income_call_srm": 1.02041,
    "mainnet_income_call_mngo": 1.01533,
    "mainnet_income_call_ray": 1.01764,
    "mainnet_income_call_eth": 1.0165,
    "mainnet_income_put_sol": 1.01183,
    "mainnet_income_put_btc": 1.00606
  },
  "depositTokenByGlobalId": {
    "mainnet_income_call_sol": 186292.972158812,
    "mainnet_income_call_marinade": 162301.772576318,
    "mainnet_income_call_btc": 430.255061,
    "mainnet_income_call_sbr": 18682709.752897,
    "mainnet_income_call_ftt": 66388.891241,
    "mainnet_income_call_luna": 78113.02004,
    "mainnet_income_put_luna": 207795.105378,
    "mainnet_income_put_mngo": 248683.41,
    "mainnet_income_call_socean": 10999.999764954,
    "mainnet_income_call_srm": 4227507.036525,
    "mainnet_income_call_mngo": 7787116.216835,
    "mainnet_income_call_ray": 20953.675782,
    "mainnet_income_call_eth": 1762.014934,
    "mainnet_income_put_sol": 12642004.25,
    "mainnet_income_put_btc": 1138190.84
  },
  "usdValueByGlobalId": {
    "mainnet_income_call_sol": 18293969.87,
    "mainnet_income_call_marinade": 16382740.92,
    "mainnet_income_call_btc": 15181980.08,
    "mainnet_income_call_sbr": 1367331.48,
    "mainnet_income_call_ftt": 2303694.53,
    "mainnet_income_call_luna": 5232791.21,
    "mainnet_income_put_luna": 207282.47,
    "mainnet_income_put_mngo": 248683.41,
    "mainnet_income_call_socean": 1105609.98,
    "mainnet_income_call_srm": 9342790.55,
    "mainnet_income_call_mngo": 1247939.88,
    "mainnet_income_call_ray": 77947.67,
    "mainnet_income_call_eth": 4290065.86,
    "mainnet_income_put_sol": 12642004.25,
    "mainnet_income_put_btc": 1138190.84
  },
  "globalIdToDepositTokenCoingeckoId": {
    "mainnet_income_call_sol": "solana",
    "mainnet_income_call_marinade": "msol",
    "mainnet_income_call_btc": "bitcoin",
    "mainnet_income_call_sbr": "saber",
    "mainnet_income_call_ftt": "ftx-token",
    "mainnet_income_call_luna": "terra-luna",
    "mainnet_income_put_luna": "terrausd",
    "mainnet_income_put_mngo": "usd-coin",
    "mainnet_income_call_socean": "socean-staked-sol",
    "mainnet_income_call_srm": "serum",
    "mainnet_income_call_mngo": "mango-markets",
    "mainnet_income_call_ray": "raydium",
    "mainnet_income_call_eth": "ethereum",
    "mainnet_income_put_sol": "usd-coin",
    "mainnet_income_put_btc": "usd-coin"
  }
}