{
  "totalTvlUSD": 90003312,
  "coinsByCoingeckoId": {
    "solana": 128896.763350644,
    "msol": 136413.451273443,
    "bitcoin": 355.179613,
    "saber": 11000000,
    "ftx-token": 72654.994995,
    "usd-coin": 12777242.187611,
    "terra-luna": 39999.999397,
    "socean-staked-sol": 5499.990099232,
    "serum": 3966379.6449,
    "mango-markets": 5999999.159277,
    "raydium": 18918.099566,
    "ethereum": 1435.764189
  },
  "pricesByCoingeckoId": {
    "BTC": 41704,
    "SOL": 140.01,
    "ETH": 3107.97,
    "mSOL": 142.92,
    "FTT": 36.52,
    "SRM": 3.01,
    "USDC": 1,
    "MNGO": 0.190558,
    "scnSOL": 142.75,
    "SBR": 0.081888,
    "LUNA": 72.18,
    "RAY": 5.27
  },
  "sharePricesByGlobalId": {
    "mainnet_income_call_sol": 1.03708,
    "mainnet_income_call_marinade": 1.02581,
    "mainnet_income_call_btc": 1.0644,
    "mainnet_income_call_sbr": 1,
    "mainnet_income_call_ftt": 1.01481,
    "mainnet_income_put_mngo": 1,
    "mainnet_income_call_luna": 1.01873,
    "mainnet_income_call_socean": 1.01266,
    "mainnet_income_call_srm": 1.00834,
    "mainnet_income_call_mngo": 1.01232,
    "mainnet_income_call_ray": 1,
    "mainnet_income_call_eth": 1.01181,
    "mainnet_income_put_sol": 1,
    "mainnet_income_put_btc": 1
  },
  "depositTokenByGlobalId": {
    "mainnet_income_call_sol": 128896.763350644,
    "mainnet_income_call_marinade": 136413.451273443,
    "mainnet_income_call_btc": 355.179613,
    "mainnet_income_call_sbr": 11000000,
    "mainnet_income_call_ftt": 72654.994995,
    "mainnet_income_put_mngo": 424933.57,
    "mainnet_income_call_luna": 39999.999397,
    "mainnet_income_call_socean": 5499.990099232,
    "mainnet_income_call_srm": 3966379.6449,
    "mainnet_income_call_mngo": 5999999.159277,
    "mainnet_income_call_ray": 18918.099566,
    "mainnet_income_call_eth": 1435.764189,
    "mainnet_income_put_sol": 9999999.97,
    "mainnet_income_put_btc": 2352308.65
  },
  "usdValueByGlobalId": {
    "mainnet_income_call_sol": 18046835.84,
    "mainnet_income_call_marinade": 19496210.46,
    "mainnet_income_call_btc": 14812410.58,
    "mainnet_income_call_sbr": 900768,
    "mainnet_income_call_ftt": 2653360.42,
    "mainnet_income_put_mngo": 424933.57,
    "mainnet_income_call_luna": 2887199.96,
    "mainnet_income_call_socean": 785123.59,
    "mainnet_income_call_srm": 11938802.73,
    "mainnet_income_call_mngo": 1143347.84,
    "mainnet_income_call_ray": 99698.38,
    "mainnet_income_call_eth": 4462312.03,
    "mainnet_income_put_sol": 9999999.97,
    "mainnet_income_put_btc": 2352308.65
  }
}