{
  "totalTvlUSD": 94161935.04,
  "coinsByCoingeckoId": {
    "solana": 193187.959008812,
    "msol": 164059.600919315,
    "bitcoin": 436.026857,
    "saber": 19999998.066329,
    "ftx-token": 67014.245904,
    "terra-luna": 87640.605871,
    "terrausd": 215162.229866,
    "usd-coin": 14308541.268130999,
    "socean-staked-sol": 11000,
    "serum": 4239401.637998,
    "mango-markets": 7874157.260761,
    "raydium": 21896.593011,
    "ethereum": 1768.191515
  },
  "pricesByCoingeckoId": {
    "BTC": 38400,
    "SOL": 101.19,
    "ETH": 2638.38,
    "mSOL": 103.64,
    "FTT": 38.25,
    "SRM": 2.25,
    "USDC": 1,
    "MNGO": 0.156623,
    "scnSOL": 101.8,
    "SBR": 0.067672,
    "LUNA": 65.84,
    "UST": 1,
    "RAY": 3.81
  },
  "sharePricesByGlobalId": {
    "mainnet_income_call_sol": 1.05252,
    "mainnet_income_call_marinade": 1.03727,
    "mainnet_income_call_btc": 1.0696,
    "mainnet_income_call_sbr": 1.05044,
    "mainnet_income_call_ftt": 1.02696,
    "mainnet_income_call_luna": 1.0374,
    "mainnet_income_put_luna": 1,
    "mainnet_income_put_mngo": 1.00322,
    "mainnet_income_call_socean": 1.02395,
    "mainnet_income_call_srm": 1.02041,
    "mainnet_income_call_mngo": 1.01533,
    "mainnet_income_call_ray": 1.01764,
    "mainnet_income_call_eth": 1.0165,
    "mainnet_income_put_sol": 1.01183,
    "mainnet_income_put_btc": 1.00606
  },
  "depositTokenByGlobalId": {
    "mainnet_income_call_sol": 193187.959008812,
    "mainnet_income_call_marinade": 164059.600919315,
    "mainnet_income_call_btc": 436.026857,
    "mainnet_income_call_sbr": 19999998.066329,
    "mainnet_income_call_ftt": 67014.245904,
    "mainnet_income_call_luna": 87640.605871,
    "mainnet_income_put_luna": 215162.229866,
    "mainnet_income_put_mngo": 249435.27,
    "mainnet_income_call_socean": 11000,
    "mainnet_income_call_srm": 4239401.637998,
    "mainnet_income_call_mngo": 7874157.260761,
    "mainnet_income_call_ray": 21896.593011,
    "mainnet_income_call_eth": 1768.191515,
    "mainnet_income_put_sol": 12920384.47,
    "mainnet_income_put_btc": 1138721.52
  },
  "usdValueByGlobalId": {
    "mainnet_income_call_sol": 19550621.45,
    "mainnet_income_call_marinade": 17003137.04,
    "mainnet_income_call_btc": 16752587.87,
    "mainnet_income_call_sbr": 1354379.87,
    "mainnet_income_call_ftt": 2563965.05,
    "mainnet_income_call_luna": 5772886.71,
    "mainnet_income_put_luna": 215162.23,
    "mainnet_income_put_mngo": 249435.27,
    "mainnet_income_call_socean": 1119800,
    "mainnet_income_call_srm": 9538653.69,
    "mainnet_income_call_mngo": 1233612.72,
    "mainnet_income_call_ray": 83426.02,
    "mainnet_income_call_eth": 4665161.13,
    "mainnet_income_put_sol": 12920384.47,
    "mainnet_income_put_btc": 1138721.52
  },
  "globalIdToDepositTokenCoingeckoId": {
    "mainnet_income_call_sol": "solana",
    "mainnet_income_call_marinade": "msol",
    "mainnet_income_call_btc": "bitcoin",
    "mainnet_income_call_sbr": "saber",
    "mainnet_income_call_ftt": "ftx-token",
    "mainnet_income_call_luna": "terra-luna",
    "mainnet_income_put_luna": "terrausd",
    "mainnet_income_put_mngo": "usd-coin",
    "mainnet_income_call_socean": "socean-staked-sol",
    "mainnet_income_call_srm": "serum",
    "mainnet_income_call_mngo": "mango-markets",
    "mainnet_income_call_ray": "raydium",
    "mainnet_income_call_eth": "ethereum",
    "mainnet_income_put_sol": "usd-coin",
    "mainnet_income_put_btc": "usd-coin"
  }
}