{
  "totalTvlUSD": 92464386.25,
  "coinsByCoingeckoId": {
    "solana": 197357.630008812,
    "msol": 167106.544922706,
    "bitcoin": 451.584221,
    "saber": 19999999.498262,
    "ftx-token": 68104.694976,
    "terra-luna": 93468.252316,
    "terrausd": 222587.799918,
    "usd-coin": 16435490.116387,
    "socean-staked-sol": 11000,
    "serum": 4261826.55251,
    "mango-markets": 7895758.358746,
    "raydium": 23843.179952,
    "ethereum": 1782.621732
  },
  "pricesByCoingeckoId": {
    "BTC": 37230,
    "SOL": 92.28,
    "ETH": 2444.83,
    "mSOL": 95.08,
    "FTT": 38.88,
    "SRM": 2.16,
    "USDC": 1,
    "MNGO": 0.154642,
    "scnSOL": 94.49,
    "SBR": 0.065505,
    "LUNA": 53.77,
    "UST": 0.997229,
    "RAY": 3.6
  },
  "sharePricesByGlobalId": {
    "mainnet_income_call_sol": 1.0587,
    "mainnet_income_call_marinade": 1.03965,
    "mainnet_income_call_btc": 1.07217,
    "mainnet_income_call_sbr": 1.05044,
    "mainnet_income_call_ftt": 1.03064,
    "mainnet_income_call_luna": 1.04984,
    "mainnet_income_put_luna": 1,
    "mainnet_income_put_mngo": 1.00572,
    "mainnet_income_call_socean": 1.02665,
    "mainnet_income_call_srm": 1.02513,
    "mainnet_income_call_mngo": 1.01686,
    "mainnet_income_call_ray": 1.01764,
    "mainnet_income_call_eth": 1.01965,
    "mainnet_income_put_sol": 1.01728,
    "mainnet_income_put_btc": 1.0091
  },
  "depositTokenByGlobalId": {
    "mainnet_income_call_sol": 197357.630008812,
    "mainnet_income_call_marinade": 167106.544922706,
    "mainnet_income_call_btc": 451.584221,
    "mainnet_income_call_sbr": 19999999.498262,
    "mainnet_income_call_ftt": 68104.694976,
    "mainnet_income_call_luna": 93468.252316,
    "mainnet_income_put_luna": 222587.799918,
    "mainnet_income_put_mngo": 250058.78,
    "mainnet_income_call_socean": 11000,
    "mainnet_income_call_srm": 4261826.55251,
    "mainnet_income_call_mngo": 7895758.358746,
    "mainnet_income_call_ray": 23843.179952,
    "mainnet_income_call_eth": 1782.621732,
    "mainnet_income_put_sol": 15043267.19,
    "mainnet_income_put_btc": 1142164.15
  },
  "usdValueByGlobalId": {
    "mainnet_income_call_sol": 18212162.1,
    "mainnet_income_call_marinade": 15888490.29,
    "mainnet_income_call_btc": 16812480.55,
    "mainnet_income_call_sbr": 1310099.97,
    "mainnet_income_call_ftt": 2647910.54,
    "mainnet_income_call_luna": 5025787.93,
    "mainnet_income_put_luna": 221971.01,
    "mainnet_income_put_mngo": 250058.78,
    "mainnet_income_call_socean": 1039390,
    "mainnet_income_call_srm": 9205545.35,
    "mainnet_income_call_mngo": 1221015.86,
    "mainnet_income_call_ray": 85835.45,
    "mainnet_income_call_eth": 4358207.09,
    "mainnet_income_put_sol": 15043267.19,
    "mainnet_income_put_btc": 1142164.15
  },
  "globalIdToDepositTokenCoingeckoId": {
    "mainnet_income_call_sol": "solana",
    "mainnet_income_call_marinade": "msol",
    "mainnet_income_call_btc": "bitcoin",
    "mainnet_income_call_sbr": "saber",
    "mainnet_income_call_ftt": "ftx-token",
    "mainnet_income_call_luna": "terra-luna",
    "mainnet_income_put_luna": "terrausd",
    "mainnet_income_put_mngo": "usd-coin",
    "mainnet_income_call_socean": "socean-staked-sol",
    "mainnet_income_call_srm": "serum",
    "mainnet_income_call_mngo": "mango-markets",
    "mainnet_income_call_ray": "raydium",
    "mainnet_income_call_eth": "ethereum",
    "mainnet_income_put_sol": "usd-coin",
    "mainnet_income_put_btc": "usd-coin"
  }
}