{
  "totalTvlUSD": 111861126.18,
  "coinsByCoingeckoId": {
    "solana": 147714.652607243,
    "msol": 160437.084450962,
    "bitcoin": 413.808367,
    "saber": 20000000,
    "ftx-token": 80516.482903,
    "usd-coin": 15468833.451946,
    "terra-luna": 69066.064243,
    "socean-staked-sol": 10526.844361263,
    "serum": 4033017.937429,
    "mango-markets": 8052294.421679,
    "raydium": 19383.995558,
    "ethereum": 1693.743568
  },
  "pricesByCoingeckoId": {
    "BTC": 42753,
    "SOL": 148.77,
    "ETH": 3285.02,
    "mSOL": 152.84,
    "FTT": 42.41,
    "SRM": 3.15,
    "USDC": 1,
    "MNGO": 0.198635,
    "scnSOL": 151.74,
    "SBR": 0.084723,
    "LUNA": 80.01,
    "RAY": 5.37
  },
  "sharePricesByGlobalId": {
    "mainnet_income_call_sol": 1.04513,
    "mainnet_income_call_marinade": 1.03062,
    "mainnet_income_call_btc": 1.06847,
    "mainnet_income_call_sbr": 1.05102,
    "mainnet_income_call_ftt": 1.02095,
    "mainnet_income_put_mngo": 1,
    "mainnet_income_call_luna": 1.02766,
    "mainnet_income_call_socean": 1.01667,
    "mainnet_income_call_srm": 1.01356,
    "mainnet_income_call_mngo": 1.0133,
    "mainnet_income_call_ray": 1.00283,
    "mainnet_income_call_eth": 1.01536,
    "mainnet_income_put_sol": 0.99999,
    "mainnet_income_put_btc": 1
  },
  "depositTokenByGlobalId": {
    "mainnet_income_call_sol": 147714.652607243,
    "mainnet_income_call_marinade": 160437.084450962,
    "mainnet_income_call_btc": 413.808367,
    "mainnet_income_call_sbr": 20000000,
    "mainnet_income_call_ftt": 80516.482903,
    "mainnet_income_put_mngo": 465005.97,
    "mainnet_income_call_luna": 69066.064243,
    "mainnet_income_call_socean": 10526.844361263,
    "mainnet_income_call_srm": 4033017.937429,
    "mainnet_income_call_mngo": 8052294.421679,
    "mainnet_income_call_ray": 19383.995558,
    "mainnet_income_call_eth": 1693.743568,
    "mainnet_income_put_sol": 12637807.7,
    "mainnet_income_put_btc": 2366019.79
  },
  "usdValueByGlobalId": {
    "mainnet_income_call_sol": 21975508.87,
    "mainnet_income_call_marinade": 24521203.99,
    "mainnet_income_call_btc": 17691549.11,
    "mainnet_income_call_sbr": 1694460,
    "mainnet_income_call_ftt": 3414704.04,
    "mainnet_income_put_mngo": 465005.97,
    "mainnet_income_call_luna": 5525975.8,
    "mainnet_income_call_socean": 1597343.36,
    "mainnet_income_call_srm": 12704006.5,
    "mainnet_income_call_mngo": 1599467.5,
    "mainnet_income_call_ray": 104092.06,
    "mainnet_income_call_eth": 5563981.5,
    "mainnet_income_put_sol": 12637807.7,
    "mainnet_income_put_btc": 2366019.79
  },
  "globalIdToDepositTokenCoingeckoId": {
    "mainnet_income_call_sol": "solana",
    "mainnet_income_call_marinade": "msol",
    "mainnet_income_call_btc": "bitcoin",
    "mainnet_income_call_sbr": "saber",
    "mainnet_income_call_ftt": "ftx-token",
    "mainnet_income_put_mngo": "usd-coin",
    "mainnet_income_call_luna": "terra-luna",
    "mainnet_income_call_socean": "socean-staked-sol",
    "mainnet_income_call_srm": "serum",
    "mainnet_income_call_mngo": "mango-markets",
    "mainnet_income_call_ray": "raydium",
    "mainnet_income_call_eth": "ethereum",
    "mainnet_income_put_sol": "usd-coin",
    "mainnet_income_put_btc": "usd-coin"
  }
}