{
  "totalTvlUSD": 102648724.34,
  "coinsByCoingeckoId": {
    "solana": 137513.19531187,
    "msol": 157881.723144428,
    "bitcoin": 409.853998,
    "saber": 17302224.036028,
    "ftx-token": 62851.652173,
    "usd-coin": 11722923.905755,
    "terra-luna": 64391.545546,
    "socean-staked-sol": 10603.008680596,
    "serum": 4027984.689043,
    "mango-markets": 8651463.981471,
    "raydium": 16185.11108,
    "ethereum": 1686.699237
  },
  "pricesByCoingeckoId": {
    "BTC": 42381,
    "SOL": 144.22,
    "ETH": 3229.76,
    "mSOL": 147.84,
    "FTT": 43,
    "SRM": 3.06,
    "USDC": 1,
    "MNGO": 0.195747,
    "scnSOL": 146.12,
    "SBR": 0.088992,
    "LUNA": 78.25,
    "RAY": 5.27
  },
  "sharePricesByGlobalId": {
    "mainnet_income_call_sol": 1.04444,
    "mainnet_income_call_marinade": 1.03017,
    "mainnet_income_call_btc": 1.06814,
    "mainnet_income_call_sbr": 1.04667,
    "mainnet_income_call_ftt": 1.02068,
    "mainnet_income_put_mngo": 1.00201,
    "mainnet_income_call_luna": 1.02692,
    "mainnet_income_call_socean": 1.01629,
    "mainnet_income_call_srm": 1.01304,
    "mainnet_income_call_mngo": 1.01322,
    "mainnet_income_call_ray": 1.00275,
    "mainnet_income_call_eth": 1.01502,
    "mainnet_income_put_sol": 1.00281,
    "mainnet_income_put_btc": 1.00329
  },
  "depositTokenByGlobalId": {
    "mainnet_income_call_sol": 137513.19531187,
    "mainnet_income_call_marinade": 157881.723144428,
    "mainnet_income_call_btc": 409.853998,
    "mainnet_income_call_sbr": 17302224.036028,
    "mainnet_income_call_ftt": 62851.652173,
    "mainnet_income_put_mngo": 391820.22,
    "mainnet_income_call_luna": 64391.545546,
    "mainnet_income_call_socean": 10603.008680596,
    "mainnet_income_call_srm": 4027984.689043,
    "mainnet_income_call_mngo": 8651463.981471,
    "mainnet_income_call_ray": 16185.11108,
    "mainnet_income_call_eth": 1686.699237,
    "mainnet_income_put_sol": 10206911.35,
    "mainnet_income_put_btc": 1124192.33
  },
  "usdValueByGlobalId": {
    "mainnet_income_call_sol": 19832153.03,
    "mainnet_income_call_marinade": 23341233.95,
    "mainnet_income_call_btc": 17370022.29,
    "mainnet_income_call_sbr": 1539759.52,
    "mainnet_income_call_ftt": 2702621.04,
    "mainnet_income_put_mngo": 391820.22,
    "mainnet_income_call_luna": 5038638.44,
    "mainnet_income_call_socean": 1549311.63,
    "mainnet_income_call_srm": 12325633.15,
    "mainnet_income_call_mngo": 1693498.12,
    "mainnet_income_call_ray": 85295.54,
    "mainnet_income_call_eth": 5447633.73,
    "mainnet_income_put_sol": 10206911.35,
    "mainnet_income_put_btc": 1124192.33
  },
  "globalIdToDepositTokenCoingeckoId": {
    "mainnet_income_call_sol": "solana",
    "mainnet_income_call_marinade": "msol",
    "mainnet_income_call_btc": "bitcoin",
    "mainnet_income_call_sbr": "saber",
    "mainnet_income_call_ftt": "ftx-token",
    "mainnet_income_put_mngo": "usd-coin",
    "mainnet_income_call_luna": "terra-luna",
    "mainnet_income_call_socean": "socean-staked-sol",
    "mainnet_income_call_srm": "serum",
    "mainnet_income_call_mngo": "mango-markets",
    "mainnet_income_call_ray": "raydium",
    "mainnet_income_call_eth": "ethereum",
    "mainnet_income_put_sol": "usd-coin",
    "mainnet_income_put_btc": "usd-coin"
  }
}