{
  "totalTvlUSD": 87340411.1,
  "coinsByCoingeckoId": {
    "solana": 189223.991008812,
    "msol": 163046.627198455,
    "bitcoin": 435.584237,
    "saber": 19999254.236111,
    "ftx-token": 66633.57379,
    "terra-luna": 82221.889939,
    "terrausd": 208008.657499,
    "usd-coin": 14313968.907684,
    "socean-staked-sol": 10999.999764954,
    "serum": 4235224.36262,
    "mango-markets": 7840231.792677,
    "raydium": 21625.256316,
    "ethereum": 1767.814046
  },
  "pricesByCoingeckoId": {
    "BTC": 36284,
    "SOL": 91.22,
    "ETH": 2393.5,
    "mSOL": 93.93,
    "FTT": 35.41,
    "SRM": 2.1,
    "USDC": 1,
    "MNGO": 0.149386,
    "scnSOL": 92.88,
    "SBR": 0.064755,
    "LUNA": 65.57,
    "UST": 1,
    "RAY": 3.41
  },
  "sharePricesByGlobalId": {
    "mainnet_income_call_sol": 1.05252,
    "mainnet_income_call_marinade": 1.03727,
    "mainnet_income_call_btc": 1.0696,
    "mainnet_income_call_sbr": 1.05044,
    "mainnet_income_call_ftt": 1.02696,
    "mainnet_income_call_luna": 1.0374,
    "mainnet_income_put_luna": 1,
    "mainnet_income_put_mngo": 1.00322,
    "mainnet_income_call_socean": 1.02395,
    "mainnet_income_call_srm": 1.02041,
    "mainnet_income_call_mngo": 1.01533,
    "mainnet_income_call_ray": 1.01764,
    "mainnet_income_call_eth": 1.0165,
    "mainnet_income_put_sol": 1.01183,
    "mainnet_income_put_btc": 1.00606
  },
  "depositTokenByGlobalId": {
    "mainnet_income_call_sol": 189223.991008812,
    "mainnet_income_call_marinade": 163046.627198455,
    "mainnet_income_call_btc": 435.584237,
    "mainnet_income_call_sbr": 19999254.236111,
    "mainnet_income_call_ftt": 66633.57379,
    "mainnet_income_call_luna": 82221.889939,
    "mainnet_income_put_luna": 208008.657499,
    "mainnet_income_put_mngo": 248683.41,
    "mainnet_income_call_socean": 10999.999764954,
    "mainnet_income_call_srm": 4235224.36262,
    "mainnet_income_call_mngo": 7840231.792677,
    "mainnet_income_call_ray": 21625.256316,
    "mainnet_income_call_eth": 1767.814046,
    "mainnet_income_put_sol": 12927074.56,
    "mainnet_income_put_btc": 1138210.93
  },
  "usdValueByGlobalId": {
    "mainnet_income_call_sol": 17261012.46,
    "mainnet_income_call_marinade": 15314969.69,
    "mainnet_income_call_btc": 15804738.46,
    "mainnet_income_call_sbr": 1295051.71,
    "mainnet_income_call_ftt": 2359494.85,
    "mainnet_income_call_luna": 5391289.32,
    "mainnet_income_put_luna": 208008.66,
    "mainnet_income_put_mngo": 248683.41,
    "mainnet_income_call_socean": 1021679.98,
    "mainnet_income_call_srm": 8893971.16,
    "mainnet_income_call_mngo": 1171220.87,
    "mainnet_income_call_ray": 73742.12,
    "mainnet_income_call_eth": 4231262.92,
    "mainnet_income_put_sol": 12927074.56,
    "mainnet_income_put_btc": 1138210.93
  },
  "globalIdToDepositTokenCoingeckoId": {
    "mainnet_income_call_sol": "solana",
    "mainnet_income_call_marinade": "msol",
    "mainnet_income_call_btc": "bitcoin",
    "mainnet_income_call_sbr": "saber",
    "mainnet_income_call_ftt": "ftx-token",
    "mainnet_income_call_luna": "terra-luna",
    "mainnet_income_put_luna": "terrausd",
    "mainnet_income_put_mngo": "usd-coin",
    "mainnet_income_call_socean": "socean-staked-sol",
    "mainnet_income_call_srm": "serum",
    "mainnet_income_call_mngo": "mango-markets",
    "mainnet_income_call_ray": "raydium",
    "mainnet_income_call_eth": "ethereum",
    "mainnet_income_put_sol": "usd-coin",
    "mainnet_income_put_btc": "usd-coin"
  }
}