{
  "totalTvlUSD": 106184517.09,
  "coinsByCoingeckoId": {
    "solana": 139001.35931187,
    "msol": 158499.357134875,
    "bitcoin": 410.52996,
    "saber": 18105828.986213,
    "ftx-token": 67031.725849,
    "usd-coin": 11973304.056211999,
    "terra-luna": 65240.396277,
    "socean-staked-sol": 10999.987641614,
    "serum": 4029871.180157,
    "mango-markets": 8705996.907382,
    "raydium": 16185.11108,
    "ethereum": 1687.6434
  },
  "pricesByCoingeckoId": {
    "BTC": 43128,
    "SOL": 147.97,
    "ETH": 3309.05,
    "mSOL": 152.12,
    "FTT": 44.24,
    "SRM": 3.16,
    "USDC": 1,
    "MNGO": 0.200068,
    "scnSOL": 151.67,
    "SBR": 0.093118,
    "LUNA": 82.15,
    "RAY": 5.37
  },
  "sharePricesByGlobalId": {
    "mainnet_income_call_sol": 1.04444,
    "mainnet_income_call_marinade": 1.03017,
    "mainnet_income_call_btc": 1.06814,
    "mainnet_income_call_sbr": 1.04667,
    "mainnet_income_call_ftt": 1.02068,
    "mainnet_income_put_mngo": 1.00201,
    "mainnet_income_call_luna": 1.02692,
    "mainnet_income_call_socean": 1.01629,
    "mainnet_income_call_srm": 1.01304,
    "mainnet_income_call_mngo": 1.01322,
    "mainnet_income_call_ray": 1.00275,
    "mainnet_income_call_eth": 1.01502,
    "mainnet_income_put_sol": 1.00281,
    "mainnet_income_put_btc": 1.00329
  },
  "depositTokenByGlobalId": {
    "mainnet_income_call_sol": 139001.35931187,
    "mainnet_income_call_marinade": 158499.357134875,
    "mainnet_income_call_btc": 410.52996,
    "mainnet_income_call_sbr": 18105828.986213,
    "mainnet_income_call_ftt": 67031.725849,
    "mainnet_income_put_mngo": 391820.22,
    "mainnet_income_call_luna": 65240.396277,
    "mainnet_income_call_socean": 10999.987641614,
    "mainnet_income_call_srm": 4029871.180157,
    "mainnet_income_call_mngo": 8705996.907382,
    "mainnet_income_call_ray": 16185.11108,
    "mainnet_income_call_eth": 1687.6434,
    "mainnet_income_put_sol": 10457291.5,
    "mainnet_income_put_btc": 1124192.33
  },
  "usdValueByGlobalId": {
    "mainnet_income_call_sol": 20568031.14,
    "mainnet_income_call_marinade": 24110922.21,
    "mainnet_income_call_btc": 17705336.11,
    "mainnet_income_call_sbr": 1685978.58,
    "mainnet_income_call_ftt": 2965483.55,
    "mainnet_income_put_mngo": 391820.22,
    "mainnet_income_call_luna": 5359498.55,
    "mainnet_income_call_socean": 1668368.13,
    "mainnet_income_call_srm": 12734392.93,
    "mainnet_income_call_mngo": 1741791.39,
    "mainnet_income_call_ray": 86914.05,
    "mainnet_income_call_eth": 5584496.39,
    "mainnet_income_put_sol": 10457291.5,
    "mainnet_income_put_btc": 1124192.33
  },
  "globalIdToDepositTokenCoingeckoId": {
    "mainnet_income_call_sol": "solana",
    "mainnet_income_call_marinade": "msol",
    "mainnet_income_call_btc": "bitcoin",
    "mainnet_income_call_sbr": "saber",
    "mainnet_income_call_ftt": "ftx-token",
    "mainnet_income_put_mngo": "usd-coin",
    "mainnet_income_call_luna": "terra-luna",
    "mainnet_income_call_socean": "socean-staked-sol",
    "mainnet_income_call_srm": "serum",
    "mainnet_income_call_mngo": "mango-markets",
    "mainnet_income_call_ray": "raydium",
    "mainnet_income_call_eth": "ethereum",
    "mainnet_income_put_sol": "usd-coin",
    "mainnet_income_put_btc": "usd-coin"
  }
}