{
  "totalTvlUSD": 89621163.58,
  "coinsByCoingeckoId": {
    "solana": 128893.576350644,
    "msol": 136387.315792572,
    "bitcoin": 355.176213,
    "saber": 11000000,
    "ftx-token": 72654.994995,
    "usd-coin": 12777242.187611,
    "terra-luna": 39999.999397,
    "socean-staked-sol": 5499.990099232,
    "serum": 3966379.6449,
    "mango-markets": 5999999.159277,
    "raydium": 18918.099566,
    "ethereum": 1435.764189
  },
  "pricesByCoingeckoId": {
    "BTC": 41637,
    "SOL": 138.71,
    "ETH": 3102.11,
    "mSOL": 142.25,
    "FTT": 36.33,
    "SRM": 3,
    "USDC": 1,
    "MNGO": 0.19103,
    "scnSOL": 141.91,
    "SBR": 0.079939,
    "LUNA": 71.94,
    "RAY": 5.25
  },
  "sharePricesByGlobalId": {
    "mainnet_income_call_sol": 1.03708,
    "mainnet_income_call_marinade": 1.02581,
    "mainnet_income_call_btc": 1.0644,
    "mainnet_income_call_sbr": 1,
    "mainnet_income_call_ftt": 1.01481,
    "mainnet_income_put_mngo": 1,
    "mainnet_income_call_luna": 1.01873,
    "mainnet_income_call_socean": 1.01266,
    "mainnet_income_call_srm": 1.00834,
    "mainnet_income_call_mngo": 1.01232,
    "mainnet_income_call_ray": 1,
    "mainnet_income_call_eth": 1.01181,
    "mainnet_income_put_sol": 1,
    "mainnet_income_put_btc": 1
  },
  "depositTokenByGlobalId": {
    "mainnet_income_call_sol": 128893.576350644,
    "mainnet_income_call_marinade": 136387.315792572,
    "mainnet_income_call_btc": 355.176213,
    "mainnet_income_call_sbr": 11000000,
    "mainnet_income_call_ftt": 72654.994995,
    "mainnet_income_put_mngo": 424933.57,
    "mainnet_income_call_luna": 39999.999397,
    "mainnet_income_call_socean": 5499.990099232,
    "mainnet_income_call_srm": 3966379.6449,
    "mainnet_income_call_mngo": 5999999.159277,
    "mainnet_income_call_ray": 18918.099566,
    "mainnet_income_call_eth": 1435.764189,
    "mainnet_income_put_sol": 9999999.97,
    "mainnet_income_put_btc": 2352308.65
  },
  "usdValueByGlobalId": {
    "mainnet_income_call_sol": 17878827.98,
    "mainnet_income_call_marinade": 19401095.67,
    "mainnet_income_call_btc": 14788471.98,
    "mainnet_income_call_sbr": 879329,
    "mainnet_income_call_ftt": 2639555.97,
    "mainnet_income_put_mngo": 424933.57,
    "mainnet_income_call_luna": 2877599.96,
    "mainnet_income_call_socean": 780503.59,
    "mainnet_income_call_srm": 11899138.93,
    "mainnet_income_call_mngo": 1146179.84,
    "mainnet_income_call_ray": 99320.02,
    "mainnet_income_call_eth": 4453898.45,
    "mainnet_income_put_sol": 9999999.97,
    "mainnet_income_put_btc": 2352308.65
  }
}