{
  "totalTvlUSD": 88733681.23,
  "coinsByCoingeckoId": {
    "solana": 184376.933158812,
    "msol": 161852.3611537,
    "bitcoin": 429.992838,
    "saber": 18625134.437093,
    "ftx-token": 65603.463145,
    "terra-luna": 77943.976116,
    "terrausd": 207614.934803,
    "usd-coin": 14002806.157331,
    "socean-staked-sol": 10999.999764954,
    "serum": 4227025.55882,
    "mango-markets": 7786170.833833,
    "raydium": 20949.61269,
    "ethereum": 1755.995973
  },
  "pricesByCoingeckoId": {
    "BTC": 35432,
    "SOL": 97.82,
    "ETH": 2451.97,
    "mSOL": 100.94,
    "FTT": 34.13,
    "SRM": 2.26,
    "USDC": 1,
    "MNGO": 0.160957,
    "scnSOL": 100.11,
    "SBR": 0.063893,
    "LUNA": 66.63,
    "UST": 1,
    "RAY": 3.77
  },
  "sharePricesByGlobalId": {
    "mainnet_income_call_sol": 1.05252,
    "mainnet_income_call_marinade": 1.03727,
    "mainnet_income_call_btc": 1.0696,
    "mainnet_income_call_sbr": 1.05044,
    "mainnet_income_call_ftt": 1.02696,
    "mainnet_income_call_luna": 1.0374,
    "mainnet_income_put_luna": 1,
    "mainnet_income_put_mngo": 1.00322,
    "mainnet_income_call_socean": 1.02395,
    "mainnet_income_call_srm": 1.02041,
    "mainnet_income_call_mngo": 1.01533,
    "mainnet_income_call_ray": 1.01764,
    "mainnet_income_call_eth": 1.0165,
    "mainnet_income_put_sol": 1.01183,
    "mainnet_income_put_btc": 1.00606
  },
  "depositTokenByGlobalId": {
    "mainnet_income_call_sol": 184376.933158812,
    "mainnet_income_call_marinade": 161852.3611537,
    "mainnet_income_call_btc": 429.992838,
    "mainnet_income_call_sbr": 18625134.437093,
    "mainnet_income_call_ftt": 65603.463145,
    "mainnet_income_call_luna": 77943.976116,
    "mainnet_income_put_luna": 207614.934803,
    "mainnet_income_put_mngo": 248683.41,
    "mainnet_income_call_socean": 10999.999764954,
    "mainnet_income_call_srm": 4227025.55882,
    "mainnet_income_call_mngo": 7786170.833833,
    "mainnet_income_call_ray": 20949.61269,
    "mainnet_income_call_eth": 1755.995973,
    "mainnet_income_put_sol": 12615931.91,
    "mainnet_income_put_btc": 1138190.84
  },
  "usdValueByGlobalId": {
    "mainnet_income_call_sol": 18035751.6,
    "mainnet_income_call_marinade": 16337377.33,
    "mainnet_income_call_btc": 15235506.24,
    "mainnet_income_call_sbr": 1190015.71,
    "mainnet_income_call_ftt": 2239046.2,
    "mainnet_income_call_luna": 5193407.13,
    "mainnet_income_put_luna": 207614.93,
    "mainnet_income_put_mngo": 248683.41,
    "mainnet_income_call_socean": 1101209.98,
    "mainnet_income_call_srm": 9553077.76,
    "mainnet_income_call_mngo": 1253238.7,
    "mainnet_income_call_ray": 78980.04,
    "mainnet_income_call_eth": 4305649.45,
    "mainnet_income_put_sol": 12615931.91,
    "mainnet_income_put_btc": 1138190.84
  },
  "globalIdToDepositTokenCoingeckoId": {
    "mainnet_income_call_sol": "solana",
    "mainnet_income_call_marinade": "msol",
    "mainnet_income_call_btc": "bitcoin",
    "mainnet_income_call_sbr": "saber",
    "mainnet_income_call_ftt": "ftx-token",
    "mainnet_income_call_luna": "terra-luna",
    "mainnet_income_put_luna": "terrausd",
    "mainnet_income_put_mngo": "usd-coin",
    "mainnet_income_call_socean": "socean-staked-sol",
    "mainnet_income_call_srm": "serum",
    "mainnet_income_call_mngo": "mango-markets",
    "mainnet_income_call_ray": "raydium",
    "mainnet_income_call_eth": "ethereum",
    "mainnet_income_put_sol": "usd-coin",
    "mainnet_income_put_btc": "usd-coin"
  }
}