{
  "totalTvlUSD": 103257420.14,
  "coinsByCoingeckoId": {
    "solana": 137234.330759574,
    "msol": 146331.097551439,
    "bitcoin": 371.542369,
    "saber": 11337421.377326,
    "ftx-token": 76697.451325,
    "usd-coin": 14048572.636025,
    "terra-luna": 60206.223411,
    "socean-staked-sol": 8581.183384271,
    "serum": 3977069.968643,
    "mango-markets": 6020584.877999,
    "raydium": 19310.493998,
    "ethereum": 1493.006796
  },
  "pricesByCoingeckoId": {
    "BTC": 43768,
    "SOL": 150.97,
    "ETH": 3353.88,
    "mSOL": 154.3,
    "FTT": 41.61,
    "SRM": 3.23,
    "USDC": 1,
    "MNGO": 0.207657,
    "scnSOL": 153.42,
    "SBR": 0.083665,
    "LUNA": 82.77,
    "RAY": 5.53
  },
  "sharePricesByGlobalId": {
    "mainnet_income_call_sol": 1.03708,
    "mainnet_income_call_marinade": 1.02581,
    "mainnet_income_call_btc": 1.0644,
    "mainnet_income_call_sbr": 1,
    "mainnet_income_call_ftt": 1.01481,
    "mainnet_income_put_mngo": 1,
    "mainnet_income_call_luna": 1.01873,
    "mainnet_income_call_socean": 1.01266,
    "mainnet_income_call_srm": 1.00834,
    "mainnet_income_call_mngo": 1.01232,
    "mainnet_income_call_ray": 1,
    "mainnet_income_call_eth": 1.01181,
    "mainnet_income_put_sol": 0.99999,
    "mainnet_income_put_btc": 1
  },
  "depositTokenByGlobalId": {
    "mainnet_income_call_sol": 137234.330759574,
    "mainnet_income_call_marinade": 146331.097551439,
    "mainnet_income_call_btc": 371.542369,
    "mainnet_income_call_sbr": 11337421.377326,
    "mainnet_income_call_ftt": 76697.451325,
    "mainnet_income_put_mngo": 429804.43,
    "mainnet_income_call_luna": 60206.223411,
    "mainnet_income_call_socean": 8581.183384271,
    "mainnet_income_call_srm": 3977069.968643,
    "mainnet_income_call_mngo": 6020584.877999,
    "mainnet_income_call_ray": 19310.493998,
    "mainnet_income_call_eth": 1493.006796,
    "mainnet_income_put_sol": 11264380.41,
    "mainnet_income_put_btc": 2354387.79
  },
  "usdValueByGlobalId": {
    "mainnet_income_call_sol": 20718266.91,
    "mainnet_income_call_marinade": 22578888.35,
    "mainnet_income_call_btc": 16261666.41,
    "mainnet_income_call_sbr": 948545.36,
    "mainnet_income_call_ftt": 3191380.95,
    "mainnet_income_put_mngo": 429804.43,
    "mainnet_income_call_luna": 4983269.11,
    "mainnet_income_call_socean": 1316525.15,
    "mainnet_income_call_srm": 12845936,
    "mainnet_income_call_mngo": 1250216.59,
    "mainnet_income_call_ray": 106787.03,
    "mainnet_income_call_eth": 5007365.63,
    "mainnet_income_put_sol": 11264380.41,
    "mainnet_income_put_btc": 2354387.79
  }
}