{
  "totalTvlUSD": 106248859.1,
  "coinsByCoingeckoId": {
    "solana": 140780.25111187,
    "msol": 158788.460315795,
    "bitcoin": 416.715146,
    "saber": 19999847.492037,
    "ftx-token": 67263.452173,
    "usd-coin": 12026304.202767,
    "terra-luna": 67247.250576,
    "socean-staked-sol": 10999.987641614,
    "serum": 4059722.615477,
    "mango-markets": 8809344.213263,
    "raydium": 16338.626813,
    "ethereum": 1696.540062
  },
  "pricesByCoingeckoId": {
    "BTC": 42987,
    "SOL": 145.1,
    "ETH": 3318.51,
    "mSOL": 148.94,
    "FTT": 45.21,
    "SRM": 3.19,
    "USDC": 1,
    "MNGO": 0.197815,
    "scnSOL": 148.76,
    "SBR": 0.083707,
    "LUNA": 81.34,
    "RAY": 5.36
  },
  "sharePricesByGlobalId": {
    "mainnet_income_call_sol": 1.04444,
    "mainnet_income_call_marinade": 1.03017,
    "mainnet_income_call_btc": 1.06814,
    "mainnet_income_call_sbr": 1.04667,
    "mainnet_income_call_ftt": 1.02068,
    "mainnet_income_put_mngo": 1.00201,
    "mainnet_income_call_luna": 1.02692,
    "mainnet_income_call_socean": 1.01629,
    "mainnet_income_call_srm": 1.01304,
    "mainnet_income_call_mngo": 1.01322,
    "mainnet_income_call_ray": 1.00275,
    "mainnet_income_call_eth": 1.01502,
    "mainnet_income_put_sol": 1.00281,
    "mainnet_income_put_btc": 1.00329
  },
  "depositTokenByGlobalId": {
    "mainnet_income_call_sol": 140780.25111187,
    "mainnet_income_call_marinade": 158788.460315795,
    "mainnet_income_call_btc": 416.715146,
    "mainnet_income_call_sbr": 19999847.492037,
    "mainnet_income_call_ftt": 67263.452173,
    "mainnet_income_put_mngo": 392112.07,
    "mainnet_income_call_luna": 67247.250576,
    "mainnet_income_call_socean": 10999.987641614,
    "mainnet_income_call_srm": 4059722.615477,
    "mainnet_income_call_mngo": 8809344.213263,
    "mainnet_income_call_ray": 16338.626813,
    "mainnet_income_call_eth": 1696.540062,
    "mainnet_income_put_sol": 10509708,
    "mainnet_income_put_btc": 1124484.14
  },
  "usdValueByGlobalId": {
    "mainnet_income_call_sol": 20427214.44,
    "mainnet_income_call_marinade": 23649953.28,
    "mainnet_income_call_btc": 17913333.98,
    "mainnet_income_call_sbr": 1674127.23,
    "mainnet_income_call_ftt": 3040980.67,
    "mainnet_income_put_mngo": 392112.07,
    "mainnet_income_call_luna": 5469891.36,
    "mainnet_income_call_socean": 1636358.16,
    "mainnet_income_call_srm": 12950515.14,
    "mainnet_income_call_mngo": 1742620.43,
    "mainnet_income_call_ray": 87575.04,
    "mainnet_income_call_eth": 5629985.16,
    "mainnet_income_put_sol": 10509708,
    "mainnet_income_put_btc": 1124484.14
  },
  "globalIdToDepositTokenCoingeckoId": {
    "mainnet_income_call_sol": "solana",
    "mainnet_income_call_marinade": "msol",
    "mainnet_income_call_btc": "bitcoin",
    "mainnet_income_call_sbr": "saber",
    "mainnet_income_call_ftt": "ftx-token",
    "mainnet_income_put_mngo": "usd-coin",
    "mainnet_income_call_luna": "terra-luna",
    "mainnet_income_call_socean": "socean-staked-sol",
    "mainnet_income_call_srm": "serum",
    "mainnet_income_call_mngo": "mango-markets",
    "mainnet_income_call_ray": "raydium",
    "mainnet_income_call_eth": "ethereum",
    "mainnet_income_put_sol": "usd-coin",
    "mainnet_income_put_btc": "usd-coin"
  }
}