{
  "totalTvlUSD": 116671976.69,
  "coinsByCoingeckoId": {
    "solana": 181335.05377887,
    "msol": 166826.552472575,
    "bitcoin": 433.59918,
    "saber": 19999999.760273,
    "ftx-token": 75337.796317,
    "terra-luna": 87644.292418,
    "terrausd": 192117.274173,
    "usd-coin": 14313779.670976998,
    "socean-staked-sol": 11000,
    "serum": 4217123.358139,
    "mango-markets": 9183845.068471,
    "raydium": 20944.198635,
    "ethereum": 1865.494795
  },
  "pricesByCoingeckoId": {
    "BTC": 42625,
    "SOL": 137.79,
    "ETH": 3190.46,
    "mSOL": 141.73,
    "FTT": 48.37,
    "SRM": 2.93,
    "USDC": 1,
    "MNGO": 0.209213,
    "scnSOL": 142.37,
    "SBR": 0.110668,
    "LUNA": 83.22,
    "UST": 1,
    "RAY": 5.1
  },
  "sharePricesByGlobalId": {
    "mainnet_income_call_sol": 1.05342,
    "mainnet_income_call_marinade": 1.03017,
    "mainnet_income_call_btc": 1.06976,
    "mainnet_income_call_sbr": 1.04667,
    "mainnet_income_call_ftt": 1.02068,
    "mainnet_income_call_luna": 1.02692,
    "mainnet_income_put_luna": 1,
    "mainnet_income_put_mngo": 1.00201,
    "mainnet_income_call_socean": 1.01629,
    "mainnet_income_call_srm": 1.01304,
    "mainnet_income_call_mngo": 1.01322,
    "mainnet_income_call_ray": 1.00275,
    "mainnet_income_call_eth": 1.01667,
    "mainnet_income_put_sol": 1.00281,
    "mainnet_income_put_btc": 1.00329
  },
  "depositTokenByGlobalId": {
    "mainnet_income_call_sol": 181335.05377887,
    "mainnet_income_call_marinade": 166826.552472575,
    "mainnet_income_call_btc": 433.59918,
    "mainnet_income_call_sbr": 19999999.760273,
    "mainnet_income_call_ftt": 75337.796317,
    "mainnet_income_call_luna": 87644.292418,
    "mainnet_income_put_luna": 192117.274173,
    "mainnet_income_put_mngo": 410509.79,
    "mainnet_income_call_socean": 11000,
    "mainnet_income_call_srm": 4217123.358139,
    "mainnet_income_call_mngo": 9183845.068471,
    "mainnet_income_call_ray": 20944.198635,
    "mainnet_income_call_eth": 1865.494795,
    "mainnet_income_put_sol": 12777405.84,
    "mainnet_income_put_btc": 1125864.04
  },
  "usdValueByGlobalId": {
    "mainnet_income_call_sol": 24986157.06,
    "mainnet_income_call_marinade": 23644327.28,
    "mainnet_income_call_btc": 18482165.05,
    "mainnet_income_call_sbr": 2213359.97,
    "mainnet_income_call_ftt": 3644089.21,
    "mainnet_income_call_luna": 7293758.02,
    "mainnet_income_put_luna": 192117.27,
    "mainnet_income_put_mngo": 410509.79,
    "mainnet_income_call_socean": 1566070,
    "mainnet_income_call_srm": 12356171.44,
    "mainnet_income_call_mngo": 1921379.78,
    "mainnet_income_call_ray": 106815.41,
    "mainnet_income_call_eth": 5951786.52,
    "mainnet_income_put_sol": 12777405.84,
    "mainnet_income_put_btc": 1125864.04
  },
  "globalIdToDepositTokenCoingeckoId": {
    "mainnet_income_call_sol": "solana",
    "mainnet_income_call_marinade": "msol",
    "mainnet_income_call_btc": "bitcoin",
    "mainnet_income_call_sbr": "saber",
    "mainnet_income_call_ftt": "ftx-token",
    "mainnet_income_call_luna": "terra-luna",
    "mainnet_income_put_luna": "terrausd",
    "mainnet_income_put_mngo": "usd-coin",
    "mainnet_income_call_socean": "socean-staked-sol",
    "mainnet_income_call_srm": "serum",
    "mainnet_income_call_mngo": "mango-markets",
    "mainnet_income_call_ray": "raydium",
    "mainnet_income_call_eth": "ethereum",
    "mainnet_income_put_sol": "usd-coin",
    "mainnet_income_put_btc": "usd-coin"
  }
}