{
  "totalTvlUSD": 91351625.15,
  "coinsByCoingeckoId": {
    "solana": 128363.259350644,
    "msol": 136222.968423149,
    "bitcoin": 354.280677,
    "saber": 11000000,
    "ftx-token": 72255.801874,
    "usd-coin": 12774396.253459001,
    "terra-luna": 39999.999397,
    "socean-staked-sol": 5499.990099232,
    "serum": 3965834.743512,
    "mango-markets": 5999999.159277,
    "raydium": 18918.099566,
    "ethereum": 1407.979791
  },
  "pricesByCoingeckoId": {
    "BTC": 42156,
    "SOL": 145.8,
    "ETH": 3111.2,
    "mSOL": 148.86,
    "FTT": 35.32,
    "SRM": 3.04,
    "USDC": 1,
    "MNGO": 0.188826,
    "scnSOL": 144.44,
    "SBR": 0.084808,
    "LUNA": 67.49,
    "RAY": 5.29
  },
  "sharePricesByGlobalId": {
    "mainnet_income_call_sol": 1.03708,
    "mainnet_income_call_marinade": 1.02581,
    "mainnet_income_call_btc": 1.0644,
    "mainnet_income_call_sbr": 1,
    "mainnet_income_call_ftt": 1.01481,
    "mainnet_income_put_mngo": 1,
    "mainnet_income_call_luna": 1.01873,
    "mainnet_income_call_socean": 1.01266,
    "mainnet_income_call_srm": 1.00834,
    "mainnet_income_call_mngo": 1.01232,
    "mainnet_income_call_ray": 1,
    "mainnet_income_call_eth": 1.01181,
    "mainnet_income_put_sol": 1,
    "mainnet_income_put_btc": 1
  },
  "depositTokenByGlobalId": {
    "mainnet_income_call_sol": 128363.259350644,
    "mainnet_income_call_marinade": 136222.968423149,
    "mainnet_income_call_btc": 354.280677,
    "mainnet_income_call_sbr": 11000000,
    "mainnet_income_call_ftt": 72255.801874,
    "mainnet_income_put_mngo": 423329.63,
    "mainnet_income_call_luna": 39999.999397,
    "mainnet_income_call_socean": 5499.990099232,
    "mainnet_income_call_srm": 3965834.743512,
    "mainnet_income_call_mngo": 5999999.159277,
    "mainnet_income_call_ray": 18918.099566,
    "mainnet_income_call_eth": 1407.979791,
    "mainnet_income_put_sol": 9999999.97,
    "mainnet_income_put_btc": 2351066.65
  },
  "usdValueByGlobalId": {
    "mainnet_income_call_sol": 18715363.21,
    "mainnet_income_call_marinade": 20278151.08,
    "mainnet_income_call_btc": 14935056.22,
    "mainnet_income_call_sbr": 932888,
    "mainnet_income_call_ftt": 2552074.92,
    "mainnet_income_put_mngo": 423329.63,
    "mainnet_income_call_luna": 2699599.96,
    "mainnet_income_call_socean": 794418.57,
    "mainnet_income_call_srm": 12056137.62,
    "mainnet_income_call_mngo": 1132955.84,
    "mainnet_income_call_ray": 100076.75,
    "mainnet_income_call_eth": 4380506.73,
    "mainnet_income_put_sol": 9999999.97,
    "mainnet_income_put_btc": 2351066.65
  }
}