{
  "totalTvlUSD": 117867351.31,
  "coinsByCoingeckoId": {
    "solana": 180591.77277887,
    "msol": 166814.094381172,
    "bitcoin": 433.57593,
    "saber": 19999999.760273,
    "ftx-token": 75335.538585,
    "terra-luna": 87577.593824,
    "terrausd": 191617.729974,
    "usd-coin": 14280162.086106999,
    "socean-staked-sol": 11000,
    "serum": 4217109.714286,
    "mango-markets": 9180273.343669,
    "raydium": 20944.198635,
    "ethereum": 1823.724283
  },
  "pricesByCoingeckoId": {
    "BTC": 43040,
    "SOL": 140.54,
    "ETH": 3232.44,
    "mSOL": 144.33,
    "FTT": 49,
    "SRM": 2.98,
    "USDC": 1,
    "MNGO": 0.208023,
    "scnSOL": 143.95,
    "SBR": 0.111043,
    "LUNA": 83.38,
    "UST": 1,
    "RAY": 5.16
  },
  "sharePricesByGlobalId": {
    "mainnet_income_call_sol": 1.05342,
    "mainnet_income_call_marinade": 1.03017,
    "mainnet_income_call_btc": 1.06976,
    "mainnet_income_call_sbr": 1.04667,
    "mainnet_income_call_ftt": 1.02068,
    "mainnet_income_call_luna": 1.02692,
    "mainnet_income_put_luna": 1,
    "mainnet_income_put_mngo": 1.00201,
    "mainnet_income_call_socean": 1.01629,
    "mainnet_income_call_srm": 1.01304,
    "mainnet_income_call_mngo": 1.01322,
    "mainnet_income_call_ray": 1.00275,
    "mainnet_income_call_eth": 1.01667,
    "mainnet_income_put_sol": 1.00281,
    "mainnet_income_put_btc": 1.00329
  },
  "depositTokenByGlobalId": {
    "mainnet_income_call_sol": 180591.77277887,
    "mainnet_income_call_marinade": 166814.094381172,
    "mainnet_income_call_btc": 433.57593,
    "mainnet_income_call_sbr": 19999999.760273,
    "mainnet_income_call_ftt": 75335.538585,
    "mainnet_income_call_luna": 87577.593824,
    "mainnet_income_put_luna": 191617.729974,
    "mainnet_income_put_mngo": 410509.79,
    "mainnet_income_call_socean": 11000,
    "mainnet_income_call_srm": 4217109.714286,
    "mainnet_income_call_mngo": 9180273.343669,
    "mainnet_income_call_ray": 20944.198635,
    "mainnet_income_call_eth": 1823.724283,
    "mainnet_income_put_sol": 12743788.25,
    "mainnet_income_put_btc": 1125864.04
  },
  "usdValueByGlobalId": {
    "mainnet_income_call_sol": 25380367.75,
    "mainnet_income_call_marinade": 24076278.24,
    "mainnet_income_call_btc": 18661108.03,
    "mainnet_income_call_sbr": 2220859.97,
    "mainnet_income_call_ftt": 3691441.39,
    "mainnet_income_call_luna": 7302219.77,
    "mainnet_income_put_luna": 191617.73,
    "mainnet_income_put_mngo": 410509.79,
    "mainnet_income_call_socean": 1583450,
    "mainnet_income_call_srm": 12566986.95,
    "mainnet_income_call_mngo": 1909708,
    "mainnet_income_call_ray": 108072.06,
    "mainnet_income_call_eth": 5895079.32,
    "mainnet_income_put_sol": 12743788.25,
    "mainnet_income_put_btc": 1125864.04
  },
  "globalIdToDepositTokenCoingeckoId": {
    "mainnet_income_call_sol": "solana",
    "mainnet_income_call_marinade": "msol",
    "mainnet_income_call_btc": "bitcoin",
    "mainnet_income_call_sbr": "saber",
    "mainnet_income_call_ftt": "ftx-token",
    "mainnet_income_call_luna": "terra-luna",
    "mainnet_income_put_luna": "terrausd",
    "mainnet_income_put_mngo": "usd-coin",
    "mainnet_income_call_socean": "socean-staked-sol",
    "mainnet_income_call_srm": "serum",
    "mainnet_income_call_mngo": "mango-markets",
    "mainnet_income_call_ray": "raydium",
    "mainnet_income_call_eth": "ethereum",
    "mainnet_income_put_sol": "usd-coin",
    "mainnet_income_put_btc": "usd-coin"
  }
}