{
  "totalTvlUSD": 89903864.44,
  "coinsByCoingeckoId": {
    "solana": 183561.398158812,
    "msol": 159719.183452622,
    "bitcoin": 427.526689,
    "saber": 18402794.392303,
    "ftx-token": 65590.449226,
    "terra-luna": 77735.658357,
    "terrausd": 205434.622707,
    "usd-coin": 13990766.238714999,
    "socean-staked-sol": 10999.999764954,
    "serum": 4226672.705572,
    "mango-markets": 7784756.149321,
    "raydium": 20933.234226,
    "ethereum": 1740.177651
  },
  "pricesByCoingeckoId": {
    "BTC": 35753,
    "SOL": 102.12,
    "ETH": 2486.37,
    "mSOL": 104.99,
    "FTT": 34.94,
    "SRM": 2.29,
    "USDC": 1,
    "MNGO": 0.169761,
    "scnSOL": 104.48,
    "SBR": 0.08458,
    "LUNA": 57.89,
    "UST": 1,
    "RAY": 3.97
  },
  "sharePricesByGlobalId": {
    "mainnet_income_call_sol": 1.05252,
    "mainnet_income_call_marinade": 1.03727,
    "mainnet_income_call_btc": 1.0696,
    "mainnet_income_call_sbr": 1.05044,
    "mainnet_income_call_ftt": 1.02696,
    "mainnet_income_call_luna": 1.0374,
    "mainnet_income_put_luna": 1,
    "mainnet_income_put_mngo": 1.00322,
    "mainnet_income_call_socean": 1.02395,
    "mainnet_income_call_srm": 1.02041,
    "mainnet_income_call_mngo": 1.01533,
    "mainnet_income_call_ray": 1.01764,
    "mainnet_income_call_eth": 1.0165,
    "mainnet_income_put_sol": 1.01183,
    "mainnet_income_put_btc": 1.00606
  },
  "depositTokenByGlobalId": {
    "mainnet_income_call_sol": 183561.398158812,
    "mainnet_income_call_marinade": 159719.183452622,
    "mainnet_income_call_btc": 427.526689,
    "mainnet_income_call_sbr": 18402794.392303,
    "mainnet_income_call_ftt": 65590.449226,
    "mainnet_income_call_luna": 77735.658357,
    "mainnet_income_put_luna": 205434.622707,
    "mainnet_income_put_mngo": 248683.41,
    "mainnet_income_call_socean": 10999.999764954,
    "mainnet_income_call_srm": 4226672.705572,
    "mainnet_income_call_mngo": 7784756.149321,
    "mainnet_income_call_ray": 20933.234226,
    "mainnet_income_call_eth": 1740.177651,
    "mainnet_income_put_sol": 12604890.99,
    "mainnet_income_put_btc": 1137191.84
  },
  "usdValueByGlobalId": {
    "mainnet_income_call_sol": 18745289.98,
    "mainnet_income_call_marinade": 16768917.07,
    "mainnet_income_call_btc": 15285361.71,
    "mainnet_income_call_sbr": 1556508.35,
    "mainnet_income_call_ftt": 2291730.3,
    "mainnet_income_call_luna": 4500117.26,
    "mainnet_income_put_luna": 205434.62,
    "mainnet_income_put_mngo": 248683.41,
    "mainnet_income_call_socean": 1149279.98,
    "mainnet_income_call_srm": 9679080.5,
    "mainnet_income_call_mngo": 1321547.99,
    "mainnet_income_call_ray": 83104.94,
    "mainnet_income_call_eth": 4326725.51,
    "mainnet_income_put_sol": 12604890.99,
    "mainnet_income_put_btc": 1137191.84
  },
  "globalIdToDepositTokenCoingeckoId": {
    "mainnet_income_call_sol": "solana",
    "mainnet_income_call_marinade": "msol",
    "mainnet_income_call_btc": "bitcoin",
    "mainnet_income_call_sbr": "saber",
    "mainnet_income_call_ftt": "ftx-token",
    "mainnet_income_call_luna": "terra-luna",
    "mainnet_income_put_luna": "terrausd",
    "mainnet_income_put_mngo": "usd-coin",
    "mainnet_income_call_socean": "socean-staked-sol",
    "mainnet_income_call_srm": "serum",
    "mainnet_income_call_mngo": "mango-markets",
    "mainnet_income_call_ray": "raydium",
    "mainnet_income_call_eth": "ethereum",
    "mainnet_income_put_sol": "usd-coin",
    "mainnet_income_put_btc": "usd-coin"
  }
}