{
  "totalTvlUSD": 99251524.78,
  "coinsByCoingeckoId": {
    "solana": 135707.305759574,
    "msol": 145824.597197434,
    "bitcoin": 369.798532,
    "saber": 11000000,
    "ftx-token": 76445.468392,
    "usd-coin": 13430510.898079,
    "terra-luna": 59999.999852,
    "socean-staked-sol": 7349.786028556,
    "serum": 3974894.236332,
    "mango-markets": 5999999.159377,
    "raydium": 19310.493998,
    "ethereum": 1486.524949
  },
  "pricesByCoingeckoId": {
    "BTC": 43419,
    "SOL": 143.43,
    "ETH": 3315.28,
    "mSOL": 147.21,
    "FTT": 40.72,
    "SRM": 3.19,
    "USDC": 1,
    "MNGO": 0.207977,
    "scnSOL": 145.98,
    "SBR": 0.08587,
    "LUNA": 79.02,
    "RAY": 5.48
  },
  "sharePricesByGlobalId": {
    "mainnet_income_call_sol": 1.03708,
    "mainnet_income_call_marinade": 1.02581,
    "mainnet_income_call_btc": 1.0644,
    "mainnet_income_call_sbr": 1,
    "mainnet_income_call_ftt": 1.01481,
    "mainnet_income_put_mngo": 1,
    "mainnet_income_call_luna": 1.01873,
    "mainnet_income_call_socean": 1.01266,
    "mainnet_income_call_srm": 1.00834,
    "mainnet_income_call_mngo": 1.01232,
    "mainnet_income_call_ray": 1,
    "mainnet_income_call_eth": 1.01181,
    "mainnet_income_put_sol": 0.99999,
    "mainnet_income_put_btc": 1
  },
  "depositTokenByGlobalId": {
    "mainnet_income_call_sol": 135707.305759574,
    "mainnet_income_call_marinade": 145824.597197434,
    "mainnet_income_call_btc": 369.798532,
    "mainnet_income_call_sbr": 11000000,
    "mainnet_income_call_ftt": 76445.468392,
    "mainnet_income_put_mngo": 429604.43,
    "mainnet_income_call_luna": 59999.999852,
    "mainnet_income_call_socean": 7349.786028556,
    "mainnet_income_call_srm": 3974894.236332,
    "mainnet_income_call_mngo": 5999999.159377,
    "mainnet_income_call_ray": 19310.493998,
    "mainnet_income_call_eth": 1486.524949,
    "mainnet_income_put_sol": 10646528.68,
    "mainnet_income_put_btc": 2354377.79
  },
  "usdValueByGlobalId": {
    "mainnet_income_call_sol": 19464498.87,
    "mainnet_income_call_marinade": 21466838.95,
    "mainnet_income_call_btc": 16056282.46,
    "mainnet_income_call_sbr": 944570,
    "mainnet_income_call_ftt": 3112859.47,
    "mainnet_income_put_mngo": 429604.43,
    "mainnet_income_call_luna": 4741199.99,
    "mainnet_income_call_socean": 1072921.76,
    "mainnet_income_call_srm": 12679912.61,
    "mainnet_income_call_mngo": 1247861.83,
    "mainnet_income_call_ray": 105821.51,
    "mainnet_income_call_eth": 4928246.43,
    "mainnet_income_put_sol": 10646528.68,
    "mainnet_income_put_btc": 2354377.79
  }
}