{
  "totalTvlUSD": 92814150.15,
  "coinsByCoingeckoId": {
    "solana": 132132.263759574,
    "msol": 142522.823403707,
    "bitcoin": 366.15675,
    "saber": 11000000,
    "ftx-token": 76169.786905,
    "usd-coin": 13072769.304107001,
    "terra-luna": 56127.196552,
    "socean-staked-sol": 7058.43758035,
    "serum": 3974644.201194,
    "mango-markets": 5999999.159277,
    "raydium": 19199.467605,
    "ethereum": 1479.66265
  },
  "pricesByCoingeckoId": {
    "BTC": 41762,
    "SOL": 136.76,
    "ETH": 3126.32,
    "mSOL": 140.07,
    "FTT": 38.5,
    "SRM": 2.95,
    "USDC": 1,
    "MNGO": 0.201004,
    "scnSOL": 139.16,
    "SBR": 0.074133,
    "LUNA": 71.81,
    "RAY": 5.13
  },
  "sharePricesByGlobalId": {
    "mainnet_income_call_sol": 1.03708,
    "mainnet_income_call_marinade": 1.02581,
    "mainnet_income_call_btc": 1.0644,
    "mainnet_income_call_sbr": 1,
    "mainnet_income_call_ftt": 1.01481,
    "mainnet_income_put_mngo": 1.00062,
    "mainnet_income_call_luna": 1.01873,
    "mainnet_income_call_socean": 1.01266,
    "mainnet_income_call_srm": 1.00834,
    "mainnet_income_call_mngo": 1.01232,
    "mainnet_income_call_ray": 1,
    "mainnet_income_call_eth": 1.01181,
    "mainnet_income_put_sol": 1.00376,
    "mainnet_income_put_btc": 1
  },
  "depositTokenByGlobalId": {
    "mainnet_income_call_sol": 132132.263759574,
    "mainnet_income_call_marinade": 142522.823403707,
    "mainnet_income_call_btc": 366.15675,
    "mainnet_income_call_sbr": 11000000,
    "mainnet_income_call_ftt": 76169.786905,
    "mainnet_income_put_mngo": 429058.15,
    "mainnet_income_call_luna": 56127.196552,
    "mainnet_income_call_socean": 7058.43758035,
    "mainnet_income_call_srm": 3974644.201194,
    "mainnet_income_call_mngo": 5999999.159277,
    "mainnet_income_call_ray": 19199.467605,
    "mainnet_income_call_eth": 1479.66265,
    "mainnet_income_put_sol": 10289333.37,
    "mainnet_income_put_btc": 2354377.79
  },
  "usdValueByGlobalId": {
    "mainnet_income_call_sol": 18070408.39,
    "mainnet_income_call_marinade": 19963171.87,
    "mainnet_income_call_btc": 15291438.19,
    "mainnet_income_call_sbr": 815463,
    "mainnet_income_call_ftt": 2932536.8,
    "mainnet_income_put_mngo": 429058.15,
    "mainnet_income_call_luna": 4030493.98,
    "mainnet_income_call_socean": 982252.17,
    "mainnet_income_call_srm": 11725200.39,
    "mainnet_income_call_mngo": 1206023.83,
    "mainnet_income_call_ray": 98493.27,
    "mainnet_income_call_eth": 4625898.94,
    "mainnet_income_put_sol": 10289333.37,
    "mainnet_income_put_btc": 2354377.79
  }
}