{
  "totalTvlUSD": 87311084.51,
  "coinsByCoingeckoId": {
    "solana": 189379.021008812,
    "msol": 163056.564980971,
    "bitcoin": 435.584237,
    "saber": 19999383.74845,
    "ftx-token": 66633.57379,
    "terra-luna": 82259.845494,
    "terrausd": 211840.021503,
    "usd-coin": 14317819.736117,
    "socean-staked-sol": 10999.999764954,
    "serum": 4235224.36262,
    "mango-markets": 7840231.792677,
    "raydium": 21625.256316,
    "ethereum": 1767.890112
  },
  "pricesByCoingeckoId": {
    "BTC": 36333,
    "SOL": 91.28,
    "ETH": 2417.45,
    "mSOL": 93.76,
    "FTT": 35.54,
    "SRM": 2.08,
    "USDC": 1,
    "MNGO": 0.152001,
    "scnSOL": 93.39,
    "SBR": 0.064878,
    "LUNA": 64.89,
    "UST": 0.999065,
    "RAY": 3.48
  },
  "sharePricesByGlobalId": {
    "mainnet_income_call_sol": 1.05252,
    "mainnet_income_call_marinade": 1.03727,
    "mainnet_income_call_btc": 1.0696,
    "mainnet_income_call_sbr": 1.05044,
    "mainnet_income_call_ftt": 1.02696,
    "mainnet_income_call_luna": 1.0374,
    "mainnet_income_put_luna": 1,
    "mainnet_income_put_mngo": 1.00322,
    "mainnet_income_call_socean": 1.02395,
    "mainnet_income_call_srm": 1.02041,
    "mainnet_income_call_mngo": 1.01533,
    "mainnet_income_call_ray": 1.01764,
    "mainnet_income_call_eth": 1.0165,
    "mainnet_income_put_sol": 1.01183,
    "mainnet_income_put_btc": 1.00606
  },
  "depositTokenByGlobalId": {
    "mainnet_income_call_sol": 189379.021008812,
    "mainnet_income_call_marinade": 163056.564980971,
    "mainnet_income_call_btc": 435.584237,
    "mainnet_income_call_sbr": 19999383.74845,
    "mainnet_income_call_ftt": 66633.57379,
    "mainnet_income_call_luna": 82259.845494,
    "mainnet_income_put_luna": 211840.021503,
    "mainnet_income_put_mngo": 248683.41,
    "mainnet_income_call_socean": 10999.999764954,
    "mainnet_income_call_srm": 4235224.36262,
    "mainnet_income_call_mngo": 7840231.792677,
    "mainnet_income_call_ray": 21625.256316,
    "mainnet_income_call_eth": 1767.890112,
    "mainnet_income_put_sol": 12930925.39,
    "mainnet_income_put_btc": 1138210.93
  },
  "usdValueByGlobalId": {
    "mainnet_income_call_sol": 17286517.04,
    "mainnet_income_call_marinade": 15288183.53,
    "mainnet_income_call_btc": 15826082.08,
    "mainnet_income_call_sbr": 1297520.02,
    "mainnet_income_call_ftt": 2368157.21,
    "mainnet_income_call_luna": 5337841.37,
    "mainnet_income_put_luna": 211641.95,
    "mainnet_income_put_mngo": 248683.41,
    "mainnet_income_call_socean": 1027289.98,
    "mainnet_income_call_srm": 8809266.67,
    "mainnet_income_call_mngo": 1191723.07,
    "mainnet_income_call_ray": 75255.89,
    "mainnet_income_call_eth": 4273785.95,
    "mainnet_income_put_sol": 12930925.39,
    "mainnet_income_put_btc": 1138210.93
  },
  "globalIdToDepositTokenCoingeckoId": {
    "mainnet_income_call_sol": "solana",
    "mainnet_income_call_marinade": "msol",
    "mainnet_income_call_btc": "bitcoin",
    "mainnet_income_call_sbr": "saber",
    "mainnet_income_call_ftt": "ftx-token",
    "mainnet_income_call_luna": "terra-luna",
    "mainnet_income_put_luna": "terrausd",
    "mainnet_income_put_mngo": "usd-coin",
    "mainnet_income_call_socean": "socean-staked-sol",
    "mainnet_income_call_srm": "serum",
    "mainnet_income_call_mngo": "mango-markets",
    "mainnet_income_call_ray": "raydium",
    "mainnet_income_call_eth": "ethereum",
    "mainnet_income_put_sol": "usd-coin",
    "mainnet_income_put_btc": "usd-coin"
  }
}