{
  "totalTvlUSD": 91341830.98,
  "coinsByCoingeckoId": {
    "solana": 125421.674350644,
    "msol": 136087.775228187,
    "bitcoin": 354.280677,
    "saber": 11000000,
    "ftx-token": 72255.801874,
    "usd-coin": 12774382.460579002,
    "terra-luna": 39999.999397,
    "socean-staked-sol": 5499.990099232,
    "serum": 3965797.053838,
    "mango-markets": 5999999.159277,
    "raydium": 18918.099566,
    "ethereum": 1407.979711
  },
  "pricesByCoingeckoId": {
    "BTC": 41873,
    "SOL": 144.89,
    "ETH": 3196.32,
    "mSOL": 148.34,
    "FTT": 35.93,
    "SRM": 3.11,
    "USDC": 1,
    "MNGO": 0.192179,
    "scnSOL": 147.85,
    "SBR": 0.098829,
    "LUNA": 69.68,
    "RAY": 5.41
  },
  "sharePricesByGlobalId": {
    "mainnet_income_call_sol": 1.03708,
    "mainnet_income_call_marinade": 1.02581,
    "mainnet_income_call_btc": 1.0644,
    "mainnet_income_call_sbr": 1,
    "mainnet_income_call_ftt": 1.01481,
    "mainnet_income_put_mngo": 1,
    "mainnet_income_call_luna": 1.01873,
    "mainnet_income_call_socean": 1.01266,
    "mainnet_income_call_srm": 1.00834,
    "mainnet_income_call_mngo": 1.01232,
    "mainnet_income_call_ray": 1,
    "mainnet_income_call_eth": 1.01181,
    "mainnet_income_put_sol": 1,
    "mainnet_income_put_btc": 1
  },
  "depositTokenByGlobalId": {
    "mainnet_income_call_sol": 125421.674350644,
    "mainnet_income_call_marinade": 136087.775228187,
    "mainnet_income_call_btc": 354.280677,
    "mainnet_income_call_sbr": 11000000,
    "mainnet_income_call_ftt": 72255.801874,
    "mainnet_income_put_mngo": 423315.84,
    "mainnet_income_call_luna": 39999.999397,
    "mainnet_income_call_socean": 5499.990099232,
    "mainnet_income_call_srm": 3965797.053838,
    "mainnet_income_call_mngo": 5999999.159277,
    "mainnet_income_call_ray": 18918.099566,
    "mainnet_income_call_eth": 1407.979711,
    "mainnet_income_put_sol": 9999999.97,
    "mainnet_income_put_btc": 2351066.65
  },
  "usdValueByGlobalId": {
    "mainnet_income_call_sol": 18172346.4,
    "mainnet_income_call_marinade": 20187260.58,
    "mainnet_income_call_btc": 14834794.79,
    "mainnet_income_call_sbr": 1087119,
    "mainnet_income_call_ftt": 2596150.96,
    "mainnet_income_put_mngo": 423315.84,
    "mainnet_income_call_luna": 2787199.96,
    "mainnet_income_call_socean": 813173.54,
    "mainnet_income_call_srm": 12333628.84,
    "mainnet_income_call_mngo": 1153073.84,
    "mainnet_income_call_ray": 102346.92,
    "mainnet_income_call_eth": 4500353.71,
    "mainnet_income_put_sol": 9999999.97,
    "mainnet_income_put_btc": 2351066.65
  }
}