{
  "totalTvlUSD": 106263033.22,
  "coinsByCoingeckoId": {
    "solana": 139000.35931187,
    "msol": 158498.857134875,
    "bitcoin": 410.52996,
    "saber": 18105828.986213,
    "ftx-token": 67031.725849,
    "usd-coin": 11973304.056211999,
    "terra-luna": 65240.396277,
    "socean-staked-sol": 10999.987641614,
    "serum": 4029871.180157,
    "mango-markets": 8705996.907382,
    "raydium": 16185.11108,
    "ethereum": 1687.6434
  },
  "pricesByCoingeckoId": {
    "BTC": 43181,
    "SOL": 148.23,
    "ETH": 3312.3,
    "mSOL": 152.2,
    "FTT": 44.29,
    "SRM": 3.16,
    "USDC": 1,
    "MNGO": 0.200194,
    "scnSOL": 151.67,
    "SBR": 0.092759,
    "LUNA": 82.22,
    "RAY": 5.38
  },
  "sharePricesByGlobalId": {
    "mainnet_income_call_sol": 1.04444,
    "mainnet_income_call_marinade": 1.03017,
    "mainnet_income_call_btc": 1.06814,
    "mainnet_income_call_sbr": 1.04667,
    "mainnet_income_call_ftt": 1.02068,
    "mainnet_income_put_mngo": 1.00201,
    "mainnet_income_call_luna": 1.02692,
    "mainnet_income_call_socean": 1.01629,
    "mainnet_income_call_srm": 1.01304,
    "mainnet_income_call_mngo": 1.01322,
    "mainnet_income_call_ray": 1.00275,
    "mainnet_income_call_eth": 1.01502,
    "mainnet_income_put_sol": 1.00281,
    "mainnet_income_put_btc": 1.00329
  },
  "depositTokenByGlobalId": {
    "mainnet_income_call_sol": 139000.35931187,
    "mainnet_income_call_marinade": 158498.857134875,
    "mainnet_income_call_btc": 410.52996,
    "mainnet_income_call_sbr": 18105828.986213,
    "mainnet_income_call_ftt": 67031.725849,
    "mainnet_income_put_mngo": 391820.22,
    "mainnet_income_call_luna": 65240.396277,
    "mainnet_income_call_socean": 10999.987641614,
    "mainnet_income_call_srm": 4029871.180157,
    "mainnet_income_call_mngo": 8705996.907382,
    "mainnet_income_call_ray": 16185.11108,
    "mainnet_income_call_eth": 1687.6434,
    "mainnet_income_put_sol": 10457291.5,
    "mainnet_income_put_btc": 1124192.33
  },
  "usdValueByGlobalId": {
    "mainnet_income_call_sol": 20604023.26,
    "mainnet_income_call_marinade": 24123526.06,
    "mainnet_income_call_btc": 17727094.2,
    "mainnet_income_call_sbr": 1679478.59,
    "mainnet_income_call_ftt": 2968835.14,
    "mainnet_income_put_mngo": 391820.22,
    "mainnet_income_call_luna": 5364065.38,
    "mainnet_income_call_socean": 1668368.13,
    "mainnet_income_call_srm": 12734392.93,
    "mainnet_income_call_mngo": 1742888.34,
    "mainnet_income_call_ray": 87075.9,
    "mainnet_income_call_eth": 5589981.23,
    "mainnet_income_put_sol": 10457291.5,
    "mainnet_income_put_btc": 1124192.33
  },
  "globalIdToDepositTokenCoingeckoId": {
    "mainnet_income_call_sol": "solana",
    "mainnet_income_call_marinade": "msol",
    "mainnet_income_call_btc": "bitcoin",
    "mainnet_income_call_sbr": "saber",
    "mainnet_income_call_ftt": "ftx-token",
    "mainnet_income_put_mngo": "usd-coin",
    "mainnet_income_call_luna": "terra-luna",
    "mainnet_income_call_socean": "socean-staked-sol",
    "mainnet_income_call_srm": "serum",
    "mainnet_income_call_mngo": "mango-markets",
    "mainnet_income_call_ray": "raydium",
    "mainnet_income_call_eth": "ethereum",
    "mainnet_income_put_sol": "usd-coin",
    "mainnet_income_put_btc": "usd-coin"
  }
}