{
  "totalTvlUSD": 102513294.61,
  "coinsByCoingeckoId": {
    "solana": 137036.557759574,
    "msol": 146322.025962925,
    "bitcoin": 371.518676,
    "saber": 11319380.80783,
    "ftx-token": 76697.451325,
    "usd-coin": 14048570.226025,
    "terra-luna": 60181.223411,
    "socean-staked-sol": 8581.183384271,
    "serum": 3976533.073675,
    "mango-markets": 6019474.318135,
    "raydium": 19310.493998,
    "ethereum": 1493.006766
  },
  "pricesByCoingeckoId": {
    "BTC": 43672,
    "SOL": 149.36,
    "ETH": 3347.01,
    "mSOL": 153.47,
    "FTT": 41.33,
    "SRM": 3.18,
    "USDC": 1,
    "MNGO": 0.209807,
    "scnSOL": 152.15,
    "SBR": 0.08436,
    "LUNA": 80.99,
    "RAY": 5.49
  },
  "sharePricesByGlobalId": {
    "mainnet_income_call_sol": 1.03708,
    "mainnet_income_call_marinade": 1.02581,
    "mainnet_income_call_btc": 1.0644,
    "mainnet_income_call_sbr": 1,
    "mainnet_income_call_ftt": 1.01481,
    "mainnet_income_put_mngo": 1,
    "mainnet_income_call_luna": 1.01873,
    "mainnet_income_call_socean": 1.01266,
    "mainnet_income_call_srm": 1.00834,
    "mainnet_income_call_mngo": 1.01232,
    "mainnet_income_call_ray": 1,
    "mainnet_income_call_eth": 1.01181,
    "mainnet_income_put_sol": 0.99999,
    "mainnet_income_put_btc": 1
  },
  "depositTokenByGlobalId": {
    "mainnet_income_call_sol": 137036.557759574,
    "mainnet_income_call_marinade": 146322.025962925,
    "mainnet_income_call_btc": 371.518676,
    "mainnet_income_call_sbr": 11319380.80783,
    "mainnet_income_call_ftt": 76697.451325,
    "mainnet_income_put_mngo": 429804.43,
    "mainnet_income_call_luna": 60181.223411,
    "mainnet_income_call_socean": 8581.183384271,
    "mainnet_income_call_srm": 3976533.073675,
    "mainnet_income_call_mngo": 6019474.318135,
    "mainnet_income_call_ray": 19310.493998,
    "mainnet_income_call_eth": 1493.006766,
    "mainnet_income_put_sol": 11264378,
    "mainnet_income_put_btc": 2354387.79
  },
  "usdValueByGlobalId": {
    "mainnet_income_call_sol": 20467780.27,
    "mainnet_income_call_marinade": 22456041.32,
    "mainnet_income_call_btc": 16224963.62,
    "mainnet_income_call_sbr": 954902.96,
    "mainnet_income_call_ftt": 3169905.66,
    "mainnet_income_put_mngo": 429804.43,
    "mainnet_income_call_luna": 4874077.28,
    "mainnet_income_call_socean": 1305627.05,
    "mainnet_income_call_srm": 12645375.17,
    "mainnet_income_call_mngo": 1262927.85,
    "mainnet_income_call_ray": 106014.61,
    "mainnet_income_call_eth": 4997108.58,
    "mainnet_income_put_sol": 11264378,
    "mainnet_income_put_btc": 2354387.79
  }
}