{
  "totalTvlUSD": 101569685.94,
  "coinsByCoingeckoId": {
    "solana": 182239.667958811,
    "msol": 159621.895382898,
    "bitcoin": 415.986843,
    "saber": 17809220.160464,
    "ftx-token": 65573.585783,
    "terra-luna": 75358.352467,
    "terrausd": 205355.385439,
    "usd-coin": 13938492.976764001,
    "socean-staked-sol": 10999.999764954,
    "serum": 4226617.43302,
    "mango-markets": 7746322.314252,
    "raydium": 20864.654582,
    "ethereum": 1737.777482
  },
  "pricesByCoingeckoId": {
    "BTC": 38501,
    "SOL": 123.66,
    "ETH": 2793.93,
    "mSOL": 126.7,
    "FTT": 42.47,
    "SRM": 2.59,
    "USDC": 1,
    "MNGO": 0.189531,
    "scnSOL": 125.09,
    "SBR": 0.095036,
    "LUNA": 72.09,
    "UST": 0.998248,
    "RAY": 4.51
  },
  "sharePricesByGlobalId": {
    "mainnet_income_call_sol": 1.05252,
    "mainnet_income_call_marinade": 1.03727,
    "mainnet_income_call_btc": 1.0696,
    "mainnet_income_call_sbr": 1.05044,
    "mainnet_income_call_ftt": 1.02696,
    "mainnet_income_call_luna": 1.0374,
    "mainnet_income_put_luna": 1,
    "mainnet_income_put_mngo": 1.00322,
    "mainnet_income_call_socean": 1.02395,
    "mainnet_income_call_srm": 1.02041,
    "mainnet_income_call_mngo": 1.01533,
    "mainnet_income_call_ray": 1.01764,
    "mainnet_income_call_eth": 1.0165,
    "mainnet_income_put_sol": 1.01183,
    "mainnet_income_put_btc": 1.00606
  },
  "depositTokenByGlobalId": {
    "mainnet_income_call_sol": 182239.667958811,
    "mainnet_income_call_marinade": 159621.895382898,
    "mainnet_income_call_btc": 415.986843,
    "mainnet_income_call_sbr": 17809220.160464,
    "mainnet_income_call_ftt": 65573.585783,
    "mainnet_income_call_luna": 75358.352467,
    "mainnet_income_put_luna": 205355.385439,
    "mainnet_income_put_mngo": 248683.41,
    "mainnet_income_call_socean": 10999.999764954,
    "mainnet_income_call_srm": 4226617.43302,
    "mainnet_income_call_mngo": 7746322.314252,
    "mainnet_income_call_ray": 20864.654582,
    "mainnet_income_call_eth": 1737.777482,
    "mainnet_income_put_sol": 12553647.11,
    "mainnet_income_put_btc": 1136162.46
  },
  "usdValueByGlobalId": {
    "mainnet_income_call_sol": 22535757.34,
    "mainnet_income_call_marinade": 20224094.15,
    "mainnet_income_call_btc": 16015909.44,
    "mainnet_income_call_sbr": 1692517.05,
    "mainnet_income_call_ftt": 2784910.19,
    "mainnet_income_call_luna": 5432583.63,
    "mainnet_income_put_luna": 204995.6,
    "mainnet_income_put_mngo": 248683.41,
    "mainnet_income_call_socean": 1375989.97,
    "mainnet_income_call_srm": 10946939.15,
    "mainnet_income_call_mngo": 1468168.21,
    "mainnet_income_call_ray": 94099.59,
    "mainnet_income_call_eth": 4855228.64,
    "mainnet_income_put_sol": 12553647.11,
    "mainnet_income_put_btc": 1136162.46
  },
  "globalIdToDepositTokenCoingeckoId": {
    "mainnet_income_call_sol": "solana",
    "mainnet_income_call_marinade": "msol",
    "mainnet_income_call_btc": "bitcoin",
    "mainnet_income_call_sbr": "saber",
    "mainnet_income_call_ftt": "ftx-token",
    "mainnet_income_call_luna": "terra-luna",
    "mainnet_income_put_luna": "terrausd",
    "mainnet_income_put_mngo": "usd-coin",
    "mainnet_income_call_socean": "socean-staked-sol",
    "mainnet_income_call_srm": "serum",
    "mainnet_income_call_mngo": "mango-markets",
    "mainnet_income_call_ray": "raydium",
    "mainnet_income_call_eth": "ethereum",
    "mainnet_income_put_sol": "usd-coin",
    "mainnet_income_put_btc": "usd-coin"
  }
}