{
  "totalTvlUSD": 110568031.26,
  "coinsByCoingeckoId": {
    "solana": 169541.72677887,
    "msol": 162387.201680398,
    "bitcoin": 426.719351,
    "saber": 19999999.49755,
    "ftx-token": 73190.059725,
    "terra-luna": 83118.788033,
    "terrausd": 94851.30825,
    "usd-coin": 12978056.534026999,
    "socean-staked-sol": 10999.997467117,
    "serum": 4206088.666981,
    "mango-markets": 9017346.440155,
    "raydium": 19640.804604,
    "ethereum": 1746.541996
  },
  "pricesByCoingeckoId": {
    "BTC": 41695,
    "SOL": 137.59,
    "ETH": 3159.79,
    "mSOL": 141.47,
    "FTT": 44.22,
    "SRM": 2.98,
    "USDC": 1,
    "MNGO": 0.198496,
    "scnSOL": 141.18,
    "SBR": 0.114558,
    "LUNA": 76.75,
    "UST": 1,
    "RAY": 5.1
  },
  "sharePricesByGlobalId": {
    "mainnet_income_call_sol": 1.04444,
    "mainnet_income_call_marinade": 1.03017,
    "mainnet_income_call_btc": 1.06814,
    "mainnet_income_call_sbr": 1.04667,
    "mainnet_income_call_ftt": 1.02068,
    "mainnet_income_call_luna": 1.02692,
    "mainnet_income_put_luna": 1,
    "mainnet_income_put_mngo": 1.00201,
    "mainnet_income_call_socean": 1.01629,
    "mainnet_income_call_srm": 1.01304,
    "mainnet_income_call_mngo": 1.01322,
    "mainnet_income_call_ray": 1.00275,
    "mainnet_income_call_eth": 1.01502,
    "mainnet_income_put_sol": 1.00281,
    "mainnet_income_put_btc": 1.00329
  },
  "depositTokenByGlobalId": {
    "mainnet_income_call_sol": 169541.72677887,
    "mainnet_income_call_marinade": 162387.201680398,
    "mainnet_income_call_btc": 426.719351,
    "mainnet_income_call_sbr": 19999999.49755,
    "mainnet_income_call_ftt": 73190.059725,
    "mainnet_income_call_luna": 83118.788033,
    "mainnet_income_put_luna": 94851.30825,
    "mainnet_income_put_mngo": 397676.27,
    "mainnet_income_call_socean": 10999.997467117,
    "mainnet_income_call_srm": 4206088.666981,
    "mainnet_income_call_mngo": 9017346.440155,
    "mainnet_income_call_ray": 19640.804604,
    "mainnet_income_call_eth": 1746.541996,
    "mainnet_income_put_sol": 11454604.23,
    "mainnet_income_put_btc": 1125776.04
  },
  "usdValueByGlobalId": {
    "mainnet_income_call_sol": 23327246.19,
    "mainnet_income_call_marinade": 22972917.42,
    "mainnet_income_call_btc": 17792063.34,
    "mainnet_income_call_sbr": 2291159.94,
    "mainnet_income_call_ftt": 3236464.44,
    "mainnet_income_call_luna": 6379366.98,
    "mainnet_income_put_luna": 94851.31,
    "mainnet_income_put_mngo": 397676.27,
    "mainnet_income_call_socean": 1552979.64,
    "mainnet_income_call_srm": 12534144.23,
    "mainnet_income_call_mngo": 1789907.2,
    "mainnet_income_call_ray": 100168.1,
    "mainnet_income_call_eth": 5518705.93,
    "mainnet_income_put_sol": 11454604.23,
    "mainnet_income_put_btc": 1125776.04
  },
  "globalIdToDepositTokenCoingeckoId": {
    "mainnet_income_call_sol": "solana",
    "mainnet_income_call_marinade": "msol",
    "mainnet_income_call_btc": "bitcoin",
    "mainnet_income_call_sbr": "saber",
    "mainnet_income_call_ftt": "ftx-token",
    "mainnet_income_call_luna": "terra-luna",
    "mainnet_income_put_luna": "terrausd",
    "mainnet_income_put_mngo": "usd-coin",
    "mainnet_income_call_socean": "socean-staked-sol",
    "mainnet_income_call_srm": "serum",
    "mainnet_income_call_mngo": "mango-markets",
    "mainnet_income_call_ray": "raydium",
    "mainnet_income_call_eth": "ethereum",
    "mainnet_income_put_sol": "usd-coin",
    "mainnet_income_put_btc": "usd-coin"
  }
}