{
  "totalTvlUSD": 111885033.24,
  "coinsByCoingeckoId": {
    "solana": 169490.60737887,
    "msol": 162309.206112987,
    "bitcoin": 426.517033,
    "saber": 19999999.49755,
    "ftx-token": 73175.242561,
    "terra-luna": 83030.618163,
    "terrausd": 94351.30825,
    "usd-coin": 12975896.524369998,
    "socean-staked-sol": 10999.997467117,
    "serum": 4205028.372125,
    "mango-markets": 9011579.496596,
    "raydium": 19588.087132,
    "ethereum": 1745.385409
  },
  "pricesByCoingeckoId": {
    "BTC": 42225,
    "SOL": 139.55,
    "ETH": 3223.18,
    "mSOL": 143.26,
    "FTT": 44.96,
    "SRM": 3,
    "USDC": 1,
    "MNGO": 0.198969,
    "scnSOL": 142.45,
    "SBR": 0.114838,
    "LUNA": 79.63,
    "UST": 1,
    "RAY": 5.16
  },
  "sharePricesByGlobalId": {
    "mainnet_income_call_sol": 1.04444,
    "mainnet_income_call_marinade": 1.03017,
    "mainnet_income_call_btc": 1.06814,
    "mainnet_income_call_sbr": 1.04667,
    "mainnet_income_call_ftt": 1.02068,
    "mainnet_income_call_luna": 1.02692,
    "mainnet_income_put_luna": 1,
    "mainnet_income_put_mngo": 1.00201,
    "mainnet_income_call_socean": 1.01629,
    "mainnet_income_call_srm": 1.01304,
    "mainnet_income_call_mngo": 1.01322,
    "mainnet_income_call_ray": 1.00275,
    "mainnet_income_call_eth": 1.01502,
    "mainnet_income_put_sol": 1.00281,
    "mainnet_income_put_btc": 1.00329
  },
  "depositTokenByGlobalId": {
    "mainnet_income_call_sol": 169490.60737887,
    "mainnet_income_call_marinade": 162309.206112987,
    "mainnet_income_call_btc": 426.517033,
    "mainnet_income_call_sbr": 19999999.49755,
    "mainnet_income_call_ftt": 73175.242561,
    "mainnet_income_call_luna": 83030.618163,
    "mainnet_income_put_luna": 94351.30825,
    "mainnet_income_put_mngo": 397676.27,
    "mainnet_income_call_socean": 10999.997467117,
    "mainnet_income_call_srm": 4205028.372125,
    "mainnet_income_call_mngo": 9011579.496596,
    "mainnet_income_call_ray": 19588.087132,
    "mainnet_income_call_eth": 1745.385409,
    "mainnet_income_put_sol": 11452444.22,
    "mainnet_income_put_btc": 1125776.04
  },
  "usdValueByGlobalId": {
    "mainnet_income_call_sol": 23652414.26,
    "mainnet_income_call_marinade": 23252416.87,
    "mainnet_income_call_btc": 18009681.72,
    "mainnet_income_call_sbr": 2296759.94,
    "mainnet_income_call_ftt": 3289958.91,
    "mainnet_income_call_luna": 6611728.12,
    "mainnet_income_put_luna": 94351.31,
    "mainnet_income_put_mngo": 397676.27,
    "mainnet_income_call_socean": 1566949.64,
    "mainnet_income_call_srm": 12615085.12,
    "mainnet_income_call_mngo": 1793024.96,
    "mainnet_income_call_ray": 101074.53,
    "mainnet_income_call_eth": 5625691.34,
    "mainnet_income_put_sol": 11452444.22,
    "mainnet_income_put_btc": 1125776.04
  },
  "globalIdToDepositTokenCoingeckoId": {
    "mainnet_income_call_sol": "solana",
    "mainnet_income_call_marinade": "msol",
    "mainnet_income_call_btc": "bitcoin",
    "mainnet_income_call_sbr": "saber",
    "mainnet_income_call_ftt": "ftx-token",
    "mainnet_income_call_luna": "terra-luna",
    "mainnet_income_put_luna": "terrausd",
    "mainnet_income_put_mngo": "usd-coin",
    "mainnet_income_call_socean": "socean-staked-sol",
    "mainnet_income_call_srm": "serum",
    "mainnet_income_call_mngo": "mango-markets",
    "mainnet_income_call_ray": "raydium",
    "mainnet_income_call_eth": "ethereum",
    "mainnet_income_put_sol": "usd-coin",
    "mainnet_income_put_btc": "usd-coin"
  }
}