{
  "totalTvlUSD": 32041088.09,
  "coinsByCoingeckoId": {
    "solana": 61719.365503664,
    "msol": 58582.546890782,
    "bitcoin": 147.747196,
    "ethereum": 31.272243,
    "ftx-token": 14518.768665,
    "serum": 88671.529405,
    "mango-markets": 450767.972555
  }
}