{
  "totalTvlUSD": 85497679.11,
  "coinsByCoingeckoId": {
    "solana": 188286.014158812,
    "msol": 162310.108597576,
    "bitcoin": 432.197839,
    "saber": 18801886.570882,
    "ftx-token": 66478.416909,
    "terra-luna": 82761.36522,
    "terrausd": 207818.654299,
    "usd-coin": 14062851.470973,
    "socean-staked-sol": 10999.999764954,
    "serum": 4235069.805075,
    "mango-markets": 7820363.780532,
    "raydium": 21181.224006,
    "ethereum": 1762.055973
  },
  "pricesByCoingeckoId": {
    "BTC": 35241,
    "SOL": 88.46,
    "ETH": 2442.4,
    "mSOL": 90.97,
    "FTT": 34.8,
    "SRM": 2.12,
    "USDC": 1,
    "MNGO": 0.153567,
    "scnSOL": 90.65,
    "SBR": 0.070809,
    "LUNA": 64.95,
    "UST": 1,
    "RAY": 3.52
  },
  "sharePricesByGlobalId": {
    "mainnet_income_call_sol": 1.05252,
    "mainnet_income_call_marinade": 1.03727,
    "mainnet_income_call_btc": 1.0696,
    "mainnet_income_call_sbr": 1.05044,
    "mainnet_income_call_ftt": 1.02696,
    "mainnet_income_call_luna": 1.0374,
    "mainnet_income_put_luna": 1,
    "mainnet_income_put_mngo": 1.00322,
    "mainnet_income_call_socean": 1.02395,
    "mainnet_income_call_srm": 1.02041,
    "mainnet_income_call_mngo": 1.01533,
    "mainnet_income_call_ray": 1.01764,
    "mainnet_income_call_eth": 1.0165,
    "mainnet_income_put_sol": 1.01183,
    "mainnet_income_put_btc": 1.00606
  },
  "depositTokenByGlobalId": {
    "mainnet_income_call_sol": 188286.014158812,
    "mainnet_income_call_marinade": 162310.108597576,
    "mainnet_income_call_btc": 432.197839,
    "mainnet_income_call_sbr": 18801886.570882,
    "mainnet_income_call_ftt": 66478.416909,
    "mainnet_income_call_luna": 82761.36522,
    "mainnet_income_put_luna": 207818.654299,
    "mainnet_income_put_mngo": 248683.41,
    "mainnet_income_call_socean": 10999.999764954,
    "mainnet_income_call_srm": 4235069.805075,
    "mainnet_income_call_mngo": 7820363.780532,
    "mainnet_income_call_ray": 21181.224006,
    "mainnet_income_call_eth": 1762.055973,
    "mainnet_income_put_sol": 12675957.23,
    "mainnet_income_put_btc": 1138210.83
  },
  "usdValueByGlobalId": {
    "mainnet_income_call_sol": 16655780.81,
    "mainnet_income_call_marinade": 14765350.58,
    "mainnet_income_call_btc": 15231084.04,
    "mainnet_income_call_sbr": 1331342.79,
    "mainnet_income_call_ftt": 2313448.91,
    "mainnet_income_call_luna": 5375350.67,
    "mainnet_income_put_luna": 207818.65,
    "mainnet_income_put_mngo": 248683.41,
    "mainnet_income_call_socean": 997149.98,
    "mainnet_income_call_srm": 8978347.99,
    "mainnet_income_call_mngo": 1200949.8,
    "mainnet_income_call_ray": 74557.91,
    "mainnet_income_call_eth": 4303645.51,
    "mainnet_income_put_sol": 12675957.23,
    "mainnet_income_put_btc": 1138210.83
  },
  "globalIdToDepositTokenCoingeckoId": {
    "mainnet_income_call_sol": "solana",
    "mainnet_income_call_marinade": "msol",
    "mainnet_income_call_btc": "bitcoin",
    "mainnet_income_call_sbr": "saber",
    "mainnet_income_call_ftt": "ftx-token",
    "mainnet_income_call_luna": "terra-luna",
    "mainnet_income_put_luna": "terrausd",
    "mainnet_income_put_mngo": "usd-coin",
    "mainnet_income_call_socean": "socean-staked-sol",
    "mainnet_income_call_srm": "serum",
    "mainnet_income_call_mngo": "mango-markets",
    "mainnet_income_call_ray": "raydium",
    "mainnet_income_call_eth": "ethereum",
    "mainnet_income_put_sol": "usd-coin",
    "mainnet_income_put_btc": "usd-coin"
  }
}