{
  "totalTvlUSD": 92642869.33,
  "coinsByCoingeckoId": {
    "solana": 131956.557759574,
    "msol": 142481.348997956,
    "bitcoin": 366.119309,
    "saber": 11000000,
    "ftx-token": 76146.793877,
    "usd-coin": 13046628.858778,
    "terra-luna": 54803.5109,
    "socean-staked-sol": 6920.670630066,
    "serum": 3974334.558091,
    "mango-markets": 5999999.159277,
    "raydium": 18929.736609,
    "ethereum": 1479.616665
  },
  "pricesByCoingeckoId": {
    "BTC": 42247,
    "SOL": 136.3,
    "ETH": 3120.45,
    "mSOL": 139.2,
    "FTT": 38.41,
    "SRM": 2.95,
    "USDC": 1,
    "MNGO": 0.196569,
    "scnSOL": 138.32,
    "SBR": 0.075949,
    "LUNA": 72.53,
    "RAY": 5.1
  },
  "sharePricesByGlobalId": {
    "mainnet_income_call_sol": 1.03708,
    "mainnet_income_call_marinade": 1.02581,
    "mainnet_income_call_btc": 1.0644,
    "mainnet_income_call_sbr": 1,
    "mainnet_income_call_ftt": 1.01481,
    "mainnet_income_put_mngo": 1.00062,
    "mainnet_income_call_luna": 1.01873,
    "mainnet_income_call_socean": 1.01266,
    "mainnet_income_call_srm": 1.00834,
    "mainnet_income_call_mngo": 1.01232,
    "mainnet_income_call_ray": 1,
    "mainnet_income_call_eth": 1.01181,
    "mainnet_income_put_sol": 1.00376,
    "mainnet_income_put_btc": 1
  },
  "depositTokenByGlobalId": {
    "mainnet_income_call_sol": 131956.557759574,
    "mainnet_income_call_marinade": 142481.348997956,
    "mainnet_income_call_btc": 366.119309,
    "mainnet_income_call_sbr": 11000000,
    "mainnet_income_call_ftt": 76146.793877,
    "mainnet_income_put_mngo": 429058.15,
    "mainnet_income_call_luna": 54803.5109,
    "mainnet_income_call_socean": 6920.670630066,
    "mainnet_income_call_srm": 3974334.558091,
    "mainnet_income_call_mngo": 5999999.159277,
    "mainnet_income_call_ray": 18929.736609,
    "mainnet_income_call_eth": 1479.616665,
    "mainnet_income_put_sol": 10263192.92,
    "mainnet_income_put_btc": 2354377.79
  },
  "usdValueByGlobalId": {
    "mainnet_income_call_sol": 17985678.82,
    "mainnet_income_call_marinade": 19833403.78,
    "mainnet_income_call_btc": 15467442.45,
    "mainnet_income_call_sbr": 835439,
    "mainnet_income_call_ftt": 2924798.35,
    "mainnet_income_put_mngo": 429058.15,
    "mainnet_income_call_luna": 3974898.65,
    "mainnet_income_call_socean": 957267.16,
    "mainnet_income_call_srm": 11724286.95,
    "mainnet_income_call_mngo": 1179413.83,
    "mainnet_income_call_ray": 96541.66,
    "mainnet_income_call_eth": 4617069.82,
    "mainnet_income_put_sol": 10263192.92,
    "mainnet_income_put_btc": 2354377.79
  }
}