{
  "totalTvlUSD": 47560761.97,
  "coinsByCoingeckoId": {
    "solana": 82050.912383664,
    "msol": 84055.049636147,
    "bitcoin": 193.443518,
    "ethereum": 343.037977,
    "ftx-token": 24579.682241,
    "serum": 211614.679825,
    "mango-markets": 1113978.939663
  },
  "pricesByCoingeckoId": {
    "BTC": 51594,
    "SOL": 201.9,
    "ETH": 4094.67,
    "mSOL": 206.4,
    "FTT": 43.4,
    "SRM": 4.23,
    "USDC": 1,
    "MNGO": 0.26812
  },
  "sharePricesByGlobalId": {
    "mainnet_income_call_sol": 1.02193,
    "mainnet_income_call_marinade": 1.01091,
    "mainnet_income_call_btc": 1.05125,
    "mainnet_income_call_eth": 1.006,
    "mainnet_income_call_ftt": 1,
    "mainnet_income_call_srm": 1,
    "mainnet_income_call_mngo": 1
  }
}