{
  "totalTvlUSD": 111016631.98,
  "coinsByCoingeckoId": {
    "solana": 175670.50247887,
    "msol": 164052.573928585,
    "bitcoin": 428.86518,
    "saber": 19999999.54855,
    "ftx-token": 74870.103098,
    "terra-luna": 85640.455631,
    "terrausd": 157594.185573,
    "usd-coin": 13247735.450761,
    "socean-staked-sol": 10999.999467117,
    "serum": 4208232.150581,
    "mango-markets": 9033249.268517,
    "raydium": 20342.033591,
    "ethereum": 1788.487625
  },
  "pricesByCoingeckoId": {
    "BTC": 41569,
    "SOL": 134.54,
    "ETH": 3082.78,
    "mSOL": 137.98,
    "FTT": 44.01,
    "SRM": 2.9,
    "USDC": 1,
    "MNGO": 0.198554,
    "scnSOL": 137.79,
    "SBR": 0.113816,
    "LUNA": 79.57,
    "UST": 1,
    "RAY": 4.95
  },
  "sharePricesByGlobalId": {
    "mainnet_income_call_sol": 1.05342,
    "mainnet_income_call_marinade": 1.03017,
    "mainnet_income_call_btc": 1.06976,
    "mainnet_income_call_sbr": 1.04667,
    "mainnet_income_call_ftt": 1.02068,
    "mainnet_income_call_luna": 1.02692,
    "mainnet_income_put_luna": 1,
    "mainnet_income_put_mngo": 1.00201,
    "mainnet_income_call_socean": 1.01629,
    "mainnet_income_call_srm": 1.01304,
    "mainnet_income_call_mngo": 1.01322,
    "mainnet_income_call_ray": 1.00275,
    "mainnet_income_call_eth": 1.01667,
    "mainnet_income_put_sol": 1.00281,
    "mainnet_income_put_btc": 1.00329
  },
  "depositTokenByGlobalId": {
    "mainnet_income_call_sol": 175670.50247887,
    "mainnet_income_call_marinade": 164052.573928585,
    "mainnet_income_call_btc": 428.86518,
    "mainnet_income_call_sbr": 19999999.54855,
    "mainnet_income_call_ftt": 74870.103098,
    "mainnet_income_call_luna": 85640.455631,
    "mainnet_income_put_luna": 157594.185573,
    "mainnet_income_put_mngo": 397677.27,
    "mainnet_income_call_socean": 10999.999467117,
    "mainnet_income_call_srm": 4208232.150581,
    "mainnet_income_call_mngo": 9033249.268517,
    "mainnet_income_call_ray": 20342.033591,
    "mainnet_income_call_eth": 1788.487625,
    "mainnet_income_put_sol": 11724254.14,
    "mainnet_income_put_btc": 1125804.04
  },
  "usdValueByGlobalId": {
    "mainnet_income_call_sol": 23634709.4,
    "mainnet_income_call_marinade": 22635974.15,
    "mainnet_income_call_btc": 17827496.67,
    "mainnet_income_call_sbr": 2276319.95,
    "mainnet_income_call_ftt": 3295033.24,
    "mainnet_income_call_luna": 6814411.05,
    "mainnet_income_put_luna": 157594.19,
    "mainnet_income_put_mngo": 397677.27,
    "mainnet_income_call_socean": 1515689.93,
    "mainnet_income_call_srm": 12203873.24,
    "mainnet_income_call_mngo": 1793587.78,
    "mainnet_income_call_ray": 100693.07,
    "mainnet_income_call_eth": 5513513.88,
    "mainnet_income_put_sol": 11724254.14,
    "mainnet_income_put_btc": 1125804.04
  },
  "globalIdToDepositTokenCoingeckoId": {
    "mainnet_income_call_sol": "solana",
    "mainnet_income_call_marinade": "msol",
    "mainnet_income_call_btc": "bitcoin",
    "mainnet_income_call_sbr": "saber",
    "mainnet_income_call_ftt": "ftx-token",
    "mainnet_income_call_luna": "terra-luna",
    "mainnet_income_put_luna": "terrausd",
    "mainnet_income_put_mngo": "usd-coin",
    "mainnet_income_call_socean": "socean-staked-sol",
    "mainnet_income_call_srm": "serum",
    "mainnet_income_call_mngo": "mango-markets",
    "mainnet_income_call_ray": "raydium",
    "mainnet_income_call_eth": "ethereum",
    "mainnet_income_put_sol": "usd-coin",
    "mainnet_income_put_btc": "usd-coin"
  }
}