{
  "totalTvlUSD": 106714520.73,
  "coinsByCoingeckoId": {
    "solana": 139996.84611187,
    "msol": 158698.364961468,
    "bitcoin": 416.550527,
    "saber": 19967724.623869,
    "ftx-token": 67225.332257,
    "usd-coin": 12000503.023302,
    "terra-luna": 65560.484229,
    "socean-staked-sol": 10999.987641614,
    "serum": 4029967.433144,
    "mango-markets": 8713377.314498,
    "raydium": 16259.175445,
    "ethereum": 1687.722789
  },
  "pricesByCoingeckoId": {
    "BTC": 43230,
    "SOL": 147.33,
    "ETH": 3325.15,
    "mSOL": 151.21,
    "FTT": 45.28,
    "SRM": 3.21,
    "USDC": 1,
    "MNGO": 0.19928,
    "scnSOL": 148.37,
    "SBR": 0.085746,
    "LUNA": 81.2,
    "RAY": 5.4
  },
  "sharePricesByGlobalId": {
    "mainnet_income_call_sol": 1.04444,
    "mainnet_income_call_marinade": 1.03017,
    "mainnet_income_call_btc": 1.06814,
    "mainnet_income_call_sbr": 1.04667,
    "mainnet_income_call_ftt": 1.02068,
    "mainnet_income_put_mngo": 1.00201,
    "mainnet_income_call_luna": 1.02692,
    "mainnet_income_call_socean": 1.01629,
    "mainnet_income_call_srm": 1.01304,
    "mainnet_income_call_mngo": 1.01322,
    "mainnet_income_call_ray": 1.00275,
    "mainnet_income_call_eth": 1.01502,
    "mainnet_income_put_sol": 1.00281,
    "mainnet_income_put_btc": 1.00329
  },
  "depositTokenByGlobalId": {
    "mainnet_income_call_sol": 139996.84611187,
    "mainnet_income_call_marinade": 158698.364961468,
    "mainnet_income_call_btc": 416.550527,
    "mainnet_income_call_sbr": 19967724.623869,
    "mainnet_income_call_ftt": 67225.332257,
    "mainnet_income_put_mngo": 392112.07,
    "mainnet_income_call_luna": 65560.484229,
    "mainnet_income_call_socean": 10999.987641614,
    "mainnet_income_call_srm": 4029967.433144,
    "mainnet_income_call_mngo": 8713377.314498,
    "mainnet_income_call_ray": 16259.175445,
    "mainnet_income_call_eth": 1687.722789,
    "mainnet_income_put_sol": 10483906.82,
    "mainnet_income_put_btc": 1124484.14
  },
  "usdValueByGlobalId": {
    "mainnet_income_call_sol": 20625735.34,
    "mainnet_income_call_marinade": 23996779.77,
    "mainnet_income_call_btc": 18007479.28,
    "mainnet_income_call_sbr": 1712152.52,
    "mainnet_income_call_ftt": 3043963.04,
    "mainnet_income_put_mngo": 392112.07,
    "mainnet_income_call_luna": 5323511.32,
    "mainnet_income_call_socean": 1632068.17,
    "mainnet_income_call_srm": 12936195.46,
    "mainnet_income_call_mngo": 1736401.83,
    "mainnet_income_call_ray": 87799.55,
    "mainnet_income_call_eth": 5611931.43,
    "mainnet_income_put_sol": 10483906.82,
    "mainnet_income_put_btc": 1124484.14
  },
  "globalIdToDepositTokenCoingeckoId": {
    "mainnet_income_call_sol": "solana",
    "mainnet_income_call_marinade": "msol",
    "mainnet_income_call_btc": "bitcoin",
    "mainnet_income_call_sbr": "saber",
    "mainnet_income_call_ftt": "ftx-token",
    "mainnet_income_put_mngo": "usd-coin",
    "mainnet_income_call_luna": "terra-luna",
    "mainnet_income_call_socean": "socean-staked-sol",
    "mainnet_income_call_srm": "serum",
    "mainnet_income_call_mngo": "mango-markets",
    "mainnet_income_call_ray": "raydium",
    "mainnet_income_call_eth": "ethereum",
    "mainnet_income_put_sol": "usd-coin",
    "mainnet_income_put_btc": "usd-coin"
  }
}