{
  "totalTvlUSD": 82667252.69,
  "coinsByCoingeckoId": {
    "solana": 188386.032158812,
    "msol": 162332.581837694,
    "bitcoin": 433.249694,
    "saber": 19317277.035278,
    "ftx-token": 66478.416909,
    "terra-luna": 82838.32551,
    "terrausd": 207818.654299,
    "usd-coin": 14213391.470973,
    "socean-staked-sol": 10999.999764954,
    "serum": 4235069.805075,
    "mango-markets": 7820363.780532,
    "raydium": 21551.481969,
    "ethereum": 1762.055973
  },
  "pricesByCoingeckoId": {
    "BTC": 33984,
    "SOL": 84.96,
    "ETH": 2265.45,
    "mSOL": 87.59,
    "FTT": 32.45,
    "SRM": 2,
    "USDC": 1,
    "MNGO": 0.146056,
    "scnSOL": 87.19,
    "SBR": 0.067236,
    "LUNA": 62.87,
    "UST": 1,
    "RAY": 3.3
  },
  "sharePricesByGlobalId": {
    "mainnet_income_call_sol": 1.05252,
    "mainnet_income_call_marinade": 1.03727,
    "mainnet_income_call_btc": 1.0696,
    "mainnet_income_call_sbr": 1.05044,
    "mainnet_income_call_ftt": 1.02696,
    "mainnet_income_call_luna": 1.0374,
    "mainnet_income_put_luna": 1,
    "mainnet_income_put_mngo": 1.00322,
    "mainnet_income_call_socean": 1.02395,
    "mainnet_income_call_srm": 1.02041,
    "mainnet_income_call_mngo": 1.01533,
    "mainnet_income_call_ray": 1.01764,
    "mainnet_income_call_eth": 1.0165,
    "mainnet_income_put_sol": 1.01183,
    "mainnet_income_put_btc": 1.00606
  },
  "depositTokenByGlobalId": {
    "mainnet_income_call_sol": 188386.032158812,
    "mainnet_income_call_marinade": 162332.581837694,
    "mainnet_income_call_btc": 433.249694,
    "mainnet_income_call_sbr": 19317277.035278,
    "mainnet_income_call_ftt": 66478.416909,
    "mainnet_income_call_luna": 82838.32551,
    "mainnet_income_put_luna": 207818.654299,
    "mainnet_income_put_mngo": 248683.41,
    "mainnet_income_call_socean": 10999.999764954,
    "mainnet_income_call_srm": 4235069.805075,
    "mainnet_income_call_mngo": 7820363.780532,
    "mainnet_income_call_ray": 21551.481969,
    "mainnet_income_call_eth": 1762.055973,
    "mainnet_income_put_sol": 12826497.23,
    "mainnet_income_put_btc": 1138210.83
  },
  "usdValueByGlobalId": {
    "mainnet_income_call_sol": 16005277.29,
    "mainnet_income_call_marinade": 14218710.84,
    "mainnet_income_call_btc": 14723557.6,
    "mainnet_income_call_sbr": 1298816.44,
    "mainnet_income_call_ftt": 2157224.63,
    "mainnet_income_call_luna": 5208045.52,
    "mainnet_income_put_luna": 207818.65,
    "mainnet_income_put_mngo": 248683.41,
    "mainnet_income_call_socean": 959089.98,
    "mainnet_income_call_srm": 8470139.61,
    "mainnet_income_call_mngo": 1142211.05,
    "mainnet_income_call_ray": 71119.89,
    "mainnet_income_call_eth": 3991849.7,
    "mainnet_income_put_sol": 12826497.23,
    "mainnet_income_put_btc": 1138210.83
  },
  "globalIdToDepositTokenCoingeckoId": {
    "mainnet_income_call_sol": "solana",
    "mainnet_income_call_marinade": "msol",
    "mainnet_income_call_btc": "bitcoin",
    "mainnet_income_call_sbr": "saber",
    "mainnet_income_call_ftt": "ftx-token",
    "mainnet_income_call_luna": "terra-luna",
    "mainnet_income_put_luna": "terrausd",
    "mainnet_income_put_mngo": "usd-coin",
    "mainnet_income_call_socean": "socean-staked-sol",
    "mainnet_income_call_srm": "serum",
    "mainnet_income_call_mngo": "mango-markets",
    "mainnet_income_call_ray": "raydium",
    "mainnet_income_call_eth": "ethereum",
    "mainnet_income_put_sol": "usd-coin",
    "mainnet_income_put_btc": "usd-coin"
  }
}