{
  "totalTvlUSD": 95923563.26,
  "coinsByCoingeckoId": {
    "solana": 182831.676958812,
    "msol": 159688.183452622,
    "bitcoin": 426.45062,
    "saber": 18395675.036805,
    "ftx-token": 65575.702527,
    "terra-luna": 75754.738959,
    "terrausd": 205355.385439,
    "usd-coin": 13979665.358953,
    "socean-staked-sol": 10999.999764954,
    "serum": 4226626.15645,
    "mango-markets": 7784756.149321,
    "raydium": 20933.234226,
    "ethereum": 1738.166176
  },
  "pricesByCoingeckoId": {
    "BTC": 36597,
    "SOL": 112.69,
    "ETH": 2614.68,
    "mSOL": 115.7,
    "FTT": 39.12,
    "SRM": 2.49,
    "USDC": 1,
    "MNGO": 0.182105,
    "scnSOL": 113.95,
    "SBR": 0.091462,
    "LUNA": 65.68,
    "UST": 1,
    "RAY": 4.25
  },
  "sharePricesByGlobalId": {
    "mainnet_income_call_sol": 1.05252,
    "mainnet_income_call_marinade": 1.03727,
    "mainnet_income_call_btc": 1.0696,
    "mainnet_income_call_sbr": 1.05044,
    "mainnet_income_call_ftt": 1.02696,
    "mainnet_income_call_luna": 1.0374,
    "mainnet_income_put_luna": 1,
    "mainnet_income_put_mngo": 1.00322,
    "mainnet_income_call_socean": 1.02395,
    "mainnet_income_call_srm": 1.02041,
    "mainnet_income_call_mngo": 1.01533,
    "mainnet_income_call_ray": 1.01764,
    "mainnet_income_call_eth": 1.0165,
    "mainnet_income_put_sol": 1.01183,
    "mainnet_income_put_btc": 1.00606
  },
  "depositTokenByGlobalId": {
    "mainnet_income_call_sol": 182831.676958812,
    "mainnet_income_call_marinade": 159688.183452622,
    "mainnet_income_call_btc": 426.45062,
    "mainnet_income_call_sbr": 18395675.036805,
    "mainnet_income_call_ftt": 65575.702527,
    "mainnet_income_call_luna": 75754.738959,
    "mainnet_income_put_luna": 205355.385439,
    "mainnet_income_put_mngo": 248683.41,
    "mainnet_income_call_socean": 10999.999764954,
    "mainnet_income_call_srm": 4226626.15645,
    "mainnet_income_call_mngo": 7784756.149321,
    "mainnet_income_call_ray": 20933.234226,
    "mainnet_income_call_eth": 1738.166176,
    "mainnet_income_put_sol": 12593790.11,
    "mainnet_income_put_btc": 1137191.84
  },
  "usdValueByGlobalId": {
    "mainnet_income_call_sol": 20603301.68,
    "mainnet_income_call_marinade": 18475922.83,
    "mainnet_income_call_btc": 15606813.34,
    "mainnet_income_call_sbr": 1682505.23,
    "mainnet_income_call_ftt": 2565321.48,
    "mainnet_income_call_luna": 4975571.25,
    "mainnet_income_put_luna": 205355.39,
    "mainnet_income_put_mngo": 248683.41,
    "mainnet_income_call_socean": 1253449.97,
    "mainnet_income_call_srm": 10524299.13,
    "mainnet_income_call_mngo": 1417643.02,
    "mainnet_income_call_ray": 88966.25,
    "mainnet_income_call_eth": 4544748.34,
    "mainnet_income_put_sol": 12593790.11,
    "mainnet_income_put_btc": 1137191.84
  },
  "globalIdToDepositTokenCoingeckoId": {
    "mainnet_income_call_sol": "solana",
    "mainnet_income_call_marinade": "msol",
    "mainnet_income_call_btc": "bitcoin",
    "mainnet_income_call_sbr": "saber",
    "mainnet_income_call_ftt": "ftx-token",
    "mainnet_income_call_luna": "terra-luna",
    "mainnet_income_put_luna": "terrausd",
    "mainnet_income_put_mngo": "usd-coin",
    "mainnet_income_call_socean": "socean-staked-sol",
    "mainnet_income_call_srm": "serum",
    "mainnet_income_call_mngo": "mango-markets",
    "mainnet_income_call_ray": "raydium",
    "mainnet_income_call_eth": "ethereum",
    "mainnet_income_put_sol": "usd-coin",
    "mainnet_income_put_btc": "usd-coin"
  }
}