{
  "totalTvlUSD": 92659219.17,
  "coinsByCoingeckoId": {
    "solana": 132163.663759574,
    "msol": 142522.823403707,
    "bitcoin": 366.33578,
    "saber": 11000000,
    "ftx-token": 76169.786905,
    "usd-coin": 13077969.304107001,
    "terra-luna": 56137.186153,
    "socean-staked-sol": 7058.447348581,
    "serum": 3974644.201194,
    "mango-markets": 5999999.159277,
    "raydium": 19199.667605,
    "ethereum": 1479.66265
  },
  "pricesByCoingeckoId": {
    "BTC": 41531,
    "SOL": 136.7,
    "ETH": 3109.48,
    "mSOL": 140.43,
    "FTT": 38.12,
    "SRM": 2.94,
    "USDC": 1,
    "MNGO": 0.200697,
    "scnSOL": 139.42,
    "SBR": 0.075821,
    "LUNA": 70.81,
    "RAY": 5.12
  },
  "sharePricesByGlobalId": {
    "mainnet_income_call_sol": 1.03708,
    "mainnet_income_call_marinade": 1.02581,
    "mainnet_income_call_btc": 1.0644,
    "mainnet_income_call_sbr": 1,
    "mainnet_income_call_ftt": 1.01481,
    "mainnet_income_put_mngo": 1.00062,
    "mainnet_income_call_luna": 1.01873,
    "mainnet_income_call_socean": 1.01266,
    "mainnet_income_call_srm": 1.00834,
    "mainnet_income_call_mngo": 1.01232,
    "mainnet_income_call_ray": 1,
    "mainnet_income_call_eth": 1.01181,
    "mainnet_income_put_sol": 1.00376,
    "mainnet_income_put_btc": 1
  },
  "depositTokenByGlobalId": {
    "mainnet_income_call_sol": 132163.663759574,
    "mainnet_income_call_marinade": 142522.823403707,
    "mainnet_income_call_btc": 366.33578,
    "mainnet_income_call_sbr": 11000000,
    "mainnet_income_call_ftt": 76169.786905,
    "mainnet_income_put_mngo": 429058.15,
    "mainnet_income_call_luna": 56137.186153,
    "mainnet_income_call_socean": 7058.447348581,
    "mainnet_income_call_srm": 3974644.201194,
    "mainnet_income_call_mngo": 5999999.159277,
    "mainnet_income_call_ray": 19199.667605,
    "mainnet_income_call_eth": 1479.66265,
    "mainnet_income_put_sol": 10294533.37,
    "mainnet_income_put_btc": 2354377.79
  },
  "usdValueByGlobalId": {
    "mainnet_income_call_sol": 18066772.84,
    "mainnet_income_call_marinade": 20014480.09,
    "mainnet_income_call_btc": 15214291.28,
    "mainnet_income_call_sbr": 834031,
    "mainnet_income_call_ftt": 2903592.28,
    "mainnet_income_put_mngo": 429058.15,
    "mainnet_income_call_luna": 3975074.15,
    "mainnet_income_call_socean": 984088.73,
    "mainnet_income_call_srm": 11685453.95,
    "mainnet_income_call_mngo": 1204181.83,
    "mainnet_income_call_ray": 98302.3,
    "mainnet_income_call_eth": 4600981.42,
    "mainnet_income_put_sol": 10294533.37,
    "mainnet_income_put_btc": 2354377.79
  }
}