{
  "totalTvlUSD": 30974558.61,
  "coinsByCoingeckoId": {
    "solana": 60987.432403664,
    "msol": 54746.886085746,
    "bitcoin": 147.402242,
    "ethereum": 29.913253,
    "ftx-token": 13121.025776,
    "serum": 67675.683401,
    "mango-markets": 21354.780805
  }
}