{
  "totalTvlUSD": 101711587.63,
  "coinsByCoingeckoId": {
    "solana": 181305.882958811,
    "msol": 159323.653632807,
    "bitcoin": 415.555266,
    "saber": 17486840.402889,
    "ftx-token": 65560.325307,
    "terra-luna": 75246.189487,
    "terrausd": 201010.631427,
    "usd-coin": 13905378.240341999,
    "socean-staked-sol": 10999.999764954,
    "serum": 4220735.036338,
    "mango-markets": 7746090.977466,
    "raydium": 20864.654582,
    "ethereum": 1734.716353
  },
  "pricesByCoingeckoId": {
    "BTC": 38830,
    "SOL": 122.08,
    "ETH": 2852.32,
    "mSOL": 125.29,
    "FTT": 43.13,
    "SRM": 2.64,
    "USDC": 1,
    "MNGO": 0.192498,
    "scnSOL": 125.79,
    "SBR": 0.099863,
    "LUNA": 76.28,
    "UST": 1,
    "RAY": 4.53
  },
  "sharePricesByGlobalId": {
    "mainnet_income_call_sol": 1.05252,
    "mainnet_income_call_marinade": 1.03727,
    "mainnet_income_call_btc": 1.0696,
    "mainnet_income_call_sbr": 1.05044,
    "mainnet_income_call_ftt": 1.02696,
    "mainnet_income_call_luna": 1.0374,
    "mainnet_income_put_luna": 1,
    "mainnet_income_put_mngo": 1.00322,
    "mainnet_income_call_socean": 1.02395,
    "mainnet_income_call_srm": 1.02041,
    "mainnet_income_call_mngo": 1.01533,
    "mainnet_income_call_ray": 1.01764,
    "mainnet_income_call_eth": 1.0165,
    "mainnet_income_put_sol": 1.01183,
    "mainnet_income_put_btc": 1.00606
  },
  "depositTokenByGlobalId": {
    "mainnet_income_call_sol": 181305.882958811,
    "mainnet_income_call_marinade": 159323.653632807,
    "mainnet_income_call_btc": 415.555266,
    "mainnet_income_call_sbr": 17486840.402889,
    "mainnet_income_call_ftt": 65560.325307,
    "mainnet_income_call_luna": 75246.189487,
    "mainnet_income_put_luna": 201010.631427,
    "mainnet_income_put_mngo": 248663.41,
    "mainnet_income_call_socean": 10999.999764954,
    "mainnet_income_call_srm": 4220735.036338,
    "mainnet_income_call_mngo": 7746090.977466,
    "mainnet_income_call_ray": 20864.654582,
    "mainnet_income_call_eth": 1734.716353,
    "mainnet_income_put_sol": 12520653.64,
    "mainnet_income_put_btc": 1136061.19
  },
  "usdValueByGlobalId": {
    "mainnet_income_call_sol": 22133822.19,
    "mainnet_income_call_marinade": 19961660.56,
    "mainnet_income_call_btc": 16136010.98,
    "mainnet_income_call_sbr": 1746288.34,
    "mainnet_income_call_ftt": 2827616.83,
    "mainnet_income_call_luna": 5739779.33,
    "mainnet_income_put_luna": 201010.63,
    "mainnet_income_put_mngo": 248663.41,
    "mainnet_income_call_socean": 1383689.97,
    "mainnet_income_call_srm": 11142740.5,
    "mainnet_income_call_mngo": 1491107.02,
    "mainnet_income_call_ray": 94516.89,
    "mainnet_income_call_eth": 4947966.15,
    "mainnet_income_put_sol": 12520653.64,
    "mainnet_income_put_btc": 1136061.19
  },
  "globalIdToDepositTokenCoingeckoId": {
    "mainnet_income_call_sol": "solana",
    "mainnet_income_call_marinade": "msol",
    "mainnet_income_call_btc": "bitcoin",
    "mainnet_income_call_sbr": "saber",
    "mainnet_income_call_ftt": "ftx-token",
    "mainnet_income_call_luna": "terra-luna",
    "mainnet_income_put_luna": "terrausd",
    "mainnet_income_put_mngo": "usd-coin",
    "mainnet_income_call_socean": "socean-staked-sol",
    "mainnet_income_call_srm": "serum",
    "mainnet_income_call_mngo": "mango-markets",
    "mainnet_income_call_ray": "raydium",
    "mainnet_income_call_eth": "ethereum",
    "mainnet_income_put_sol": "usd-coin",
    "mainnet_income_put_btc": "usd-coin"
  }
}