{
  "totalTvlUSD": 111309471.49,
  "coinsByCoingeckoId": {
    "solana": 145008.36501187,
    "msol": 161069.829761956,
    "bitcoin": 422.044855,
    "saber": 19999999.492037,
    "ftx-token": 67969.399326,
    "terra-luna": 71198.326919,
    "terrausd": 12478.678344,
    "usd-coin": 12488734.305714998,
    "socean-staked-sol": 10999.987641614,
    "serum": 4067010.773625,
    "mango-markets": 8827741.391007,
    "raydium": 17787.884087,
    "ethereum": 1723.012003
  },
  "pricesByCoingeckoId": {
    "BTC": 43223,
    "SOL": 149.89,
    "ETH": 3334.38,
    "mSOL": 153.71,
    "FTT": 46.27,
    "SRM": 3.22,
    "USDC": 1,
    "MNGO": 0.194425,
    "scnSOL": 152.66,
    "SBR": 0.122056,
    "LUNA": 86.42,
    "UST": 1,
    "RAY": 5.47
  },
  "sharePricesByGlobalId": {
    "mainnet_income_call_sol": 1.04444,
    "mainnet_income_call_marinade": 1.03017,
    "mainnet_income_call_btc": 1.06814,
    "mainnet_income_call_sbr": 1.04667,
    "mainnet_income_call_ftt": 1.02068,
    "mainnet_income_call_luna": 1.02692,
    "mainnet_income_put_luna": 1,
    "mainnet_income_put_mngo": 1.00201,
    "mainnet_income_call_socean": 1.01629,
    "mainnet_income_call_srm": 1.01304,
    "mainnet_income_call_mngo": 1.01322,
    "mainnet_income_call_ray": 1.00275,
    "mainnet_income_call_eth": 1.01502,
    "mainnet_income_put_sol": 1.00281,
    "mainnet_income_put_btc": 1.00329
  },
  "depositTokenByGlobalId": {
    "mainnet_income_call_sol": 145008.36501187,
    "mainnet_income_call_marinade": 161069.829761956,
    "mainnet_income_call_btc": 422.044855,
    "mainnet_income_call_sbr": 19999999.492037,
    "mainnet_income_call_ftt": 67969.399326,
    "mainnet_income_call_luna": 71198.326919,
    "mainnet_income_put_luna": 12478.678344,
    "mainnet_income_put_mngo": 392112.07,
    "mainnet_income_call_socean": 10999.987641614,
    "mainnet_income_call_srm": 4067010.773625,
    "mainnet_income_call_mngo": 8827741.391007,
    "mainnet_income_call_ray": 17787.884087,
    "mainnet_income_call_eth": 1723.012003,
    "mainnet_income_put_sol": 10972138.1,
    "mainnet_income_put_btc": 1124484.14
  },
  "usdValueByGlobalId": {
    "mainnet_income_call_sol": 21735303.83,
    "mainnet_income_call_marinade": 24758043.53,
    "mainnet_income_call_btc": 18242044.77,
    "mainnet_income_call_sbr": 2441119.94,
    "mainnet_income_call_ftt": 3144944.11,
    "mainnet_income_call_luna": 6152959.41,
    "mainnet_income_put_luna": 12478.68,
    "mainnet_income_put_mngo": 392112.07,
    "mainnet_income_call_socean": 1679258.11,
    "mainnet_income_call_srm": 13095774.69,
    "mainnet_income_call_mngo": 1716333.62,
    "mainnet_income_call_ray": 97299.73,
    "mainnet_income_call_eth": 5745176.76,
    "mainnet_income_put_sol": 10972138.1,
    "mainnet_income_put_btc": 1124484.14
  },
  "globalIdToDepositTokenCoingeckoId": {
    "mainnet_income_call_sol": "solana",
    "mainnet_income_call_marinade": "msol",
    "mainnet_income_call_btc": "bitcoin",
    "mainnet_income_call_sbr": "saber",
    "mainnet_income_call_ftt": "ftx-token",
    "mainnet_income_call_luna": "terra-luna",
    "mainnet_income_put_luna": "terrausd",
    "mainnet_income_put_mngo": "usd-coin",
    "mainnet_income_call_socean": "socean-staked-sol",
    "mainnet_income_call_srm": "serum",
    "mainnet_income_call_mngo": "mango-markets",
    "mainnet_income_call_ray": "raydium",
    "mainnet_income_call_eth": "ethereum",
    "mainnet_income_put_sol": "usd-coin",
    "mainnet_income_put_btc": "usd-coin"
  }
}