{
  "totalTvlUSD": 81363670.15,
  "coinsByCoingeckoId": {
    "solana": 188562.522158812,
    "msol": 162342.473064238,
    "bitcoin": 433.249694,
    "saber": 19447550.346696,
    "ftx-token": 66493.416909,
    "terra-luna": 82993.633614,
    "terrausd": 207897.557509,
    "usd-coin": 14214391.470973,
    "socean-staked-sol": 10999.999764954,
    "serum": 4235169.905075,
    "mango-markets": 7839468.366552,
    "raydium": 21551.481969,
    "ethereum": 1770.30413
  },
  "pricesByCoingeckoId": {
    "BTC": 33468,
    "SOL": 83.21,
    "ETH": 2191.27,
    "mSOL": 86.06,
    "FTT": 31.56,
    "SRM": 1.95,
    "USDC": 1,
    "MNGO": 0.143166,
    "scnSOL": 86.36,
    "SBR": 0.063141,
    "LUNA": 62.36,
    "UST": 0.995654,
    "RAY": 3.19
  },
  "sharePricesByGlobalId": {
    "mainnet_income_call_sol": 1.05252,
    "mainnet_income_call_marinade": 1.03727,
    "mainnet_income_call_btc": 1.0696,
    "mainnet_income_call_sbr": 1.05044,
    "mainnet_income_call_ftt": 1.02696,
    "mainnet_income_call_luna": 1.0374,
    "mainnet_income_put_luna": 1,
    "mainnet_income_put_mngo": 1.00322,
    "mainnet_income_call_socean": 1.02395,
    "mainnet_income_call_srm": 1.02041,
    "mainnet_income_call_mngo": 1.01533,
    "mainnet_income_call_ray": 1.01764,
    "mainnet_income_call_eth": 1.0165,
    "mainnet_income_put_sol": 1.01183,
    "mainnet_income_put_btc": 1.00606
  },
  "depositTokenByGlobalId": {
    "mainnet_income_call_sol": 188562.522158812,
    "mainnet_income_call_marinade": 162342.473064238,
    "mainnet_income_call_btc": 433.249694,
    "mainnet_income_call_sbr": 19447550.346696,
    "mainnet_income_call_ftt": 66493.416909,
    "mainnet_income_call_luna": 82993.633614,
    "mainnet_income_put_luna": 207897.557509,
    "mainnet_income_put_mngo": 248683.41,
    "mainnet_income_call_socean": 10999.999764954,
    "mainnet_income_call_srm": 4235169.905075,
    "mainnet_income_call_mngo": 7839468.366552,
    "mainnet_income_call_ray": 21551.481969,
    "mainnet_income_call_eth": 1770.30413,
    "mainnet_income_put_sol": 12827497.23,
    "mainnet_income_put_btc": 1138210.83
  },
  "usdValueByGlobalId": {
    "mainnet_income_call_sol": 15690287.47,
    "mainnet_income_call_marinade": 13971193.23,
    "mainnet_income_call_btc": 14500000.76,
    "mainnet_income_call_sbr": 1227937.78,
    "mainnet_income_call_ftt": 2098532.24,
    "mainnet_income_call_luna": 5175482.99,
    "mainnet_income_put_luna": 206994.03,
    "mainnet_income_put_mngo": 248683.41,
    "mainnet_income_call_socean": 949959.98,
    "mainnet_income_call_srm": 8258581.31,
    "mainnet_income_call_mngo": 1122345.33,
    "mainnet_income_call_ray": 68749.23,
    "mainnet_income_call_eth": 3879214.33,
    "mainnet_income_put_sol": 12827497.23,
    "mainnet_income_put_btc": 1138210.83
  },
  "globalIdToDepositTokenCoingeckoId": {
    "mainnet_income_call_sol": "solana",
    "mainnet_income_call_marinade": "msol",
    "mainnet_income_call_btc": "bitcoin",
    "mainnet_income_call_sbr": "saber",
    "mainnet_income_call_ftt": "ftx-token",
    "mainnet_income_call_luna": "terra-luna",
    "mainnet_income_put_luna": "terrausd",
    "mainnet_income_put_mngo": "usd-coin",
    "mainnet_income_call_socean": "socean-staked-sol",
    "mainnet_income_call_srm": "serum",
    "mainnet_income_call_mngo": "mango-markets",
    "mainnet_income_call_ray": "raydium",
    "mainnet_income_call_eth": "ethereum",
    "mainnet_income_put_sol": "usd-coin",
    "mainnet_income_put_btc": "usd-coin"
  }
}