{
  "totalTvlUSD": 92231311.54,
  "coinsByCoingeckoId": {
    "solana": 131852.020759574,
    "msol": 142306.91106362,
    "bitcoin": 366.119309,
    "saber": 11000000,
    "ftx-token": 76104.185874,
    "usd-coin": 13040811.825827999,
    "terra-luna": 44682.171242,
    "socean-staked-sol": 6828.510963607,
    "serum": 3974034.477854,
    "mango-markets": 5999999.159277,
    "raydium": 18929.736609,
    "ethereum": 1479.616665
  },
  "pricesByCoingeckoId": {
    "BTC": 42261,
    "SOL": 137.13,
    "ETH": 3118.36,
    "mSOL": 140.55,
    "FTT": 38.67,
    "SRM": 2.97,
    "USDC": 1,
    "MNGO": 0.197373,
    "scnSOL": 139.58,
    "SBR": 0.074275,
    "LUNA": 72.17,
    "RAY": 5.12
  },
  "sharePricesByGlobalId": {
    "mainnet_income_call_sol": 1.03708,
    "mainnet_income_call_marinade": 1.02581,
    "mainnet_income_call_btc": 1.0644,
    "mainnet_income_call_sbr": 1,
    "mainnet_income_call_ftt": 1.01481,
    "mainnet_income_put_mngo": 1.00062,
    "mainnet_income_call_luna": 1.01873,
    "mainnet_income_call_socean": 1.01266,
    "mainnet_income_call_srm": 1.00834,
    "mainnet_income_call_mngo": 1.01232,
    "mainnet_income_call_ray": 1,
    "mainnet_income_call_eth": 1.01181,
    "mainnet_income_put_sol": 1.00376,
    "mainnet_income_put_btc": 1
  },
  "depositTokenByGlobalId": {
    "mainnet_income_call_sol": 131852.020759574,
    "mainnet_income_call_marinade": 142306.91106362,
    "mainnet_income_call_btc": 366.119309,
    "mainnet_income_call_sbr": 11000000,
    "mainnet_income_call_ftt": 76104.185874,
    "mainnet_income_put_mngo": 428653.05,
    "mainnet_income_call_luna": 44682.171242,
    "mainnet_income_call_socean": 6828.510963607,
    "mainnet_income_call_srm": 3974034.477854,
    "mainnet_income_call_mngo": 5999999.159277,
    "mainnet_income_call_ray": 18929.736609,
    "mainnet_income_call_eth": 1479.616665,
    "mainnet_income_put_sol": 10257780.99,
    "mainnet_income_put_btc": 2354377.79
  },
  "usdValueByGlobalId": {
    "mainnet_income_call_sol": 18080867.61,
    "mainnet_income_call_marinade": 20001236.35,
    "mainnet_income_call_btc": 15472568.12,
    "mainnet_income_call_sbr": 817025,
    "mainnet_income_call_ftt": 2942948.87,
    "mainnet_income_put_mngo": 428653.05,
    "mainnet_income_call_luna": 3224712.3,
    "mainnet_income_call_socean": 953123.56,
    "mainnet_income_call_srm": 11802882.4,
    "mainnet_income_call_mngo": 1184237.83,
    "mainnet_income_call_ray": 96920.25,
    "mainnet_income_call_eth": 4613977.42,
    "mainnet_income_put_sol": 10257780.99,
    "mainnet_income_put_btc": 2354377.79
  }
}