{
  "totalTvlUSD": 88350273.67,
  "coinsByCoingeckoId": {
    "solana": 194388.213008812,
    "msol": 165887.800773827,
    "bitcoin": 445.057864,
    "saber": 19999998.066329,
    "ftx-token": 67638.566337,
    "terra-luna": 88245.463991,
    "terrausd": 215068.379823,
    "usd-coin": 15051971.356332999,
    "socean-staked-sol": 11000,
    "serum": 4240641.347577,
    "mango-markets": 7874815.769008,
    "raydium": 23764.560698,
    "ethereum": 1768.61292
  },
  "pricesByCoingeckoId": {
    "BTC": 36254,
    "SOL": 89.79,
    "ETH": 2415.86,
    "mSOL": 92.22,
    "FTT": 35.85,
    "SRM": 2.08,
    "USDC": 1,
    "MNGO": 0.151655,
    "scnSOL": 92.12,
    "SBR": 0.06629,
    "LUNA": 57.36,
    "UST": 0.998347,
    "RAY": 3.49
  },
  "sharePricesByGlobalId": {
    "mainnet_income_call_sol": 1.05252,
    "mainnet_income_call_marinade": 1.03727,
    "mainnet_income_call_btc": 1.0696,
    "mainnet_income_call_sbr": 1.05044,
    "mainnet_income_call_ftt": 1.02696,
    "mainnet_income_call_luna": 1.0374,
    "mainnet_income_put_luna": 1,
    "mainnet_income_put_mngo": 1.00322,
    "mainnet_income_call_socean": 1.02395,
    "mainnet_income_call_srm": 1.02041,
    "mainnet_income_call_mngo": 1.01533,
    "mainnet_income_call_ray": 1.01764,
    "mainnet_income_call_eth": 1.0165,
    "mainnet_income_put_sol": 1.01183,
    "mainnet_income_put_btc": 1.00606
  },
  "depositTokenByGlobalId": {
    "mainnet_income_call_sol": 194388.213008812,
    "mainnet_income_call_marinade": 165887.800773827,
    "mainnet_income_call_btc": 445.057864,
    "mainnet_income_call_sbr": 19999998.066329,
    "mainnet_income_call_ftt": 67638.566337,
    "mainnet_income_call_luna": 88245.463991,
    "mainnet_income_put_luna": 215068.379823,
    "mainnet_income_put_mngo": 249437.27,
    "mainnet_income_call_socean": 11000,
    "mainnet_income_call_srm": 4240641.347577,
    "mainnet_income_call_mngo": 7874815.769008,
    "mainnet_income_call_ray": 23764.560698,
    "mainnet_income_call_eth": 1768.61292,
    "mainnet_income_put_sol": 13663810.56,
    "mainnet_income_put_btc": 1138723.52
  },
  "usdValueByGlobalId": {
    "mainnet_income_call_sol": 17454117.65,
    "mainnet_income_call_marinade": 15298172.99,
    "mainnet_income_call_btc": 16135127.8,
    "mainnet_income_call_sbr": 1325799.87,
    "mainnet_income_call_ftt": 2424842.6,
    "mainnet_income_call_luna": 5061759.81,
    "mainnet_income_put_luna": 214712.87,
    "mainnet_income_put_mngo": 249437.27,
    "mainnet_income_call_socean": 1013320,
    "mainnet_income_call_srm": 8820534,
    "mainnet_income_call_mngo": 1194255.19,
    "mainnet_income_call_ray": 82938.32,
    "mainnet_income_call_eth": 4272721.21,
    "mainnet_income_put_sol": 13663810.56,
    "mainnet_income_put_btc": 1138723.52
  },
  "globalIdToDepositTokenCoingeckoId": {
    "mainnet_income_call_sol": "solana",
    "mainnet_income_call_marinade": "msol",
    "mainnet_income_call_btc": "bitcoin",
    "mainnet_income_call_sbr": "saber",
    "mainnet_income_call_ftt": "ftx-token",
    "mainnet_income_call_luna": "terra-luna",
    "mainnet_income_put_luna": "terrausd",
    "mainnet_income_put_mngo": "usd-coin",
    "mainnet_income_call_socean": "socean-staked-sol",
    "mainnet_income_call_srm": "serum",
    "mainnet_income_call_mngo": "mango-markets",
    "mainnet_income_call_ray": "raydium",
    "mainnet_income_call_eth": "ethereum",
    "mainnet_income_put_sol": "usd-coin",
    "mainnet_income_put_btc": "usd-coin"
  }
}