{
  "totalTvlUSD": 111667429.39,
  "coinsByCoingeckoId": {
    "solana": 173260.79177887,
    "msol": 163050.502744003,
    "bitcoin": 427.531779,
    "saber": 19999999.49755,
    "ftx-token": 73566.453232,
    "terra-luna": 84742.911886,
    "terrausd": 145476.528858,
    "usd-coin": 13071069.084553998,
    "socean-staked-sol": 10999.997467117,
    "serum": 4206187.748997,
    "mango-markets": 9017414.639675,
    "raydium": 19968.987916,
    "ethereum": 1762.609017
  },
  "pricesByCoingeckoId": {
    "BTC": 42045,
    "SOL": 138,
    "ETH": 3176.84,
    "mSOL": 141.97,
    "FTT": 44.07,
    "SRM": 2.95,
    "USDC": 1,
    "MNGO": 0.199249,
    "scnSOL": 140.54,
    "SBR": 0.11535,
    "LUNA": 75.7,
    "UST": 1.01,
    "RAY": 5.06
  },
  "sharePricesByGlobalId": {
    "mainnet_income_call_sol": 1.05342,
    "mainnet_income_call_marinade": 1.03017,
    "mainnet_income_call_btc": 1.06976,
    "mainnet_income_call_sbr": 1.04667,
    "mainnet_income_call_ftt": 1.02068,
    "mainnet_income_call_luna": 1.02692,
    "mainnet_income_put_luna": 1,
    "mainnet_income_put_mngo": 1.00201,
    "mainnet_income_call_socean": 1.01629,
    "mainnet_income_call_srm": 1.01304,
    "mainnet_income_call_mngo": 1.01322,
    "mainnet_income_call_ray": 1.00275,
    "mainnet_income_call_eth": 1.01667,
    "mainnet_income_put_sol": 1.00281,
    "mainnet_income_put_btc": 1.00329
  },
  "depositTokenByGlobalId": {
    "mainnet_income_call_sol": 173260.79177887,
    "mainnet_income_call_marinade": 163050.502744003,
    "mainnet_income_call_btc": 427.531779,
    "mainnet_income_call_sbr": 19999999.49755,
    "mainnet_income_call_ftt": 73566.453232,
    "mainnet_income_call_luna": 84742.911886,
    "mainnet_income_put_luna": 145476.528858,
    "mainnet_income_put_mngo": 397677.27,
    "mainnet_income_call_socean": 10999.997467117,
    "mainnet_income_call_srm": 4206187.748997,
    "mainnet_income_call_mngo": 9017414.639675,
    "mainnet_income_call_ray": 19968.987916,
    "mainnet_income_call_eth": 1762.609017,
    "mainnet_income_put_sol": 11547587.78,
    "mainnet_income_put_btc": 1125804.04
  },
  "usdValueByGlobalId": {
    "mainnet_income_call_sol": 23909989.27,
    "mainnet_income_call_marinade": 23148279.87,
    "mainnet_income_call_btc": 17975573.65,
    "mainnet_income_call_sbr": 2306999.94,
    "mainnet_income_call_ftt": 3242073.59,
    "mainnet_income_call_luna": 6415038.43,
    "mainnet_income_put_luna": 146931.29,
    "mainnet_income_put_mngo": 397677.27,
    "mainnet_income_call_socean": 1545939.64,
    "mainnet_income_call_srm": 12408253.86,
    "mainnet_income_call_mngo": 1796710.85,
    "mainnet_income_call_ray": 101043.08,
    "mainnet_income_call_eth": 5599526.83,
    "mainnet_income_put_sol": 11547587.78,
    "mainnet_income_put_btc": 1125804.04
  },
  "globalIdToDepositTokenCoingeckoId": {
    "mainnet_income_call_sol": "solana",
    "mainnet_income_call_marinade": "msol",
    "mainnet_income_call_btc": "bitcoin",
    "mainnet_income_call_sbr": "saber",
    "mainnet_income_call_ftt": "ftx-token",
    "mainnet_income_call_luna": "terra-luna",
    "mainnet_income_put_luna": "terrausd",
    "mainnet_income_put_mngo": "usd-coin",
    "mainnet_income_call_socean": "socean-staked-sol",
    "mainnet_income_call_srm": "serum",
    "mainnet_income_call_mngo": "mango-markets",
    "mainnet_income_call_ray": "raydium",
    "mainnet_income_call_eth": "ethereum",
    "mainnet_income_put_sol": "usd-coin",
    "mainnet_income_put_btc": "usd-coin"
  }
}