{
  "totalTvlUSD": 94190723.16,
  "coinsByCoingeckoId": {
    "solana": 183226.376958812,
    "msol": 159688.183452622,
    "bitcoin": 426.45062,
    "saber": 18398525.579242,
    "ftx-token": 65585.449226,
    "terra-luna": 76296.988867,
    "terrausd": 205355.385439,
    "usd-coin": 13989765.358953,
    "socean-staked-sol": 10999.999764954,
    "serum": 4226672.705572,
    "mango-markets": 7784756.149321,
    "raydium": 20933.234226,
    "ethereum": 1740.177641
  },
  "pricesByCoingeckoId": {
    "BTC": 36273,
    "SOL": 109.16,
    "ETH": 2562.2,
    "mSOL": 112.53,
    "FTT": 38.54,
    "SRM": 2.43,
    "USDC": 1,
    "MNGO": 0.1808,
    "scnSOL": 112.54,
    "SBR": 0.089037,
    "LUNA": 64.05,
    "UST": 0.998111,
    "RAY": 4.17
  },
  "sharePricesByGlobalId": {
    "mainnet_income_call_sol": 1.05252,
    "mainnet_income_call_marinade": 1.03727,
    "mainnet_income_call_btc": 1.0696,
    "mainnet_income_call_sbr": 1.05044,
    "mainnet_income_call_ftt": 1.02696,
    "mainnet_income_call_luna": 1.0374,
    "mainnet_income_put_luna": 1,
    "mainnet_income_put_mngo": 1.00322,
    "mainnet_income_call_socean": 1.02395,
    "mainnet_income_call_srm": 1.02041,
    "mainnet_income_call_mngo": 1.01533,
    "mainnet_income_call_ray": 1.01764,
    "mainnet_income_call_eth": 1.0165,
    "mainnet_income_put_sol": 1.01183,
    "mainnet_income_put_btc": 1.00606
  },
  "depositTokenByGlobalId": {
    "mainnet_income_call_sol": 183226.376958812,
    "mainnet_income_call_marinade": 159688.183452622,
    "mainnet_income_call_btc": 426.45062,
    "mainnet_income_call_sbr": 18398525.579242,
    "mainnet_income_call_ftt": 65585.449226,
    "mainnet_income_call_luna": 76296.988867,
    "mainnet_income_put_luna": 205355.385439,
    "mainnet_income_put_mngo": 248683.41,
    "mainnet_income_call_socean": 10999.999764954,
    "mainnet_income_call_srm": 4226672.705572,
    "mainnet_income_call_mngo": 7784756.149321,
    "mainnet_income_call_ray": 20933.234226,
    "mainnet_income_call_eth": 1740.177641,
    "mainnet_income_put_sol": 12603890.11,
    "mainnet_income_put_btc": 1137191.84
  },
  "usdValueByGlobalId": {
    "mainnet_income_call_sol": 20030307.53,
    "mainnet_income_call_marinade": 17969711.28,
    "mainnet_income_call_btc": 15468643.34,
    "mainnet_income_call_sbr": 1638940.66,
    "mainnet_income_call_ftt": 2528974.92,
    "mainnet_income_call_luna": 4889874.02,
    "mainnet_income_put_luna": 205018.81,
    "mainnet_income_put_mngo": 248683.41,
    "mainnet_income_call_socean": 1237939.97,
    "mainnet_income_call_srm": 10270814.67,
    "mainnet_income_call_mngo": 1407483.91,
    "mainnet_income_call_ray": 87291.59,
    "mainnet_income_call_eth": 4465957.09,
    "mainnet_income_put_sol": 12603890.11,
    "mainnet_income_put_btc": 1137191.84
  },
  "globalIdToDepositTokenCoingeckoId": {
    "mainnet_income_call_sol": "solana",
    "mainnet_income_call_marinade": "msol",
    "mainnet_income_call_btc": "bitcoin",
    "mainnet_income_call_sbr": "saber",
    "mainnet_income_call_ftt": "ftx-token",
    "mainnet_income_call_luna": "terra-luna",
    "mainnet_income_put_luna": "terrausd",
    "mainnet_income_put_mngo": "usd-coin",
    "mainnet_income_call_socean": "socean-staked-sol",
    "mainnet_income_call_srm": "serum",
    "mainnet_income_call_mngo": "mango-markets",
    "mainnet_income_call_ray": "raydium",
    "mainnet_income_call_eth": "ethereum",
    "mainnet_income_put_sol": "usd-coin",
    "mainnet_income_put_btc": "usd-coin"
  }
}