{
  "totalTvlUSD": 91254130.72,
  "coinsByCoingeckoId": {
    "solana": 189991.002008812,
    "msol": 163125.958231312,
    "bitcoin": 435.843072,
    "saber": 19999999.92845,
    "ftx-token": 66726.395906,
    "terra-luna": 82341.591966,
    "terrausd": 214584.392701,
    "usd-coin": 14258254.712521,
    "socean-staked-sol": 10999.999764954,
    "serum": 4235344.328247,
    "mango-markets": 7849137.621646,
    "raydium": 21717.055223,
    "ethereum": 1767.889112
  },
  "pricesByCoingeckoId": {
    "BTC": 37261,
    "SOL": 98.97,
    "ETH": 2495.79,
    "mSOL": 101.35,
    "FTT": 36.98,
    "SRM": 2.15,
    "USDC": 1,
    "MNGO": 0.15576,
    "scnSOL": 100.56,
    "SBR": 0.067778,
    "LUNA": 66.26,
    "UST": 0.999998,
    "RAY": 3.64
  },
  "sharePricesByGlobalId": {
    "mainnet_income_call_sol": 1.05252,
    "mainnet_income_call_marinade": 1.03727,
    "mainnet_income_call_btc": 1.0696,
    "mainnet_income_call_sbr": 1.05044,
    "mainnet_income_call_ftt": 1.02696,
    "mainnet_income_call_luna": 1.0374,
    "mainnet_income_put_luna": 1,
    "mainnet_income_put_mngo": 1.00322,
    "mainnet_income_call_socean": 1.02395,
    "mainnet_income_call_srm": 1.02041,
    "mainnet_income_call_mngo": 1.01533,
    "mainnet_income_call_ray": 1.01764,
    "mainnet_income_call_eth": 1.0165,
    "mainnet_income_put_sol": 1.01183,
    "mainnet_income_put_btc": 1.00606
  },
  "depositTokenByGlobalId": {
    "mainnet_income_call_sol": 189991.002008812,
    "mainnet_income_call_marinade": 163125.958231312,
    "mainnet_income_call_btc": 435.843072,
    "mainnet_income_call_sbr": 19999999.92845,
    "mainnet_income_call_ftt": 66726.395906,
    "mainnet_income_call_luna": 82341.591966,
    "mainnet_income_put_luna": 214584.392701,
    "mainnet_income_put_mngo": 249185.27,
    "mainnet_income_call_socean": 10999.999764954,
    "mainnet_income_call_srm": 4235344.328247,
    "mainnet_income_call_mngo": 7849137.621646,
    "mainnet_income_call_ray": 21717.055223,
    "mainnet_income_call_eth": 1767.889112,
    "mainnet_income_put_sol": 12870347.92,
    "mainnet_income_put_btc": 1138721.52
  },
  "usdValueByGlobalId": {
    "mainnet_income_call_sol": 18803409.47,
    "mainnet_income_call_marinade": 16532815.87,
    "mainnet_income_call_btc": 16239948.71,
    "mainnet_income_call_sbr": 1355560,
    "mainnet_income_call_ftt": 2467542.12,
    "mainnet_income_call_luna": 5455953.88,
    "mainnet_income_put_luna": 214583.96,
    "mainnet_income_put_mngo": 249185.27,
    "mainnet_income_call_socean": 1106159.98,
    "mainnet_income_call_srm": 9105990.31,
    "mainnet_income_call_mngo": 1222581.68,
    "mainnet_income_call_ray": 79050.08,
    "mainnet_income_call_eth": 4412279.97,
    "mainnet_income_put_sol": 12870347.92,
    "mainnet_income_put_btc": 1138721.52
  },
  "globalIdToDepositTokenCoingeckoId": {
    "mainnet_income_call_sol": "solana",
    "mainnet_income_call_marinade": "msol",
    "mainnet_income_call_btc": "bitcoin",
    "mainnet_income_call_sbr": "saber",
    "mainnet_income_call_ftt": "ftx-token",
    "mainnet_income_call_luna": "terra-luna",
    "mainnet_income_put_luna": "terrausd",
    "mainnet_income_put_mngo": "usd-coin",
    "mainnet_income_call_socean": "socean-staked-sol",
    "mainnet_income_call_srm": "serum",
    "mainnet_income_call_mngo": "mango-markets",
    "mainnet_income_call_ray": "raydium",
    "mainnet_income_call_eth": "ethereum",
    "mainnet_income_put_sol": "usd-coin",
    "mainnet_income_put_btc": "usd-coin"
  }
}