{
  "totalTvlUSD": 92540129.4,
  "coinsByCoingeckoId": {
    "solana": 128423.359350644,
    "msol": 136222.968423149,
    "bitcoin": 354.287743,
    "saber": 11000000,
    "ftx-token": 72255.801874,
    "usd-coin": 12774396.253459001,
    "terra-luna": 39999.999397,
    "socean-staked-sol": 5499.990099232,
    "serum": 3965834.743512,
    "mango-markets": 5999999.159277,
    "raydium": 18918.099566,
    "ethereum": 1407.979801
  },
  "pricesByCoingeckoId": {
    "BTC": 42702,
    "SOL": 148.1,
    "ETH": 3148.29,
    "mSOL": 151.67,
    "FTT": 35.94,
    "SRM": 3.07,
    "USDC": 1,
    "MNGO": 0.188765,
    "scnSOL": 147.83,
    "SBR": 0.086124,
    "LUNA": 68.92,
    "RAY": 5.39
  },
  "sharePricesByGlobalId": {
    "mainnet_income_call_sol": 1.03708,
    "mainnet_income_call_marinade": 1.02581,
    "mainnet_income_call_btc": 1.0644,
    "mainnet_income_call_sbr": 1,
    "mainnet_income_call_ftt": 1.01481,
    "mainnet_income_put_mngo": 1,
    "mainnet_income_call_luna": 1.01873,
    "mainnet_income_call_socean": 1.01266,
    "mainnet_income_call_srm": 1.00834,
    "mainnet_income_call_mngo": 1.01232,
    "mainnet_income_call_ray": 1,
    "mainnet_income_call_eth": 1.01181,
    "mainnet_income_put_sol": 1,
    "mainnet_income_put_btc": 1
  },
  "depositTokenByGlobalId": {
    "mainnet_income_call_sol": 128423.359350644,
    "mainnet_income_call_marinade": 136222.968423149,
    "mainnet_income_call_btc": 354.287743,
    "mainnet_income_call_sbr": 11000000,
    "mainnet_income_call_ftt": 72255.801874,
    "mainnet_income_put_mngo": 423329.63,
    "mainnet_income_call_luna": 39999.999397,
    "mainnet_income_call_socean": 5499.990099232,
    "mainnet_income_call_srm": 3965834.743512,
    "mainnet_income_call_mngo": 5999999.159277,
    "mainnet_income_call_ray": 18918.099566,
    "mainnet_income_call_eth": 1407.979801,
    "mainnet_income_put_sol": 9999999.97,
    "mainnet_income_put_btc": 2351066.65
  },
  "usdValueByGlobalId": {
    "mainnet_income_call_sol": 19019499.52,
    "mainnet_income_call_marinade": 20660937.62,
    "mainnet_income_call_btc": 15128795.2,
    "mainnet_income_call_sbr": 947364,
    "mainnet_income_call_ftt": 2596873.52,
    "mainnet_income_put_mngo": 423329.63,
    "mainnet_income_call_luna": 2756799.96,
    "mainnet_income_call_socean": 813063.54,
    "mainnet_income_call_srm": 12175112.66,
    "mainnet_income_call_mngo": 1132589.84,
    "mainnet_income_call_ray": 101968.56,
    "mainnet_income_call_eth": 4432728.73,
    "mainnet_income_put_sol": 9999999.97,
    "mainnet_income_put_btc": 2351066.65
  }
}