{
  "totalTvlUSD": 91558876.03,
  "coinsByCoingeckoId": {
    "solana": 128914.477350644,
    "msol": 136467.463274246,
    "bitcoin": 355.195506,
    "saber": 11000000,
    "ftx-token": 72695.309225,
    "usd-coin": 12777342.187611,
    "terra-luna": 39999.999397,
    "socean-staked-sol": 5499.990099232,
    "serum": 3966379.6449,
    "mango-markets": 5999999.159277,
    "raydium": 18918.099566,
    "ethereum": 1467.167941
  },
  "pricesByCoingeckoId": {
    "BTC": 41964,
    "SOL": 143.6,
    "ETH": 3164.64,
    "mSOL": 146.83,
    "FTT": 36.87,
    "SRM": 3.05,
    "USDC": 1,
    "MNGO": 0.191157,
    "scnSOL": 145.73,
    "SBR": 0.086786,
    "LUNA": 72.52,
    "RAY": 5.38
  },
  "sharePricesByGlobalId": {
    "mainnet_income_call_sol": 1.03708,
    "mainnet_income_call_marinade": 1.02581,
    "mainnet_income_call_btc": 1.0644,
    "mainnet_income_call_sbr": 1,
    "mainnet_income_call_ftt": 1.01481,
    "mainnet_income_put_mngo": 1,
    "mainnet_income_call_luna": 1.01873,
    "mainnet_income_call_socean": 1.01266,
    "mainnet_income_call_srm": 1.00834,
    "mainnet_income_call_mngo": 1.01232,
    "mainnet_income_call_ray": 1,
    "mainnet_income_call_eth": 1.01181,
    "mainnet_income_put_sol": 1,
    "mainnet_income_put_btc": 1
  },
  "depositTokenByGlobalId": {
    "mainnet_income_call_sol": 128914.477350644,
    "mainnet_income_call_marinade": 136467.463274246,
    "mainnet_income_call_btc": 355.195506,
    "mainnet_income_call_sbr": 11000000,
    "mainnet_income_call_ftt": 72695.309225,
    "mainnet_income_put_mngo": 425033.57,
    "mainnet_income_call_luna": 39999.999397,
    "mainnet_income_call_socean": 5499.990099232,
    "mainnet_income_call_srm": 3966379.6449,
    "mainnet_income_call_mngo": 5999999.159277,
    "mainnet_income_call_ray": 18918.099566,
    "mainnet_income_call_eth": 1467.167941,
    "mainnet_income_put_sol": 9999999.97,
    "mainnet_income_put_btc": 2352308.65
  },
  "usdValueByGlobalId": {
    "mainnet_income_call_sol": 18512118.95,
    "mainnet_income_call_marinade": 20037517.63,
    "mainnet_income_call_btc": 14905424.21,
    "mainnet_income_call_sbr": 954646,
    "mainnet_income_call_ftt": 2680276.05,
    "mainnet_income_put_mngo": 425033.57,
    "mainnet_income_call_luna": 2900799.96,
    "mainnet_income_call_socean": 801513.56,
    "mainnet_income_call_srm": 12097457.92,
    "mainnet_income_call_mngo": 1146941.84,
    "mainnet_income_call_ray": 101779.38,
    "mainnet_income_call_eth": 4643058.35,
    "mainnet_income_put_sol": 9999999.97,
    "mainnet_income_put_btc": 2352308.65
  }
}