{
  "totalTvlUSD": 87905460.55,
  "coinsByCoingeckoId": {
    "solana": 124111.292825644,
    "msol": 134432.133886587,
    "bitcoin": 300.245064,
    "raydium": 18915.242615,
    "ethereum": 1399.448043,
    "ftx-token": 70522.191888,
    "usd-coin": 12646604.071836,
    "saber": 11000000,
    "terra-luna": 39999.089397,
    "socean-staked-sol": 5355.714792872,
    "serum": 3964059.407073,
    "mango-markets": 5985873.086308
  },
  "pricesByCoingeckoId": {
    "BTC": 42416,
    "SOL": 141.13,
    "ETH": 3260.19,
    "mSOL": 144.68,
    "FTT": 36.64,
    "SRM": 3.14,
    "USDC": 1,
    "MNGO": 0.192618,
    "scnSOL": 143.92,
    "SBR": 0.093523,
    "LUNA": 72.68,
    "RAY": 5.55
  },
  "sharePricesByGlobalId": {
    "mainnet_income_call_sol": 1.03708,
    "mainnet_income_call_marinade": 1.02581,
    "mainnet_income_call_btc": 1.0644,
    "mainnet_income_call_ray": 1,
    "mainnet_income_call_eth": 1.01181,
    "mainnet_income_call_ftt": 1.01481,
    "mainnet_income_put_mngo": 1,
    "mainnet_income_call_sbr": 1,
    "mainnet_income_call_luna": 1.01873,
    "mainnet_income_call_socean": 1.01266,
    "mainnet_income_call_srm": 1.00834,
    "mainnet_income_call_mngo": 1.01232,
    "mainnet_income_put_sol": 1,
    "mainnet_income_put_btc": 1
  },
  "depositTokenByGlobalId": {
    "mainnet_income_call_sol": 124111.292825644,
    "mainnet_income_call_marinade": 134432.133886587,
    "mainnet_income_call_btc": 300.245064,
    "mainnet_income_call_ray": 18915.242615,
    "mainnet_income_call_eth": 1399.448043,
    "mainnet_income_call_ftt": 70522.191888,
    "mainnet_income_put_mngo": 420661.09,
    "mainnet_income_call_sbr": 11000000,
    "mainnet_income_call_luna": 39999.089397,
    "mainnet_income_call_socean": 5355.714792872,
    "mainnet_income_call_srm": 3964059.407073,
    "mainnet_income_call_mngo": 5985873.086308,
    "mainnet_income_put_sol": 9875035.24,
    "mainnet_income_put_btc": 2350907.74
  },
  "usdValueByGlobalId": {
    "mainnet_income_call_sol": 17515826.76,
    "mainnet_income_call_marinade": 19449641.13,
    "mainnet_income_call_btc": 12735194.63,
    "mainnet_income_call_ray": 104979.6,
    "mainnet_income_call_eth": 4562466.52,
    "mainnet_income_call_ftt": 2583933.11,
    "mainnet_income_put_mngo": 420661.09,
    "mainnet_income_call_sbr": 1028753,
    "mainnet_income_call_luna": 2907133.82,
    "mainnet_income_call_socean": 770794.47,
    "mainnet_income_call_srm": 12447146.54,
    "mainnet_income_call_mngo": 1152986.9,
    "mainnet_income_put_sol": 9875035.24,
    "mainnet_income_put_btc": 2350907.74
  }
}