{
  "totalTvlUSD": 105512783.13,
  "coinsByCoingeckoId": {
    "solana": 138811.35431187,
    "msol": 158398.051402415,
    "bitcoin": 409.970779,
    "saber": 17755967.329264,
    "ftx-token": 66885.816347,
    "usd-coin": 11926609.677130999,
    "terra-luna": 64507.945093,
    "socean-staked-sol": 10999.987641614,
    "serum": 4028226.974043,
    "mango-markets": 8705996.907382,
    "raydium": 16185.11108,
    "ethereum": 1686.699237
  },
  "pricesByCoingeckoId": {
    "BTC": 43167,
    "SOL": 147.61,
    "ETH": 3284.9,
    "mSOL": 151.62,
    "FTT": 43.98,
    "SRM": 3.13,
    "USDC": 1,
    "MNGO": 0.199417,
    "scnSOL": 152.04,
    "SBR": 0.089566,
    "LUNA": 80.71,
    "RAY": 5.36
  },
  "sharePricesByGlobalId": {
    "mainnet_income_call_sol": 1.04444,
    "mainnet_income_call_marinade": 1.03017,
    "mainnet_income_call_btc": 1.06814,
    "mainnet_income_call_sbr": 1.04667,
    "mainnet_income_call_ftt": 1.02068,
    "mainnet_income_put_mngo": 1.00201,
    "mainnet_income_call_luna": 1.02692,
    "mainnet_income_call_socean": 1.01629,
    "mainnet_income_call_srm": 1.01304,
    "mainnet_income_call_mngo": 1.01322,
    "mainnet_income_call_ray": 1.00275,
    "mainnet_income_call_eth": 1.01502,
    "mainnet_income_put_sol": 1.00281,
    "mainnet_income_put_btc": 1.00329
  },
  "depositTokenByGlobalId": {
    "mainnet_income_call_sol": 138811.35431187,
    "mainnet_income_call_marinade": 158398.051402415,
    "mainnet_income_call_btc": 409.970779,
    "mainnet_income_call_sbr": 17755967.329264,
    "mainnet_income_call_ftt": 66885.816347,
    "mainnet_income_put_mngo": 391820.22,
    "mainnet_income_call_luna": 64507.945093,
    "mainnet_income_call_socean": 10999.987641614,
    "mainnet_income_call_srm": 4028226.974043,
    "mainnet_income_call_mngo": 8705996.907382,
    "mainnet_income_call_ray": 16185.11108,
    "mainnet_income_call_eth": 1686.699237,
    "mainnet_income_put_sol": 10410597.12,
    "mainnet_income_put_btc": 1124192.33
  },
  "usdValueByGlobalId": {
    "mainnet_income_call_sol": 20489944.01,
    "mainnet_income_call_marinade": 24016312.55,
    "mainnet_income_call_btc": 17697208.62,
    "mainnet_income_call_sbr": 1590330.97,
    "mainnet_income_call_ftt": 2941638.2,
    "mainnet_income_put_mngo": 391820.22,
    "mainnet_income_call_luna": 5206436.25,
    "mainnet_income_call_socean": 1672438.12,
    "mainnet_income_call_srm": 12608350.43,
    "mainnet_income_call_mngo": 1736123.79,
    "mainnet_income_call_ray": 86752.2,
    "mainnet_income_call_eth": 5540638.32,
    "mainnet_income_put_sol": 10410597.12,
    "mainnet_income_put_btc": 1124192.33
  },
  "globalIdToDepositTokenCoingeckoId": {
    "mainnet_income_call_sol": "solana",
    "mainnet_income_call_marinade": "msol",
    "mainnet_income_call_btc": "bitcoin",
    "mainnet_income_call_sbr": "saber",
    "mainnet_income_call_ftt": "ftx-token",
    "mainnet_income_put_mngo": "usd-coin",
    "mainnet_income_call_luna": "terra-luna",
    "mainnet_income_call_socean": "socean-staked-sol",
    "mainnet_income_call_srm": "serum",
    "mainnet_income_call_mngo": "mango-markets",
    "mainnet_income_call_ray": "raydium",
    "mainnet_income_call_eth": "ethereum",
    "mainnet_income_put_sol": "usd-coin",
    "mainnet_income_put_btc": "usd-coin"
  }
}