{
  "totalTvlUSD": 89892348.41,
  "coinsByCoingeckoId": {
    "solana": 128786.467350644,
    "msol": 136382.197250717,
    "bitcoin": 355.172859,
    "saber": 11000000,
    "ftx-token": 72608.659584,
    "usd-coin": 12777012.187611,
    "terra-luna": 39999.999397,
    "socean-staked-sol": 5499.990099232,
    "serum": 3966288.775828,
    "mango-markets": 5999999.159277,
    "raydium": 18918.099566,
    "ethereum": 1433.050421
  },
  "pricesByCoingeckoId": {
    "BTC": 41732,
    "SOL": 139.57,
    "ETH": 3109.18,
    "mSOL": 143.11,
    "FTT": 36.27,
    "SRM": 3.01,
    "USDC": 1,
    "MNGO": 0.190667,
    "scnSOL": 141.19,
    "SBR": 0.077999,
    "LUNA": 72.37,
    "RAY": 5.28
  },
  "sharePricesByGlobalId": {
    "mainnet_income_call_sol": 1.03708,
    "mainnet_income_call_marinade": 1.02581,
    "mainnet_income_call_btc": 1.0644,
    "mainnet_income_call_sbr": 1,
    "mainnet_income_call_ftt": 1.01481,
    "mainnet_income_put_mngo": 1,
    "mainnet_income_call_luna": 1.01873,
    "mainnet_income_call_socean": 1.01266,
    "mainnet_income_call_srm": 1.00834,
    "mainnet_income_call_mngo": 1.01232,
    "mainnet_income_call_ray": 1,
    "mainnet_income_call_eth": 1.01181,
    "mainnet_income_put_sol": 1,
    "mainnet_income_put_btc": 1
  },
  "depositTokenByGlobalId": {
    "mainnet_income_call_sol": 128786.467350644,
    "mainnet_income_call_marinade": 136382.197250717,
    "mainnet_income_call_btc": 355.172859,
    "mainnet_income_call_sbr": 11000000,
    "mainnet_income_call_ftt": 72608.659584,
    "mainnet_income_put_mngo": 424933.57,
    "mainnet_income_call_luna": 39999.999397,
    "mainnet_income_call_socean": 5499.990099232,
    "mainnet_income_call_srm": 3966288.775828,
    "mainnet_income_call_mngo": 5999999.159277,
    "mainnet_income_call_ray": 18918.099566,
    "mainnet_income_call_eth": 1433.050421,
    "mainnet_income_put_sol": 9999999.97,
    "mainnet_income_put_btc": 2352078.65
  },
  "usdValueByGlobalId": {
    "mainnet_income_call_sol": 17974727.25,
    "mainnet_income_call_marinade": 19517656.25,
    "mainnet_income_call_btc": 14822073.75,
    "mainnet_income_call_sbr": 857989,
    "mainnet_income_call_ftt": 2633516.08,
    "mainnet_income_put_mngo": 424933.57,
    "mainnet_income_call_luna": 2894799.96,
    "mainnet_income_call_socean": 776543.6,
    "mainnet_income_call_srm": 11938529.22,
    "mainnet_income_call_mngo": 1144001.84,
    "mainnet_income_call_ray": 99887.57,
    "mainnet_income_call_eth": 4455611.71,
    "mainnet_income_put_sol": 9999999.97,
    "mainnet_income_put_btc": 2352078.65
  }
}