{
  "totalTvlUSD": 91623329.46,
  "coinsByCoingeckoId": {
    "solana": 186222.417158812,
    "msol": 161863.199953721,
    "bitcoin": 429.992838,
    "saber": 18646929.455966,
    "ftx-token": 65632.990991,
    "terra-luna": 77988.726388,
    "terrausd": 207706.774465,
    "usd-coin": 14028778.496938,
    "socean-staked-sol": 10999.999764954,
    "serum": 4227381.42179,
    "mango-markets": 7786580.206409,
    "raydium": 20953.675782,
    "ethereum": 1755.995973
  },
  "pricesByCoingeckoId": {
    "BTC": 35996,
    "SOL": 102.87,
    "ETH": 2529.83,
    "mSOL": 105.08,
    "FTT": 36.17,
    "SRM": 2.28,
    "USDC": 1,
    "MNGO": 0.162181,
    "scnSOL": 104.46,
    "SBR": 0.074568,
    "LUNA": 69.32,
    "UST": 1,
    "RAY": 3.83
  },
  "sharePricesByGlobalId": {
    "mainnet_income_call_sol": 1.05252,
    "mainnet_income_call_marinade": 1.03727,
    "mainnet_income_call_btc": 1.0696,
    "mainnet_income_call_sbr": 1.05044,
    "mainnet_income_call_ftt": 1.02696,
    "mainnet_income_call_luna": 1.0374,
    "mainnet_income_put_luna": 1,
    "mainnet_income_put_mngo": 1.00322,
    "mainnet_income_call_socean": 1.02395,
    "mainnet_income_call_srm": 1.02041,
    "mainnet_income_call_mngo": 1.01533,
    "mainnet_income_call_ray": 1.01764,
    "mainnet_income_call_eth": 1.0165,
    "mainnet_income_put_sol": 1.01183,
    "mainnet_income_put_btc": 1.00606
  },
  "depositTokenByGlobalId": {
    "mainnet_income_call_sol": 186222.417158812,
    "mainnet_income_call_marinade": 161863.199953721,
    "mainnet_income_call_btc": 429.992838,
    "mainnet_income_call_sbr": 18646929.455966,
    "mainnet_income_call_ftt": 65632.990991,
    "mainnet_income_call_luna": 77988.726388,
    "mainnet_income_put_luna": 207706.774465,
    "mainnet_income_put_mngo": 248683.41,
    "mainnet_income_call_socean": 10999.999764954,
    "mainnet_income_call_srm": 4227381.42179,
    "mainnet_income_call_mngo": 7786580.206409,
    "mainnet_income_call_ray": 20953.675782,
    "mainnet_income_call_eth": 1755.995973,
    "mainnet_income_put_sol": 12641904.25,
    "mainnet_income_put_btc": 1138190.84
  },
  "usdValueByGlobalId": {
    "mainnet_income_call_sol": 19156700.05,
    "mainnet_income_call_marinade": 17008585.05,
    "mainnet_income_call_btc": 15478022.2,
    "mainnet_income_call_sbr": 1390464.24,
    "mainnet_income_call_ftt": 2373945.28,
    "mainnet_income_call_luna": 5406178.51,
    "mainnet_income_put_luna": 207706.77,
    "mainnet_income_put_mngo": 248683.41,
    "mainnet_income_call_socean": 1149059.98,
    "mainnet_income_call_srm": 9638429.64,
    "mainnet_income_call_mngo": 1262835.36,
    "mainnet_income_call_ray": 80252.58,
    "mainnet_income_call_eth": 4442371.29,
    "mainnet_income_put_sol": 12641904.25,
    "mainnet_income_put_btc": 1138190.84
  },
  "globalIdToDepositTokenCoingeckoId": {
    "mainnet_income_call_sol": "solana",
    "mainnet_income_call_marinade": "msol",
    "mainnet_income_call_btc": "bitcoin",
    "mainnet_income_call_sbr": "saber",
    "mainnet_income_call_ftt": "ftx-token",
    "mainnet_income_call_luna": "terra-luna",
    "mainnet_income_put_luna": "terrausd",
    "mainnet_income_put_mngo": "usd-coin",
    "mainnet_income_call_socean": "socean-staked-sol",
    "mainnet_income_call_srm": "serum",
    "mainnet_income_call_mngo": "mango-markets",
    "mainnet_income_call_ray": "raydium",
    "mainnet_income_call_eth": "ethereum",
    "mainnet_income_put_sol": "usd-coin",
    "mainnet_income_put_btc": "usd-coin"
  }
}