{
  "totalTvlUSD": 30003946.91,
  "coinsByCoingeckoId": {
    "solana": 59948.989603664,
    "msol": 53267.075985184,
    "bitcoin": 142.40224,
    "ethereum": 29.913236,
    "ftx-token": 3946.351635,
    "serum": 48485.478376,
    "mango-markets": 10007.893618
  }
}