{
  "totalTvlUSD": 114998616.71,
  "coinsByCoingeckoId": {
    "solana": 166900.10601187,
    "msol": 161444.818083926,
    "bitcoin": 425.582562,
    "saber": 19999999.492037,
    "ftx-token": 68344.985161,
    "terra-luna": 77031.448448,
    "terrausd": 71525.269342,
    "usd-coin": 12951832.462697998,
    "socean-staked-sol": 10999.987641614,
    "serum": 4201218.783831,
    "mango-markets": 8969632.488518,
    "raydium": 18255.760532,
    "ethereum": 1740.387523
  },
  "pricesByCoingeckoId": {
    "BTC": 42912,
    "SOL": 146.56,
    "ETH": 3327.69,
    "mSOL": 150.36,
    "FTT": 46.07,
    "SRM": 3.15,
    "USDC": 1,
    "MNGO": 0.198841,
    "scnSOL": 150.25,
    "SBR": 0.130978,
    "LUNA": 86.32,
    "UST": 0.99903,
    "RAY": 5.36
  },
  "sharePricesByGlobalId": {
    "mainnet_income_call_sol": 1.04444,
    "mainnet_income_call_marinade": 1.03017,
    "mainnet_income_call_btc": 1.06814,
    "mainnet_income_call_sbr": 1.04667,
    "mainnet_income_call_ftt": 1.02068,
    "mainnet_income_call_luna": 1.02692,
    "mainnet_income_put_luna": 1,
    "mainnet_income_put_mngo": 1.00201,
    "mainnet_income_call_socean": 1.01629,
    "mainnet_income_call_srm": 1.01304,
    "mainnet_income_call_mngo": 1.01322,
    "mainnet_income_call_ray": 1.00275,
    "mainnet_income_call_eth": 1.01502,
    "mainnet_income_put_sol": 1.00281,
    "mainnet_income_put_btc": 1.00329
  },
  "depositTokenByGlobalId": {
    "mainnet_income_call_sol": 166900.10601187,
    "mainnet_income_call_marinade": 161444.818083926,
    "mainnet_income_call_btc": 425.582562,
    "mainnet_income_call_sbr": 19999999.492037,
    "mainnet_income_call_ftt": 68344.985161,
    "mainnet_income_call_luna": 77031.448448,
    "mainnet_income_put_luna": 71525.269342,
    "mainnet_income_put_mngo": 392239.07,
    "mainnet_income_call_socean": 10999.987641614,
    "mainnet_income_call_srm": 4201218.783831,
    "mainnet_income_call_mngo": 8969632.488518,
    "mainnet_income_call_ray": 18255.760532,
    "mainnet_income_call_eth": 1740.387523,
    "mainnet_income_put_sol": 11435109.26,
    "mainnet_income_put_btc": 1124484.14
  },
  "usdValueByGlobalId": {
    "mainnet_income_call_sol": 24460879.54,
    "mainnet_income_call_marinade": 24274842.85,
    "mainnet_income_call_btc": 18262598.9,
    "mainnet_income_call_sbr": 2619559.93,
    "mainnet_income_call_ftt": 3148653.47,
    "mainnet_income_call_luna": 6649354.63,
    "mainnet_income_put_luna": 71455.89,
    "mainnet_income_put_mngo": 392239.07,
    "mainnet_income_call_socean": 1652748.14,
    "mainnet_income_call_srm": 13233839.17,
    "mainnet_income_call_mngo": 1783530.69,
    "mainnet_income_call_ray": 97850.88,
    "mainnet_income_call_eth": 5791470.16,
    "mainnet_income_put_sol": 11435109.26,
    "mainnet_income_put_btc": 1124484.14
  },
  "globalIdToDepositTokenCoingeckoId": {
    "mainnet_income_call_sol": "solana",
    "mainnet_income_call_marinade": "msol",
    "mainnet_income_call_btc": "bitcoin",
    "mainnet_income_call_sbr": "saber",
    "mainnet_income_call_ftt": "ftx-token",
    "mainnet_income_call_luna": "terra-luna",
    "mainnet_income_put_luna": "terrausd",
    "mainnet_income_put_mngo": "usd-coin",
    "mainnet_income_call_socean": "socean-staked-sol",
    "mainnet_income_call_srm": "serum",
    "mainnet_income_call_mngo": "mango-markets",
    "mainnet_income_call_ray": "raydium",
    "mainnet_income_call_eth": "ethereum",
    "mainnet_income_put_sol": "usd-coin",
    "mainnet_income_put_btc": "usd-coin"
  }
}