{
  "totalTvlUSD": 115448079.35,
  "coinsByCoingeckoId": {
    "solana": 166794.81801187,
    "msol": 161425.613679735,
    "bitcoin": 425.556814,
    "saber": 19999999.492037,
    "ftx-token": 68344.985161,
    "terra-luna": 76933.912348,
    "terrausd": 51448.846386,
    "usd-coin": 12791523.830213998,
    "socean-staked-sol": 10999.987641614,
    "serum": 4201218.783831,
    "mango-markets": 8929632.488518,
    "raydium": 18221.60287,
    "ethereum": 1740.083843
  },
  "pricesByCoingeckoId": {
    "BTC": 43255,
    "SOL": 147.86,
    "ETH": 3351.81,
    "mSOL": 151.45,
    "FTT": 46.44,
    "SRM": 3.18,
    "USDC": 1,
    "MNGO": 0.199137,
    "scnSOL": 150.86,
    "SBR": 0.127547,
    "LUNA": 86.23,
    "UST": 1,
    "RAY": 5.41
  },
  "sharePricesByGlobalId": {
    "mainnet_income_call_sol": 1.04444,
    "mainnet_income_call_marinade": 1.03017,
    "mainnet_income_call_btc": 1.06814,
    "mainnet_income_call_sbr": 1.04667,
    "mainnet_income_call_ftt": 1.02068,
    "mainnet_income_call_luna": 1.02692,
    "mainnet_income_put_luna": 1,
    "mainnet_income_put_mngo": 1.00201,
    "mainnet_income_call_socean": 1.01629,
    "mainnet_income_call_srm": 1.01304,
    "mainnet_income_call_mngo": 1.01322,
    "mainnet_income_call_ray": 1.00275,
    "mainnet_income_call_eth": 1.01502,
    "mainnet_income_put_sol": 1.00281,
    "mainnet_income_put_btc": 1.00329
  },
  "depositTokenByGlobalId": {
    "mainnet_income_call_sol": 166794.81801187,
    "mainnet_income_call_marinade": 161425.613679735,
    "mainnet_income_call_btc": 425.556814,
    "mainnet_income_call_sbr": 19999999.492037,
    "mainnet_income_call_ftt": 68344.985161,
    "mainnet_income_call_luna": 76933.912348,
    "mainnet_income_put_luna": 51448.846386,
    "mainnet_income_put_mngo": 392132.07,
    "mainnet_income_call_socean": 10999.987641614,
    "mainnet_income_call_srm": 4201218.783831,
    "mainnet_income_call_mngo": 8929632.488518,
    "mainnet_income_call_ray": 18221.60287,
    "mainnet_income_call_eth": 1740.083843,
    "mainnet_income_put_sol": 11274907.62,
    "mainnet_income_put_btc": 1124484.14
  },
  "usdValueByGlobalId": {
    "mainnet_income_call_sol": 24662281.79,
    "mainnet_income_call_marinade": 24447909.19,
    "mainnet_income_call_btc": 18407459.99,
    "mainnet_income_call_sbr": 2550939.94,
    "mainnet_income_call_ftt": 3173941.11,
    "mainnet_income_call_luna": 6634011.26,
    "mainnet_income_put_luna": 51448.85,
    "mainnet_income_put_mngo": 392132.07,
    "mainnet_income_call_socean": 1659458.14,
    "mainnet_income_call_srm": 13359875.73,
    "mainnet_income_call_mngo": 1778220.22,
    "mainnet_income_call_ray": 98578.87,
    "mainnet_income_call_eth": 5832430.43,
    "mainnet_income_put_sol": 11274907.62,
    "mainnet_income_put_btc": 1124484.14
  },
  "globalIdToDepositTokenCoingeckoId": {
    "mainnet_income_call_sol": "solana",
    "mainnet_income_call_marinade": "msol",
    "mainnet_income_call_btc": "bitcoin",
    "mainnet_income_call_sbr": "saber",
    "mainnet_income_call_ftt": "ftx-token",
    "mainnet_income_call_luna": "terra-luna",
    "mainnet_income_put_luna": "terrausd",
    "mainnet_income_put_mngo": "usd-coin",
    "mainnet_income_call_socean": "socean-staked-sol",
    "mainnet_income_call_srm": "serum",
    "mainnet_income_call_mngo": "mango-markets",
    "mainnet_income_call_ray": "raydium",
    "mainnet_income_call_eth": "ethereum",
    "mainnet_income_put_sol": "usd-coin",
    "mainnet_income_put_btc": "usd-coin"
  }
}