{
  "totalTvlUSD": 115066564.85,
  "coinsByCoingeckoId": {
    "solana": 179519.40077887,
    "msol": 166361.465127463,
    "bitcoin": 433.123057,
    "saber": 19999999.760273,
    "ftx-token": 75213.804779,
    "terra-luna": 87079.46253,
    "terrausd": 190859.402127,
    "usd-coin": 13826663.611449,
    "socean-staked-sol": 11000,
    "serum": 4217015.741031,
    "mango-markets": 9046900.66249,
    "raydium": 20826.593838,
    "ethereum": 1800.821251
  },
  "pricesByCoingeckoId": {
    "BTC": 42150,
    "SOL": 137.69,
    "ETH": 3147.03,
    "mSOL": 141.15,
    "FTT": 48.1,
    "SRM": 2.95,
    "USDC": 1,
    "MNGO": 0.200486,
    "scnSOL": 139.84,
    "SBR": 0.11199,
    "LUNA": 82.34,
    "UST": 1,
    "RAY": 5.08
  },
  "sharePricesByGlobalId": {
    "mainnet_income_call_sol": 1.05342,
    "mainnet_income_call_marinade": 1.03017,
    "mainnet_income_call_btc": 1.06976,
    "mainnet_income_call_sbr": 1.04667,
    "mainnet_income_call_ftt": 1.02068,
    "mainnet_income_call_luna": 1.02692,
    "mainnet_income_put_luna": 1,
    "mainnet_income_put_mngo": 1.00201,
    "mainnet_income_call_socean": 1.01629,
    "mainnet_income_call_srm": 1.01304,
    "mainnet_income_call_mngo": 1.01322,
    "mainnet_income_call_ray": 1.00275,
    "mainnet_income_call_eth": 1.01667,
    "mainnet_income_put_sol": 1.00281,
    "mainnet_income_put_btc": 1.00329
  },
  "depositTokenByGlobalId": {
    "mainnet_income_call_sol": 179519.40077887,
    "mainnet_income_call_marinade": 166361.465127463,
    "mainnet_income_call_btc": 433.123057,
    "mainnet_income_call_sbr": 19999999.760273,
    "mainnet_income_call_ftt": 75213.804779,
    "mainnet_income_call_luna": 87079.46253,
    "mainnet_income_put_luna": 190859.402127,
    "mainnet_income_put_mngo": 397710.67,
    "mainnet_income_call_socean": 11000,
    "mainnet_income_call_srm": 4217015.741031,
    "mainnet_income_call_mngo": 9046900.66249,
    "mainnet_income_call_ray": 20826.593838,
    "mainnet_income_call_eth": 1800.821251,
    "mainnet_income_put_sol": 12303088.9,
    "mainnet_income_put_btc": 1125864.04
  },
  "usdValueByGlobalId": {
    "mainnet_income_call_sol": 24718026.29,
    "mainnet_income_call_marinade": 23481920.8,
    "mainnet_income_call_btc": 18256136.85,
    "mainnet_income_call_sbr": 2239799.97,
    "mainnet_income_call_ftt": 3617784.01,
    "mainnet_income_call_luna": 7170122.94,
    "mainnet_income_put_luna": 190859.4,
    "mainnet_income_put_mngo": 397710.67,
    "mainnet_income_call_socean": 1538240,
    "mainnet_income_call_srm": 12440196.44,
    "mainnet_income_call_mngo": 1813776.93,
    "mainnet_income_call_ray": 105799.1,
    "mainnet_income_call_eth": 5667238.5,
    "mainnet_income_put_sol": 12303088.9,
    "mainnet_income_put_btc": 1125864.04
  },
  "globalIdToDepositTokenCoingeckoId": {
    "mainnet_income_call_sol": "solana",
    "mainnet_income_call_marinade": "msol",
    "mainnet_income_call_btc": "bitcoin",
    "mainnet_income_call_sbr": "saber",
    "mainnet_income_call_ftt": "ftx-token",
    "mainnet_income_call_luna": "terra-luna",
    "mainnet_income_put_luna": "terrausd",
    "mainnet_income_put_mngo": "usd-coin",
    "mainnet_income_call_socean": "socean-staked-sol",
    "mainnet_income_call_srm": "serum",
    "mainnet_income_call_mngo": "mango-markets",
    "mainnet_income_call_ray": "raydium",
    "mainnet_income_call_eth": "ethereum",
    "mainnet_income_put_sol": "usd-coin",
    "mainnet_income_put_btc": "usd-coin"
  }
}