{
  "totalTvlUSD": 100807068.32,
  "coinsByCoingeckoId": {
    "solana": 135795.134759574,
    "msol": 145872.724529221,
    "bitcoin": 370.480259,
    "saber": 11000000,
    "ftx-token": 76447.223827,
    "usd-coin": 13642370.619578,
    "terra-luna": 59999.999852,
    "socean-staked-sol": 8384.054079645,
    "serum": 3976375.328066,
    "mango-markets": 5999999.159377,
    "raydium": 19310.493998,
    "ethereum": 1490.531714
  },
  "pricesByCoingeckoId": {
    "BTC": 43565,
    "SOL": 147.13,
    "ETH": 3359.36,
    "mSOL": 150.41,
    "FTT": 41.05,
    "SRM": 3.19,
    "USDC": 1,
    "MNGO": 0.209842,
    "scnSOL": 149.47,
    "SBR": 0.084038,
    "LUNA": 78.86,
    "RAY": 5.5
  },
  "sharePricesByGlobalId": {
    "mainnet_income_call_sol": 1.03708,
    "mainnet_income_call_marinade": 1.02581,
    "mainnet_income_call_btc": 1.0644,
    "mainnet_income_call_sbr": 1,
    "mainnet_income_call_ftt": 1.01481,
    "mainnet_income_put_mngo": 1,
    "mainnet_income_call_luna": 1.01873,
    "mainnet_income_call_socean": 1.01266,
    "mainnet_income_call_srm": 1.00834,
    "mainnet_income_call_mngo": 1.01232,
    "mainnet_income_call_ray": 1,
    "mainnet_income_call_eth": 1.01181,
    "mainnet_income_put_sol": 0.99999,
    "mainnet_income_put_btc": 1
  },
  "depositTokenByGlobalId": {
    "mainnet_income_call_sol": 135795.134759574,
    "mainnet_income_call_marinade": 145872.724529221,
    "mainnet_income_call_btc": 370.480259,
    "mainnet_income_call_sbr": 11000000,
    "mainnet_income_call_ftt": 76447.223827,
    "mainnet_income_put_mngo": 429804.43,
    "mainnet_income_call_luna": 59999.999852,
    "mainnet_income_call_socean": 8384.054079645,
    "mainnet_income_call_srm": 3976375.328066,
    "mainnet_income_call_mngo": 5999999.159377,
    "mainnet_income_call_ray": 19310.493998,
    "mainnet_income_call_eth": 1490.531714,
    "mainnet_income_put_sol": 10858188.4,
    "mainnet_income_put_btc": 2354377.79
  },
  "usdValueByGlobalId": {
    "mainnet_income_call_sol": 19979538.18,
    "mainnet_income_call_marinade": 21940716.5,
    "mainnet_income_call_btc": 16139972.48,
    "mainnet_income_call_sbr": 924418,
    "mainnet_income_call_ftt": 3138158.54,
    "mainnet_income_put_mngo": 429804.43,
    "mainnet_income_call_luna": 4731599.99,
    "mainnet_income_call_socean": 1253164.56,
    "mainnet_income_call_srm": 12684637.3,
    "mainnet_income_call_mngo": 1259051.82,
    "mainnet_income_call_ray": 106207.72,
    "mainnet_income_call_eth": 5007232.62,
    "mainnet_income_put_sol": 10858188.4,
    "mainnet_income_put_btc": 2354377.79
  }
}