{
  "totalTvlUSD": 102100598.25,
  "coinsByCoingeckoId": {
    "solana": 182231.618958811,
    "msol": 159621.895382898,
    "bitcoin": 415.986843,
    "saber": 17797438.358147,
    "ftx-token": 65573.585783,
    "terra-luna": 75358.352467,
    "terrausd": 205355.385439,
    "usd-coin": 13938226.151037,
    "socean-staked-sol": 10999.999764954,
    "serum": 4226617.43302,
    "mango-markets": 7746322.314252,
    "raydium": 20864.654582,
    "ethereum": 1737.777482
  },
  "pricesByCoingeckoId": {
    "BTC": 38430,
    "SOL": 125.5,
    "ETH": 2790,
    "mSOL": 128.2,
    "FTT": 42.47,
    "SRM": 2.59,
    "USDC": 1,
    "MNGO": 0.18875,
    "scnSOL": 125.01,
    "SBR": 0.095019,
    "LUNA": 72.12,
    "UST": 0.997719,
    "RAY": 4.51
  },
  "sharePricesByGlobalId": {
    "mainnet_income_call_sol": 1.05252,
    "mainnet_income_call_marinade": 1.03727,
    "mainnet_income_call_btc": 1.0696,
    "mainnet_income_call_sbr": 1.05044,
    "mainnet_income_call_ftt": 1.02696,
    "mainnet_income_call_luna": 1.0374,
    "mainnet_income_put_luna": 1,
    "mainnet_income_put_mngo": 1.00322,
    "mainnet_income_call_socean": 1.02395,
    "mainnet_income_call_srm": 1.02041,
    "mainnet_income_call_mngo": 1.01533,
    "mainnet_income_call_ray": 1.01764,
    "mainnet_income_call_eth": 1.0165,
    "mainnet_income_put_sol": 1.01183,
    "mainnet_income_put_btc": 1.00606
  },
  "depositTokenByGlobalId": {
    "mainnet_income_call_sol": 182231.618958811,
    "mainnet_income_call_marinade": 159621.895382898,
    "mainnet_income_call_btc": 415.986843,
    "mainnet_income_call_sbr": 17797438.358147,
    "mainnet_income_call_ftt": 65573.585783,
    "mainnet_income_call_luna": 75358.352467,
    "mainnet_income_put_luna": 205355.385439,
    "mainnet_income_put_mngo": 248683.41,
    "mainnet_income_call_socean": 10999.999764954,
    "mainnet_income_call_srm": 4226617.43302,
    "mainnet_income_call_mngo": 7746322.314252,
    "mainnet_income_call_ray": 20864.654582,
    "mainnet_income_call_eth": 1737.777482,
    "mainnet_income_put_sol": 12553380.28,
    "mainnet_income_put_btc": 1136162.46
  },
  "usdValueByGlobalId": {
    "mainnet_income_call_sol": 22870068.18,
    "mainnet_income_call_marinade": 20463526.99,
    "mainnet_income_call_btc": 15986374.38,
    "mainnet_income_call_sbr": 1691094.8,
    "mainnet_income_call_ftt": 2784910.19,
    "mainnet_income_call_luna": 5434844.38,
    "mainnet_income_put_luna": 204886.97,
    "mainnet_income_put_mngo": 248683.41,
    "mainnet_income_call_socean": 1375109.97,
    "mainnet_income_call_srm": 10946939.15,
    "mainnet_income_call_mngo": 1462118.34,
    "mainnet_income_call_ray": 94099.59,
    "mainnet_income_call_eth": 4848399.17,
    "mainnet_income_put_sol": 12553380.28,
    "mainnet_income_put_btc": 1136162.46
  },
  "globalIdToDepositTokenCoingeckoId": {
    "mainnet_income_call_sol": "solana",
    "mainnet_income_call_marinade": "msol",
    "mainnet_income_call_btc": "bitcoin",
    "mainnet_income_call_sbr": "saber",
    "mainnet_income_call_ftt": "ftx-token",
    "mainnet_income_call_luna": "terra-luna",
    "mainnet_income_put_luna": "terrausd",
    "mainnet_income_put_mngo": "usd-coin",
    "mainnet_income_call_socean": "socean-staked-sol",
    "mainnet_income_call_srm": "serum",
    "mainnet_income_call_mngo": "mango-markets",
    "mainnet_income_call_ray": "raydium",
    "mainnet_income_call_eth": "ethereum",
    "mainnet_income_put_sol": "usd-coin",
    "mainnet_income_put_btc": "usd-coin"
  }
}