{
  "totalTvlUSD": 93711529.23,
  "coinsByCoingeckoId": {
    "solana": 193375.085008812,
    "msol": 164129.947992759,
    "bitcoin": 443.236057,
    "saber": 19999998.066329,
    "ftx-token": 67422.418101,
    "terra-luna": 87708.602307,
    "terrausd": 215162.229866,
    "usd-coin": 14315293.473539999,
    "socean-staked-sol": 11000,
    "serum": 4239464.637998,
    "mango-markets": 7874157.260761,
    "raydium": 23338.825086,
    "ethereum": 1768.191515
  },
  "pricesByCoingeckoId": {
    "BTC": 38344,
    "SOL": 99.88,
    "ETH": 2621.62,
    "mSOL": 102.38,
    "FTT": 38.08,
    "SRM": 2.22,
    "USDC": 1,
    "MNGO": 0.155277,
    "scnSOL": 101.55,
    "SBR": 0.068258,
    "LUNA": 64.54,
    "UST": 1,
    "RAY": 3.75
  },
  "sharePricesByGlobalId": {
    "mainnet_income_call_sol": 1.05252,
    "mainnet_income_call_marinade": 1.03727,
    "mainnet_income_call_btc": 1.0696,
    "mainnet_income_call_sbr": 1.05044,
    "mainnet_income_call_ftt": 1.02696,
    "mainnet_income_call_luna": 1.0374,
    "mainnet_income_put_luna": 1,
    "mainnet_income_put_mngo": 1.00322,
    "mainnet_income_call_socean": 1.02395,
    "mainnet_income_call_srm": 1.02041,
    "mainnet_income_call_mngo": 1.01533,
    "mainnet_income_call_ray": 1.01764,
    "mainnet_income_call_eth": 1.0165,
    "mainnet_income_put_sol": 1.01183,
    "mainnet_income_put_btc": 1.00606
  },
  "depositTokenByGlobalId": {
    "mainnet_income_call_sol": 193375.085008812,
    "mainnet_income_call_marinade": 164129.947992759,
    "mainnet_income_call_btc": 443.236057,
    "mainnet_income_call_sbr": 19999998.066329,
    "mainnet_income_call_ftt": 67422.418101,
    "mainnet_income_call_luna": 87708.602307,
    "mainnet_income_put_luna": 215162.229866,
    "mainnet_income_put_mngo": 249435.27,
    "mainnet_income_call_socean": 11000,
    "mainnet_income_call_srm": 4239464.637998,
    "mainnet_income_call_mngo": 7874157.260761,
    "mainnet_income_call_ray": 23338.825086,
    "mainnet_income_call_eth": 1768.191515,
    "mainnet_income_put_sol": 12927136.68,
    "mainnet_income_put_btc": 1138721.52
  },
  "usdValueByGlobalId": {
    "mainnet_income_call_sol": 19314303.49,
    "mainnet_income_call_marinade": 16803624.08,
    "mainnet_income_call_btc": 16995443.37,
    "mainnet_income_call_sbr": 1365159.87,
    "mainnet_income_call_ftt": 2567445.68,
    "mainnet_income_call_luna": 5660713.19,
    "mainnet_income_put_luna": 215162.23,
    "mainnet_income_put_mngo": 249435.27,
    "mainnet_income_call_socean": 1117050,
    "mainnet_income_call_srm": 9411611.5,
    "mainnet_income_call_mngo": 1222675.52,
    "mainnet_income_call_ray": 87520.59,
    "mainnet_income_call_eth": 4635526.24,
    "mainnet_income_put_sol": 12927136.68,
    "mainnet_income_put_btc": 1138721.52
  },
  "globalIdToDepositTokenCoingeckoId": {
    "mainnet_income_call_sol": "solana",
    "mainnet_income_call_marinade": "msol",
    "mainnet_income_call_btc": "bitcoin",
    "mainnet_income_call_sbr": "saber",
    "mainnet_income_call_ftt": "ftx-token",
    "mainnet_income_call_luna": "terra-luna",
    "mainnet_income_put_luna": "terrausd",
    "mainnet_income_put_mngo": "usd-coin",
    "mainnet_income_call_socean": "socean-staked-sol",
    "mainnet_income_call_srm": "serum",
    "mainnet_income_call_mngo": "mango-markets",
    "mainnet_income_call_ray": "raydium",
    "mainnet_income_call_eth": "ethereum",
    "mainnet_income_put_sol": "usd-coin",
    "mainnet_income_put_btc": "usd-coin"
  }
}