{
  "totalTvlUSD": 92255772.54,
  "coinsByCoingeckoId": {
    "solana": 129065.664350644,
    "msol": 136980.119769158,
    "bitcoin": 355.445846,
    "saber": 11000000,
    "ftx-token": 72698.904788,
    "usd-coin": 12778392.591255002,
    "terra-luna": 39999.999397,
    "socean-staked-sol": 5499.990099232,
    "serum": 3966379.737937,
    "mango-markets": 5999999.159277,
    "raydium": 18918.099566,
    "ethereum": 1467.403075
  },
  "pricesByCoingeckoId": {
    "BTC": 42483,
    "SOL": 143.49,
    "ETH": 3201.03,
    "mSOL": 147.4,
    "FTT": 37.49,
    "SRM": 3.08,
    "USDC": 1,
    "MNGO": 0.192556,
    "scnSOL": 146.72,
    "SBR": 0.088919,
    "LUNA": 74.61,
    "RAY": 5.42
  },
  "sharePricesByGlobalId": {
    "mainnet_income_call_sol": 1.03708,
    "mainnet_income_call_marinade": 1.02581,
    "mainnet_income_call_btc": 1.0644,
    "mainnet_income_call_sbr": 1,
    "mainnet_income_call_ftt": 1.01481,
    "mainnet_income_put_mngo": 1,
    "mainnet_income_call_luna": 1.01873,
    "mainnet_income_call_socean": 1.01266,
    "mainnet_income_call_srm": 1.00834,
    "mainnet_income_call_mngo": 1.01232,
    "mainnet_income_call_ray": 1,
    "mainnet_income_call_eth": 1.01181,
    "mainnet_income_put_sol": 1,
    "mainnet_income_put_btc": 1
  },
  "depositTokenByGlobalId": {
    "mainnet_income_call_sol": 129065.664350644,
    "mainnet_income_call_marinade": 136980.119769158,
    "mainnet_income_call_btc": 355.445846,
    "mainnet_income_call_sbr": 11000000,
    "mainnet_income_call_ftt": 72698.904788,
    "mainnet_income_put_mngo": 426078.97,
    "mainnet_income_call_luna": 39999.999397,
    "mainnet_income_call_socean": 5499.990099232,
    "mainnet_income_call_srm": 3966379.737937,
    "mainnet_income_call_mngo": 5999999.159277,
    "mainnet_income_call_ray": 18918.099566,
    "mainnet_income_call_eth": 1467.403075,
    "mainnet_income_put_sol": 9999999.97,
    "mainnet_income_put_btc": 2352313.65
  },
  "usdValueByGlobalId": {
    "mainnet_income_call_sol": 18519632.18,
    "mainnet_income_call_marinade": 20190869.65,
    "mainnet_income_call_btc": 15100405.88,
    "mainnet_income_call_sbr": 978109,
    "mainnet_income_call_ftt": 2725481.94,
    "mainnet_income_put_mngo": 426078.97,
    "mainnet_income_call_luna": 2984399.96,
    "mainnet_income_call_socean": 806958.55,
    "mainnet_income_call_srm": 12216449.59,
    "mainnet_income_call_mngo": 1155335.84,
    "mainnet_income_call_ray": 102536.1,
    "mainnet_income_call_eth": 4697201.27,
    "mainnet_income_put_sol": 9999999.97,
    "mainnet_income_put_btc": 2352313.65
  }
}