{
  "totalTvlUSD": 96285065.57,
  "coinsByCoingeckoId": {
    "solana": 133445.084759574,
    "msol": 145564.673392413,
    "bitcoin": 369.587033,
    "saber": 11000000,
    "ftx-token": 76427.928336,
    "usd-coin": 13150126.348536,
    "terra-luna": 57421.484295,
    "socean-staked-sol": 7239.008184563,
    "serum": 3974874.806404,
    "mango-markets": 5999999.159277,
    "raydium": 19310.493998,
    "ethereum": 1481.524668
  },
  "pricesByCoingeckoId": {
    "BTC": 42722,
    "SOL": 140.52,
    "ETH": 3244.58,
    "mSOL": 144.41,
    "FTT": 39.89,
    "SRM": 3.06,
    "USDC": 1,
    "MNGO": 0.208582,
    "scnSOL": 143.79,
    "SBR": 0.086752,
    "LUNA": 73.21,
    "RAY": 5.36
  },
  "sharePricesByGlobalId": {
    "mainnet_income_call_sol": 1.03708,
    "mainnet_income_call_marinade": 1.02581,
    "mainnet_income_call_btc": 1.0644,
    "mainnet_income_call_sbr": 1,
    "mainnet_income_call_ftt": 1.01481,
    "mainnet_income_put_mngo": 1,
    "mainnet_income_call_luna": 1.01873,
    "mainnet_income_call_socean": 1.01266,
    "mainnet_income_call_srm": 1.00834,
    "mainnet_income_call_mngo": 1.01232,
    "mainnet_income_call_ray": 1,
    "mainnet_income_call_eth": 1.01181,
    "mainnet_income_put_sol": 0.99999,
    "mainnet_income_put_btc": 1
  },
  "depositTokenByGlobalId": {
    "mainnet_income_call_sol": 133445.084759574,
    "mainnet_income_call_marinade": 145564.673392413,
    "mainnet_income_call_btc": 369.587033,
    "mainnet_income_call_sbr": 11000000,
    "mainnet_income_call_ftt": 76427.928336,
    "mainnet_income_put_mngo": 429604.43,
    "mainnet_income_call_luna": 57421.484295,
    "mainnet_income_call_socean": 7239.008184563,
    "mainnet_income_call_srm": 3974874.806404,
    "mainnet_income_call_mngo": 5999999.159277,
    "mainnet_income_call_ray": 19310.493998,
    "mainnet_income_call_eth": 1481.524668,
    "mainnet_income_put_sol": 10366144.13,
    "mainnet_income_put_btc": 2354377.79
  },
  "usdValueByGlobalId": {
    "mainnet_income_call_sol": 18751703.31,
    "mainnet_income_call_marinade": 21020994.48,
    "mainnet_income_call_btc": 15789497.22,
    "mainnet_income_call_sbr": 954272,
    "mainnet_income_call_ftt": 3048710.06,
    "mainnet_income_put_mngo": 429604.43,
    "mainnet_income_call_luna": 4203826.87,
    "mainnet_income_call_socean": 1040896.99,
    "mainnet_income_call_srm": 12163116.91,
    "mainnet_income_call_mngo": 1251491.82,
    "mainnet_income_call_ray": 103504.25,
    "mainnet_income_call_eth": 4806925.31,
    "mainnet_income_put_sol": 10366144.13,
    "mainnet_income_put_btc": 2354377.79
  }
}