{
  "totalTvlUSD": 100900444.44,
  "coinsByCoingeckoId": {
    "solana": 181305.913958811,
    "msol": 159323.663632807,
    "bitcoin": 415.555266,
    "saber": 17486840.402889,
    "ftx-token": 65560.325307,
    "terra-luna": 75281.011271,
    "terrausd": 201010.631427,
    "usd-coin": 13905478.240341999,
    "socean-staked-sol": 10999.999764954,
    "serum": 4220735.036338,
    "mango-markets": 7746090.977466,
    "raydium": 20864.654582,
    "ethereum": 1734.716353
  },
  "pricesByCoingeckoId": {
    "BTC": 38732,
    "SOL": 120.22,
    "ETH": 2826.78,
    "mSOL": 124.14,
    "FTT": 42.54,
    "SRM": 2.62,
    "USDC": 1,
    "MNGO": 0.190895,
    "scnSOL": 125.47,
    "SBR": 0.100397,
    "LUNA": 75.24,
    "UST": 0.999899,
    "RAY": 4.51
  },
  "sharePricesByGlobalId": {
    "mainnet_income_call_sol": 1.05252,
    "mainnet_income_call_marinade": 1.03727,
    "mainnet_income_call_btc": 1.0696,
    "mainnet_income_call_sbr": 1.05044,
    "mainnet_income_call_ftt": 1.02696,
    "mainnet_income_call_luna": 1.0374,
    "mainnet_income_put_luna": 1,
    "mainnet_income_put_mngo": 1.00322,
    "mainnet_income_call_socean": 1.02395,
    "mainnet_income_call_srm": 1.02041,
    "mainnet_income_call_mngo": 1.01533,
    "mainnet_income_call_ray": 1.01764,
    "mainnet_income_call_eth": 1.0165,
    "mainnet_income_put_sol": 1.01183,
    "mainnet_income_put_btc": 1.00606
  },
  "depositTokenByGlobalId": {
    "mainnet_income_call_sol": 181305.913958811,
    "mainnet_income_call_marinade": 159323.663632807,
    "mainnet_income_call_btc": 415.555266,
    "mainnet_income_call_sbr": 17486840.402889,
    "mainnet_income_call_ftt": 65560.325307,
    "mainnet_income_call_luna": 75281.011271,
    "mainnet_income_put_luna": 201010.631427,
    "mainnet_income_put_mngo": 248663.41,
    "mainnet_income_call_socean": 10999.999764954,
    "mainnet_income_call_srm": 4220735.036338,
    "mainnet_income_call_mngo": 7746090.977466,
    "mainnet_income_call_ray": 20864.654582,
    "mainnet_income_call_eth": 1734.716353,
    "mainnet_income_put_sol": 12520753.64,
    "mainnet_income_put_btc": 1136061.19
  },
  "usdValueByGlobalId": {
    "mainnet_income_call_sol": 21796596.98,
    "mainnet_income_call_marinade": 19778439.6,
    "mainnet_income_call_btc": 16095286.56,
    "mainnet_income_call_sbr": 1755626.32,
    "mainnet_income_call_ftt": 2788936.24,
    "mainnet_income_call_luna": 5664143.29,
    "mainnet_income_put_luna": 200990.33,
    "mainnet_income_put_mngo": 248663.41,
    "mainnet_income_call_socean": 1380169.97,
    "mainnet_income_call_srm": 11058325.8,
    "mainnet_income_call_mngo": 1478690.04,
    "mainnet_income_call_ray": 94099.59,
    "mainnet_income_call_eth": 4903661.49,
    "mainnet_income_put_sol": 12520753.64,
    "mainnet_income_put_btc": 1136061.19
  },
  "globalIdToDepositTokenCoingeckoId": {
    "mainnet_income_call_sol": "solana",
    "mainnet_income_call_marinade": "msol",
    "mainnet_income_call_btc": "bitcoin",
    "mainnet_income_call_sbr": "saber",
    "mainnet_income_call_ftt": "ftx-token",
    "mainnet_income_call_luna": "terra-luna",
    "mainnet_income_put_luna": "terrausd",
    "mainnet_income_put_mngo": "usd-coin",
    "mainnet_income_call_socean": "socean-staked-sol",
    "mainnet_income_call_srm": "serum",
    "mainnet_income_call_mngo": "mango-markets",
    "mainnet_income_call_ray": "raydium",
    "mainnet_income_call_eth": "ethereum",
    "mainnet_income_put_sol": "usd-coin",
    "mainnet_income_put_btc": "usd-coin"
  }
}