{
  "totalTvlUSD": 88521866.59,
  "coinsByCoingeckoId": {
    "solana": 185889.598158812,
    "msol": 161863.199953721,
    "bitcoin": 429.992838,
    "saber": 18646252.561099,
    "ftx-token": 65604.390991,
    "terra-luna": 77978.606388,
    "terrausd": 207706.774465,
    "usd-coin": 14021653.555635,
    "socean-staked-sol": 10999.999764954,
    "serum": 4227126.229733,
    "mango-markets": 7786453.188122,
    "raydium": 20953.675782,
    "ethereum": 1755.995973
  },
  "pricesByCoingeckoId": {
    "BTC": 35325,
    "SOL": 96.9,
    "ETH": 2462.42,
    "mSOL": 99.56,
    "FTT": 34.67,
    "SRM": 2.21,
    "USDC": 1,
    "MNGO": 0.159541,
    "scnSOL": 99.52,
    "SBR": 0.071106,
    "LUNA": 67.89,
    "UST": 1,
    "RAY": 3.72
  },
  "sharePricesByGlobalId": {
    "mainnet_income_call_sol": 1.05252,
    "mainnet_income_call_marinade": 1.03727,
    "mainnet_income_call_btc": 1.0696,
    "mainnet_income_call_sbr": 1.05044,
    "mainnet_income_call_ftt": 1.02696,
    "mainnet_income_call_luna": 1.0374,
    "mainnet_income_put_luna": 1,
    "mainnet_income_put_mngo": 1.00322,
    "mainnet_income_call_socean": 1.02395,
    "mainnet_income_call_srm": 1.02041,
    "mainnet_income_call_mngo": 1.01533,
    "mainnet_income_call_ray": 1.01764,
    "mainnet_income_call_eth": 1.0165,
    "mainnet_income_put_sol": 1.01183,
    "mainnet_income_put_btc": 1.00606
  },
  "depositTokenByGlobalId": {
    "mainnet_income_call_sol": 185889.598158812,
    "mainnet_income_call_marinade": 161863.199953721,
    "mainnet_income_call_btc": 429.992838,
    "mainnet_income_call_sbr": 18646252.561099,
    "mainnet_income_call_ftt": 65604.390991,
    "mainnet_income_call_luna": 77978.606388,
    "mainnet_income_put_luna": 207706.774465,
    "mainnet_income_put_mngo": 248683.41,
    "mainnet_income_call_socean": 10999.999764954,
    "mainnet_income_call_srm": 4227126.229733,
    "mainnet_income_call_mngo": 7786453.188122,
    "mainnet_income_call_ray": 20953.675782,
    "mainnet_income_call_eth": 1755.995973,
    "mainnet_income_put_sol": 12634779.31,
    "mainnet_income_put_btc": 1138190.84
  },
  "usdValueByGlobalId": {
    "mainnet_income_call_sol": 18012702.06,
    "mainnet_income_call_marinade": 16115100.19,
    "mainnet_income_call_btc": 15189497,
    "mainnet_income_call_sbr": 1325860.43,
    "mainnet_income_call_ftt": 2274504.24,
    "mainnet_income_call_luna": 5293967.59,
    "mainnet_income_put_luna": 207706.77,
    "mainnet_income_put_mngo": 248683.41,
    "mainnet_income_call_socean": 1094719.98,
    "mainnet_income_call_srm": 9341948.97,
    "mainnet_income_call_mngo": 1242258.53,
    "mainnet_income_call_ray": 77947.67,
    "mainnet_income_call_eth": 4323999.6,
    "mainnet_income_put_sol": 12634779.31,
    "mainnet_income_put_btc": 1138190.84
  },
  "globalIdToDepositTokenCoingeckoId": {
    "mainnet_income_call_sol": "solana",
    "mainnet_income_call_marinade": "msol",
    "mainnet_income_call_btc": "bitcoin",
    "mainnet_income_call_sbr": "saber",
    "mainnet_income_call_ftt": "ftx-token",
    "mainnet_income_call_luna": "terra-luna",
    "mainnet_income_put_luna": "terrausd",
    "mainnet_income_put_mngo": "usd-coin",
    "mainnet_income_call_socean": "socean-staked-sol",
    "mainnet_income_call_srm": "serum",
    "mainnet_income_call_mngo": "mango-markets",
    "mainnet_income_call_ray": "raydium",
    "mainnet_income_call_eth": "ethereum",
    "mainnet_income_put_sol": "usd-coin",
    "mainnet_income_put_btc": "usd-coin"
  }
}