{
  "totalTvlUSD": 108102963.5,
  "coinsByCoingeckoId": {
    "solana": 181602.74377887,
    "msol": 168345.81974652,
    "bitcoin": 434.221672,
    "saber": 20000000,
    "ftx-token": 76099.493909,
    "terra-luna": 88579.069336,
    "terrausd": 193436.496075,
    "usd-coin": 14464235.14139,
    "socean-staked-sol": 11000,
    "serum": 4249760.505562,
    "mango-markets": 9202781.459156,
    "raydium": 21211.198635,
    "ethereum": 1872.297683
  },
  "pricesByCoingeckoId": {
    "BTC": 39306,
    "SOL": 124.6,
    "ETH": 2858.51,
    "mSOL": 127.97,
    "FTT": 43.28,
    "SRM": 2.67,
    "USDC": 1,
    "MNGO": 0.195186,
    "scnSOL": 128.1,
    "SBR": 0.107364,
    "LUNA": 76.36,
    "UST": 0.997303,
    "RAY": 4.64
  },
  "sharePricesByGlobalId": {
    "mainnet_income_call_sol": 1.05342,
    "mainnet_income_call_marinade": 1.03806,
    "mainnet_income_call_btc": 1.06976,
    "mainnet_income_call_sbr": 1.05086,
    "mainnet_income_call_ftt": 1.02766,
    "mainnet_income_call_luna": 1.03856,
    "mainnet_income_put_luna": 1,
    "mainnet_income_put_mngo": 1.00201,
    "mainnet_income_call_socean": 1.0248,
    "mainnet_income_call_srm": 1.02123,
    "mainnet_income_call_mngo": 1.01556,
    "mainnet_income_call_ray": 1.01929,
    "mainnet_income_call_eth": 1.01667,
    "mainnet_income_put_sol": 1.00281,
    "mainnet_income_put_btc": 1.00329
  },
  "depositTokenByGlobalId": {
    "mainnet_income_call_sol": 181602.74377887,
    "mainnet_income_call_marinade": 168345.81974652,
    "mainnet_income_call_btc": 434.221672,
    "mainnet_income_call_sbr": 20000000,
    "mainnet_income_call_ftt": 76099.493909,
    "mainnet_income_call_luna": 88579.069336,
    "mainnet_income_put_luna": 193436.496075,
    "mainnet_income_put_mngo": 410509.79,
    "mainnet_income_call_socean": 11000,
    "mainnet_income_call_srm": 4249760.505562,
    "mainnet_income_call_mngo": 9202781.459156,
    "mainnet_income_call_ray": 21211.198635,
    "mainnet_income_call_eth": 1872.297683,
    "mainnet_income_put_sol": 12927861.31,
    "mainnet_income_put_btc": 1125864.04
  },
  "usdValueByGlobalId": {
    "mainnet_income_call_sol": 22627701.87,
    "mainnet_income_call_marinade": 21543214.55,
    "mainnet_income_call_btc": 17067517.04,
    "mainnet_income_call_sbr": 2147280,
    "mainnet_income_call_ftt": 3293586.1,
    "mainnet_income_call_luna": 6763897.73,
    "mainnet_income_put_luna": 192914.8,
    "mainnet_income_put_mngo": 410509.79,
    "mainnet_income_call_socean": 1409100,
    "mainnet_income_call_srm": 11346860.55,
    "mainnet_income_call_mngo": 1796254.1,
    "mainnet_income_call_ray": 98419.96,
    "mainnet_income_call_eth": 5351981.65,
    "mainnet_income_put_sol": 12927861.31,
    "mainnet_income_put_btc": 1125864.04
  },
  "globalIdToDepositTokenCoingeckoId": {
    "mainnet_income_call_sol": "solana",
    "mainnet_income_call_marinade": "msol",
    "mainnet_income_call_btc": "bitcoin",
    "mainnet_income_call_sbr": "saber",
    "mainnet_income_call_ftt": "ftx-token",
    "mainnet_income_call_luna": "terra-luna",
    "mainnet_income_put_luna": "terrausd",
    "mainnet_income_put_mngo": "usd-coin",
    "mainnet_income_call_socean": "socean-staked-sol",
    "mainnet_income_call_srm": "serum",
    "mainnet_income_call_mngo": "mango-markets",
    "mainnet_income_call_ray": "raydium",
    "mainnet_income_call_eth": "ethereum",
    "mainnet_income_put_sol": "usd-coin",
    "mainnet_income_put_btc": "usd-coin"
  }
}