{
  "totalTvlUSD": 113270616.15,
  "coinsByCoingeckoId": {
    "solana": 168522.90837887,
    "msol": 162080.118744506,
    "bitcoin": 425.628259,
    "saber": 19999999.492037,
    "ftx-token": 72823.73046,
    "terra-luna": 81804.681863,
    "terrausd": 90791.088791,
    "usd-coin": 12971267.389496999,
    "socean-staked-sol": 10999.997467117,
    "serum": 4201305.234487,
    "mango-markets": 8999662.230881,
    "raydium": 18471.394788,
    "ethereum": 1743.385009
  },
  "pricesByCoingeckoId": {
    "BTC": 42622,
    "SOL": 142.41,
    "ETH": 3266.13,
    "mSOL": 146.46,
    "FTT": 45.65,
    "SRM": 3.05,
    "USDC": 1,
    "MNGO": 0.198698,
    "scnSOL": 145.52,
    "SBR": 0.117776,
    "LUNA": 81.37,
    "UST": 1,
    "RAY": 5.22
  },
  "sharePricesByGlobalId": {
    "mainnet_income_call_sol": 1.04444,
    "mainnet_income_call_marinade": 1.03017,
    "mainnet_income_call_btc": 1.06814,
    "mainnet_income_call_sbr": 1.04667,
    "mainnet_income_call_ftt": 1.02068,
    "mainnet_income_call_luna": 1.02692,
    "mainnet_income_put_luna": 1,
    "mainnet_income_put_mngo": 1.00201,
    "mainnet_income_call_socean": 1.01629,
    "mainnet_income_call_srm": 1.01304,
    "mainnet_income_call_mngo": 1.01322,
    "mainnet_income_call_ray": 1.00275,
    "mainnet_income_call_eth": 1.01502,
    "mainnet_income_put_sol": 1.00281,
    "mainnet_income_put_btc": 1.00329
  },
  "depositTokenByGlobalId": {
    "mainnet_income_call_sol": 168522.90837887,
    "mainnet_income_call_marinade": 162080.118744506,
    "mainnet_income_call_btc": 425.628259,
    "mainnet_income_call_sbr": 19999999.492037,
    "mainnet_income_call_ftt": 72823.73046,
    "mainnet_income_call_luna": 81804.681863,
    "mainnet_income_put_luna": 90791.088791,
    "mainnet_income_put_mngo": 397676.27,
    "mainnet_income_call_socean": 10999.997467117,
    "mainnet_income_call_srm": 4201305.234487,
    "mainnet_income_call_mngo": 8999662.230881,
    "mainnet_income_call_ray": 18471.394788,
    "mainnet_income_call_eth": 1743.385009,
    "mainnet_income_put_sol": 11448315.58,
    "mainnet_income_put_btc": 1125275.54
  },
  "usdValueByGlobalId": {
    "mainnet_income_call_sol": 23999347.38,
    "mainnet_income_call_marinade": 23738254.19,
    "mainnet_income_call_btc": 18141127.66,
    "mainnet_income_call_sbr": 2355519.94,
    "mainnet_income_call_ftt": 3324403.3,
    "mainnet_income_call_luna": 6656446.96,
    "mainnet_income_put_luna": 90791.09,
    "mainnet_income_put_mngo": 397676.27,
    "mainnet_income_call_socean": 1600719.63,
    "mainnet_income_call_srm": 12813980.97,
    "mainnet_income_call_mngo": 1788214.89,
    "mainnet_income_call_ray": 96420.68,
    "mainnet_income_call_eth": 5694122.08,
    "mainnet_income_put_sol": 11448315.58,
    "mainnet_income_put_btc": 1125275.54
  },
  "globalIdToDepositTokenCoingeckoId": {
    "mainnet_income_call_sol": "solana",
    "mainnet_income_call_marinade": "msol",
    "mainnet_income_call_btc": "bitcoin",
    "mainnet_income_call_sbr": "saber",
    "mainnet_income_call_ftt": "ftx-token",
    "mainnet_income_call_luna": "terra-luna",
    "mainnet_income_put_luna": "terrausd",
    "mainnet_income_put_mngo": "usd-coin",
    "mainnet_income_call_socean": "socean-staked-sol",
    "mainnet_income_call_srm": "serum",
    "mainnet_income_call_mngo": "mango-markets",
    "mainnet_income_call_ray": "raydium",
    "mainnet_income_call_eth": "ethereum",
    "mainnet_income_put_sol": "usd-coin",
    "mainnet_income_put_btc": "usd-coin"
  }
}