{
  "totalTvlUSD": 89775271.39,
  "coinsByCoingeckoId": {
    "solana": 190257.047008812,
    "msol": 163904.001405268,
    "bitcoin": 435.853472,
    "saber": 19999998.066329,
    "ftx-token": 67014.245904,
    "terra-luna": 84072.219285,
    "terrausd": 214767.422522,
    "usd-coin": 14298333.060408,
    "socean-staked-sol": 10999.999764954,
    "serum": 4236230.33355,
    "mango-markets": 7874157.260761,
    "raydium": 21726.294011,
    "ethereum": 1768.087562
  },
  "pricesByCoingeckoId": {
    "BTC": 37382,
    "SOL": 94.66,
    "ETH": 2465.67,
    "mSOL": 97.12,
    "FTT": 36.7,
    "SRM": 2.18,
    "USDC": 1,
    "MNGO": 0.153232,
    "scnSOL": 95.94,
    "SBR": 0.068045,
    "LUNA": 62.87,
    "UST": 1,
    "RAY": 3.62
  },
  "sharePricesByGlobalId": {
    "mainnet_income_call_sol": 1.05252,
    "mainnet_income_call_marinade": 1.03727,
    "mainnet_income_call_btc": 1.0696,
    "mainnet_income_call_sbr": 1.05044,
    "mainnet_income_call_ftt": 1.02696,
    "mainnet_income_call_luna": 1.0374,
    "mainnet_income_put_luna": 1,
    "mainnet_income_put_mngo": 1.00322,
    "mainnet_income_call_socean": 1.02395,
    "mainnet_income_call_srm": 1.02041,
    "mainnet_income_call_mngo": 1.01533,
    "mainnet_income_call_ray": 1.01764,
    "mainnet_income_call_eth": 1.0165,
    "mainnet_income_put_sol": 1.01183,
    "mainnet_income_put_btc": 1.00606
  },
  "depositTokenByGlobalId": {
    "mainnet_income_call_sol": 190257.047008812,
    "mainnet_income_call_marinade": 163904.001405268,
    "mainnet_income_call_btc": 435.853472,
    "mainnet_income_call_sbr": 19999998.066329,
    "mainnet_income_call_ftt": 67014.245904,
    "mainnet_income_call_luna": 84072.219285,
    "mainnet_income_put_luna": 214767.422522,
    "mainnet_income_put_mngo": 249435.27,
    "mainnet_income_call_socean": 10999.999764954,
    "mainnet_income_call_srm": 4236230.33355,
    "mainnet_income_call_mngo": 7874157.260761,
    "mainnet_income_call_ray": 21726.294011,
    "mainnet_income_call_eth": 1768.087562,
    "mainnet_income_put_sol": 12910176.26,
    "mainnet_income_put_btc": 1138721.52
  },
  "usdValueByGlobalId": {
    "mainnet_income_call_sol": 18009732.07,
    "mainnet_income_call_marinade": 15918356.62,
    "mainnet_income_call_btc": 16293074.49,
    "mainnet_income_call_sbr": 1360899.87,
    "mainnet_income_call_ftt": 2459422.82,
    "mainnet_income_call_luna": 5285620.43,
    "mainnet_income_put_luna": 214767.42,
    "mainnet_income_put_mngo": 249435.27,
    "mainnet_income_call_socean": 1055339.98,
    "mainnet_income_call_srm": 9234982.13,
    "mainnet_income_call_mngo": 1206572.87,
    "mainnet_income_call_ray": 78649.18,
    "mainnet_income_call_eth": 4359520.46,
    "mainnet_income_put_sol": 12910176.26,
    "mainnet_income_put_btc": 1138721.52
  },
  "globalIdToDepositTokenCoingeckoId": {
    "mainnet_income_call_sol": "solana",
    "mainnet_income_call_marinade": "msol",
    "mainnet_income_call_btc": "bitcoin",
    "mainnet_income_call_sbr": "saber",
    "mainnet_income_call_ftt": "ftx-token",
    "mainnet_income_call_luna": "terra-luna",
    "mainnet_income_put_luna": "terrausd",
    "mainnet_income_put_mngo": "usd-coin",
    "mainnet_income_call_socean": "socean-staked-sol",
    "mainnet_income_call_srm": "serum",
    "mainnet_income_call_mngo": "mango-markets",
    "mainnet_income_call_ray": "raydium",
    "mainnet_income_call_eth": "ethereum",
    "mainnet_income_put_sol": "usd-coin",
    "mainnet_income_put_btc": "usd-coin"
  }
}