{
  "totalTvlUSD": 90001803.47,
  "coinsByCoingeckoId": {
    "solana": 186286.972158812,
    "msol": 162295.772576318,
    "bitcoin": 430.255061,
    "saber": 18682644.523842,
    "ftx-token": 65688.891241,
    "terra-luna": 78108.17004,
    "terrausd": 207795.105378,
    "usd-coin": 14028878.496938,
    "socean-staked-sol": 10999.999764954,
    "serum": 4227381.42179,
    "mango-markets": 7786614.704167,
    "raydium": 20953.675782,
    "ethereum": 1762.014934
  },
  "pricesByCoingeckoId": {
    "BTC": 35579,
    "SOL": 99.18,
    "ETH": 2464.12,
    "mSOL": 103.47,
    "FTT": 35.17,
    "SRM": 2.23,
    "USDC": 1,
    "MNGO": 0.160971,
    "scnSOL": 101.98,
    "SBR": 0.073613,
    "LUNA": 67.6,
    "UST": 0.998326,
    "RAY": 3.77
  },
  "sharePricesByGlobalId": {
    "mainnet_income_call_sol": 1.05252,
    "mainnet_income_call_marinade": 1.03727,
    "mainnet_income_call_btc": 1.0696,
    "mainnet_income_call_sbr": 1.05044,
    "mainnet_income_call_ftt": 1.02696,
    "mainnet_income_call_luna": 1.0374,
    "mainnet_income_put_luna": 1,
    "mainnet_income_put_mngo": 1.00322,
    "mainnet_income_call_socean": 1.02395,
    "mainnet_income_call_srm": 1.02041,
    "mainnet_income_call_mngo": 1.01533,
    "mainnet_income_call_ray": 1.01764,
    "mainnet_income_call_eth": 1.0165,
    "mainnet_income_put_sol": 1.01183,
    "mainnet_income_put_btc": 1.00606
  },
  "depositTokenByGlobalId": {
    "mainnet_income_call_sol": 186286.972158812,
    "mainnet_income_call_marinade": 162295.772576318,
    "mainnet_income_call_btc": 430.255061,
    "mainnet_income_call_sbr": 18682644.523842,
    "mainnet_income_call_ftt": 65688.891241,
    "mainnet_income_call_luna": 78108.17004,
    "mainnet_income_put_luna": 207795.105378,
    "mainnet_income_put_mngo": 248683.41,
    "mainnet_income_call_socean": 10999.999764954,
    "mainnet_income_call_srm": 4227381.42179,
    "mainnet_income_call_mngo": 7786614.704167,
    "mainnet_income_call_ray": 20953.675782,
    "mainnet_income_call_eth": 1762.014934,
    "mainnet_income_put_sol": 12642004.25,
    "mainnet_income_put_btc": 1138190.84
  },
  "usdValueByGlobalId": {
    "mainnet_income_call_sol": 18475941.9,
    "mainnet_income_call_marinade": 16792743.59,
    "mainnet_income_call_btc": 15308044.82,
    "mainnet_income_call_sbr": 1375285.51,
    "mainnet_income_call_ftt": 2310278.3,
    "mainnet_income_call_luna": 5280112.29,
    "mainnet_income_put_luna": 207447.26,
    "mainnet_income_put_mngo": 248683.41,
    "mainnet_income_call_socean": 1121779.98,
    "mainnet_income_call_srm": 9427060.57,
    "mainnet_income_call_mngo": 1253419.16,
    "mainnet_income_call_ray": 78995.36,
    "mainnet_income_call_eth": 4341816.24,
    "mainnet_income_put_sol": 12642004.25,
    "mainnet_income_put_btc": 1138190.84
  },
  "globalIdToDepositTokenCoingeckoId": {
    "mainnet_income_call_sol": "solana",
    "mainnet_income_call_marinade": "msol",
    "mainnet_income_call_btc": "bitcoin",
    "mainnet_income_call_sbr": "saber",
    "mainnet_income_call_ftt": "ftx-token",
    "mainnet_income_call_luna": "terra-luna",
    "mainnet_income_put_luna": "terrausd",
    "mainnet_income_put_mngo": "usd-coin",
    "mainnet_income_call_socean": "socean-staked-sol",
    "mainnet_income_call_srm": "serum",
    "mainnet_income_call_mngo": "mango-markets",
    "mainnet_income_call_ray": "raydium",
    "mainnet_income_call_eth": "ethereum",
    "mainnet_income_put_sol": "usd-coin",
    "mainnet_income_put_btc": "usd-coin"
  }
}