{
  "totalTvlUSD": 108740941.72,
  "coinsByCoingeckoId": {
    "solana": 142676.39521187,
    "msol": 159842.655823367,
    "bitcoin": 417.029802,
    "saber": 19999999.492037,
    "ftx-token": 67885.581116,
    "usd-coin": 12224826.038408998,
    "terra-luna": 70120.384418,
    "socean-staked-sol": 10999.987641614,
    "serum": 4064978.055918,
    "mango-markets": 8821372.022007,
    "raydium": 17488.102345,
    "ethereum": 1697.802106
  },
  "pricesByCoingeckoId": {
    "BTC": 43075,
    "SOL": 147.45,
    "ETH": 3328.13,
    "mSOL": 151.23,
    "FTT": 45.68,
    "SRM": 3.22,
    "USDC": 1,
    "MNGO": 0.194661,
    "scnSOL": 150.77,
    "SBR": 0.100405,
    "LUNA": 85.88,
    "RAY": 5.46
  },
  "sharePricesByGlobalId": {
    "mainnet_income_call_sol": 1.04444,
    "mainnet_income_call_marinade": 1.03017,
    "mainnet_income_call_btc": 1.06814,
    "mainnet_income_call_sbr": 1.04667,
    "mainnet_income_call_ftt": 1.02068,
    "mainnet_income_put_mngo": 1.00201,
    "mainnet_income_call_luna": 1.02692,
    "mainnet_income_call_socean": 1.01629,
    "mainnet_income_call_srm": 1.01304,
    "mainnet_income_call_mngo": 1.01322,
    "mainnet_income_call_ray": 1.00275,
    "mainnet_income_call_eth": 1.01502,
    "mainnet_income_put_sol": 1.00281,
    "mainnet_income_put_btc": 1.00329
  },
  "depositTokenByGlobalId": {
    "mainnet_income_call_sol": 142676.39521187,
    "mainnet_income_call_marinade": 159842.655823367,
    "mainnet_income_call_btc": 417.029802,
    "mainnet_income_call_sbr": 19999999.492037,
    "mainnet_income_call_ftt": 67885.581116,
    "mainnet_income_put_mngo": 392112.07,
    "mainnet_income_call_luna": 70120.384418,
    "mainnet_income_call_socean": 10999.987641614,
    "mainnet_income_call_srm": 4064978.055918,
    "mainnet_income_call_mngo": 8821372.022007,
    "mainnet_income_call_ray": 17488.102345,
    "mainnet_income_call_eth": 1697.802106,
    "mainnet_income_put_sol": 10708229.83,
    "mainnet_income_put_btc": 1124484.14
  },
  "usdValueByGlobalId": {
    "mainnet_income_call_sol": 21037634.47,
    "mainnet_income_call_marinade": 24173004.84,
    "mainnet_income_call_btc": 17963558.72,
    "mainnet_income_call_sbr": 2008099.95,
    "mainnet_income_call_ftt": 3101013.35,
    "mainnet_income_put_mngo": 392112.07,
    "mainnet_income_call_luna": 6021938.61,
    "mainnet_income_call_socean": 1658468.14,
    "mainnet_income_call_srm": 13089229.34,
    "mainnet_income_call_mngo": 1717177.1,
    "mainnet_income_call_ray": 95485.04,
    "mainnet_income_call_eth": 5650506.12,
    "mainnet_income_put_sol": 10708229.83,
    "mainnet_income_put_btc": 1124484.14
  },
  "globalIdToDepositTokenCoingeckoId": {
    "mainnet_income_call_sol": "solana",
    "mainnet_income_call_marinade": "msol",
    "mainnet_income_call_btc": "bitcoin",
    "mainnet_income_call_sbr": "saber",
    "mainnet_income_call_ftt": "ftx-token",
    "mainnet_income_put_mngo": "usd-coin",
    "mainnet_income_call_luna": "terra-luna",
    "mainnet_income_call_socean": "socean-staked-sol",
    "mainnet_income_call_srm": "serum",
    "mainnet_income_call_mngo": "mango-markets",
    "mainnet_income_call_ray": "raydium",
    "mainnet_income_call_eth": "ethereum",
    "mainnet_income_put_sol": "usd-coin",
    "mainnet_income_put_btc": "usd-coin"
  }
}