{
  "totalTvlUSD": 90226966.6,
  "coinsByCoingeckoId": {
    "solana": 124878.612350644,
    "msol": 135968.131922292,
    "bitcoin": 354.279198,
    "saber": 11000000,
    "ftx-token": 71563.701874,
    "usd-coin": 12774039.779015,
    "terra-luna": 39999.989397,
    "socean-staked-sol": 5499.870099232,
    "serum": 3965494.011937,
    "mango-markets": 5999999.148087,
    "raydium": 18918.099566,
    "ethereum": 1406.76072
  },
  "pricesByCoingeckoId": {
    "BTC": 41855,
    "SOL": 140.88,
    "ETH": 3212.92,
    "mSOL": 144.29,
    "FTT": 36.1,
    "SRM": 3.15,
    "USDC": 1,
    "MNGO": 0.191967,
    "scnSOL": 143.64,
    "SBR": 0.089268,
    "LUNA": 69.79,
    "RAY": 5.44
  },
  "sharePricesByGlobalId": {
    "mainnet_income_call_sol": 1.03708,
    "mainnet_income_call_marinade": 1.02581,
    "mainnet_income_call_btc": 1.0644,
    "mainnet_income_call_sbr": 1,
    "mainnet_income_call_ftt": 1.01481,
    "mainnet_income_put_mngo": 1,
    "mainnet_income_call_luna": 1.01873,
    "mainnet_income_call_socean": 1.01266,
    "mainnet_income_call_srm": 1.00834,
    "mainnet_income_call_mngo": 1.01232,
    "mainnet_income_call_ray": 1,
    "mainnet_income_call_eth": 1.01181,
    "mainnet_income_put_sol": 1,
    "mainnet_income_put_btc": 1
  },
  "depositTokenByGlobalId": {
    "mainnet_income_call_sol": 124878.612350644,
    "mainnet_income_call_marinade": 135968.131922292,
    "mainnet_income_call_btc": 354.279198,
    "mainnet_income_call_sbr": 11000000,
    "mainnet_income_call_ftt": 71563.701874,
    "mainnet_income_put_mngo": 423015.84,
    "mainnet_income_call_luna": 39999.989397,
    "mainnet_income_call_socean": 5499.870099232,
    "mainnet_income_call_srm": 3965494.011937,
    "mainnet_income_call_mngo": 5999999.148087,
    "mainnet_income_call_ray": 18918.099566,
    "mainnet_income_call_eth": 1406.76072,
    "mainnet_income_put_sol": 9999999.86,
    "mainnet_income_put_btc": 2351024.08
  },
  "usdValueByGlobalId": {
    "mainnet_income_call_sol": 17592898.91,
    "mainnet_income_call_marinade": 19618841.76,
    "mainnet_income_call_btc": 14828355.83,
    "mainnet_income_call_sbr": 981948,
    "mainnet_income_call_ftt": 2583449.64,
    "mainnet_income_put_mngo": 423015.84,
    "mainnet_income_call_luna": 2791599.26,
    "mainnet_income_call_socean": 790001.34,
    "mainnet_income_call_srm": 12491306.14,
    "mainnet_income_call_mngo": 1151801.84,
    "mainnet_income_call_ray": 102914.46,
    "mainnet_income_call_eth": 4519809.65,
    "mainnet_income_put_sol": 9999999.86,
    "mainnet_income_put_btc": 2351024.08
  }
}