{
  "totalTvlUSD": 86536460.77,
  "coinsByCoingeckoId": {
    "solana": 183897.688158812,
    "msol": 159723.727532943,
    "bitcoin": 427.531373,
    "saber": 18497550.75813,
    "ftx-token": 65601.981265,
    "terra-luna": 77747.228995,
    "terrausd": 207434.622707,
    "usd-coin": 13994429.432895,
    "socean-staked-sol": 10999.999764954,
    "serum": 4226942.298613,
    "mango-markets": 7784756.149321,
    "raydium": 20933.234226,
    "ethereum": 1754.805352
  },
  "pricesByCoingeckoId": {
    "BTC": 35068,
    "SOL": 94.98,
    "ETH": 2404.08,
    "mSOL": 97.43,
    "FTT": 33.57,
    "SRM": 2.18,
    "USDC": 1,
    "MNGO": 0.162361,
    "scnSOL": 96.84,
    "SBR": 0.081348,
    "LUNA": 61.29,
    "UST": 1,
    "RAY": 3.76
  },
  "sharePricesByGlobalId": {
    "mainnet_income_call_sol": 1.05252,
    "mainnet_income_call_marinade": 1.03727,
    "mainnet_income_call_btc": 1.0696,
    "mainnet_income_call_sbr": 1.05044,
    "mainnet_income_call_ftt": 1.02696,
    "mainnet_income_call_luna": 1.0374,
    "mainnet_income_put_luna": 1,
    "mainnet_income_put_mngo": 1.00322,
    "mainnet_income_call_socean": 1.02395,
    "mainnet_income_call_srm": 1.02041,
    "mainnet_income_call_mngo": 1.01533,
    "mainnet_income_call_ray": 1.01764,
    "mainnet_income_call_eth": 1.0165,
    "mainnet_income_put_sol": 1.01183,
    "mainnet_income_put_btc": 1.00606
  },
  "depositTokenByGlobalId": {
    "mainnet_income_call_sol": 183897.688158812,
    "mainnet_income_call_marinade": 159723.727532943,
    "mainnet_income_call_btc": 427.531373,
    "mainnet_income_call_sbr": 18497550.75813,
    "mainnet_income_call_ftt": 65601.981265,
    "mainnet_income_call_luna": 77747.228995,
    "mainnet_income_put_luna": 207434.622707,
    "mainnet_income_put_mngo": 248683.41,
    "mainnet_income_call_socean": 10999.999764954,
    "mainnet_income_call_srm": 4226942.298613,
    "mainnet_income_call_mngo": 7784756.149321,
    "mainnet_income_call_ray": 20933.234226,
    "mainnet_income_call_eth": 1754.805352,
    "mainnet_income_put_sol": 12607555.18,
    "mainnet_income_put_btc": 1138190.84
  },
  "usdValueByGlobalId": {
    "mainnet_income_call_sol": 17466602.42,
    "mainnet_income_call_marinade": 15561882.77,
    "mainnet_income_call_btc": 14992670.19,
    "mainnet_income_call_sbr": 1504738.76,
    "mainnet_income_call_ftt": 2202258.51,
    "mainnet_income_call_luna": 4765127.67,
    "mainnet_income_put_luna": 207434.62,
    "mainnet_income_put_mngo": 248683.41,
    "mainnet_income_call_socean": 1065239.98,
    "mainnet_income_call_srm": 9214734.21,
    "mainnet_income_call_mngo": 1263940.79,
    "mainnet_income_call_ray": 78708.96,
    "mainnet_income_call_eth": 4218692.45,
    "mainnet_income_put_sol": 12607555.18,
    "mainnet_income_put_btc": 1138190.84
  },
  "globalIdToDepositTokenCoingeckoId": {
    "mainnet_income_call_sol": "solana",
    "mainnet_income_call_marinade": "msol",
    "mainnet_income_call_btc": "bitcoin",
    "mainnet_income_call_sbr": "saber",
    "mainnet_income_call_ftt": "ftx-token",
    "mainnet_income_call_luna": "terra-luna",
    "mainnet_income_put_luna": "terrausd",
    "mainnet_income_put_mngo": "usd-coin",
    "mainnet_income_call_socean": "socean-staked-sol",
    "mainnet_income_call_srm": "serum",
    "mainnet_income_call_mngo": "mango-markets",
    "mainnet_income_call_ray": "raydium",
    "mainnet_income_call_eth": "ethereum",
    "mainnet_income_put_sol": "usd-coin",
    "mainnet_income_put_btc": "usd-coin"
  }
}