{
  "totalTvlUSD": 32230099.22,
  "coinsByCoingeckoId": {
    "solana": 61660.065503664,
    "msol": 58575.7465695,
    "bitcoin": 147.747196,
    "ethereum": 30.272243,
    "ftx-token": 14514.768665,
    "serum": 88611.529405,
    "mango-markets": 400030.360317
  }
}