{
  "totalTvlUSD": 91451382.14,
  "coinsByCoingeckoId": {
    "solana": 189987.002008812,
    "msol": 163125.958231312,
    "bitcoin": 435.843072,
    "saber": 19999999.92845,
    "ftx-token": 66726.395906,
    "terra-luna": 82341.591966,
    "terrausd": 214584.392701,
    "usd-coin": 14258251.543533,
    "socean-staked-sol": 10999.999764954,
    "serum": 4235344.328247,
    "mango-markets": 7849137.621646,
    "raydium": 21700.213178,
    "ethereum": 1767.889112
  },
  "pricesByCoingeckoId": {
    "BTC": 37372,
    "SOL": 99.35,
    "ETH": 2497.07,
    "mSOL": 101.84,
    "FTT": 37.11,
    "SRM": 2.15,
    "USDC": 1,
    "MNGO": 0.155439,
    "scnSOL": 99.85,
    "SBR": 0.066518,
    "LUNA": 66.53,
    "UST": 1,
    "RAY": 3.62
  },
  "sharePricesByGlobalId": {
    "mainnet_income_call_sol": 1.05252,
    "mainnet_income_call_marinade": 1.03727,
    "mainnet_income_call_btc": 1.0696,
    "mainnet_income_call_sbr": 1.05044,
    "mainnet_income_call_ftt": 1.02696,
    "mainnet_income_call_luna": 1.0374,
    "mainnet_income_put_luna": 1,
    "mainnet_income_put_mngo": 1.00322,
    "mainnet_income_call_socean": 1.02395,
    "mainnet_income_call_srm": 1.02041,
    "mainnet_income_call_mngo": 1.01533,
    "mainnet_income_call_ray": 1.01764,
    "mainnet_income_call_eth": 1.0165,
    "mainnet_income_put_sol": 1.01183,
    "mainnet_income_put_btc": 1.00606
  },
  "depositTokenByGlobalId": {
    "mainnet_income_call_sol": 189987.002008812,
    "mainnet_income_call_marinade": 163125.958231312,
    "mainnet_income_call_btc": 435.843072,
    "mainnet_income_call_sbr": 19999999.92845,
    "mainnet_income_call_ftt": 66726.395906,
    "mainnet_income_call_luna": 82341.591966,
    "mainnet_income_put_luna": 214584.392701,
    "mainnet_income_put_mngo": 249185.27,
    "mainnet_income_call_socean": 10999.999764954,
    "mainnet_income_call_srm": 4235344.328247,
    "mainnet_income_call_mngo": 7849137.621646,
    "mainnet_income_call_ray": 21700.213178,
    "mainnet_income_call_eth": 1767.889112,
    "mainnet_income_put_sol": 12870344.75,
    "mainnet_income_put_btc": 1138721.52
  },
  "usdValueByGlobalId": {
    "mainnet_income_call_sol": 18875208.65,
    "mainnet_income_call_marinade": 16612747.59,
    "mainnet_income_call_btc": 16288327.29,
    "mainnet_income_call_sbr": 1330360,
    "mainnet_income_call_ftt": 2476216.55,
    "mainnet_income_call_luna": 5478186.11,
    "mainnet_income_put_luna": 214584.39,
    "mainnet_income_put_mngo": 249185.27,
    "mainnet_income_call_socean": 1098349.98,
    "mainnet_income_call_srm": 9105990.31,
    "mainnet_income_call_mngo": 1220062.1,
    "mainnet_income_call_ray": 78554.77,
    "mainnet_income_call_eth": 4414542.86,
    "mainnet_income_put_sol": 12870344.75,
    "mainnet_income_put_btc": 1138721.52
  },
  "globalIdToDepositTokenCoingeckoId": {
    "mainnet_income_call_sol": "solana",
    "mainnet_income_call_marinade": "msol",
    "mainnet_income_call_btc": "bitcoin",
    "mainnet_income_call_sbr": "saber",
    "mainnet_income_call_ftt": "ftx-token",
    "mainnet_income_call_luna": "terra-luna",
    "mainnet_income_put_luna": "terrausd",
    "mainnet_income_put_mngo": "usd-coin",
    "mainnet_income_call_socean": "socean-staked-sol",
    "mainnet_income_call_srm": "serum",
    "mainnet_income_call_mngo": "mango-markets",
    "mainnet_income_call_ray": "raydium",
    "mainnet_income_call_eth": "ethereum",
    "mainnet_income_put_sol": "usd-coin",
    "mainnet_income_put_btc": "usd-coin"
  }
}