{
  "totalTvlUSD": 32706276.73,
  "coinsByCoingeckoId": {
    "solana": 61807.535503664,
    "msol": 59251.100321959,
    "bitcoin": 147.805997,
    "ethereum": 88.664032,
    "ftx-token": 14919.888753,
    "serum": 92683.493992,
    "mango-markets": 507624.273138
  }
}