{
  "totalTvlUSD": 91877518.58,
  "coinsByCoingeckoId": {
    "solana": 186237.962158812,
    "msol": 162243.772576318,
    "bitcoin": 430.23231,
    "saber": 18680627.782293,
    "ftx-token": 65682.991241,
    "terra-luna": 78061.785029,
    "terrausd": 207706.774465,
    "usd-coin": 14028778.496938,
    "socean-staked-sol": 10999.999764954,
    "serum": 4227381.42179,
    "mango-markets": 7786614.704167,
    "raydium": 20953.675782,
    "ethereum": 1761.994175
  },
  "pricesByCoingeckoId": {
    "BTC": 35928,
    "SOL": 103.43,
    "ETH": 2533.82,
    "mSOL": 106.33,
    "FTT": 35.94,
    "SRM": 2.27,
    "USDC": 1,
    "MNGO": 0.160973,
    "scnSOL": 105.82,
    "SBR": 0.07368,
    "LUNA": 68.64,
    "UST": 1,
    "RAY": 3.84
  },
  "sharePricesByGlobalId": {
    "mainnet_income_call_sol": 1.05252,
    "mainnet_income_call_marinade": 1.03727,
    "mainnet_income_call_btc": 1.0696,
    "mainnet_income_call_sbr": 1.05044,
    "mainnet_income_call_ftt": 1.02696,
    "mainnet_income_call_luna": 1.0374,
    "mainnet_income_put_luna": 1,
    "mainnet_income_put_mngo": 1.00322,
    "mainnet_income_call_socean": 1.02395,
    "mainnet_income_call_srm": 1.02041,
    "mainnet_income_call_mngo": 1.01533,
    "mainnet_income_call_ray": 1.01764,
    "mainnet_income_call_eth": 1.0165,
    "mainnet_income_put_sol": 1.01183,
    "mainnet_income_put_btc": 1.00606
  },
  "depositTokenByGlobalId": {
    "mainnet_income_call_sol": 186237.962158812,
    "mainnet_income_call_marinade": 162243.772576318,
    "mainnet_income_call_btc": 430.23231,
    "mainnet_income_call_sbr": 18680627.782293,
    "mainnet_income_call_ftt": 65682.991241,
    "mainnet_income_call_luna": 78061.785029,
    "mainnet_income_put_luna": 207706.774465,
    "mainnet_income_put_mngo": 248683.41,
    "mainnet_income_call_socean": 10999.999764954,
    "mainnet_income_call_srm": 4227381.42179,
    "mainnet_income_call_mngo": 7786614.704167,
    "mainnet_income_call_ray": 20953.675782,
    "mainnet_income_call_eth": 1761.994175,
    "mainnet_income_put_sol": 12641904.25,
    "mainnet_income_put_btc": 1138190.84
  },
  "usdValueByGlobalId": {
    "mainnet_income_call_sol": 19277491.46,
    "mainnet_income_call_marinade": 17251380.34,
    "mainnet_income_call_btc": 15457386.43,
    "mainnet_income_call_sbr": 1376538.1,
    "mainnet_income_call_ftt": 2360646.71,
    "mainnet_income_call_luna": 5358941.54,
    "mainnet_income_put_luna": 207706.77,
    "mainnet_income_put_mngo": 248683.41,
    "mainnet_income_call_socean": 1164019.98,
    "mainnet_income_call_srm": 9596155.83,
    "mainnet_income_call_mngo": 1253434.73,
    "mainnet_income_call_ray": 80462.12,
    "mainnet_income_call_eth": 4464576.08,
    "mainnet_income_put_sol": 12641904.25,
    "mainnet_income_put_btc": 1138190.84
  },
  "globalIdToDepositTokenCoingeckoId": {
    "mainnet_income_call_sol": "solana",
    "mainnet_income_call_marinade": "msol",
    "mainnet_income_call_btc": "bitcoin",
    "mainnet_income_call_sbr": "saber",
    "mainnet_income_call_ftt": "ftx-token",
    "mainnet_income_call_luna": "terra-luna",
    "mainnet_income_put_luna": "terrausd",
    "mainnet_income_put_mngo": "usd-coin",
    "mainnet_income_call_socean": "socean-staked-sol",
    "mainnet_income_call_srm": "serum",
    "mainnet_income_call_mngo": "mango-markets",
    "mainnet_income_call_ray": "raydium",
    "mainnet_income_call_eth": "ethereum",
    "mainnet_income_put_sol": "usd-coin",
    "mainnet_income_put_btc": "usd-coin"
  }
}