{
  "totalTvlUSD": 84521526.51,
  "coinsByCoingeckoId": {
    "solana": 183903.049158812,
    "msol": 159802.545656065,
    "bitcoin": 427.534551,
    "saber": 18524131.395907,
    "ftx-token": 65603.463145,
    "terra-luna": 77919.752256,
    "terrausd": 207614.934803,
    "usd-coin": 13998550.623904,
    "socean-staked-sol": 10999.999764954,
    "serum": 4227025.55882,
    "mango-markets": 7786137.999301,
    "raydium": 20949.158176,
    "ethereum": 1754.805352
  },
  "pricesByCoingeckoId": {
    "BTC": 34686,
    "SOL": 90.66,
    "ETH": 2356.09,
    "mSOL": 93.22,
    "FTT": 33.08,
    "SRM": 2.16,
    "USDC": 1,
    "MNGO": 0.157986,
    "scnSOL": 91.28,
    "SBR": 0.075043,
    "LUNA": 61.33,
    "UST": 1.01,
    "RAY": 3.64
  },
  "sharePricesByGlobalId": {
    "mainnet_income_call_sol": 1.05252,
    "mainnet_income_call_marinade": 1.03727,
    "mainnet_income_call_btc": 1.0696,
    "mainnet_income_call_sbr": 1.05044,
    "mainnet_income_call_ftt": 1.02696,
    "mainnet_income_call_luna": 1.0374,
    "mainnet_income_put_luna": 1,
    "mainnet_income_put_mngo": 1.00322,
    "mainnet_income_call_socean": 1.02395,
    "mainnet_income_call_srm": 1.02041,
    "mainnet_income_call_mngo": 1.01533,
    "mainnet_income_call_ray": 1.01764,
    "mainnet_income_call_eth": 1.0165,
    "mainnet_income_put_sol": 1.01183,
    "mainnet_income_put_btc": 1.00606
  },
  "depositTokenByGlobalId": {
    "mainnet_income_call_sol": 183903.049158812,
    "mainnet_income_call_marinade": 159802.545656065,
    "mainnet_income_call_btc": 427.534551,
    "mainnet_income_call_sbr": 18524131.395907,
    "mainnet_income_call_ftt": 65603.463145,
    "mainnet_income_call_luna": 77919.752256,
    "mainnet_income_put_luna": 207614.934803,
    "mainnet_income_put_mngo": 248683.41,
    "mainnet_income_call_socean": 10999.999764954,
    "mainnet_income_call_srm": 4227025.55882,
    "mainnet_income_call_mngo": 7786137.999301,
    "mainnet_income_call_ray": 20949.158176,
    "mainnet_income_call_eth": 1754.805352,
    "mainnet_income_put_sol": 12611676.37,
    "mainnet_income_put_btc": 1138190.84
  },
  "usdValueByGlobalId": {
    "mainnet_income_call_sol": 16672650.44,
    "mainnet_income_call_marinade": 14896793.31,
    "mainnet_income_call_btc": 14829463.44,
    "mainnet_income_call_sbr": 1390106.39,
    "mainnet_income_call_ftt": 2170162.56,
    "mainnet_income_call_luna": 4778818.41,
    "mainnet_income_put_luna": 209691.08,
    "mainnet_income_put_mngo": 248683.41,
    "mainnet_income_call_socean": 1004079.98,
    "mainnet_income_call_srm": 9130375.21,
    "mainnet_income_call_mngo": 1230100.8,
    "mainnet_income_call_ray": 76254.94,
    "mainnet_income_call_eth": 4134479.34,
    "mainnet_income_put_sol": 12611676.37,
    "mainnet_income_put_btc": 1138190.84
  },
  "globalIdToDepositTokenCoingeckoId": {
    "mainnet_income_call_sol": "solana",
    "mainnet_income_call_marinade": "msol",
    "mainnet_income_call_btc": "bitcoin",
    "mainnet_income_call_sbr": "saber",
    "mainnet_income_call_ftt": "ftx-token",
    "mainnet_income_call_luna": "terra-luna",
    "mainnet_income_put_luna": "terrausd",
    "mainnet_income_put_mngo": "usd-coin",
    "mainnet_income_call_socean": "socean-staked-sol",
    "mainnet_income_call_srm": "serum",
    "mainnet_income_call_mngo": "mango-markets",
    "mainnet_income_call_ray": "raydium",
    "mainnet_income_call_eth": "ethereum",
    "mainnet_income_put_sol": "usd-coin",
    "mainnet_income_put_btc": "usd-coin"
  }
}