{
  "totalTvlUSD": 45993089.07,
  "coinsByCoingeckoId": {
    "solana": 83922.186343664,
    "msol": 84999.999902565,
    "bitcoin": 203.643773,
    "ethereum": 362.877792,
    "ftx-token": 24828.702639,
    "serum": 212815.97836,
    "mango-markets": 1595852.656309
  },
  "pricesByCoingeckoId": {
    "BTC": 49103,
    "SOL": 189.26,
    "ETH": 3912.03,
    "mSOL": 193.74,
    "FTT": 40.59,
    "SRM": 3.81,
    "USDC": 1,
    "MNGO": 0.25337
  },
  "sharePricesByGlobalId": {
    "mainnet_income_call_sol": 1.02193,
    "mainnet_income_call_marinade": 1.01091,
    "mainnet_income_call_btc": 1.05125,
    "mainnet_income_call_eth": 1.006,
    "mainnet_income_call_ftt": 1,
    "mainnet_income_call_srm": 1,
    "mainnet_income_call_mngo": 1
  }
}