{
  "totalTvlUSD": 111957598.4,
  "coinsByCoingeckoId": {
    "solana": 146680.614859574,
    "msol": 157403.859713652,
    "bitcoin": 413.722282,
    "saber": 20000000,
    "ftx-token": 80516.482903,
    "usd-coin": 15463664.487868,
    "terra-luna": 69021.540074,
    "socean-staked-sol": 10525.344352555,
    "serum": 4033017.937429,
    "mango-markets": 8052264.425479,
    "raydium": 19383.995558,
    "ethereum": 1693.281505
  },
  "pricesByCoingeckoId": {
    "BTC": 42957,
    "SOL": 150.38,
    "ETH": 3316.68,
    "mSOL": 153.41,
    "FTT": 42.84,
    "SRM": 3.18,
    "USDC": 1,
    "MNGO": 0.19923,
    "scnSOL": 152.9,
    "SBR": 0.084786,
    "LUNA": 81.31,
    "RAY": 5.4
  },
  "sharePricesByGlobalId": {
    "mainnet_income_call_sol": 1.04513,
    "mainnet_income_call_marinade": 1.03062,
    "mainnet_income_call_btc": 1.06847,
    "mainnet_income_call_sbr": 1.05102,
    "mainnet_income_call_ftt": 1.02095,
    "mainnet_income_put_mngo": 1,
    "mainnet_income_call_luna": 1.02766,
    "mainnet_income_call_socean": 1.01667,
    "mainnet_income_call_srm": 1.01356,
    "mainnet_income_call_mngo": 1.0133,
    "mainnet_income_call_ray": 1.00283,
    "mainnet_income_call_eth": 1.01536,
    "mainnet_income_put_sol": 0.99999,
    "mainnet_income_put_btc": 1
  },
  "depositTokenByGlobalId": {
    "mainnet_income_call_sol": 146680.614859574,
    "mainnet_income_call_marinade": 157403.859713652,
    "mainnet_income_call_btc": 413.722282,
    "mainnet_income_call_sbr": 20000000,
    "mainnet_income_call_ftt": 80516.482903,
    "mainnet_income_put_mngo": 465005.97,
    "mainnet_income_call_luna": 69021.540074,
    "mainnet_income_call_socean": 10525.344352555,
    "mainnet_income_call_srm": 4033017.937429,
    "mainnet_income_call_mngo": 8052264.425479,
    "mainnet_income_call_ray": 19383.995558,
    "mainnet_income_call_eth": 1693.281505,
    "mainnet_income_put_sol": 12632638.73,
    "mainnet_income_put_btc": 2366019.79
  },
  "usdValueByGlobalId": {
    "mainnet_income_call_sol": 22057830.86,
    "mainnet_income_call_marinade": 24147326.12,
    "mainnet_income_call_btc": 17772268.07,
    "mainnet_income_call_sbr": 1695720,
    "mainnet_income_call_ftt": 3449326.13,
    "mainnet_income_put_mngo": 465005.97,
    "mainnet_income_call_luna": 5612141.42,
    "mainnet_income_call_socean": 1609325.15,
    "mainnet_income_call_srm": 12824997.04,
    "mainnet_income_call_mngo": 1604252.64,
    "mainnet_income_call_ray": 104673.58,
    "mainnet_income_call_eth": 5616072.9,
    "mainnet_income_put_sol": 12632638.73,
    "mainnet_income_put_btc": 2366019.79
  },
  "globalIdToDepositTokenCoingeckoId": {
    "mainnet_income_call_sol": "solana",
    "mainnet_income_call_marinade": "msol",
    "mainnet_income_call_btc": "bitcoin",
    "mainnet_income_call_sbr": "saber",
    "mainnet_income_call_ftt": "ftx-token",
    "mainnet_income_put_mngo": "usd-coin",
    "mainnet_income_call_luna": "terra-luna",
    "mainnet_income_call_socean": "socean-staked-sol",
    "mainnet_income_call_srm": "serum",
    "mainnet_income_call_mngo": "mango-markets",
    "mainnet_income_call_ray": "raydium",
    "mainnet_income_call_eth": "ethereum",
    "mainnet_income_put_sol": "usd-coin",
    "mainnet_income_put_btc": "usd-coin"
  }
}