{
  "totalTvlUSD": 102202155.57,
  "coinsByCoingeckoId": {
    "solana": 137034.837759574,
    "msol": 146322.025962925,
    "bitcoin": 371.518574,
    "saber": 11193443.911679,
    "ftx-token": 76697.451325,
    "usd-coin": 14011657.240208,
    "terra-luna": 60171.477937,
    "socean-staked-sol": 8581.183384271,
    "serum": 3976533.073675,
    "mango-markets": 6019474.318135,
    "raydium": 19310.493998,
    "ethereum": 1493.006746
  },
  "pricesByCoingeckoId": {
    "BTC": 43581,
    "SOL": 149.25,
    "ETH": 3336.81,
    "mSOL": 152.56,
    "FTT": 41.12,
    "SRM": 3.18,
    "USDC": 1,
    "MNGO": 0.209306,
    "scnSOL": 152,
    "SBR": 0.083288,
    "LUNA": 80.45,
    "RAY": 5.47
  },
  "sharePricesByGlobalId": {
    "mainnet_income_call_sol": 1.03708,
    "mainnet_income_call_marinade": 1.02581,
    "mainnet_income_call_btc": 1.0644,
    "mainnet_income_call_sbr": 1,
    "mainnet_income_call_ftt": 1.01481,
    "mainnet_income_put_mngo": 1,
    "mainnet_income_call_luna": 1.01873,
    "mainnet_income_call_socean": 1.01266,
    "mainnet_income_call_srm": 1.00834,
    "mainnet_income_call_mngo": 1.01232,
    "mainnet_income_call_ray": 1,
    "mainnet_income_call_eth": 1.01181,
    "mainnet_income_put_sol": 0.99999,
    "mainnet_income_put_btc": 1
  },
  "depositTokenByGlobalId": {
    "mainnet_income_call_sol": 137034.837759574,
    "mainnet_income_call_marinade": 146322.025962925,
    "mainnet_income_call_btc": 371.518574,
    "mainnet_income_call_sbr": 11193443.911679,
    "mainnet_income_call_ftt": 76697.451325,
    "mainnet_income_put_mngo": 429804.43,
    "mainnet_income_call_luna": 60171.477937,
    "mainnet_income_call_socean": 8581.183384271,
    "mainnet_income_call_srm": 3976533.073675,
    "mainnet_income_call_mngo": 6019474.318135,
    "mainnet_income_call_ray": 19310.493998,
    "mainnet_income_call_eth": 1493.006746,
    "mainnet_income_put_sol": 11227465.02,
    "mainnet_income_put_btc": 2354387.79
  },
  "usdValueByGlobalId": {
    "mainnet_income_call_sol": 20452449.54,
    "mainnet_income_call_marinade": 22322888.28,
    "mainnet_income_call_btc": 16191150.97,
    "mainnet_income_call_sbr": 932279.56,
    "mainnet_income_call_ftt": 3153799.2,
    "mainnet_income_put_mngo": 429804.43,
    "mainnet_income_call_luna": 4840795.4,
    "mainnet_income_call_socean": 1304339.87,
    "mainnet_income_call_srm": 12645375.17,
    "mainnet_income_call_mngo": 1259912.09,
    "mainnet_income_call_ray": 105628.4,
    "mainnet_income_call_eth": 4981879.84,
    "mainnet_income_put_sol": 11227465.02,
    "mainnet_income_put_btc": 2354387.79
  }
}