{
  "totalTvlUSD": 91690779.41,
  "coinsByCoingeckoId": {
    "solana": 125064.229350644,
    "msol": 135968.818628195,
    "bitcoin": 354.279327,
    "saber": 11000000,
    "ftx-token": 71563.701874,
    "usd-coin": 12774239.779015,
    "terra-luna": 39999.989397,
    "socean-staked-sol": 5499.870099232,
    "serum": 3965494.011937,
    "mango-markets": 5999999.148087,
    "raydium": 18918.099566,
    "ethereum": 1406.7608
  },
  "pricesByCoingeckoId": {
    "BTC": 41997,
    "SOL": 145.27,
    "ETH": 3226.37,
    "mSOL": 148.67,
    "FTT": 36.32,
    "SRM": 3.16,
    "USDC": 1,
    "MNGO": 0.192709,
    "scnSOL": 147.44,
    "SBR": 0.100346,
    "LUNA": 70.29,
    "RAY": 5.49
  },
  "sharePricesByGlobalId": {
    "mainnet_income_call_sol": 1.03708,
    "mainnet_income_call_marinade": 1.02581,
    "mainnet_income_call_btc": 1.0644,
    "mainnet_income_call_sbr": 1,
    "mainnet_income_call_ftt": 1.01481,
    "mainnet_income_put_mngo": 1,
    "mainnet_income_call_luna": 1.01873,
    "mainnet_income_call_socean": 1.01266,
    "mainnet_income_call_srm": 1.00834,
    "mainnet_income_call_mngo": 1.01232,
    "mainnet_income_call_ray": 1,
    "mainnet_income_call_eth": 1.01181,
    "mainnet_income_put_sol": 1,
    "mainnet_income_put_btc": 1
  },
  "depositTokenByGlobalId": {
    "mainnet_income_call_sol": 125064.229350644,
    "mainnet_income_call_marinade": 135968.818628195,
    "mainnet_income_call_btc": 354.279327,
    "mainnet_income_call_sbr": 11000000,
    "mainnet_income_call_ftt": 71563.701874,
    "mainnet_income_put_mngo": 423215.84,
    "mainnet_income_call_luna": 39999.989397,
    "mainnet_income_call_socean": 5499.870099232,
    "mainnet_income_call_srm": 3965494.011937,
    "mainnet_income_call_mngo": 5999999.148087,
    "mainnet_income_call_ray": 18918.099566,
    "mainnet_income_call_eth": 1406.7608,
    "mainnet_income_put_sol": 9999999.86,
    "mainnet_income_put_btc": 2351024.08
  },
  "usdValueByGlobalId": {
    "mainnet_income_call_sol": 18168080.6,
    "mainnet_income_call_marinade": 20214484.27,
    "mainnet_income_call_btc": 14878668.9,
    "mainnet_income_call_sbr": 1103806,
    "mainnet_income_call_ftt": 2599193.65,
    "mainnet_income_put_mngo": 423215.84,
    "mainnet_income_call_luna": 2811599.25,
    "mainnet_income_call_socean": 810900.85,
    "mainnet_income_call_srm": 12530961.08,
    "mainnet_income_call_mngo": 1156253.84,
    "mainnet_income_call_ray": 103860.37,
    "mainnet_income_call_eth": 4538730.84,
    "mainnet_income_put_sol": 9999999.86,
    "mainnet_income_put_btc": 2351024.08
  }
}