{
  "totalTvlUSD": 111154274.62,
  "coinsByCoingeckoId": {
    "solana": 144827.03901187,
    "msol": 160944.267789576,
    "bitcoin": 422.033255,
    "saber": 19999999.492037,
    "ftx-token": 67903.710677,
    "usd-coin": 12482458.120224997,
    "terra-luna": 70391.144418,
    "terrausd": 6470.699475,
    "socean-staked-sol": 10999.987641614,
    "serum": 4066582.98111,
    "mango-markets": 8821372.022007,
    "raydium": 17508.102345,
    "ethereum": 1722.782993
  },
  "pricesByCoingeckoId": {
    "BTC": 43334,
    "SOL": 149.55,
    "ETH": 3346.24,
    "mSOL": 153.09,
    "FTT": 46.53,
    "SRM": 3.22,
    "USDC": 1,
    "MNGO": 0.194085,
    "scnSOL": 151.61,
    "SBR": 0.128218,
    "LUNA": 85.53,
    "UST": 1,
    "RAY": 5.46
  },
  "sharePricesByGlobalId": {
    "mainnet_income_call_sol": 1.04444,
    "mainnet_income_call_marinade": 1.03017,
    "mainnet_income_call_btc": 1.06814,
    "mainnet_income_call_sbr": 1.04667,
    "mainnet_income_call_ftt": 1.02068,
    "mainnet_income_put_mngo": 1.00201,
    "mainnet_income_call_luna": 1.02692,
    "mainnet_income_put_luna": 1,
    "mainnet_income_call_socean": 1.01629,
    "mainnet_income_call_srm": 1.01304,
    "mainnet_income_call_mngo": 1.01322,
    "mainnet_income_call_ray": 1.00275,
    "mainnet_income_call_eth": 1.01502,
    "mainnet_income_put_sol": 1.00281,
    "mainnet_income_put_btc": 1.00329
  },
  "depositTokenByGlobalId": {
    "mainnet_income_call_sol": 144827.03901187,
    "mainnet_income_call_marinade": 160944.267789576,
    "mainnet_income_call_btc": 422.033255,
    "mainnet_income_call_sbr": 19999999.492037,
    "mainnet_income_call_ftt": 67903.710677,
    "mainnet_income_put_mngo": 392112.07,
    "mainnet_income_call_luna": 70391.144418,
    "mainnet_income_put_luna": 6470.699475,
    "mainnet_income_call_socean": 10999.987641614,
    "mainnet_income_call_srm": 4066582.98111,
    "mainnet_income_call_mngo": 8821372.022007,
    "mainnet_income_call_ray": 17508.102345,
    "mainnet_income_call_eth": 1722.782993,
    "mainnet_income_put_sol": 10965861.91,
    "mainnet_income_put_btc": 1124484.14
  },
  "usdValueByGlobalId": {
    "mainnet_income_call_sol": 21658883.68,
    "mainnet_income_call_marinade": 24638957.96,
    "mainnet_income_call_btc": 18288389.07,
    "mainnet_income_call_sbr": 2564359.93,
    "mainnet_income_call_ftt": 3159559.66,
    "mainnet_income_put_mngo": 392112.07,
    "mainnet_income_call_luna": 6020554.58,
    "mainnet_income_put_luna": 6470.7,
    "mainnet_income_call_socean": 1667708.13,
    "mainnet_income_call_srm": 13094397.2,
    "mainnet_income_call_mngo": 1712095.99,
    "mainnet_income_call_ray": 95594.24,
    "mainnet_income_call_eth": 5764845.36,
    "mainnet_income_put_sol": 10965861.91,
    "mainnet_income_put_btc": 1124484.14
  },
  "globalIdToDepositTokenCoingeckoId": {
    "mainnet_income_call_sol": "solana",
    "mainnet_income_call_marinade": "msol",
    "mainnet_income_call_btc": "bitcoin",
    "mainnet_income_call_sbr": "saber",
    "mainnet_income_call_ftt": "ftx-token",
    "mainnet_income_put_mngo": "usd-coin",
    "mainnet_income_call_luna": "terra-luna",
    "mainnet_income_put_luna": "terrausd",
    "mainnet_income_call_socean": "socean-staked-sol",
    "mainnet_income_call_srm": "serum",
    "mainnet_income_call_mngo": "mango-markets",
    "mainnet_income_call_ray": "raydium",
    "mainnet_income_call_eth": "ethereum",
    "mainnet_income_put_sol": "usd-coin",
    "mainnet_income_put_btc": "usd-coin"
  }
}