{
  "totalTvlUSD": 90298596.79,
  "coinsByCoingeckoId": {
    "solana": 194696.827008812,
    "msol": 165927.264768601,
    "bitcoin": 446.446572,
    "saber": 19999999.398257,
    "ftx-token": 67644.195267,
    "terra-luna": 89900.753014,
    "terrausd": 220968.379823,
    "usd-coin": 15268571.865933,
    "socean-staked-sol": 11000,
    "serum": 4240742.895569,
    "mango-markets": 7875859.754746,
    "raydium": 23799.230684,
    "ethereum": 1768.61292
  },
  "pricesByCoingeckoId": {
    "BTC": 36713,
    "SOL": 91.58,
    "ETH": 2457.81,
    "mSOL": 93.82,
    "FTT": 37.37,
    "SRM": 2.13,
    "USDC": 1,
    "MNGO": 0.156493,
    "scnSOL": 93.78,
    "SBR": 0.0666,
    "LUNA": 60.44,
    "UST": 1,
    "RAY": 3.52
  },
  "sharePricesByGlobalId": {
    "mainnet_income_call_sol": 1.05252,
    "mainnet_income_call_marinade": 1.03727,
    "mainnet_income_call_btc": 1.0696,
    "mainnet_income_call_sbr": 1.05044,
    "mainnet_income_call_ftt": 1.02696,
    "mainnet_income_call_luna": 1.0374,
    "mainnet_income_put_luna": 1,
    "mainnet_income_put_mngo": 1.00322,
    "mainnet_income_call_socean": 1.02395,
    "mainnet_income_call_srm": 1.02041,
    "mainnet_income_call_mngo": 1.01533,
    "mainnet_income_call_ray": 1.01764,
    "mainnet_income_call_eth": 1.0165,
    "mainnet_income_put_sol": 1.01183,
    "mainnet_income_put_btc": 1.00606
  },
  "depositTokenByGlobalId": {
    "mainnet_income_call_sol": 194696.827008812,
    "mainnet_income_call_marinade": 165927.264768601,
    "mainnet_income_call_btc": 446.446572,
    "mainnet_income_call_sbr": 19999999.398257,
    "mainnet_income_call_ftt": 67644.195267,
    "mainnet_income_call_luna": 89900.753014,
    "mainnet_income_put_luna": 220968.379823,
    "mainnet_income_put_mngo": 249437.27,
    "mainnet_income_call_socean": 11000,
    "mainnet_income_call_srm": 4240742.895569,
    "mainnet_income_call_mngo": 7875859.754746,
    "mainnet_income_call_ray": 23799.230684,
    "mainnet_income_call_eth": 1768.61292,
    "mainnet_income_put_sol": 13880411.07,
    "mainnet_income_put_btc": 1138723.52
  },
  "usdValueByGlobalId": {
    "mainnet_income_call_sol": 17830335.42,
    "mainnet_income_call_marinade": 15567295.98,
    "mainnet_income_call_btc": 16390393,
    "mainnet_income_call_sbr": 1331999.96,
    "mainnet_income_call_ftt": 2527863.58,
    "mainnet_income_call_luna": 5433601.51,
    "mainnet_income_put_luna": 220968.38,
    "mainnet_income_put_mngo": 249437.27,
    "mainnet_income_call_socean": 1031580,
    "mainnet_income_call_srm": 9032782.37,
    "mainnet_income_call_mngo": 1232516.92,
    "mainnet_income_call_ray": 83773.29,
    "mainnet_income_call_eth": 4346914.52,
    "mainnet_income_put_sol": 13880411.07,
    "mainnet_income_put_btc": 1138723.52
  },
  "globalIdToDepositTokenCoingeckoId": {
    "mainnet_income_call_sol": "solana",
    "mainnet_income_call_marinade": "msol",
    "mainnet_income_call_btc": "bitcoin",
    "mainnet_income_call_sbr": "saber",
    "mainnet_income_call_ftt": "ftx-token",
    "mainnet_income_call_luna": "terra-luna",
    "mainnet_income_put_luna": "terrausd",
    "mainnet_income_put_mngo": "usd-coin",
    "mainnet_income_call_socean": "socean-staked-sol",
    "mainnet_income_call_srm": "serum",
    "mainnet_income_call_mngo": "mango-markets",
    "mainnet_income_call_ray": "raydium",
    "mainnet_income_call_eth": "ethereum",
    "mainnet_income_put_sol": "usd-coin",
    "mainnet_income_put_btc": "usd-coin"
  }
}