{
  "totalTvlUSD": 108504147.08,
  "coinsByCoingeckoId": {
    "solana": 181623.94377887,
    "msol": 168388.599686419,
    "bitcoin": 434.608775,
    "saber": 20000000,
    "ftx-token": 76099.493909,
    "terra-luna": 88580.069336,
    "terrausd": 197446.496075,
    "usd-coin": 14465243.503295999,
    "socean-staked-sol": 11000,
    "serum": 4249760.505562,
    "mango-markets": 9202781.459156,
    "raydium": 21211.198635,
    "ethereum": 1872.297683
  },
  "pricesByCoingeckoId": {
    "BTC": 38945,
    "SOL": 125.96,
    "ETH": 2868.24,
    "mSOL": 128.36,
    "FTT": 43.43,
    "SRM": 2.69,
    "USDC": 1,
    "MNGO": 0.195674,
    "scnSOL": 128.94,
    "SBR": 0.107728,
    "LUNA": 77.25,
    "UST": 1.01,
    "RAY": 4.64
  },
  "sharePricesByGlobalId": {
    "mainnet_income_call_sol": 1.05342,
    "mainnet_income_call_marinade": 1.03806,
    "mainnet_income_call_btc": 1.06976,
    "mainnet_income_call_sbr": 1.05086,
    "mainnet_income_call_ftt": 1.02766,
    "mainnet_income_call_luna": 1.03856,
    "mainnet_income_put_luna": 1,
    "mainnet_income_put_mngo": 1.00201,
    "mainnet_income_call_socean": 1.0248,
    "mainnet_income_call_srm": 1.02123,
    "mainnet_income_call_mngo": 1.01556,
    "mainnet_income_call_ray": 1.01929,
    "mainnet_income_call_eth": 1.01667,
    "mainnet_income_put_sol": 1.00281,
    "mainnet_income_put_btc": 1.00329
  },
  "depositTokenByGlobalId": {
    "mainnet_income_call_sol": 181623.94377887,
    "mainnet_income_call_marinade": 168388.599686419,
    "mainnet_income_call_btc": 434.608775,
    "mainnet_income_call_sbr": 20000000,
    "mainnet_income_call_ftt": 76099.493909,
    "mainnet_income_call_luna": 88580.069336,
    "mainnet_income_put_luna": 197446.496075,
    "mainnet_income_put_mngo": 410509.79,
    "mainnet_income_call_socean": 11000,
    "mainnet_income_call_srm": 4249760.505562,
    "mainnet_income_call_mngo": 9202781.459156,
    "mainnet_income_call_ray": 21211.198635,
    "mainnet_income_call_eth": 1872.297683,
    "mainnet_income_put_sol": 12928869.67,
    "mainnet_income_put_btc": 1125864.04
  },
  "usdValueByGlobalId": {
    "mainnet_income_call_sol": 22877351.96,
    "mainnet_income_call_marinade": 21614360.66,
    "mainnet_income_call_btc": 16925838.74,
    "mainnet_income_call_sbr": 2154560,
    "mainnet_income_call_ftt": 3305001.02,
    "mainnet_income_call_luna": 6842810.36,
    "mainnet_income_put_luna": 199420.96,
    "mainnet_income_put_mngo": 410509.79,
    "mainnet_income_call_socean": 1418340,
    "mainnet_income_call_srm": 11431855.76,
    "mainnet_income_call_mngo": 1800745.06,
    "mainnet_income_call_ray": 98419.96,
    "mainnet_income_call_eth": 5370199.11,
    "mainnet_income_put_sol": 12928869.67,
    "mainnet_income_put_btc": 1125864.04
  },
  "globalIdToDepositTokenCoingeckoId": {
    "mainnet_income_call_sol": "solana",
    "mainnet_income_call_marinade": "msol",
    "mainnet_income_call_btc": "bitcoin",
    "mainnet_income_call_sbr": "saber",
    "mainnet_income_call_ftt": "ftx-token",
    "mainnet_income_call_luna": "terra-luna",
    "mainnet_income_put_luna": "terrausd",
    "mainnet_income_put_mngo": "usd-coin",
    "mainnet_income_call_socean": "socean-staked-sol",
    "mainnet_income_call_srm": "serum",
    "mainnet_income_call_mngo": "mango-markets",
    "mainnet_income_call_ray": "raydium",
    "mainnet_income_call_eth": "ethereum",
    "mainnet_income_put_sol": "usd-coin",
    "mainnet_income_put_btc": "usd-coin"
  }
}