{
  "totalTvlUSD": 87930618.45,
  "coinsByCoingeckoId": {
    "solana": 194591.190008812,
    "msol": 165826.16076789,
    "bitcoin": 446.423572,
    "saber": 19999999.386057,
    "ftx-token": 67639.126149,
    "terra-luna": 89901.185636,
    "terrausd": 215068.379823,
    "usd-coin": 15126757.971543,
    "socean-staked-sol": 11000,
    "serum": 4240691.247577,
    "mango-markets": 7875859.754746,
    "raydium": 23783.237749,
    "ethereum": 1768.61292
  },
  "pricesByCoingeckoId": {
    "BTC": 36150,
    "SOL": 88.61,
    "ETH": 2400.6,
    "mSOL": 90.88,
    "FTT": 35.81,
    "SRM": 2.05,
    "USDC": 1,
    "MNGO": 0.150589,
    "scnSOL": 90.82,
    "SBR": 0.065848,
    "LUNA": 57.76,
    "UST": 1,
    "RAY": 3.43
  },
  "sharePricesByGlobalId": {
    "mainnet_income_call_sol": 1.05252,
    "mainnet_income_call_marinade": 1.03727,
    "mainnet_income_call_btc": 1.0696,
    "mainnet_income_call_sbr": 1.05044,
    "mainnet_income_call_ftt": 1.02696,
    "mainnet_income_call_luna": 1.0374,
    "mainnet_income_put_luna": 1,
    "mainnet_income_put_mngo": 1.00322,
    "mainnet_income_call_socean": 1.02395,
    "mainnet_income_call_srm": 1.02041,
    "mainnet_income_call_mngo": 1.01533,
    "mainnet_income_call_ray": 1.01764,
    "mainnet_income_call_eth": 1.0165,
    "mainnet_income_put_sol": 1.01183,
    "mainnet_income_put_btc": 1.00606
  },
  "depositTokenByGlobalId": {
    "mainnet_income_call_sol": 194591.190008812,
    "mainnet_income_call_marinade": 165826.16076789,
    "mainnet_income_call_btc": 446.423572,
    "mainnet_income_call_sbr": 19999999.386057,
    "mainnet_income_call_ftt": 67639.126149,
    "mainnet_income_call_luna": 89901.185636,
    "mainnet_income_put_luna": 215068.379823,
    "mainnet_income_put_mngo": 249437.27,
    "mainnet_income_call_socean": 11000,
    "mainnet_income_call_srm": 4240691.247577,
    "mainnet_income_call_mngo": 7875859.754746,
    "mainnet_income_call_ray": 23783.237749,
    "mainnet_income_call_eth": 1768.61292,
    "mainnet_income_put_sol": 13738597.17,
    "mainnet_income_put_btc": 1138723.52
  },
  "usdValueByGlobalId": {
    "mainnet_income_call_sol": 17242725.35,
    "mainnet_income_call_marinade": 15070281.49,
    "mainnet_income_call_btc": 16138212.13,
    "mainnet_income_call_sbr": 1316959.96,
    "mainnet_income_call_ftt": 2422157.11,
    "mainnet_income_call_luna": 5192692.48,
    "mainnet_income_put_luna": 215068.38,
    "mainnet_income_put_mngo": 249437.27,
    "mainnet_income_call_socean": 999020,
    "mainnet_income_call_srm": 8693417.06,
    "mainnet_income_call_mngo": 1186017.84,
    "mainnet_income_call_ray": 81576.51,
    "mainnet_income_call_eth": 4245732.18,
    "mainnet_income_put_sol": 13738597.17,
    "mainnet_income_put_btc": 1138723.52
  },
  "globalIdToDepositTokenCoingeckoId": {
    "mainnet_income_call_sol": "solana",
    "mainnet_income_call_marinade": "msol",
    "mainnet_income_call_btc": "bitcoin",
    "mainnet_income_call_sbr": "saber",
    "mainnet_income_call_ftt": "ftx-token",
    "mainnet_income_call_luna": "terra-luna",
    "mainnet_income_put_luna": "terrausd",
    "mainnet_income_put_mngo": "usd-coin",
    "mainnet_income_call_socean": "socean-staked-sol",
    "mainnet_income_call_srm": "serum",
    "mainnet_income_call_mngo": "mango-markets",
    "mainnet_income_call_ray": "raydium",
    "mainnet_income_call_eth": "ethereum",
    "mainnet_income_put_sol": "usd-coin",
    "mainnet_income_put_btc": "usd-coin"
  }
}