{
  "totalTvlUSD": 115234980.98,
  "coinsByCoingeckoId": {
    "solana": 166548.71101187,
    "msol": 161392.12522528,
    "bitcoin": 422.056814,
    "saber": 19999999.492037,
    "ftx-token": 68338.645616,
    "terra-luna": 76863.723433,
    "terrausd": 27591.07631,
    "usd-coin": 12783933.643427998,
    "socean-staked-sol": 10999.987641614,
    "serum": 4200922.479688,
    "mango-markets": 8829981.11981,
    "raydium": 18006.65737,
    "ethereum": 1739.402726
  },
  "pricesByCoingeckoId": {
    "BTC": 43053,
    "SOL": 149.03,
    "ETH": 3349.75,
    "mSOL": 152.93,
    "FTT": 46.13,
    "SRM": 3.18,
    "USDC": 1,
    "MNGO": 0.198914,
    "scnSOL": 152.54,
    "SBR": 0.11353,
    "LUNA": 85.99,
    "UST": 1,
    "RAY": 5.43
  },
  "sharePricesByGlobalId": {
    "mainnet_income_call_sol": 1.04444,
    "mainnet_income_call_marinade": 1.03017,
    "mainnet_income_call_btc": 1.06814,
    "mainnet_income_call_sbr": 1.04667,
    "mainnet_income_call_ftt": 1.02068,
    "mainnet_income_call_luna": 1.02692,
    "mainnet_income_put_luna": 1,
    "mainnet_income_put_mngo": 1.00201,
    "mainnet_income_call_socean": 1.01629,
    "mainnet_income_call_srm": 1.01304,
    "mainnet_income_call_mngo": 1.01322,
    "mainnet_income_call_ray": 1.00275,
    "mainnet_income_call_eth": 1.01502,
    "mainnet_income_put_sol": 1.00281,
    "mainnet_income_put_btc": 1.00329
  },
  "depositTokenByGlobalId": {
    "mainnet_income_call_sol": 166548.71101187,
    "mainnet_income_call_marinade": 161392.12522528,
    "mainnet_income_call_btc": 422.056814,
    "mainnet_income_call_sbr": 19999999.492037,
    "mainnet_income_call_ftt": 68338.645616,
    "mainnet_income_call_luna": 76863.723433,
    "mainnet_income_put_luna": 27591.07631,
    "mainnet_income_put_mngo": 392132.07,
    "mainnet_income_call_socean": 10999.987641614,
    "mainnet_income_call_srm": 4200922.479688,
    "mainnet_income_call_mngo": 8829981.11981,
    "mainnet_income_call_ray": 18006.65737,
    "mainnet_income_call_eth": 1739.402726,
    "mainnet_income_put_sol": 11267317.44,
    "mainnet_income_put_btc": 1124484.14
  },
  "usdValueByGlobalId": {
    "mainnet_income_call_sol": 24820754.4,
    "mainnet_income_call_marinade": 24681697.71,
    "mainnet_income_call_btc": 18170812.01,
    "mainnet_income_call_sbr": 2270599.94,
    "mainnet_income_call_ftt": 3152461.72,
    "mainnet_income_call_luna": 6609511.58,
    "mainnet_income_put_luna": 27591.08,
    "mainnet_income_put_mngo": 392132.07,
    "mainnet_income_call_socean": 1677938.11,
    "mainnet_income_call_srm": 13358933.49,
    "mainnet_income_call_mngo": 1756406.86,
    "mainnet_income_call_ray": 97776.15,
    "mainnet_income_call_eth": 5826564.28,
    "mainnet_income_put_sol": 11267317.44,
    "mainnet_income_put_btc": 1124484.14
  },
  "globalIdToDepositTokenCoingeckoId": {
    "mainnet_income_call_sol": "solana",
    "mainnet_income_call_marinade": "msol",
    "mainnet_income_call_btc": "bitcoin",
    "mainnet_income_call_sbr": "saber",
    "mainnet_income_call_ftt": "ftx-token",
    "mainnet_income_call_luna": "terra-luna",
    "mainnet_income_put_luna": "terrausd",
    "mainnet_income_put_mngo": "usd-coin",
    "mainnet_income_call_socean": "socean-staked-sol",
    "mainnet_income_call_srm": "serum",
    "mainnet_income_call_mngo": "mango-markets",
    "mainnet_income_call_ray": "raydium",
    "mainnet_income_call_eth": "ethereum",
    "mainnet_income_put_sol": "usd-coin",
    "mainnet_income_put_btc": "usd-coin"
  }
}