{
  "totalTvlUSD": 93592282.71,
  "coinsByCoingeckoId": {
    "solana": 131986.757759574,
    "msol": 142505.873091706,
    "bitcoin": 366.152549,
    "saber": 11000000,
    "ftx-token": 76146.793877,
    "usd-coin": 13061030.842544,
    "terra-luna": 55319.838664,
    "socean-staked-sol": 6989.869034534,
    "serum": 3974334.558091,
    "mango-markets": 5999999.159277,
    "raydium": 19194.149433,
    "ethereum": 1479.616665
  },
  "pricesByCoingeckoId": {
    "BTC": 42334,
    "SOL": 138.01,
    "ETH": 3141.41,
    "mSOL": 140.97,
    "FTT": 38.84,
    "SRM": 3.01,
    "USDC": 1,
    "MNGO": 0.199702,
    "scnSOL": 140.8,
    "SBR": 0.075666,
    "LUNA": 73.1,
    "RAY": 5.16
  },
  "sharePricesByGlobalId": {
    "mainnet_income_call_sol": 1.03708,
    "mainnet_income_call_marinade": 1.02581,
    "mainnet_income_call_btc": 1.0644,
    "mainnet_income_call_sbr": 1,
    "mainnet_income_call_ftt": 1.01481,
    "mainnet_income_put_mngo": 1.00062,
    "mainnet_income_call_luna": 1.01873,
    "mainnet_income_call_socean": 1.01266,
    "mainnet_income_call_srm": 1.00834,
    "mainnet_income_call_mngo": 1.01232,
    "mainnet_income_call_ray": 1,
    "mainnet_income_call_eth": 1.01181,
    "mainnet_income_put_sol": 1.00376,
    "mainnet_income_put_btc": 1
  },
  "depositTokenByGlobalId": {
    "mainnet_income_call_sol": 131986.757759574,
    "mainnet_income_call_marinade": 142505.873091706,
    "mainnet_income_call_btc": 366.152549,
    "mainnet_income_call_sbr": 11000000,
    "mainnet_income_call_ftt": 76146.793877,
    "mainnet_income_put_mngo": 429058.15,
    "mainnet_income_call_luna": 55319.838664,
    "mainnet_income_call_socean": 6989.869034534,
    "mainnet_income_call_srm": 3974334.558091,
    "mainnet_income_call_mngo": 5999999.159277,
    "mainnet_income_call_ray": 19194.149433,
    "mainnet_income_call_eth": 1479.616665,
    "mainnet_income_put_sol": 10277594.91,
    "mainnet_income_put_btc": 2354377.79
  },
  "usdValueByGlobalId": {
    "mainnet_income_call_sol": 18215492.44,
    "mainnet_income_call_marinade": 20089052.93,
    "mainnet_income_call_btc": 15500702.01,
    "mainnet_income_call_sbr": 832326,
    "mainnet_income_call_ftt": 2957541.47,
    "mainnet_income_put_mngo": 429058.15,
    "mainnet_income_call_luna": 4043880.21,
    "mainnet_income_call_socean": 984173.56,
    "mainnet_income_call_srm": 11962747.02,
    "mainnet_income_call_mngo": 1198211.83,
    "mainnet_income_call_ray": 99041.81,
    "mainnet_income_call_eth": 4648082.59,
    "mainnet_income_put_sol": 10277594.91,
    "mainnet_income_put_btc": 2354377.79
  }
}