{
  "totalTvlUSD": 91397716,
  "coinsByCoingeckoId": {
    "solana": 125127.273350644,
    "msol": 136009.124453642,
    "bitcoin": 354.279327,
    "saber": 11000000,
    "ftx-token": 71563.701874,
    "usd-coin": 12774282.460579002,
    "terra-luna": 39999.999397,
    "socean-staked-sol": 5499.870099232,
    "serum": 3965519.164142,
    "mango-markets": 5999999.159277,
    "raydium": 18918.099566,
    "ethereum": 1406.76081
  },
  "pricesByCoingeckoId": {
    "BTC": 41824,
    "SOL": 145.4,
    "ETH": 3212.64,
    "mSOL": 148.84,
    "FTT": 36.04,
    "SRM": 3.12,
    "USDC": 1,
    "MNGO": 0.192543,
    "scnSOL": 149.34,
    "SBR": 0.092566,
    "LUNA": 70.01,
    "RAY": 5.43
  },
  "sharePricesByGlobalId": {
    "mainnet_income_call_sol": 1.03708,
    "mainnet_income_call_marinade": 1.02581,
    "mainnet_income_call_btc": 1.0644,
    "mainnet_income_call_sbr": 1,
    "mainnet_income_call_ftt": 1.01481,
    "mainnet_income_put_mngo": 1,
    "mainnet_income_call_luna": 1.01873,
    "mainnet_income_call_socean": 1.01266,
    "mainnet_income_call_srm": 1.00834,
    "mainnet_income_call_mngo": 1.01232,
    "mainnet_income_call_ray": 1,
    "mainnet_income_call_eth": 1.01181,
    "mainnet_income_put_sol": 1,
    "mainnet_income_put_btc": 1
  },
  "depositTokenByGlobalId": {
    "mainnet_income_call_sol": 125127.273350644,
    "mainnet_income_call_marinade": 136009.124453642,
    "mainnet_income_call_btc": 354.279327,
    "mainnet_income_call_sbr": 11000000,
    "mainnet_income_call_ftt": 71563.701874,
    "mainnet_income_put_mngo": 423215.84,
    "mainnet_income_call_luna": 39999.999397,
    "mainnet_income_call_socean": 5499.870099232,
    "mainnet_income_call_srm": 3965519.164142,
    "mainnet_income_call_mngo": 5999999.159277,
    "mainnet_income_call_ray": 18918.099566,
    "mainnet_income_call_eth": 1406.76081,
    "mainnet_income_put_sol": 9999999.97,
    "mainnet_income_put_btc": 2351066.65
  },
  "usdValueByGlobalId": {
    "mainnet_income_call_sol": 18193505.55,
    "mainnet_income_call_marinade": 20243598.08,
    "mainnet_income_call_btc": 14817378.57,
    "mainnet_income_call_sbr": 1018226,
    "mainnet_income_call_ftt": 2579155.82,
    "mainnet_income_put_mngo": 423215.84,
    "mainnet_income_call_luna": 2800399.96,
    "mainnet_income_call_socean": 821350.6,
    "mainnet_income_call_srm": 12372419.79,
    "mainnet_income_call_mngo": 1155257.84,
    "mainnet_income_call_ray": 102725.28,
    "mainnet_income_call_eth": 4519416.05,
    "mainnet_income_put_sol": 9999999.97,
    "mainnet_income_put_btc": 2351066.65
  }
}