{
  "totalTvlUSD": 31175953.96,
  "coinsByCoingeckoId": {
    "solana": 60988.232403664,
    "msol": 55091.411840116,
    "bitcoin": 147.452242,
    "ethereum": 29.913253,
    "ftx-token": 13121.025776,
    "serum": 67873.663401,
    "mango-markets": 23219.224681
  }
}