{
  "totalTvlUSD": 91037898.62,
  "coinsByCoingeckoId": {
    "solana": 131236.045759574,
    "msol": 142147.627376259,
    "bitcoin": 365.949184,
    "saber": 11000000,
    "ftx-token": 76104.185874,
    "usd-coin": 13040448.040575,
    "terra-luna": 44123.001242,
    "socean-staked-sol": 5659.293871788,
    "serum": 3974013.550706,
    "mango-markets": 5999999.159277,
    "raydium": 18929.736609,
    "ethereum": 1472.616645
  },
  "pricesByCoingeckoId": {
    "BTC": 41919,
    "SOL": 136.02,
    "ETH": 3085.84,
    "mSOL": 139.39,
    "FTT": 38.07,
    "SRM": 2.92,
    "USDC": 1,
    "MNGO": 0.195804,
    "scnSOL": 138.1,
    "SBR": 0.075294,
    "LUNA": 69.49,
    "RAY": 5.08
  },
  "sharePricesByGlobalId": {
    "mainnet_income_call_sol": 1.03708,
    "mainnet_income_call_marinade": 1.02581,
    "mainnet_income_call_btc": 1.0644,
    "mainnet_income_call_sbr": 1,
    "mainnet_income_call_ftt": 1.01481,
    "mainnet_income_put_mngo": 1.00062,
    "mainnet_income_call_luna": 1.01873,
    "mainnet_income_call_socean": 1.01266,
    "mainnet_income_call_srm": 1.00834,
    "mainnet_income_call_mngo": 1.01232,
    "mainnet_income_call_ray": 1,
    "mainnet_income_call_eth": 1.01181,
    "mainnet_income_put_sol": 1.00376,
    "mainnet_income_put_btc": 1
  },
  "depositTokenByGlobalId": {
    "mainnet_income_call_sol": 131236.045759574,
    "mainnet_income_call_marinade": 142147.627376259,
    "mainnet_income_call_btc": 365.949184,
    "mainnet_income_call_sbr": 11000000,
    "mainnet_income_call_ftt": 76104.185874,
    "mainnet_income_put_mngo": 428653.05,
    "mainnet_income_call_luna": 44123.001242,
    "mainnet_income_call_socean": 5659.293871788,
    "mainnet_income_call_srm": 3974013.550706,
    "mainnet_income_call_mngo": 5999999.159277,
    "mainnet_income_call_ray": 18929.736609,
    "mainnet_income_call_eth": 1472.616645,
    "mainnet_income_put_sol": 10257417.2,
    "mainnet_income_put_btc": 2354377.79
  },
  "usdValueByGlobalId": {
    "mainnet_income_call_sol": 17850726.94,
    "mainnet_income_call_marinade": 19813957.78,
    "mainnet_income_call_btc": 15340223.84,
    "mainnet_income_call_sbr": 828234,
    "mainnet_income_call_ftt": 2897286.36,
    "mainnet_income_put_mngo": 428653.05,
    "mainnet_income_call_luna": 3066107.36,
    "mainnet_income_call_socean": 781548.48,
    "mainnet_income_call_srm": 11604119.57,
    "mainnet_income_call_mngo": 1174823.84,
    "mainnet_income_call_ray": 96163.06,
    "mainnet_income_call_eth": 4544259.35,
    "mainnet_income_put_sol": 10257417.2,
    "mainnet_income_put_btc": 2354377.79
  }
}