{
  "totalTvlUSD": 113762526.43,
  "coinsByCoingeckoId": {
    "solana": 175475.38847887,
    "msol": 164026.374822982,
    "bitcoin": 428.76518,
    "saber": 19999999.54855,
    "ftx-token": 74859.193576,
    "terra-luna": 85332.72115,
    "terrausd": 154193.544231,
    "usd-coin": 13181780.331167,
    "socean-staked-sol": 10999.999467117,
    "serum": 4208041.220583,
    "mango-markets": 9018452.757475,
    "raydium": 20342.033591,
    "ethereum": 1769.487625
  },
  "pricesByCoingeckoId": {
    "BTC": 42245,
    "SOL": 140.19,
    "ETH": 3150.78,
    "mSOL": 144.05,
    "FTT": 44.81,
    "SRM": 2.98,
    "USDC": 1,
    "MNGO": 0.201693,
    "scnSOL": 143.85,
    "SBR": 0.112339,
    "LUNA": 79.33,
    "UST": 0.999513,
    "RAY": 5.15
  },
  "sharePricesByGlobalId": {
    "mainnet_income_call_sol": 1.05342,
    "mainnet_income_call_marinade": 1.03017,
    "mainnet_income_call_btc": 1.06976,
    "mainnet_income_call_sbr": 1.04667,
    "mainnet_income_call_ftt": 1.02068,
    "mainnet_income_call_luna": 1.02692,
    "mainnet_income_put_luna": 1,
    "mainnet_income_put_mngo": 1.00201,
    "mainnet_income_call_socean": 1.01629,
    "mainnet_income_call_srm": 1.01304,
    "mainnet_income_call_mngo": 1.01322,
    "mainnet_income_call_ray": 1.00275,
    "mainnet_income_call_eth": 1.01667,
    "mainnet_income_put_sol": 1.00281,
    "mainnet_income_put_btc": 1.00329
  },
  "depositTokenByGlobalId": {
    "mainnet_income_call_sol": 175475.38847887,
    "mainnet_income_call_marinade": 164026.374822982,
    "mainnet_income_call_btc": 428.76518,
    "mainnet_income_call_sbr": 19999999.54855,
    "mainnet_income_call_ftt": 74859.193576,
    "mainnet_income_call_luna": 85332.72115,
    "mainnet_income_put_luna": 154193.544231,
    "mainnet_income_put_mngo": 397677.27,
    "mainnet_income_call_socean": 10999.999467117,
    "mainnet_income_call_srm": 4208041.220583,
    "mainnet_income_call_mngo": 9018452.757475,
    "mainnet_income_call_ray": 20342.033591,
    "mainnet_income_call_eth": 1769.487625,
    "mainnet_income_put_sol": 11658299.02,
    "mainnet_income_put_btc": 1125804.04
  },
  "usdValueByGlobalId": {
    "mainnet_income_call_sol": 24622706.51,
    "mainnet_income_call_marinade": 23642761.67,
    "mainnet_income_call_btc": 18127763.05,
    "mainnet_income_call_sbr": 2246779.95,
    "mainnet_income_call_ftt": 3356686.24,
    "mainnet_income_call_luna": 6801017.88,
    "mainnet_income_put_luna": 154193.54,
    "mainnet_income_put_mngo": 397677.27,
    "mainnet_income_call_socean": 1582349.92,
    "mainnet_income_call_srm": 12539962.84,
    "mainnet_income_call_mngo": 1818958.79,
    "mainnet_income_call_ray": 104761.47,
    "mainnet_income_call_eth": 5582804.24,
    "mainnet_income_put_sol": 11658299.02,
    "mainnet_income_put_btc": 1125804.04
  },
  "globalIdToDepositTokenCoingeckoId": {
    "mainnet_income_call_sol": "solana",
    "mainnet_income_call_marinade": "msol",
    "mainnet_income_call_btc": "bitcoin",
    "mainnet_income_call_sbr": "saber",
    "mainnet_income_call_ftt": "ftx-token",
    "mainnet_income_call_luna": "terra-luna",
    "mainnet_income_put_luna": "terrausd",
    "mainnet_income_put_mngo": "usd-coin",
    "mainnet_income_call_socean": "socean-staked-sol",
    "mainnet_income_call_srm": "serum",
    "mainnet_income_call_mngo": "mango-markets",
    "mainnet_income_call_ray": "raydium",
    "mainnet_income_call_eth": "ethereum",
    "mainnet_income_put_sol": "usd-coin",
    "mainnet_income_put_btc": "usd-coin"
  }
}