{
  "totalTvlUSD": 102552753.71,
  "coinsByCoingeckoId": {
    "solana": 136137.498759574,
    "msol": 146186.505779765,
    "bitcoin": 370.50562,
    "saber": 11000000,
    "ftx-token": 76473.262338,
    "usd-coin": 13912701.653509,
    "terra-luna": 59999.999852,
    "socean-staked-sol": 8447.372950758,
    "serum": 3976432.135212,
    "mango-markets": 5999999.159377,
    "raydium": 19310.493998,
    "ethereum": 1492.861426
  },
  "pricesByCoingeckoId": {
    "BTC": 43779,
    "SOL": 151.12,
    "ETH": 3383.86,
    "mSOL": 154.62,
    "FTT": 41.25,
    "SRM": 3.19,
    "USDC": 1,
    "MNGO": 0.210944,
    "scnSOL": 153.79,
    "SBR": 0.086627,
    "LUNA": 78.79,
    "RAY": 5.55
  },
  "sharePricesByGlobalId": {
    "mainnet_income_call_sol": 1.03708,
    "mainnet_income_call_marinade": 1.02581,
    "mainnet_income_call_btc": 1.0644,
    "mainnet_income_call_sbr": 1,
    "mainnet_income_call_ftt": 1.01481,
    "mainnet_income_put_mngo": 1,
    "mainnet_income_call_luna": 1.01873,
    "mainnet_income_call_socean": 1.01266,
    "mainnet_income_call_srm": 1.00834,
    "mainnet_income_call_mngo": 1.01232,
    "mainnet_income_call_ray": 1,
    "mainnet_income_call_eth": 1.01181,
    "mainnet_income_put_sol": 0.99999,
    "mainnet_income_put_btc": 1
  },
  "depositTokenByGlobalId": {
    "mainnet_income_call_sol": 136137.498759574,
    "mainnet_income_call_marinade": 146186.505779765,
    "mainnet_income_call_btc": 370.50562,
    "mainnet_income_call_sbr": 11000000,
    "mainnet_income_call_ftt": 76473.262338,
    "mainnet_income_put_mngo": 429804.43,
    "mainnet_income_call_luna": 59999.999852,
    "mainnet_income_call_socean": 8447.372950758,
    "mainnet_income_call_srm": 3976432.135212,
    "mainnet_income_call_mngo": 5999999.159377,
    "mainnet_income_call_ray": 19310.493998,
    "mainnet_income_call_eth": 1492.861426,
    "mainnet_income_put_sol": 11128519.43,
    "mainnet_income_put_btc": 2354377.79
  },
  "usdValueByGlobalId": {
    "mainnet_income_call_sol": 20573098.81,
    "mainnet_income_call_marinade": 22603357.52,
    "mainnet_income_call_btc": 16220365.54,
    "mainnet_income_call_sbr": 952897,
    "mainnet_income_call_ftt": 3154522.07,
    "mainnet_income_put_mngo": 429804.43,
    "mainnet_income_call_luna": 4727399.99,
    "mainnet_income_call_socean": 1299121.49,
    "mainnet_income_call_srm": 12684818.51,
    "mainnet_income_call_mngo": 1265663.82,
    "mainnet_income_call_ray": 107173.24,
    "mainnet_income_call_eth": 5051634.06,
    "mainnet_income_put_sol": 11128519.43,
    "mainnet_income_put_btc": 2354377.79
  }
}