{
  "totalTvlUSD": 96103243.34,
  "coinsByCoingeckoId": {
    "solana": 133354.331759574,
    "msol": 145470.70581236,
    "bitcoin": 369.503559,
    "saber": 11000000,
    "ftx-token": 76302.928336,
    "usd-coin": 13181185.941089,
    "terra-luna": 57182.863706,
    "socean-staked-sol": 7120.446274311,
    "serum": 3974851.538313,
    "mango-markets": 5999999.159277,
    "raydium": 19310.493998,
    "ethereum": 1480.273128
  },
  "pricesByCoingeckoId": {
    "BTC": 42770,
    "SOL": 140.78,
    "ETH": 3236.2,
    "mSOL": 144.38,
    "FTT": 39.68,
    "SRM": 3.04,
    "USDC": 1,
    "MNGO": 0.204479,
    "scnSOL": 143.75,
    "SBR": 0.084338,
    "LUNA": 72.72,
    "RAY": 5.36
  },
  "sharePricesByGlobalId": {
    "mainnet_income_call_sol": 1.03708,
    "mainnet_income_call_marinade": 1.02581,
    "mainnet_income_call_btc": 1.0644,
    "mainnet_income_call_sbr": 1,
    "mainnet_income_call_ftt": 1.01481,
    "mainnet_income_put_mngo": 1.00062,
    "mainnet_income_call_luna": 1.01873,
    "mainnet_income_call_socean": 1.01266,
    "mainnet_income_call_srm": 1.00834,
    "mainnet_income_call_mngo": 1.01232,
    "mainnet_income_call_ray": 1,
    "mainnet_income_call_eth": 1.01181,
    "mainnet_income_put_sol": 1.00376,
    "mainnet_income_put_btc": 1
  },
  "depositTokenByGlobalId": {
    "mainnet_income_call_sol": 133354.331759574,
    "mainnet_income_call_marinade": 145470.70581236,
    "mainnet_income_call_btc": 369.503559,
    "mainnet_income_call_sbr": 11000000,
    "mainnet_income_call_ftt": 76302.928336,
    "mainnet_income_put_mngo": 429859.76,
    "mainnet_income_call_luna": 57182.863706,
    "mainnet_income_call_socean": 7120.446274311,
    "mainnet_income_call_srm": 3974851.538313,
    "mainnet_income_call_mngo": 5999999.159277,
    "mainnet_income_call_ray": 19310.493998,
    "mainnet_income_call_eth": 1480.273128,
    "mainnet_income_put_sol": 10396948.39,
    "mainnet_income_put_btc": 2354377.79
  },
  "usdValueByGlobalId": {
    "mainnet_income_call_sol": 18773622.83,
    "mainnet_income_call_marinade": 21003060.51,
    "mainnet_income_call_btc": 15803667.22,
    "mainnet_income_call_sbr": 927718,
    "mainnet_income_call_ftt": 3027700.2,
    "mainnet_income_put_mngo": 429859.76,
    "mainnet_income_call_luna": 4158337.85,
    "mainnet_income_call_socean": 1023564.15,
    "mainnet_income_call_srm": 12083548.68,
    "mainnet_income_call_mngo": 1226873.83,
    "mainnet_income_call_ray": 103504.25,
    "mainnet_income_call_eth": 4790459.9,
    "mainnet_income_put_sol": 10396948.39,
    "mainnet_income_put_btc": 2354377.79
  }
}