{
  "totalTvlUSD": 92069110.31,
  "coinsByCoingeckoId": {
    "solana": 129066.864350644,
    "msol": 137023.513222515,
    "bitcoin": 355.445846,
    "saber": 11000000,
    "ftx-token": 72698.904788,
    "usd-coin": 12778649.591255002,
    "terra-luna": 39999.999397,
    "socean-staked-sol": 5499.990099232,
    "serum": 3966379.737937,
    "mango-markets": 5999999.159277,
    "raydium": 18918.099566,
    "ethereum": 1467.403075
  },
  "pricesByCoingeckoId": {
    "BTC": 42535,
    "SOL": 142.65,
    "ETH": 3202.42,
    "mSOL": 146.42,
    "FTT": 37.59,
    "SRM": 3.08,
    "USDC": 1,
    "MNGO": 0.193711,
    "scnSOL": 145.56,
    "SBR": 0.089197,
    "LUNA": 75.06,
    "RAY": 5.41
  },
  "sharePricesByGlobalId": {
    "mainnet_income_call_sol": 1.03708,
    "mainnet_income_call_marinade": 1.02581,
    "mainnet_income_call_btc": 1.0644,
    "mainnet_income_call_sbr": 1,
    "mainnet_income_call_ftt": 1.01481,
    "mainnet_income_put_mngo": 1,
    "mainnet_income_call_luna": 1.01873,
    "mainnet_income_call_socean": 1.01266,
    "mainnet_income_call_srm": 1.00834,
    "mainnet_income_call_mngo": 1.01232,
    "mainnet_income_call_ray": 1,
    "mainnet_income_call_eth": 1.01181,
    "mainnet_income_put_sol": 1,
    "mainnet_income_put_btc": 1
  },
  "depositTokenByGlobalId": {
    "mainnet_income_call_sol": 129066.864350644,
    "mainnet_income_call_marinade": 137023.513222515,
    "mainnet_income_call_btc": 355.445846,
    "mainnet_income_call_sbr": 11000000,
    "mainnet_income_call_ftt": 72698.904788,
    "mainnet_income_put_mngo": 426078.97,
    "mainnet_income_call_luna": 39999.999397,
    "mainnet_income_call_socean": 5499.990099232,
    "mainnet_income_call_srm": 3966379.737937,
    "mainnet_income_call_mngo": 5999999.159277,
    "mainnet_income_call_ray": 18918.099566,
    "mainnet_income_call_eth": 1467.403075,
    "mainnet_income_put_sol": 9999999.97,
    "mainnet_income_put_btc": 2352570.65
  },
  "usdValueByGlobalId": {
    "mainnet_income_call_sol": 18411388.2,
    "mainnet_income_call_marinade": 20062982.81,
    "mainnet_income_call_btc": 15118889.06,
    "mainnet_income_call_sbr": 981167,
    "mainnet_income_call_ftt": 2732751.83,
    "mainnet_income_put_mngo": 426078.97,
    "mainnet_income_call_luna": 3002399.95,
    "mainnet_income_call_socean": 800578.56,
    "mainnet_income_call_srm": 12216449.59,
    "mainnet_income_call_mngo": 1162265.84,
    "mainnet_income_call_ray": 102346.92,
    "mainnet_income_call_eth": 4699240.96,
    "mainnet_income_put_sol": 9999999.97,
    "mainnet_income_put_btc": 2352570.65
  }
}