{
  "totalTvlUSD": 92336467.59,
  "coinsByCoingeckoId": {
    "solana": 125119.743350644,
    "msol": 136007.801299385,
    "bitcoin": 354.279327,
    "saber": 11000000,
    "ftx-token": 71563.701874,
    "usd-coin": 12774281.460579002,
    "terra-luna": 39999.999397,
    "socean-staked-sol": 5499.870099232,
    "serum": 3965494.011937,
    "mango-markets": 5999999.159277,
    "raydium": 18918.099566,
    "ethereum": 1406.76081
  },
  "pricesByCoingeckoId": {
    "BTC": 42175,
    "SOL": 147.37,
    "ETH": 3244.35,
    "mSOL": 150.63,
    "FTT": 36.42,
    "SRM": 3.17,
    "USDC": 1,
    "MNGO": 0.193392,
    "scnSOL": 148.98,
    "SBR": 0.094433,
    "LUNA": 70.77,
    "RAY": 5.52
  },
  "sharePricesByGlobalId": {
    "mainnet_income_call_sol": 1.03708,
    "mainnet_income_call_marinade": 1.02581,
    "mainnet_income_call_btc": 1.0644,
    "mainnet_income_call_sbr": 1,
    "mainnet_income_call_ftt": 1.01481,
    "mainnet_income_put_mngo": 1,
    "mainnet_income_call_luna": 1.01873,
    "mainnet_income_call_socean": 1.01266,
    "mainnet_income_call_srm": 1.00834,
    "mainnet_income_call_mngo": 1.01232,
    "mainnet_income_call_ray": 1,
    "mainnet_income_call_eth": 1.01181,
    "mainnet_income_put_sol": 1,
    "mainnet_income_put_btc": 1
  },
  "depositTokenByGlobalId": {
    "mainnet_income_call_sol": 125119.743350644,
    "mainnet_income_call_marinade": 136007.801299385,
    "mainnet_income_call_btc": 354.279327,
    "mainnet_income_call_sbr": 11000000,
    "mainnet_income_call_ftt": 71563.701874,
    "mainnet_income_put_mngo": 423215.84,
    "mainnet_income_call_luna": 39999.999397,
    "mainnet_income_call_socean": 5499.870099232,
    "mainnet_income_call_srm": 3965494.011937,
    "mainnet_income_call_mngo": 5999999.159277,
    "mainnet_income_call_ray": 18918.099566,
    "mainnet_income_call_eth": 1406.76081,
    "mainnet_income_put_sol": 9999999.97,
    "mainnet_income_put_btc": 2351065.65
  },
  "usdValueByGlobalId": {
    "mainnet_income_call_sol": 18438896.58,
    "mainnet_income_call_marinade": 20486855.11,
    "mainnet_income_call_btc": 14941730.62,
    "mainnet_income_call_sbr": 1038763,
    "mainnet_income_call_ftt": 2606350.02,
    "mainnet_income_put_mngo": 423215.84,
    "mainnet_income_call_luna": 2830799.96,
    "mainnet_income_call_socean": 819370.65,
    "mainnet_income_call_srm": 12570616.02,
    "mainnet_income_call_mngo": 1160351.84,
    "mainnet_income_call_ray": 104427.91,
    "mainnet_income_call_eth": 4564024.43,
    "mainnet_income_put_sol": 9999999.97,
    "mainnet_income_put_btc": 2351065.65
  }
}