{
  "totalTvlUSD": 107079843.83,
  "coinsByCoingeckoId": {
    "solana": 141801.41611187,
    "msol": 158815.238707804,
    "bitcoin": 416.817338,
    "saber": 19999997.492037,
    "ftx-token": 67288.469677,
    "usd-coin": 12131325.289829,
    "terra-luna": 67247.250576,
    "socean-staked-sol": 10999.987641614,
    "serum": 4059788.912462,
    "mango-markets": 8815344.213263,
    "raydium": 16472.829266,
    "ethereum": 1696.590062
  },
  "pricesByCoingeckoId": {
    "BTC": 43125,
    "SOL": 146.56,
    "ETH": 3326.21,
    "mSOL": 149.92,
    "FTT": 45.62,
    "SRM": 3.2,
    "USDC": 1,
    "MNGO": 0.198028,
    "scnSOL": 149.05,
    "SBR": 0.083302,
    "LUNA": 82.34,
    "RAY": 5.38
  },
  "sharePricesByGlobalId": {
    "mainnet_income_call_sol": 1.04444,
    "mainnet_income_call_marinade": 1.03017,
    "mainnet_income_call_btc": 1.06814,
    "mainnet_income_call_sbr": 1.04667,
    "mainnet_income_call_ftt": 1.02068,
    "mainnet_income_put_mngo": 1.00201,
    "mainnet_income_call_luna": 1.02692,
    "mainnet_income_call_socean": 1.01629,
    "mainnet_income_call_srm": 1.01304,
    "mainnet_income_call_mngo": 1.01322,
    "mainnet_income_call_ray": 1.00275,
    "mainnet_income_call_eth": 1.01502,
    "mainnet_income_put_sol": 1.00281,
    "mainnet_income_put_btc": 1.00329
  },
  "depositTokenByGlobalId": {
    "mainnet_income_call_sol": 141801.41611187,
    "mainnet_income_call_marinade": 158815.238707804,
    "mainnet_income_call_btc": 416.817338,
    "mainnet_income_call_sbr": 19999997.492037,
    "mainnet_income_call_ftt": 67288.469677,
    "mainnet_income_put_mngo": 392112.07,
    "mainnet_income_call_luna": 67247.250576,
    "mainnet_income_call_socean": 10999.987641614,
    "mainnet_income_call_srm": 4059788.912462,
    "mainnet_income_call_mngo": 8815344.213263,
    "mainnet_income_call_ray": 16472.829266,
    "mainnet_income_call_eth": 1696.590062,
    "mainnet_income_put_sol": 10614729.08,
    "mainnet_income_put_btc": 1124484.14
  },
  "usdValueByGlobalId": {
    "mainnet_income_call_sol": 20782415.55,
    "mainnet_income_call_marinade": 23809580.59,
    "mainnet_income_call_btc": 17975247.7,
    "mainnet_income_call_sbr": 1666039.79,
    "mainnet_income_call_ftt": 3069699.99,
    "mainnet_income_put_mngo": 392112.07,
    "mainnet_income_call_luna": 5537138.61,
    "mainnet_income_call_socean": 1639548.16,
    "mainnet_income_call_srm": 12991324.52,
    "mainnet_income_call_mngo": 1745684.98,
    "mainnet_income_call_ray": 88623.82,
    "mainnet_income_call_eth": 5643214.83,
    "mainnet_income_put_sol": 10614729.08,
    "mainnet_income_put_btc": 1124484.14
  },
  "globalIdToDepositTokenCoingeckoId": {
    "mainnet_income_call_sol": "solana",
    "mainnet_income_call_marinade": "msol",
    "mainnet_income_call_btc": "bitcoin",
    "mainnet_income_call_sbr": "saber",
    "mainnet_income_call_ftt": "ftx-token",
    "mainnet_income_put_mngo": "usd-coin",
    "mainnet_income_call_luna": "terra-luna",
    "mainnet_income_call_socean": "socean-staked-sol",
    "mainnet_income_call_srm": "serum",
    "mainnet_income_call_mngo": "mango-markets",
    "mainnet_income_call_ray": "raydium",
    "mainnet_income_call_eth": "ethereum",
    "mainnet_income_put_sol": "usd-coin",
    "mainnet_income_put_btc": "usd-coin"
  }
}