{
  "totalTvlUSD": 107041861.93,
  "coinsByCoingeckoId": {
    "solana": 137580.723759574,
    "msol": 148733.302271751,
    "bitcoin": 371.557891,
    "saber": 12765285.023182,
    "ftx-token": 76922.427465,
    "usd-coin": 14087789.751803,
    "terra-luna": 62806.634281,
    "socean-staked-sol": 8645.689499537,
    "serum": 3997375.671827,
    "mango-markets": 6866377.538262,
    "raydium": 19310.493998,
    "ethereum": 1501.77258
  },
  "pricesByCoingeckoId": {
    "BTC": 44391,
    "SOL": 157.63,
    "ETH": 3407.09,
    "mSOL": 161.82,
    "FTT": 42.52,
    "SRM": 3.28,
    "USDC": 1,
    "MNGO": 0.201007,
    "scnSOL": 160.08,
    "SBR": 0.08363,
    "LUNA": 83.84,
    "RAY": 5.65
  },
  "sharePricesByGlobalId": {
    "mainnet_income_call_sol": 1.03708,
    "mainnet_income_call_marinade": 1.02581,
    "mainnet_income_call_btc": 1.0644,
    "mainnet_income_call_sbr": 1,
    "mainnet_income_call_ftt": 1.01481,
    "mainnet_income_put_mngo": 1,
    "mainnet_income_call_luna": 1.01873,
    "mainnet_income_call_socean": 1.01266,
    "mainnet_income_call_srm": 1.00834,
    "mainnet_income_call_mngo": 1.01232,
    "mainnet_income_call_ray": 1,
    "mainnet_income_call_eth": 1.01181,
    "mainnet_income_put_sol": 0.99999,
    "mainnet_income_put_btc": 1
  },
  "depositTokenByGlobalId": {
    "mainnet_income_call_sol": 137580.723759574,
    "mainnet_income_call_marinade": 148733.302271751,
    "mainnet_income_call_btc": 371.557891,
    "mainnet_income_call_sbr": 12765285.023182,
    "mainnet_income_call_ftt": 76922.427465,
    "mainnet_income_put_mngo": 429804.43,
    "mainnet_income_call_luna": 62806.634281,
    "mainnet_income_call_socean": 8645.689499537,
    "mainnet_income_call_srm": 3997375.671827,
    "mainnet_income_call_mngo": 6866377.538262,
    "mainnet_income_call_ray": 19310.493998,
    "mainnet_income_call_eth": 1501.77258,
    "mainnet_income_put_sol": 11303497.53,
    "mainnet_income_put_btc": 2354487.79
  },
  "usdValueByGlobalId": {
    "mainnet_income_call_sol": 21686849.49,
    "mainnet_income_call_marinade": 24068022.97,
    "mainnet_income_call_btc": 16493826.34,
    "mainnet_income_call_sbr": 1067560.79,
    "mainnet_income_call_ftt": 3270741.62,
    "mainnet_income_put_mngo": 429804.43,
    "mainnet_income_call_luna": 5265708.22,
    "mainnet_income_call_socean": 1384001.98,
    "mainnet_income_call_srm": 13111392.2,
    "mainnet_income_call_mngo": 1380189.95,
    "mainnet_income_call_ray": 109104.29,
    "mainnet_income_call_eth": 5116674.34,
    "mainnet_income_put_sol": 11303497.53,
    "mainnet_income_put_btc": 2354487.79
  },
  "globalIdToDepositTokenCoingeckoId": {
    "mainnet_income_call_sol": "solana",
    "mainnet_income_call_marinade": "msol",
    "mainnet_income_call_btc": "bitcoin",
    "mainnet_income_call_sbr": "saber",
    "mainnet_income_call_ftt": "ftx-token",
    "mainnet_income_put_mngo": "usd-coin",
    "mainnet_income_call_luna": "terra-luna",
    "mainnet_income_call_socean": "socean-staked-sol",
    "mainnet_income_call_srm": "serum",
    "mainnet_income_call_mngo": "mango-markets",
    "mainnet_income_call_ray": "raydium",
    "mainnet_income_call_eth": "ethereum",
    "mainnet_income_put_sol": "usd-coin",
    "mainnet_income_put_btc": "usd-coin"
  }
}