{
  "totalTvlUSD": 117170324.96,
  "coinsByCoingeckoId": {
    "solana": 181164.24677887,
    "msol": 166822.66338713,
    "bitcoin": 433.59918,
    "saber": 19999999.760273,
    "ftx-token": 75337.796317,
    "terra-luna": 87621.592418,
    "terrausd": 192117.274173,
    "usd-coin": 14313779.670976998,
    "socean-staked-sol": 11000,
    "serum": 4217109.714286,
    "mango-markets": 9183845.068471,
    "raydium": 20944.198635,
    "ethereum": 1865.489172
  },
  "pricesByCoingeckoId": {
    "BTC": 42703,
    "SOL": 138.99,
    "ETH": 3199.98,
    "mSOL": 142.53,
    "FTT": 48.48,
    "SRM": 2.96,
    "USDC": 1,
    "MNGO": 0.208723,
    "scnSOL": 143.37,
    "SBR": 0.110382,
    "LUNA": 83.06,
    "UST": 0.999827,
    "RAY": 5.12
  },
  "sharePricesByGlobalId": {
    "mainnet_income_call_sol": 1.05342,
    "mainnet_income_call_marinade": 1.03017,
    "mainnet_income_call_btc": 1.06976,
    "mainnet_income_call_sbr": 1.04667,
    "mainnet_income_call_ftt": 1.02068,
    "mainnet_income_call_luna": 1.02692,
    "mainnet_income_put_luna": 1,
    "mainnet_income_put_mngo": 1.00201,
    "mainnet_income_call_socean": 1.01629,
    "mainnet_income_call_srm": 1.01304,
    "mainnet_income_call_mngo": 1.01322,
    "mainnet_income_call_ray": 1.00275,
    "mainnet_income_call_eth": 1.01667,
    "mainnet_income_put_sol": 1.00281,
    "mainnet_income_put_btc": 1.00329
  },
  "depositTokenByGlobalId": {
    "mainnet_income_call_sol": 181164.24677887,
    "mainnet_income_call_marinade": 166822.66338713,
    "mainnet_income_call_btc": 433.59918,
    "mainnet_income_call_sbr": 19999999.760273,
    "mainnet_income_call_ftt": 75337.796317,
    "mainnet_income_call_luna": 87621.592418,
    "mainnet_income_put_luna": 192117.274173,
    "mainnet_income_put_mngo": 410509.79,
    "mainnet_income_call_socean": 11000,
    "mainnet_income_call_srm": 4217109.714286,
    "mainnet_income_call_mngo": 9183845.068471,
    "mainnet_income_call_ray": 20944.198635,
    "mainnet_income_call_eth": 1865.489172,
    "mainnet_income_put_sol": 12777405.84,
    "mainnet_income_put_btc": 1125864.04
  },
  "usdValueByGlobalId": {
    "mainnet_income_call_sol": 25180018.66,
    "mainnet_income_call_marinade": 23777234.21,
    "mainnet_income_call_btc": 18515985.78,
    "mainnet_income_call_sbr": 2207639.97,
    "mainnet_income_call_ftt": 3652376.37,
    "mainnet_income_call_luna": 7277849.47,
    "mainnet_income_put_luna": 192084.04,
    "mainnet_income_put_mngo": 410509.79,
    "mainnet_income_call_socean": 1577070,
    "mainnet_income_call_srm": 12482644.75,
    "mainnet_income_call_mngo": 1916879.69,
    "mainnet_income_call_ray": 107234.3,
    "mainnet_income_call_eth": 5969528.04,
    "mainnet_income_put_sol": 12777405.84,
    "mainnet_income_put_btc": 1125864.04
  },
  "globalIdToDepositTokenCoingeckoId": {
    "mainnet_income_call_sol": "solana",
    "mainnet_income_call_marinade": "msol",
    "mainnet_income_call_btc": "bitcoin",
    "mainnet_income_call_sbr": "saber",
    "mainnet_income_call_ftt": "ftx-token",
    "mainnet_income_call_luna": "terra-luna",
    "mainnet_income_put_luna": "terrausd",
    "mainnet_income_put_mngo": "usd-coin",
    "mainnet_income_call_socean": "socean-staked-sol",
    "mainnet_income_call_srm": "serum",
    "mainnet_income_call_mngo": "mango-markets",
    "mainnet_income_call_ray": "raydium",
    "mainnet_income_call_eth": "ethereum",
    "mainnet_income_put_sol": "usd-coin",
    "mainnet_income_put_btc": "usd-coin"
  }
}