{
  "totalTvlUSD": 106346720.4,
  "coinsByCoingeckoId": {
    "solana": 138829.649759574,
    "msol": 149318.562001463,
    "bitcoin": 409.740783,
    "saber": 19999999.829711,
    "ftx-token": 78023.635482,
    "usd-coin": 14184492.469459,
    "terra-luna": 63301.266403,
    "socean-staked-sol": 10210.689547164,
    "serum": 4006159.886991,
    "mango-markets": 7032290.396394,
    "raydium": 19329.593057,
    "ethereum": 1607.170983
  },
  "pricesByCoingeckoId": {
    "BTC": 42734,
    "SOL": 150.29,
    "ETH": 3278.08,
    "mSOL": 153.8,
    "FTT": 41.12,
    "SRM": 3.13,
    "USDC": 1,
    "MNGO": 0.19898,
    "scnSOL": 153.78,
    "SBR": 0.080362,
    "LUNA": 80.97,
    "RAY": 5.39
  },
  "sharePricesByGlobalId": {
    "mainnet_income_call_sol": 1.03708,
    "mainnet_income_call_marinade": 1.02581,
    "mainnet_income_call_btc": 1.0644,
    "mainnet_income_call_sbr": 1,
    "mainnet_income_call_ftt": 1.01481,
    "mainnet_income_put_mngo": 1,
    "mainnet_income_call_luna": 1.01873,
    "mainnet_income_call_socean": 1.01266,
    "mainnet_income_call_srm": 1.00834,
    "mainnet_income_call_mngo": 1.01232,
    "mainnet_income_call_ray": 1,
    "mainnet_income_call_eth": 1.01181,
    "mainnet_income_put_sol": 0.99999,
    "mainnet_income_put_btc": 1
  },
  "depositTokenByGlobalId": {
    "mainnet_income_call_sol": 138829.649759574,
    "mainnet_income_call_marinade": 149318.562001463,
    "mainnet_income_call_btc": 409.740783,
    "mainnet_income_call_sbr": 19999999.829711,
    "mainnet_income_call_ftt": 78023.635482,
    "mainnet_income_put_mngo": 454804.43,
    "mainnet_income_call_luna": 63301.266403,
    "mainnet_income_call_socean": 10210.689547164,
    "mainnet_income_call_srm": 4006159.886991,
    "mainnet_income_call_mngo": 7032290.396394,
    "mainnet_income_call_ray": 19329.593057,
    "mainnet_income_call_eth": 1607.170983,
    "mainnet_income_put_sol": 11373798.25,
    "mainnet_income_put_btc": 2355889.79
  },
  "usdValueByGlobalId": {
    "mainnet_income_call_sol": 20864708.06,
    "mainnet_income_call_marinade": 22965194.84,
    "mainnet_income_call_btc": 17509862.62,
    "mainnet_income_call_sbr": 1607239.99,
    "mainnet_income_call_ftt": 3208331.89,
    "mainnet_income_put_mngo": 454804.43,
    "mainnet_income_call_luna": 5125503.54,
    "mainnet_income_call_socean": 1570199.84,
    "mainnet_income_call_srm": 12539280.45,
    "mainnet_income_call_mngo": 1399285.14,
    "mainnet_income_call_ray": 104186.51,
    "mainnet_income_call_eth": 5268435.06,
    "mainnet_income_put_sol": 11373798.25,
    "mainnet_income_put_btc": 2355889.79
  },
  "globalIdToDepositTokenCoingeckoId": {
    "mainnet_income_call_sol": "solana",
    "mainnet_income_call_marinade": "msol",
    "mainnet_income_call_btc": "bitcoin",
    "mainnet_income_call_sbr": "saber",
    "mainnet_income_call_ftt": "ftx-token",
    "mainnet_income_put_mngo": "usd-coin",
    "mainnet_income_call_luna": "terra-luna",
    "mainnet_income_call_socean": "socean-staked-sol",
    "mainnet_income_call_srm": "serum",
    "mainnet_income_call_mngo": "mango-markets",
    "mainnet_income_call_ray": "raydium",
    "mainnet_income_call_eth": "ethereum",
    "mainnet_income_put_sol": "usd-coin",
    "mainnet_income_put_btc": "usd-coin"
  }
}