{
  "totalTvlUSD": 91531296.08,
  "coinsByCoingeckoId": {
    "solana": 125249.173350644,
    "msol": 136069.833932412,
    "bitcoin": 354.279327,
    "saber": 11000000,
    "ftx-token": 72245.801874,
    "usd-coin": 12774282.460579002,
    "terra-luna": 39999.999397,
    "socean-staked-sol": 5499.990099232,
    "serum": 3965797.053838,
    "mango-markets": 5999999.159277,
    "raydium": 18918.099566,
    "ethereum": 1406.76171
  },
  "pricesByCoingeckoId": {
    "BTC": 41896,
    "SOL": 145.48,
    "ETH": 3212.2,
    "mSOL": 148.76,
    "FTT": 36.05,
    "SRM": 3.13,
    "USDC": 1,
    "MNGO": 0.192722,
    "scnSOL": 147.62,
    "SBR": 0.094088,
    "LUNA": 70.22,
    "RAY": 5.44
  },
  "sharePricesByGlobalId": {
    "mainnet_income_call_sol": 1.03708,
    "mainnet_income_call_marinade": 1.02581,
    "mainnet_income_call_btc": 1.0644,
    "mainnet_income_call_sbr": 1,
    "mainnet_income_call_ftt": 1.01481,
    "mainnet_income_put_mngo": 1,
    "mainnet_income_call_luna": 1.01873,
    "mainnet_income_call_socean": 1.01266,
    "mainnet_income_call_srm": 1.00834,
    "mainnet_income_call_mngo": 1.01232,
    "mainnet_income_call_ray": 1,
    "mainnet_income_call_eth": 1.01181,
    "mainnet_income_put_sol": 1,
    "mainnet_income_put_btc": 1
  },
  "depositTokenByGlobalId": {
    "mainnet_income_call_sol": 125249.173350644,
    "mainnet_income_call_marinade": 136069.833932412,
    "mainnet_income_call_btc": 354.279327,
    "mainnet_income_call_sbr": 11000000,
    "mainnet_income_call_ftt": 72245.801874,
    "mainnet_income_put_mngo": 423215.84,
    "mainnet_income_call_luna": 39999.999397,
    "mainnet_income_call_socean": 5499.990099232,
    "mainnet_income_call_srm": 3965797.053838,
    "mainnet_income_call_mngo": 5999999.159277,
    "mainnet_income_call_ray": 18918.099566,
    "mainnet_income_call_eth": 1406.76171,
    "mainnet_income_put_sol": 9999999.97,
    "mainnet_income_put_btc": 2351066.65
  },
  "usdValueByGlobalId": {
    "mainnet_income_call_sol": 18221249.74,
    "mainnet_income_call_marinade": 20241748.5,
    "mainnet_income_call_btc": 14842886.68,
    "mainnet_income_call_sbr": 1034968,
    "mainnet_income_call_ftt": 2604461.16,
    "mainnet_income_put_mngo": 423215.84,
    "mainnet_income_call_luna": 2808799.96,
    "mainnet_income_call_socean": 811908.54,
    "mainnet_income_call_srm": 12412944.78,
    "mainnet_income_call_mngo": 1156331.84,
    "mainnet_income_call_ray": 102914.46,
    "mainnet_income_call_eth": 4518799.96,
    "mainnet_income_put_sol": 9999999.97,
    "mainnet_income_put_btc": 2351066.65
  }
}