{
  "totalTvlUSD": 42982711.31,
  "coinsByCoingeckoId": {
    "solana": 67760.011983664,
    "msol": 84055.049636147,
    "bitcoin": 188.277799,
    "ethereum": 153.18371,
    "ftx-token": 23811.427617,
    "serum": 210491.636406,
    "mango-markets": 951808.398396
  },
  "pricesByCoingeckoId": {
    "BTC": 51001,
    "SOL": 199.41,
    "ETH": 4076,
    "mSOL": 203.64,
    "FTT": 42.68,
    "SRM": 4.06,
    "USDC": 1,
    "MNGO": 0.269084
  },
  "sharePricesByGlobalId": {
    "mainnet_income_call_sol": 1.02193,
    "mainnet_income_call_marinade": 1.01091,
    "mainnet_income_call_btc": 1.05125,
    "mainnet_income_call_eth": 1.006,
    "mainnet_income_call_ftt": 1,
    "mainnet_income_call_srm": 1,
    "mainnet_income_call_mngo": 1
  }
}