{
  "totalTvlUSD": 87596828.89,
  "coinsByCoingeckoId": {
    "solana": 126065.455659305,
    "msol": 134196.974779823,
    "bitcoin": 294.716353,
    "raydium": 18884.537791,
    "ethereum": 1412.975654,
    "ftx-token": 72032.255528,
    "usd-coin": 12644400.521668002,
    "saber": 11000000,
    "terra-luna": 39999.344798,
    "socean-staked-sol": 5282.771358588,
    "serum": 3943692.513562,
    "mango-markets": 5788166.174019
  },
  "pricesByCoingeckoId": {
    "BTC": 42537,
    "SOL": 140.46,
    "ETH": 3243.68,
    "mSOL": 143.21,
    "FTT": 36.26,
    "SRM": 3.14,
    "USDC": 1,
    "MNGO": 0.19316,
    "scnSOL": 142.17,
    "SBR": 0.093236,
    "LUNA": 72.82,
    "RAY": 5.55
  },
  "sharePricesByGlobalId": {
    "mainnet_income_call_sol": 1.01911,
    "mainnet_income_call_marinade": 1.02581,
    "mainnet_income_call_btc": 1.0644,
    "mainnet_income_call_ray": 1,
    "mainnet_income_call_eth": 1.01246,
    "mainnet_income_call_ftt": 1.01645,
    "mainnet_income_put_mngo": 1,
    "mainnet_income_call_sbr": 1,
    "mainnet_income_call_luna": 1.02082,
    "mainnet_income_call_socean": 1.01266,
    "mainnet_income_call_srm": 1.00834,
    "mainnet_income_call_mngo": 1.01232,
    "mainnet_income_put_sol": 1,
    "mainnet_income_put_btc": 1
  },
  "depositTokenByGlobalId": {
    "mainnet_income_call_sol": 126065.455659305,
    "mainnet_income_call_marinade": 134196.974779823,
    "mainnet_income_call_btc": 294.716353,
    "mainnet_income_call_ray": 18884.537791,
    "mainnet_income_call_eth": 1412.975654,
    "mainnet_income_call_ftt": 72032.255528,
    "mainnet_income_put_mngo": 425219.42,
    "mainnet_income_call_sbr": 11000000,
    "mainnet_income_call_luna": 39999.344798,
    "mainnet_income_call_socean": 5282.771358588,
    "mainnet_income_call_srm": 3943692.513562,
    "mainnet_income_call_mngo": 5788166.174019,
    "mainnet_income_put_sol": 9868273.36,
    "mainnet_income_put_btc": 2350907.74
  },
  "usdValueByGlobalId": {
    "mainnet_income_call_sol": 17707153.9,
    "mainnet_income_call_marinade": 19218348.76,
    "mainnet_income_call_btc": 12536349.51,
    "mainnet_income_call_ray": 104809.18,
    "mainnet_income_call_eth": 4583240.87,
    "mainnet_income_call_ftt": 2611889.59,
    "mainnet_income_put_mngo": 425219.42,
    "mainnet_income_call_sbr": 1025596,
    "mainnet_income_call_luna": 2912752.29,
    "mainnet_income_call_socean": 751051.6,
    "mainnet_income_call_srm": 12383194.49,
    "mainnet_income_call_mngo": 1118042.18,
    "mainnet_income_put_sol": 9868273.36,
    "mainnet_income_put_btc": 2350907.74
  }
}