{
  "totalTvlUSD": 46214477.36,
  "coinsByCoingeckoId": {
    "solana": 83999.381153664,
    "msol": 84999.999912832,
    "bitcoin": 205.344239,
    "ethereum": 367.877822,
    "ftx-token": 24835.99047,
    "serum": 212946.388251,
    "mango-markets": 1595856.656309
  },
  "pricesByCoingeckoId": {
    "BTC": 49225,
    "SOL": 189.44,
    "ETH": 3913.94,
    "mSOL": 194.36,
    "FTT": 40.67,
    "SRM": 3.84,
    "USDC": 1,
    "MNGO": 0.253982
  },
  "sharePricesByGlobalId": {
    "mainnet_income_call_sol": 1.02193,
    "mainnet_income_call_marinade": 1.01091,
    "mainnet_income_call_btc": 1.05125,
    "mainnet_income_call_eth": 1.006,
    "mainnet_income_call_ftt": 1,
    "mainnet_income_call_srm": 1,
    "mainnet_income_call_mngo": 1
  }
}