{
  "totalTvlUSD": 113414327.59,
  "coinsByCoingeckoId": {
    "solana": 176315.48537887,
    "msol": 165528.955589563,
    "bitcoin": 429.391352,
    "saber": 19999999.760273,
    "ftx-token": 75115.491089,
    "terra-luna": 86455.707485,
    "terrausd": 164717.558158,
    "usd-coin": 13425473.455373,
    "socean-staked-sol": 11000,
    "serum": 4214600.282533,
    "mango-markets": 9041249.268517,
    "raydium": 20609.053884,
    "ethereum": 1796.051606
  },
  "pricesByCoingeckoId": {
    "BTC": 42175,
    "SOL": 137.15,
    "ETH": 3145.99,
    "mSOL": 140.9,
    "FTT": 46.42,
    "SRM": 2.94,
    "USDC": 1,
    "MNGO": 0.201566,
    "scnSOL": 140.82,
    "SBR": 0.113607,
    "LUNA": 79.85,
    "UST": 1,
    "RAY": 5.04
  },
  "sharePricesByGlobalId": {
    "mainnet_income_call_sol": 1.05342,
    "mainnet_income_call_marinade": 1.03017,
    "mainnet_income_call_btc": 1.06976,
    "mainnet_income_call_sbr": 1.04667,
    "mainnet_income_call_ftt": 1.02068,
    "mainnet_income_call_luna": 1.02692,
    "mainnet_income_put_luna": 1,
    "mainnet_income_put_mngo": 1.00201,
    "mainnet_income_call_socean": 1.01629,
    "mainnet_income_call_srm": 1.01304,
    "mainnet_income_call_mngo": 1.01322,
    "mainnet_income_call_ray": 1.00275,
    "mainnet_income_call_eth": 1.01667,
    "mainnet_income_put_sol": 1.00281,
    "mainnet_income_put_btc": 1.00329
  },
  "depositTokenByGlobalId": {
    "mainnet_income_call_sol": 176315.48537887,
    "mainnet_income_call_marinade": 165528.955589563,
    "mainnet_income_call_btc": 429.391352,
    "mainnet_income_call_sbr": 19999999.760273,
    "mainnet_income_call_ftt": 75115.491089,
    "mainnet_income_call_luna": 86455.707485,
    "mainnet_income_put_luna": 164717.558158,
    "mainnet_income_put_mngo": 397710.67,
    "mainnet_income_call_socean": 11000,
    "mainnet_income_call_srm": 4214600.282533,
    "mainnet_income_call_mngo": 9041249.268517,
    "mainnet_income_call_ray": 20609.053884,
    "mainnet_income_call_eth": 1796.051606,
    "mainnet_income_put_sol": 11901948.75,
    "mainnet_income_put_btc": 1125814.04
  },
  "usdValueByGlobalId": {
    "mainnet_income_call_sol": 24194010.9,
    "mainnet_income_call_marinade": 23323029.84,
    "mainnet_income_call_btc": 18116879.92,
    "mainnet_income_call_sbr": 2273259.97,
    "mainnet_income_call_ftt": 3489114.56,
    "mainnet_income_call_luna": 6905217.36,
    "mainnet_income_put_luna": 164717.56,
    "mainnet_income_put_mngo": 397710.67,
    "mainnet_income_call_socean": 1549020,
    "mainnet_income_call_srm": 12390924.83,
    "mainnet_income_call_mngo": 1823294.49,
    "mainnet_income_call_ray": 103869.63,
    "mainnet_income_call_eth": 5655515.06,
    "mainnet_income_put_sol": 11901948.75,
    "mainnet_income_put_btc": 1125814.04
  },
  "globalIdToDepositTokenCoingeckoId": {
    "mainnet_income_call_sol": "solana",
    "mainnet_income_call_marinade": "msol",
    "mainnet_income_call_btc": "bitcoin",
    "mainnet_income_call_sbr": "saber",
    "mainnet_income_call_ftt": "ftx-token",
    "mainnet_income_call_luna": "terra-luna",
    "mainnet_income_put_luna": "terrausd",
    "mainnet_income_put_mngo": "usd-coin",
    "mainnet_income_call_socean": "socean-staked-sol",
    "mainnet_income_call_srm": "serum",
    "mainnet_income_call_mngo": "mango-markets",
    "mainnet_income_call_ray": "raydium",
    "mainnet_income_call_eth": "ethereum",
    "mainnet_income_put_sol": "usd-coin",
    "mainnet_income_put_btc": "usd-coin"
  }
}