{
  "totalTvlUSD": 30003913.2,
  "coinsByCoingeckoId": {
    "solana": 59966.302403664,
    "msol": 53450.047916141,
    "bitcoin": 142.40224,
    "ethereum": 29.913236,
    "ftx-token": 4078.783635,
    "serum": 48485.478376,
    "mango-markets": 20007.893618
  }
}