{
  "totalTvlUSD": 96484685.19,
  "coinsByCoingeckoId": {
    "solana": 133114.385759574,
    "msol": 145036.18941836,
    "bitcoin": 369.503102,
    "saber": 11000000,
    "ftx-token": 76272.786905,
    "usd-coin": 13168094.53154,
    "terra-luna": 56651.850312,
    "socean-staked-sol": 7101.658670959,
    "serum": 3974849.079693,
    "mango-markets": 5999999.159277,
    "raydium": 19208.708196,
    "ethereum": 1479.96495
  },
  "pricesByCoingeckoId": {
    "BTC": 42886,
    "SOL": 142.5,
    "ETH": 3237.94,
    "mSOL": 145.87,
    "FTT": 39.51,
    "SRM": 3.05,
    "USDC": 1,
    "MNGO": 0.203801,
    "scnSOL": 145.37,
    "SBR": 0.079087,
    "LUNA": 73.92,
    "RAY": 5.37
  },
  "sharePricesByGlobalId": {
    "mainnet_income_call_sol": 1.03708,
    "mainnet_income_call_marinade": 1.02581,
    "mainnet_income_call_btc": 1.0644,
    "mainnet_income_call_sbr": 1,
    "mainnet_income_call_ftt": 1.01481,
    "mainnet_income_put_mngo": 1.00062,
    "mainnet_income_call_luna": 1.01873,
    "mainnet_income_call_socean": 1.01266,
    "mainnet_income_call_srm": 1.00834,
    "mainnet_income_call_mngo": 1.01232,
    "mainnet_income_call_ray": 1,
    "mainnet_income_call_eth": 1.01181,
    "mainnet_income_put_sol": 1.00376,
    "mainnet_income_put_btc": 1
  },
  "depositTokenByGlobalId": {
    "mainnet_income_call_sol": 133114.385759574,
    "mainnet_income_call_marinade": 145036.18941836,
    "mainnet_income_call_btc": 369.503102,
    "mainnet_income_call_sbr": 11000000,
    "mainnet_income_call_ftt": 76272.786905,
    "mainnet_income_put_mngo": 429859.76,
    "mainnet_income_call_luna": 56651.850312,
    "mainnet_income_call_socean": 7101.658670959,
    "mainnet_income_call_srm": 3974849.079693,
    "mainnet_income_call_mngo": 5999999.159277,
    "mainnet_income_call_ray": 19208.708196,
    "mainnet_income_call_eth": 1479.96495,
    "mainnet_income_put_sol": 10383856.98,
    "mainnet_income_put_btc": 2354377.79
  },
  "usdValueByGlobalId": {
    "mainnet_income_call_sol": 18968799.97,
    "mainnet_income_call_marinade": 21156428.95,
    "mainnet_income_call_btc": 15846510.03,
    "mainnet_income_call_sbr": 869957,
    "mainnet_income_call_ftt": 3013537.81,
    "mainnet_income_put_mngo": 429859.76,
    "mainnet_income_call_luna": 4187704.78,
    "mainnet_income_call_socean": 1032368.12,
    "mainnet_income_call_srm": 12123289.69,
    "mainnet_income_call_mngo": 1222805.83,
    "mainnet_income_call_ray": 103150.76,
    "mainnet_income_call_eth": 4792037.71,
    "mainnet_income_put_sol": 10383856.98,
    "mainnet_income_put_btc": 2354377.79
  }
}