{
  "totalTvlUSD": 102896808.2,
  "coinsByCoingeckoId": {
    "solana": 136765.04331187,
    "msol": 157686.546981369,
    "bitcoin": 405.680313,
    "saber": 16379167.982158,
    "ftx-token": 62598.553653,
    "usd-coin": 11560928.077674998,
    "terra-luna": 64273.791471,
    "socean-staked-sol": 10466.488067766,
    "serum": 4027606.680771,
    "mango-markets": 7968490.912309,
    "raydium": 16185.11108,
    "ethereum": 1686.243158
  },
  "pricesByCoingeckoId": {
    "BTC": 42484,
    "SOL": 146.24,
    "ETH": 3260.94,
    "mSOL": 149.63,
    "FTT": 41.8,
    "SRM": 3.12,
    "USDC": 1,
    "MNGO": 0.197608,
    "scnSOL": 150.04,
    "SBR": 0.090482,
    "LUNA": 78.89,
    "RAY": 5.33
  },
  "sharePricesByGlobalId": {
    "mainnet_income_call_sol": 1.04444,
    "mainnet_income_call_marinade": 1.03017,
    "mainnet_income_call_btc": 1.06814,
    "mainnet_income_call_sbr": 1.04667,
    "mainnet_income_call_ftt": 1.02068,
    "mainnet_income_put_mngo": 1.00201,
    "mainnet_income_call_luna": 1.02692,
    "mainnet_income_call_socean": 1.01629,
    "mainnet_income_call_srm": 1.01304,
    "mainnet_income_call_mngo": 1.01322,
    "mainnet_income_call_ray": 1.00275,
    "mainnet_income_call_eth": 1.01502,
    "mainnet_income_put_sol": 1.00281,
    "mainnet_income_put_btc": 1.00329
  },
  "depositTokenByGlobalId": {
    "mainnet_income_call_sol": 136765.04331187,
    "mainnet_income_call_marinade": 157686.546981369,
    "mainnet_income_call_btc": 405.680313,
    "mainnet_income_call_sbr": 16379167.982158,
    "mainnet_income_call_ftt": 62598.553653,
    "mainnet_income_put_mngo": 391540.24,
    "mainnet_income_call_luna": 64273.791471,
    "mainnet_income_call_socean": 10466.488067766,
    "mainnet_income_call_srm": 4027606.680771,
    "mainnet_income_call_mngo": 7968490.912309,
    "mainnet_income_call_ray": 16185.11108,
    "mainnet_income_call_eth": 1686.243158,
    "mainnet_income_put_sol": 10045195.51,
    "mainnet_income_put_btc": 1124192.33
  },
  "usdValueByGlobalId": {
    "mainnet_income_call_sol": 20015564.09,
    "mainnet_income_call_marinade": 23613560.41,
    "mainnet_income_call_btc": 17234922.42,
    "mainnet_income_call_sbr": 1485983.64,
    "mainnet_income_call_ftt": 2619123.48,
    "mainnet_income_put_mngo": 391540.24,
    "mainnet_income_call_luna": 5070559.41,
    "mainnet_income_call_socean": 1570391.87,
    "mainnet_income_call_srm": 12566132.84,
    "mainnet_income_call_mngo": 1574637.55,
    "mainnet_income_call_ray": 86266.64,
    "mainnet_income_call_eth": 5498737.76,
    "mainnet_income_put_sol": 10045195.51,
    "mainnet_income_put_btc": 1124192.33
  },
  "globalIdToDepositTokenCoingeckoId": {
    "mainnet_income_call_sol": "solana",
    "mainnet_income_call_marinade": "msol",
    "mainnet_income_call_btc": "bitcoin",
    "mainnet_income_call_sbr": "saber",
    "mainnet_income_call_ftt": "ftx-token",
    "mainnet_income_put_mngo": "usd-coin",
    "mainnet_income_call_luna": "terra-luna",
    "mainnet_income_call_socean": "socean-staked-sol",
    "mainnet_income_call_srm": "serum",
    "mainnet_income_call_mngo": "mango-markets",
    "mainnet_income_call_ray": "raydium",
    "mainnet_income_call_eth": "ethereum",
    "mainnet_income_put_sol": "usd-coin",
    "mainnet_income_put_btc": "usd-coin"
  }
}