{
  "totalTvlUSD": 88317854.84,
  "coinsByCoingeckoId": {
    "solana": 131056.770759574,
    "msol": 139049.369061701,
    "bitcoin": 365.936469,
    "saber": 11000000,
    "ftx-token": 72925.868942,
    "usd-coin": 12830763.740575,
    "terra-luna": 43384.830755,
    "socean-staked-sol": 5510.917785082,
    "serum": 3966619.586914,
    "mango-markets": 5999999.159277,
    "raydium": 18928.784889,
    "ethereum": 1469.626625
  },
  "pricesByCoingeckoId": {
    "BTC": 41173,
    "SOL": 132.26,
    "ETH": 3020.52,
    "mSOL": 135.9,
    "FTT": 36.76,
    "SRM": 2.86,
    "USDC": 1,
    "MNGO": 0.193202,
    "scnSOL": 135.24,
    "SBR": 0.070776,
    "LUNA": 67.95,
    "RAY": 5
  },
  "sharePricesByGlobalId": {
    "mainnet_income_call_sol": 1.03708,
    "mainnet_income_call_marinade": 1.02581,
    "mainnet_income_call_btc": 1.0644,
    "mainnet_income_call_sbr": 1,
    "mainnet_income_call_ftt": 1.01481,
    "mainnet_income_put_mngo": 1.00062,
    "mainnet_income_call_luna": 1.01873,
    "mainnet_income_call_socean": 1.01266,
    "mainnet_income_call_srm": 1.00834,
    "mainnet_income_call_mngo": 1.01232,
    "mainnet_income_call_ray": 1,
    "mainnet_income_call_eth": 1.01181,
    "mainnet_income_put_sol": 1.00376,
    "mainnet_income_put_btc": 1
  },
  "depositTokenByGlobalId": {
    "mainnet_income_call_sol": 131056.770759574,
    "mainnet_income_call_marinade": 139049.369061701,
    "mainnet_income_call_btc": 365.936469,
    "mainnet_income_call_sbr": 11000000,
    "mainnet_income_call_ftt": 72925.868942,
    "mainnet_income_put_mngo": 428507.75,
    "mainnet_income_call_luna": 43384.830755,
    "mainnet_income_call_socean": 5510.917785082,
    "mainnet_income_call_srm": 3966619.586914,
    "mainnet_income_call_mngo": 5999999.159277,
    "mainnet_income_call_ray": 18928.784889,
    "mainnet_income_call_eth": 1469.626625,
    "mainnet_income_put_sol": 10047878.2,
    "mainnet_income_put_btc": 2354377.79
  },
  "usdValueByGlobalId": {
    "mainnet_income_call_sol": 17333568.5,
    "mainnet_income_call_marinade": 18896809.26,
    "mainnet_income_call_btc": 15066702.24,
    "mainnet_income_call_sbr": 778536,
    "mainnet_income_call_ftt": 2680754.94,
    "mainnet_income_put_mngo": 428507.75,
    "mainnet_income_call_luna": 2947999.25,
    "mainnet_income_call_socean": 745296.52,
    "mainnet_income_call_srm": 11344532.02,
    "mainnet_income_call_mngo": 1159211.84,
    "mainnet_income_call_ray": 94643.92,
    "mainnet_income_call_eth": 4439036.61,
    "mainnet_income_put_sol": 10047878.2,
    "mainnet_income_put_btc": 2354377.79
  }
}