{
  "totalTvlUSD": 31142588.11,
  "coinsByCoingeckoId": {
    "solana": 60993.602403664,
    "msol": 55526.111836963,
    "bitcoin": 147.5118,
    "ethereum": 30.013254,
    "ftx-token": 13600.164581,
    "serum": 67873.663401,
    "mango-markets": 53738.022737
  }
}