{
  "totalTvlUSD": 109190218.44,
  "coinsByCoingeckoId": {
    "solana": 144800.39621187,
    "msol": 159933.953399841,
    "bitcoin": 422.029802,
    "saber": 19999999.492037,
    "ftx-token": 67888.790333,
    "usd-coin": 12230668.785342,
    "terra-luna": 70361.144418,
    "terrausd": 519.988467,
    "socean-staked-sol": 10999.987641614,
    "serum": 4066582.98111,
    "mango-markets": 8821372.022007,
    "raydium": 17508.102345,
    "ethereum": 1697.802136
  },
  "pricesByCoingeckoId": {
    "BTC": 43088,
    "SOL": 146.94,
    "ETH": 3316.67,
    "mSOL": 151.02,
    "FTT": 46.05,
    "SRM": 3.19,
    "USDC": 1,
    "MNGO": 0.193935,
    "scnSOL": 149.93,
    "SBR": 0.107011,
    "LUNA": 85.55,
    "UST": 1,
    "RAY": 5.43
  },
  "sharePricesByGlobalId": {
    "mainnet_income_call_sol": 1.04444,
    "mainnet_income_call_marinade": 1.03017,
    "mainnet_income_call_btc": 1.06814,
    "mainnet_income_call_sbr": 1.04667,
    "mainnet_income_call_ftt": 1.02068,
    "mainnet_income_put_mngo": 1.00201,
    "mainnet_income_call_luna": 1.02692,
    "mainnet_income_put_luna": 1,
    "mainnet_income_call_socean": 1.01629,
    "mainnet_income_call_srm": 1.01304,
    "mainnet_income_call_mngo": 1.01322,
    "mainnet_income_call_ray": 1.00275,
    "mainnet_income_call_eth": 1.01502,
    "mainnet_income_put_sol": 1.00281,
    "mainnet_income_put_btc": 1.00329
  },
  "depositTokenByGlobalId": {
    "mainnet_income_call_sol": 144800.39621187,
    "mainnet_income_call_marinade": 159933.953399841,
    "mainnet_income_call_btc": 422.029802,
    "mainnet_income_call_sbr": 19999999.492037,
    "mainnet_income_call_ftt": 67888.790333,
    "mainnet_income_put_mngo": 392112.07,
    "mainnet_income_call_luna": 70361.144418,
    "mainnet_income_put_luna": 519.988467,
    "mainnet_income_call_socean": 10999.987641614,
    "mainnet_income_call_srm": 4066582.98111,
    "mainnet_income_call_mngo": 8821372.022007,
    "mainnet_income_call_ray": 17508.102345,
    "mainnet_income_call_eth": 1697.802136,
    "mainnet_income_put_sol": 10714072.58,
    "mainnet_income_put_btc": 1124484.14
  },
  "usdValueByGlobalId": {
    "mainnet_income_call_sol": 21276970.22,
    "mainnet_income_call_marinade": 24153225.64,
    "mainnet_income_call_btc": 18184420.11,
    "mainnet_income_call_sbr": 2140219.95,
    "mainnet_income_call_ftt": 3126278.79,
    "mainnet_income_put_mngo": 392112.07,
    "mainnet_income_call_luna": 6019395.9,
    "mainnet_income_put_luna": 519.99,
    "mainnet_income_call_socean": 1649228.15,
    "mainnet_income_call_srm": 12972399.71,
    "mainnet_income_call_mngo": 1710772.78,
    "mainnet_income_call_ray": 95069,
    "mainnet_income_call_eth": 5631049.41,
    "mainnet_income_put_sol": 10714072.58,
    "mainnet_income_put_btc": 1124484.14
  },
  "globalIdToDepositTokenCoingeckoId": {
    "mainnet_income_call_sol": "solana",
    "mainnet_income_call_marinade": "msol",
    "mainnet_income_call_btc": "bitcoin",
    "mainnet_income_call_sbr": "saber",
    "mainnet_income_call_ftt": "ftx-token",
    "mainnet_income_put_mngo": "usd-coin",
    "mainnet_income_call_luna": "terra-luna",
    "mainnet_income_put_luna": "terrausd",
    "mainnet_income_call_socean": "socean-staked-sol",
    "mainnet_income_call_srm": "serum",
    "mainnet_income_call_mngo": "mango-markets",
    "mainnet_income_call_ray": "raydium",
    "mainnet_income_call_eth": "ethereum",
    "mainnet_income_put_sol": "usd-coin",
    "mainnet_income_put_btc": "usd-coin"
  }
}