{
  "totalTvlUSD": 91603046.03,
  "coinsByCoingeckoId": {
    "solana": 186237.962158812,
    "msol": 162243.772576318,
    "bitcoin": 430.23231,
    "saber": 18680679.33299,
    "ftx-token": 65682.991241,
    "terra-luna": 78061.785029,
    "terrausd": 207706.774465,
    "usd-coin": 14028878.496938,
    "socean-staked-sol": 10999.999764954,
    "serum": 4227381.42179,
    "mango-markets": 7786614.704167,
    "raydium": 20953.675782,
    "ethereum": 1762.014934
  },
  "pricesByCoingeckoId": {
    "BTC": 35851,
    "SOL": 102.87,
    "ETH": 2527.08,
    "mSOL": 105.64,
    "FTT": 35.85,
    "SRM": 2.26,
    "USDC": 1,
    "MNGO": 0.160837,
    "scnSOL": 105.35,
    "SBR": 0.073653,
    "LUNA": 68.41,
    "UST": 1,
    "RAY": 3.83
  },
  "sharePricesByGlobalId": {
    "mainnet_income_call_sol": 1.05252,
    "mainnet_income_call_marinade": 1.03727,
    "mainnet_income_call_btc": 1.0696,
    "mainnet_income_call_sbr": 1.05044,
    "mainnet_income_call_ftt": 1.02696,
    "mainnet_income_call_luna": 1.0374,
    "mainnet_income_put_luna": 1,
    "mainnet_income_put_mngo": 1.00322,
    "mainnet_income_call_socean": 1.02395,
    "mainnet_income_call_srm": 1.02041,
    "mainnet_income_call_mngo": 1.01533,
    "mainnet_income_call_ray": 1.01764,
    "mainnet_income_call_eth": 1.0165,
    "mainnet_income_put_sol": 1.01183,
    "mainnet_income_put_btc": 1.00606
  },
  "depositTokenByGlobalId": {
    "mainnet_income_call_sol": 186237.962158812,
    "mainnet_income_call_marinade": 162243.772576318,
    "mainnet_income_call_btc": 430.23231,
    "mainnet_income_call_sbr": 18680679.33299,
    "mainnet_income_call_ftt": 65682.991241,
    "mainnet_income_call_luna": 78061.785029,
    "mainnet_income_put_luna": 207706.774465,
    "mainnet_income_put_mngo": 248683.41,
    "mainnet_income_call_socean": 10999.999764954,
    "mainnet_income_call_srm": 4227381.42179,
    "mainnet_income_call_mngo": 7786614.704167,
    "mainnet_income_call_ray": 20953.675782,
    "mainnet_income_call_eth": 1762.014934,
    "mainnet_income_put_sol": 12642004.25,
    "mainnet_income_put_btc": 1138190.84
  },
  "usdValueByGlobalId": {
    "mainnet_income_call_sol": 19162023.93,
    "mainnet_income_call_marinade": 17145921.89,
    "mainnet_income_call_btc": 15425549.24,
    "mainnet_income_call_sbr": 1375850.71,
    "mainnet_income_call_ftt": 2358019.39,
    "mainnet_income_call_luna": 5355819.07,
    "mainnet_income_put_luna": 207706.77,
    "mainnet_income_put_mngo": 248683.41,
    "mainnet_income_call_socean": 1158849.98,
    "mainnet_income_call_srm": 9596155.83,
    "mainnet_income_call_mngo": 1252375.75,
    "mainnet_income_call_ray": 80252.58,
    "mainnet_income_call_eth": 4455642.4,
    "mainnet_income_put_sol": 12642004.25,
    "mainnet_income_put_btc": 1138190.84
  },
  "globalIdToDepositTokenCoingeckoId": {
    "mainnet_income_call_sol": "solana",
    "mainnet_income_call_marinade": "msol",
    "mainnet_income_call_btc": "bitcoin",
    "mainnet_income_call_sbr": "saber",
    "mainnet_income_call_ftt": "ftx-token",
    "mainnet_income_call_luna": "terra-luna",
    "mainnet_income_put_luna": "terrausd",
    "mainnet_income_put_mngo": "usd-coin",
    "mainnet_income_call_socean": "socean-staked-sol",
    "mainnet_income_call_srm": "serum",
    "mainnet_income_call_mngo": "mango-markets",
    "mainnet_income_call_ray": "raydium",
    "mainnet_income_call_eth": "ethereum",
    "mainnet_income_put_sol": "usd-coin",
    "mainnet_income_put_btc": "usd-coin"
  }
}