{
  "totalTvlUSD": 91017071.78,
  "coinsByCoingeckoId": {
    "solana": 125013.412350644,
    "msol": 135968.818628195,
    "bitcoin": 354.279327,
    "saber": 11000000,
    "ftx-token": 71563.701874,
    "usd-coin": 12774039.779015,
    "terra-luna": 39999.989397,
    "socean-staked-sol": 5499.870099232,
    "serum": 3965494.011937,
    "mango-markets": 5999999.148087,
    "raydium": 18918.099566,
    "ethereum": 1406.76078
  },
  "pricesByCoingeckoId": {
    "BTC": 41955,
    "SOL": 143.33,
    "ETH": 3229.96,
    "mSOL": 146.95,
    "FTT": 36.31,
    "SRM": 3.15,
    "USDC": 1,
    "MNGO": 0.192351,
    "scnSOL": 145.78,
    "SBR": 0.09034,
    "LUNA": 69.84,
    "RAY": 5.48
  },
  "sharePricesByGlobalId": {
    "mainnet_income_call_sol": 1.03708,
    "mainnet_income_call_marinade": 1.02581,
    "mainnet_income_call_btc": 1.0644,
    "mainnet_income_call_sbr": 1,
    "mainnet_income_call_ftt": 1.01481,
    "mainnet_income_put_mngo": 1,
    "mainnet_income_call_luna": 1.01873,
    "mainnet_income_call_socean": 1.01266,
    "mainnet_income_call_srm": 1.00834,
    "mainnet_income_call_mngo": 1.01232,
    "mainnet_income_call_ray": 1,
    "mainnet_income_call_eth": 1.01181,
    "mainnet_income_put_sol": 1,
    "mainnet_income_put_btc": 1
  },
  "depositTokenByGlobalId": {
    "mainnet_income_call_sol": 125013.412350644,
    "mainnet_income_call_marinade": 135968.818628195,
    "mainnet_income_call_btc": 354.279327,
    "mainnet_income_call_sbr": 11000000,
    "mainnet_income_call_ftt": 71563.701874,
    "mainnet_income_put_mngo": 423015.84,
    "mainnet_income_call_luna": 39999.989397,
    "mainnet_income_call_socean": 5499.870099232,
    "mainnet_income_call_srm": 3965494.011937,
    "mainnet_income_call_mngo": 5999999.148087,
    "mainnet_income_call_ray": 18918.099566,
    "mainnet_income_call_eth": 1406.76078,
    "mainnet_income_put_sol": 9999999.86,
    "mainnet_income_put_btc": 2351024.08
  },
  "usdValueByGlobalId": {
    "mainnet_income_call_sol": 17918172.39,
    "mainnet_income_call_marinade": 19980617.9,
    "mainnet_income_call_btc": 14863789.16,
    "mainnet_income_call_sbr": 993740,
    "mainnet_income_call_ftt": 2598478.02,
    "mainnet_income_put_mngo": 423015.84,
    "mainnet_income_call_luna": 2793599.26,
    "mainnet_income_call_socean": 801771.06,
    "mainnet_income_call_srm": 12491306.14,
    "mainnet_income_call_mngo": 1154105.84,
    "mainnet_income_call_ray": 103671.19,
    "mainnet_income_call_eth": 4543781.05,
    "mainnet_income_put_sol": 9999999.86,
    "mainnet_income_put_btc": 2351024.08
  }
}