{
  "totalTvlUSD": 86792388.61,
  "coinsByCoingeckoId": {
    "solana": 189034.040008812,
    "msol": 162976.208549841,
    "bitcoin": 435.584237,
    "saber": 19997858.541811,
    "ftx-token": 66598.533885,
    "terra-luna": 81824.930964,
    "terrausd": 207899.657499,
    "usd-coin": 14276598.962164,
    "socean-staked-sol": 10999.999764954,
    "serum": 4235493.955661,
    "mango-markets": 7840231.792677,
    "raydium": 21625.256316,
    "ethereum": 1772.494941
  },
  "pricesByCoingeckoId": {
    "BTC": 36505,
    "SOL": 89.58,
    "ETH": 2419.65,
    "mSOL": 92.33,
    "FTT": 35.5,
    "SRM": 2.11,
    "USDC": 1,
    "MNGO": 0.150555,
    "scnSOL": 91.54,
    "SBR": 0.065754,
    "LUNA": 64.29,
    "UST": 1,
    "RAY": 3.37
  },
  "sharePricesByGlobalId": {
    "mainnet_income_call_sol": 1.05252,
    "mainnet_income_call_marinade": 1.03727,
    "mainnet_income_call_btc": 1.0696,
    "mainnet_income_call_sbr": 1.05044,
    "mainnet_income_call_ftt": 1.02696,
    "mainnet_income_call_luna": 1.0374,
    "mainnet_income_put_luna": 1,
    "mainnet_income_put_mngo": 1.00322,
    "mainnet_income_call_socean": 1.02395,
    "mainnet_income_call_srm": 1.02041,
    "mainnet_income_call_mngo": 1.01533,
    "mainnet_income_call_ray": 1.01764,
    "mainnet_income_call_eth": 1.0165,
    "mainnet_income_put_sol": 1.01183,
    "mainnet_income_put_btc": 1.00606
  },
  "depositTokenByGlobalId": {
    "mainnet_income_call_sol": 189034.040008812,
    "mainnet_income_call_marinade": 162976.208549841,
    "mainnet_income_call_btc": 435.584237,
    "mainnet_income_call_sbr": 19997858.541811,
    "mainnet_income_call_ftt": 66598.533885,
    "mainnet_income_call_luna": 81824.930964,
    "mainnet_income_put_luna": 207899.657499,
    "mainnet_income_put_mngo": 248683.41,
    "mainnet_income_call_socean": 10999.999764954,
    "mainnet_income_call_srm": 4235493.955661,
    "mainnet_income_call_mngo": 7840231.792677,
    "mainnet_income_call_ray": 21625.256316,
    "mainnet_income_call_eth": 1772.494941,
    "mainnet_income_put_sol": 12889704.62,
    "mainnet_income_put_btc": 1138210.93
  },
  "usdValueByGlobalId": {
    "mainnet_income_call_sol": 16933669.3,
    "mainnet_income_call_marinade": 15047593.34,
    "mainnet_income_call_btc": 15901002.57,
    "mainnet_income_call_sbr": 1314939.19,
    "mainnet_income_call_ftt": 2364247.95,
    "mainnet_income_call_luna": 5260524.81,
    "mainnet_income_put_luna": 207899.66,
    "mainnet_income_put_mngo": 248683.41,
    "mainnet_income_call_socean": 1006939.98,
    "mainnet_income_call_srm": 8936892.25,
    "mainnet_income_call_mngo": 1180386.1,
    "mainnet_income_call_ray": 72877.11,
    "mainnet_income_call_eth": 4288817.38,
    "mainnet_income_put_sol": 12889704.62,
    "mainnet_income_put_btc": 1138210.93
  },
  "globalIdToDepositTokenCoingeckoId": {
    "mainnet_income_call_sol": "solana",
    "mainnet_income_call_marinade": "msol",
    "mainnet_income_call_btc": "bitcoin",
    "mainnet_income_call_sbr": "saber",
    "mainnet_income_call_ftt": "ftx-token",
    "mainnet_income_call_luna": "terra-luna",
    "mainnet_income_put_luna": "terrausd",
    "mainnet_income_put_mngo": "usd-coin",
    "mainnet_income_call_socean": "socean-staked-sol",
    "mainnet_income_call_srm": "serum",
    "mainnet_income_call_mngo": "mango-markets",
    "mainnet_income_call_ray": "raydium",
    "mainnet_income_call_eth": "ethereum",
    "mainnet_income_put_sol": "usd-coin",
    "mainnet_income_put_btc": "usd-coin"
  }
}