{
  "totalTvlUSD": 93377826.4,
  "coinsByCoingeckoId": {
    "solana": 193378.757008812,
    "msol": 164129.947992759,
    "bitcoin": 443.236057,
    "saber": 19999998.066329,
    "ftx-token": 67422.418101,
    "terra-luna": 87708.602307,
    "terrausd": 215067.880156,
    "usd-coin": 14841772.028897999,
    "socean-staked-sol": 11000,
    "serum": 4239464.637998,
    "mango-markets": 7874157.260761,
    "raydium": 23338.825086,
    "ethereum": 1768.191515
  },
  "pricesByCoingeckoId": {
    "BTC": 38127,
    "SOL": 98.36,
    "ETH": 2609.02,
    "mSOL": 100.92,
    "FTT": 37.78,
    "SRM": 2.2,
    "USDC": 1,
    "MNGO": 0.154699,
    "scnSOL": 102.58,
    "SBR": 0.067949,
    "LUNA": 63.37,
    "UST": 0.997875,
    "RAY": 3.71
  },
  "sharePricesByGlobalId": {
    "mainnet_income_call_sol": 1.05252,
    "mainnet_income_call_marinade": 1.03727,
    "mainnet_income_call_btc": 1.0696,
    "mainnet_income_call_sbr": 1.05044,
    "mainnet_income_call_ftt": 1.02696,
    "mainnet_income_call_luna": 1.0374,
    "mainnet_income_put_luna": 1,
    "mainnet_income_put_mngo": 1.00322,
    "mainnet_income_call_socean": 1.02395,
    "mainnet_income_call_srm": 1.02041,
    "mainnet_income_call_mngo": 1.01533,
    "mainnet_income_call_ray": 1.01764,
    "mainnet_income_call_eth": 1.0165,
    "mainnet_income_put_sol": 1.01183,
    "mainnet_income_put_btc": 1.00606
  },
  "depositTokenByGlobalId": {
    "mainnet_income_call_sol": 193378.757008812,
    "mainnet_income_call_marinade": 164129.947992759,
    "mainnet_income_call_btc": 443.236057,
    "mainnet_income_call_sbr": 19999998.066329,
    "mainnet_income_call_ftt": 67422.418101,
    "mainnet_income_call_luna": 87708.602307,
    "mainnet_income_put_luna": 215067.880156,
    "mainnet_income_put_mngo": 249435.27,
    "mainnet_income_call_socean": 11000,
    "mainnet_income_call_srm": 4239464.637998,
    "mainnet_income_call_mngo": 7874157.260761,
    "mainnet_income_call_ray": 23338.825086,
    "mainnet_income_call_eth": 1768.191515,
    "mainnet_income_put_sol": 13453615.23,
    "mainnet_income_put_btc": 1138721.52
  },
  "usdValueByGlobalId": {
    "mainnet_income_call_sol": 19020734.54,
    "mainnet_income_call_marinade": 16563994.35,
    "mainnet_income_call_btc": 16899261.15,
    "mainnet_income_call_sbr": 1358979.87,
    "mainnet_income_call_ftt": 2547218.96,
    "mainnet_income_call_luna": 5558094.13,
    "mainnet_income_put_luna": 214610.86,
    "mainnet_income_put_mngo": 249435.27,
    "mainnet_income_call_socean": 1128380,
    "mainnet_income_call_srm": 9326822.2,
    "mainnet_income_call_mngo": 1218124.25,
    "mainnet_income_call_ray": 86587.04,
    "mainnet_income_call_eth": 4613247.03,
    "mainnet_income_put_sol": 13453615.23,
    "mainnet_income_put_btc": 1138721.52
  },
  "globalIdToDepositTokenCoingeckoId": {
    "mainnet_income_call_sol": "solana",
    "mainnet_income_call_marinade": "msol",
    "mainnet_income_call_btc": "bitcoin",
    "mainnet_income_call_sbr": "saber",
    "mainnet_income_call_ftt": "ftx-token",
    "mainnet_income_call_luna": "terra-luna",
    "mainnet_income_put_luna": "terrausd",
    "mainnet_income_put_mngo": "usd-coin",
    "mainnet_income_call_socean": "socean-staked-sol",
    "mainnet_income_call_srm": "serum",
    "mainnet_income_call_mngo": "mango-markets",
    "mainnet_income_call_ray": "raydium",
    "mainnet_income_call_eth": "ethereum",
    "mainnet_income_put_sol": "usd-coin",
    "mainnet_income_put_btc": "usd-coin"
  }
}