{
  "totalTvlUSD": 92386245.05,
  "coinsByCoingeckoId": {
    "solana": 128914.777350644,
    "msol": 136540.283304751,
    "bitcoin": 355.195506,
    "saber": 11000000,
    "ftx-token": 72697.904788,
    "usd-coin": 12777342.187611,
    "terra-luna": 39999.999397,
    "socean-staked-sol": 5499.990099232,
    "serum": 3966379.6449,
    "mango-markets": 5999999.159277,
    "raydium": 18918.099566,
    "ethereum": 1467.167941
  },
  "pricesByCoingeckoId": {
    "BTC": 42322,
    "SOL": 145.51,
    "ETH": 3188.31,
    "mSOL": 148.26,
    "FTT": 37.21,
    "SRM": 3.08,
    "USDC": 1,
    "MNGO": 0.192507,
    "scnSOL": 147.05,
    "SBR": 0.087381,
    "LUNA": 73.69,
    "RAY": 5.42
  },
  "sharePricesByGlobalId": {
    "mainnet_income_call_sol": 1.03708,
    "mainnet_income_call_marinade": 1.02581,
    "mainnet_income_call_btc": 1.0644,
    "mainnet_income_call_sbr": 1,
    "mainnet_income_call_ftt": 1.01481,
    "mainnet_income_put_mngo": 1,
    "mainnet_income_call_luna": 1.01873,
    "mainnet_income_call_socean": 1.01266,
    "mainnet_income_call_srm": 1.00834,
    "mainnet_income_call_mngo": 1.01232,
    "mainnet_income_call_ray": 1,
    "mainnet_income_call_eth": 1.01181,
    "mainnet_income_put_sol": 1,
    "mainnet_income_put_btc": 1
  },
  "depositTokenByGlobalId": {
    "mainnet_income_call_sol": 128914.777350644,
    "mainnet_income_call_marinade": 136540.283304751,
    "mainnet_income_call_btc": 355.195506,
    "mainnet_income_call_sbr": 11000000,
    "mainnet_income_call_ftt": 72697.904788,
    "mainnet_income_put_mngo": 425033.57,
    "mainnet_income_call_luna": 39999.999397,
    "mainnet_income_call_socean": 5499.990099232,
    "mainnet_income_call_srm": 3966379.6449,
    "mainnet_income_call_mngo": 5999999.159277,
    "mainnet_income_call_ray": 18918.099566,
    "mainnet_income_call_eth": 1467.167941,
    "mainnet_income_put_sol": 9999999.97,
    "mainnet_income_put_btc": 2352308.65
  },
  "usdValueByGlobalId": {
    "mainnet_income_call_sol": 18758389.25,
    "mainnet_income_call_marinade": 20243462.4,
    "mainnet_income_call_btc": 15032584.2,
    "mainnet_income_call_sbr": 961191,
    "mainnet_income_call_ftt": 2705089.04,
    "mainnet_income_put_mngo": 425033.57,
    "mainnet_income_call_luna": 2947599.96,
    "mainnet_income_call_socean": 808773.54,
    "mainnet_income_call_srm": 12216449.31,
    "mainnet_income_call_mngo": 1155041.84,
    "mainnet_income_call_ray": 102536.1,
    "mainnet_income_call_eth": 4677786.22,
    "mainnet_income_put_sol": 9999999.97,
    "mainnet_income_put_btc": 2352308.65
  }
}