{
  "totalTvlUSD": 88410774.92,
  "coinsByCoingeckoId": {
    "solana": 189628.727008812,
    "msol": 163067.255168724,
    "bitcoin": 435.606946,
    "saber": 19999972.92845,
    "ftx-token": 66703.58679,
    "terra-luna": 82263.793174,
    "terrausd": 211840.021503,
    "usd-coin": 14308928.672947,
    "socean-staked-sol": 10999.999764954,
    "serum": 4235224.36262,
    "mango-markets": 7847633.676601,
    "raydium": 21625.256316,
    "ethereum": 1767.890112
  },
  "pricesByCoingeckoId": {
    "BTC": 36732,
    "SOL": 93.14,
    "ETH": 2450.53,
    "mSOL": 95.76,
    "FTT": 36.24,
    "SRM": 2.1,
    "USDC": 1,
    "MNGO": 0.1533,
    "scnSOL": 93.77,
    "SBR": 0.064919,
    "LUNA": 64.67,
    "UST": 1,
    "RAY": 3.52
  },
  "sharePricesByGlobalId": {
    "mainnet_income_call_sol": 1.05252,
    "mainnet_income_call_marinade": 1.03727,
    "mainnet_income_call_btc": 1.0696,
    "mainnet_income_call_sbr": 1.05044,
    "mainnet_income_call_ftt": 1.02696,
    "mainnet_income_call_luna": 1.0374,
    "mainnet_income_put_luna": 1,
    "mainnet_income_put_mngo": 1.00322,
    "mainnet_income_call_socean": 1.02395,
    "mainnet_income_call_srm": 1.02041,
    "mainnet_income_call_mngo": 1.01533,
    "mainnet_income_call_ray": 1.01764,
    "mainnet_income_call_eth": 1.0165,
    "mainnet_income_put_sol": 1.01183,
    "mainnet_income_put_btc": 1.00606
  },
  "depositTokenByGlobalId": {
    "mainnet_income_call_sol": 189628.727008812,
    "mainnet_income_call_marinade": 163067.255168724,
    "mainnet_income_call_btc": 435.606946,
    "mainnet_income_call_sbr": 19999972.92845,
    "mainnet_income_call_ftt": 66703.58679,
    "mainnet_income_call_luna": 82263.793174,
    "mainnet_income_put_luna": 211840.021503,
    "mainnet_income_put_mngo": 248684.41,
    "mainnet_income_call_socean": 10999.999764954,
    "mainnet_income_call_srm": 4235224.36262,
    "mainnet_income_call_mngo": 7847633.676601,
    "mainnet_income_call_ray": 21625.256316,
    "mainnet_income_call_eth": 1767.890112,
    "mainnet_income_put_sol": 12922033.33,
    "mainnet_income_put_btc": 1138210.93
  },
  "usdValueByGlobalId": {
    "mainnet_income_call_sol": 17662019.63,
    "mainnet_income_call_marinade": 15615320.35,
    "mainnet_income_call_btc": 16029900.01,
    "mainnet_income_call_sbr": 1299758.24,
    "mainnet_income_call_ftt": 2419339.09,
    "mainnet_income_call_luna": 5326580.61,
    "mainnet_income_put_luna": 211840.02,
    "mainnet_income_put_mngo": 248684.41,
    "mainnet_income_call_socean": 1031469.98,
    "mainnet_income_call_srm": 8893971.16,
    "mainnet_income_call_mngo": 1203042.24,
    "mainnet_income_call_ray": 76337.15,
    "mainnet_income_call_eth": 4332267.76,
    "mainnet_income_put_sol": 12922033.33,
    "mainnet_income_put_btc": 1138210.93
  },
  "globalIdToDepositTokenCoingeckoId": {
    "mainnet_income_call_sol": "solana",
    "mainnet_income_call_marinade": "msol",
    "mainnet_income_call_btc": "bitcoin",
    "mainnet_income_call_sbr": "saber",
    "mainnet_income_call_ftt": "ftx-token",
    "mainnet_income_call_luna": "terra-luna",
    "mainnet_income_put_luna": "terrausd",
    "mainnet_income_put_mngo": "usd-coin",
    "mainnet_income_call_socean": "socean-staked-sol",
    "mainnet_income_call_srm": "serum",
    "mainnet_income_call_mngo": "mango-markets",
    "mainnet_income_call_ray": "raydium",
    "mainnet_income_call_eth": "ethereum",
    "mainnet_income_put_sol": "usd-coin",
    "mainnet_income_put_btc": "usd-coin"
  }
}