{
  "totalTvlUSD": 102821620.4,
  "coinsByCoingeckoId": {
    "solana": 136634.065759574,
    "msol": 146314.591263498,
    "bitcoin": 370.953454,
    "saber": 11184775.587644,
    "ftx-token": 76697.451325,
    "usd-coin": 14001649.488669999,
    "terra-luna": 60019.004401,
    "socean-staked-sol": 8549.450253934,
    "serum": 3976533.073675,
    "mango-markets": 6001904.659464,
    "raydium": 19310.493998,
    "ethereum": 1493.006716
  },
  "pricesByCoingeckoId": {
    "BTC": 43760,
    "SOL": 151.07,
    "ETH": 3361.28,
    "mSOL": 154.82,
    "FTT": 41.37,
    "SRM": 3.17,
    "USDC": 1,
    "MNGO": 0.21046,
    "scnSOL": 154.04,
    "SBR": 0.084442,
    "LUNA": 81.06,
    "RAY": 5.52
  },
  "sharePricesByGlobalId": {
    "mainnet_income_call_sol": 1.03708,
    "mainnet_income_call_marinade": 1.02581,
    "mainnet_income_call_btc": 1.0644,
    "mainnet_income_call_sbr": 1,
    "mainnet_income_call_ftt": 1.01481,
    "mainnet_income_put_mngo": 1,
    "mainnet_income_call_luna": 1.01873,
    "mainnet_income_call_socean": 1.01266,
    "mainnet_income_call_srm": 1.00834,
    "mainnet_income_call_mngo": 1.01232,
    "mainnet_income_call_ray": 1,
    "mainnet_income_call_eth": 1.01181,
    "mainnet_income_put_sol": 0.99999,
    "mainnet_income_put_btc": 1
  },
  "depositTokenByGlobalId": {
    "mainnet_income_call_sol": 136634.065759574,
    "mainnet_income_call_marinade": 146314.591263498,
    "mainnet_income_call_btc": 370.953454,
    "mainnet_income_call_sbr": 11184775.587644,
    "mainnet_income_call_ftt": 76697.451325,
    "mainnet_income_put_mngo": 429804.43,
    "mainnet_income_call_luna": 60019.004401,
    "mainnet_income_call_socean": 8549.450253934,
    "mainnet_income_call_srm": 3976533.073675,
    "mainnet_income_call_mngo": 6001904.659464,
    "mainnet_income_call_ray": 19310.493998,
    "mainnet_income_call_eth": 1493.006716,
    "mainnet_income_put_sol": 11217457.27,
    "mainnet_income_put_btc": 2354387.79
  },
  "usdValueByGlobalId": {
    "mainnet_income_call_sol": 20641308.31,
    "mainnet_income_call_marinade": 22652425.02,
    "mainnet_income_call_btc": 16232923.15,
    "mainnet_income_call_sbr": 944464.82,
    "mainnet_income_call_ftt": 3172973.56,
    "mainnet_income_put_mngo": 429804.43,
    "mainnet_income_call_luna": 4865140.5,
    "mainnet_income_call_socean": 1316957.32,
    "mainnet_income_call_srm": 12605609.84,
    "mainnet_income_call_mngo": 1263160.85,
    "mainnet_income_call_ray": 106593.93,
    "mainnet_income_call_eth": 5018413.61,
    "mainnet_income_put_sol": 11217457.27,
    "mainnet_income_put_btc": 2354387.79
  }
}