{
  "totalTvlUSD": 29763282.33,
  "coinsByCoingeckoId": {
    "solana": 59928.482993664,
    "msol": 53199.332569577,
    "bitcoin": 142.40224,
    "ethereum": 29.913236,
    "ftx-token": 3527.322325,
    "serum": 47760.868669
  }
}