{
  "totalTvlUSD": 117521318.51,
  "coinsByCoingeckoId": {
    "solana": 180160.01377887,
    "msol": 166430.507147481,
    "bitcoin": 433.1308,
    "saber": 19999999.760273,
    "ftx-token": 75331.828785,
    "terra-luna": 87231.125013,
    "terrausd": 191367.729974,
    "usd-coin": 13827231.225344999,
    "socean-staked-sol": 11000,
    "serum": 4217048.614957,
    "mango-markets": 9047121.343669,
    "raydium": 20915.35224,
    "ethereum": 1808.910655
  },
  "pricesByCoingeckoId": {
    "BTC": 42835,
    "SOL": 141.84,
    "ETH": 3217.48,
    "mSOL": 144.99,
    "FTT": 49.17,
    "SRM": 3,
    "USDC": 1,
    "MNGO": 0.201858,
    "scnSOL": 143.28,
    "SBR": 0.112348,
    "LUNA": 84.03,
    "UST": 1.01,
    "RAY": 5.18
  },
  "sharePricesByGlobalId": {
    "mainnet_income_call_sol": 1.05342,
    "mainnet_income_call_marinade": 1.03017,
    "mainnet_income_call_btc": 1.06976,
    "mainnet_income_call_sbr": 1.04667,
    "mainnet_income_call_ftt": 1.02068,
    "mainnet_income_call_luna": 1.02692,
    "mainnet_income_put_luna": 1,
    "mainnet_income_put_mngo": 1.00201,
    "mainnet_income_call_socean": 1.01629,
    "mainnet_income_call_srm": 1.01304,
    "mainnet_income_call_mngo": 1.01322,
    "mainnet_income_call_ray": 1.00275,
    "mainnet_income_call_eth": 1.01667,
    "mainnet_income_put_sol": 1.00281,
    "mainnet_income_put_btc": 1.00329
  },
  "depositTokenByGlobalId": {
    "mainnet_income_call_sol": 180160.01377887,
    "mainnet_income_call_marinade": 166430.507147481,
    "mainnet_income_call_btc": 433.1308,
    "mainnet_income_call_sbr": 19999999.760273,
    "mainnet_income_call_ftt": 75331.828785,
    "mainnet_income_call_luna": 87231.125013,
    "mainnet_income_put_luna": 191367.729974,
    "mainnet_income_put_mngo": 397710.67,
    "mainnet_income_call_socean": 11000,
    "mainnet_income_call_srm": 4217048.614957,
    "mainnet_income_call_mngo": 9047121.343669,
    "mainnet_income_call_ray": 20915.35224,
    "mainnet_income_call_eth": 1808.910655,
    "mainnet_income_put_sol": 12303656.52,
    "mainnet_income_put_btc": 1125864.04
  },
  "usdValueByGlobalId": {
    "mainnet_income_call_sol": 25553896.35,
    "mainnet_income_call_marinade": 24130759.23,
    "mainnet_income_call_btc": 18553157.82,
    "mainnet_income_call_sbr": 2246959.97,
    "mainnet_income_call_ftt": 3704066.02,
    "mainnet_income_call_luna": 7330031.43,
    "mainnet_income_put_luna": 193281.41,
    "mainnet_income_put_mngo": 397710.67,
    "mainnet_income_call_socean": 1576080,
    "mainnet_income_call_srm": 12651145.84,
    "mainnet_income_call_mngo": 1826233.82,
    "mainnet_income_call_ray": 108341.52,
    "mainnet_income_call_eth": 5820133.85,
    "mainnet_income_put_sol": 12303656.52,
    "mainnet_income_put_btc": 1125864.04
  },
  "globalIdToDepositTokenCoingeckoId": {
    "mainnet_income_call_sol": "solana",
    "mainnet_income_call_marinade": "msol",
    "mainnet_income_call_btc": "bitcoin",
    "mainnet_income_call_sbr": "saber",
    "mainnet_income_call_ftt": "ftx-token",
    "mainnet_income_call_luna": "terra-luna",
    "mainnet_income_put_luna": "terrausd",
    "mainnet_income_put_mngo": "usd-coin",
    "mainnet_income_call_socean": "socean-staked-sol",
    "mainnet_income_call_srm": "serum",
    "mainnet_income_call_mngo": "mango-markets",
    "mainnet_income_call_ray": "raydium",
    "mainnet_income_call_eth": "ethereum",
    "mainnet_income_put_sol": "usd-coin",
    "mainnet_income_put_btc": "usd-coin"
  }
}