{
  "totalTvlUSD": 87411652.2,
  "coinsByCoingeckoId": {
    "solana": 183903.049158812,
    "msol": 159802.545656065,
    "bitcoin": 429.738282,
    "saber": 18524135.328693,
    "ftx-token": 65603.463145,
    "terra-luna": 77940.902256,
    "terrausd": 207614.934803,
    "usd-coin": 13998550.623904,
    "socean-staked-sol": 10999.999764954,
    "serum": 4227025.55882,
    "mango-markets": 7786137.999301,
    "raydium": 20949.158176,
    "ethereum": 1754.805352
  },
  "pricesByCoingeckoId": {
    "BTC": 35336,
    "SOL": 95.63,
    "ETH": 2432.38,
    "mSOL": 98.8,
    "FTT": 33.83,
    "SRM": 2.22,
    "USDC": 1,
    "MNGO": 0.160915,
    "scnSOL": 97.7,
    "SBR": 0.070117,
    "LUNA": 63.46,
    "UST": 1,
    "RAY": 3.73
  },
  "sharePricesByGlobalId": {
    "mainnet_income_call_sol": 1.05252,
    "mainnet_income_call_marinade": 1.03727,
    "mainnet_income_call_btc": 1.0696,
    "mainnet_income_call_sbr": 1.05044,
    "mainnet_income_call_ftt": 1.02696,
    "mainnet_income_call_luna": 1.0374,
    "mainnet_income_put_luna": 1,
    "mainnet_income_put_mngo": 1.00322,
    "mainnet_income_call_socean": 1.02395,
    "mainnet_income_call_srm": 1.02041,
    "mainnet_income_call_mngo": 1.01533,
    "mainnet_income_call_ray": 1.01764,
    "mainnet_income_call_eth": 1.0165,
    "mainnet_income_put_sol": 1.01183,
    "mainnet_income_put_btc": 1.00606
  },
  "depositTokenByGlobalId": {
    "mainnet_income_call_sol": 183903.049158812,
    "mainnet_income_call_marinade": 159802.545656065,
    "mainnet_income_call_btc": 429.738282,
    "mainnet_income_call_sbr": 18524135.328693,
    "mainnet_income_call_ftt": 65603.463145,
    "mainnet_income_call_luna": 77940.902256,
    "mainnet_income_put_luna": 207614.934803,
    "mainnet_income_put_mngo": 248683.41,
    "mainnet_income_call_socean": 10999.999764954,
    "mainnet_income_call_srm": 4227025.55882,
    "mainnet_income_call_mngo": 7786137.999301,
    "mainnet_income_call_ray": 20949.158176,
    "mainnet_income_call_eth": 1754.805352,
    "mainnet_income_put_sol": 12611676.37,
    "mainnet_income_put_btc": 1138190.84
  },
  "usdValueByGlobalId": {
    "mainnet_income_call_sol": 17641819.51,
    "mainnet_income_call_marinade": 15804471.77,
    "mainnet_income_call_btc": 15214024.4,
    "mainnet_income_call_sbr": 1300523.97,
    "mainnet_income_call_ftt": 2221989.3,
    "mainnet_income_call_luna": 4956261.97,
    "mainnet_income_put_luna": 207614.93,
    "mainnet_income_put_mngo": 248683.41,
    "mainnet_income_call_socean": 1077559.98,
    "mainnet_income_call_srm": 9383996.74,
    "mainnet_income_call_mngo": 1252906.4,
    "mainnet_income_call_ray": 78349.85,
    "mainnet_income_call_eth": 4273582.76,
    "mainnet_income_put_sol": 12611676.37,
    "mainnet_income_put_btc": 1138190.84
  },
  "globalIdToDepositTokenCoingeckoId": {
    "mainnet_income_call_sol": "solana",
    "mainnet_income_call_marinade": "msol",
    "mainnet_income_call_btc": "bitcoin",
    "mainnet_income_call_sbr": "saber",
    "mainnet_income_call_ftt": "ftx-token",
    "mainnet_income_call_luna": "terra-luna",
    "mainnet_income_put_luna": "terrausd",
    "mainnet_income_put_mngo": "usd-coin",
    "mainnet_income_call_socean": "socean-staked-sol",
    "mainnet_income_call_srm": "serum",
    "mainnet_income_call_mngo": "mango-markets",
    "mainnet_income_call_ray": "raydium",
    "mainnet_income_call_eth": "ethereum",
    "mainnet_income_put_sol": "usd-coin",
    "mainnet_income_put_btc": "usd-coin"
  }
}