{
  "totalTvlUSD": 87131200.78,
  "coinsByCoingeckoId": {
    "solana": 183670.898158812,
    "msol": 159722.201066906,
    "bitcoin": 427.526689,
    "saber": 18405341.340786,
    "ftx-token": 65590.449226,
    "terra-luna": 77735.658357,
    "terrausd": 205434.622707,
    "usd-coin": 13992430.432895,
    "socean-staked-sol": 10999.999764954,
    "serum": 4226672.705572,
    "mango-markets": 7784756.149321,
    "raydium": 20933.234226,
    "ethereum": 1740.177651
  },
  "pricesByCoingeckoId": {
    "BTC": 35044,
    "SOL": 97.02,
    "ETH": 2403.91,
    "mSOL": 100.63,
    "FTT": 33.71,
    "SRM": 2.17,
    "USDC": 1,
    "MNGO": 0.1613,
    "scnSOL": 100.1,
    "SBR": 0.079497,
    "LUNA": 59.1,
    "UST": 0.996516,
    "RAY": 3.77
  },
  "sharePricesByGlobalId": {
    "mainnet_income_call_sol": 1.05252,
    "mainnet_income_call_marinade": 1.03727,
    "mainnet_income_call_btc": 1.0696,
    "mainnet_income_call_sbr": 1.05044,
    "mainnet_income_call_ftt": 1.02696,
    "mainnet_income_call_luna": 1.0374,
    "mainnet_income_put_luna": 1,
    "mainnet_income_put_mngo": 1.00322,
    "mainnet_income_call_socean": 1.02395,
    "mainnet_income_call_srm": 1.02041,
    "mainnet_income_call_mngo": 1.01533,
    "mainnet_income_call_ray": 1.01764,
    "mainnet_income_call_eth": 1.0165,
    "mainnet_income_put_sol": 1.01183,
    "mainnet_income_put_btc": 1.00606
  },
  "depositTokenByGlobalId": {
    "mainnet_income_call_sol": 183670.898158812,
    "mainnet_income_call_marinade": 159722.201066906,
    "mainnet_income_call_btc": 427.526689,
    "mainnet_income_call_sbr": 18405341.340786,
    "mainnet_income_call_ftt": 65590.449226,
    "mainnet_income_call_luna": 77735.658357,
    "mainnet_income_put_luna": 205434.622707,
    "mainnet_income_put_mngo": 248683.41,
    "mainnet_income_call_socean": 10999.999764954,
    "mainnet_income_call_srm": 4226672.705572,
    "mainnet_income_call_mngo": 7784756.149321,
    "mainnet_income_call_ray": 20933.234226,
    "mainnet_income_call_eth": 1740.177651,
    "mainnet_income_put_sol": 12606555.18,
    "mainnet_income_put_btc": 1137191.84
  },
  "usdValueByGlobalId": {
    "mainnet_income_call_sol": 17819750.54,
    "mainnet_income_call_marinade": 16072845.09,
    "mainnet_income_call_btc": 14982245.29,
    "mainnet_income_call_sbr": 1463169.42,
    "mainnet_income_call_ftt": 2211054.04,
    "mainnet_income_call_luna": 4594177.41,
    "mainnet_income_put_luna": 204718.89,
    "mainnet_income_put_mngo": 248683.41,
    "mainnet_income_call_socean": 1101099.98,
    "mainnet_income_call_srm": 9171879.77,
    "mainnet_income_call_mngo": 1255681.17,
    "mainnet_income_call_ray": 78918.29,
    "mainnet_income_call_eth": 4183230.46,
    "mainnet_income_put_sol": 12606555.18,
    "mainnet_income_put_btc": 1137191.84
  },
  "globalIdToDepositTokenCoingeckoId": {
    "mainnet_income_call_sol": "solana",
    "mainnet_income_call_marinade": "msol",
    "mainnet_income_call_btc": "bitcoin",
    "mainnet_income_call_sbr": "saber",
    "mainnet_income_call_ftt": "ftx-token",
    "mainnet_income_call_luna": "terra-luna",
    "mainnet_income_put_luna": "terrausd",
    "mainnet_income_put_mngo": "usd-coin",
    "mainnet_income_call_socean": "socean-staked-sol",
    "mainnet_income_call_srm": "serum",
    "mainnet_income_call_mngo": "mango-markets",
    "mainnet_income_call_ray": "raydium",
    "mainnet_income_call_eth": "ethereum",
    "mainnet_income_put_sol": "usd-coin",
    "mainnet_income_put_btc": "usd-coin"
  }
}