{
  "totalTvlUSD": 102828433.95,
  "coinsByCoingeckoId": {
    "solana": 180462.343958811,
    "msol": 159256.289927219,
    "bitcoin": 415.549604,
    "saber": 17438946.69961,
    "ftx-token": 65560.325307,
    "terra-luna": 75208.732295,
    "terrausd": 200908.800878,
    "usd-coin": 13902425.240341999,
    "socean-staked-sol": 10999.999764954,
    "serum": 4220735.036338,
    "mango-markets": 7746090.977466,
    "raydium": 20847.640433,
    "ethereum": 1734.683479
  },
  "pricesByCoingeckoId": {
    "BTC": 39126,
    "SOL": 124.23,
    "ETH": 2885.87,
    "mSOL": 127.55,
    "FTT": 43.8,
    "SRM": 2.66,
    "USDC": 1,
    "MNGO": 0.194569,
    "scnSOL": 127.89,
    "SBR": 0.100085,
    "LUNA": 78.11,
    "UST": 1,
    "RAY": 4.59
  },
  "sharePricesByGlobalId": {
    "mainnet_income_call_sol": 1.05252,
    "mainnet_income_call_marinade": 1.03727,
    "mainnet_income_call_btc": 1.0696,
    "mainnet_income_call_sbr": 1.05044,
    "mainnet_income_call_ftt": 1.02696,
    "mainnet_income_call_luna": 1.0374,
    "mainnet_income_put_luna": 1,
    "mainnet_income_put_mngo": 1.00322,
    "mainnet_income_call_socean": 1.02395,
    "mainnet_income_call_srm": 1.02041,
    "mainnet_income_call_mngo": 1.01533,
    "mainnet_income_call_ray": 1.01764,
    "mainnet_income_call_eth": 1.0165,
    "mainnet_income_put_sol": 1.01183,
    "mainnet_income_put_btc": 1.00606
  },
  "depositTokenByGlobalId": {
    "mainnet_income_call_sol": 180462.343958811,
    "mainnet_income_call_marinade": 159256.289927219,
    "mainnet_income_call_btc": 415.549604,
    "mainnet_income_call_sbr": 17438946.69961,
    "mainnet_income_call_ftt": 65560.325307,
    "mainnet_income_call_luna": 75208.732295,
    "mainnet_income_put_luna": 200908.800878,
    "mainnet_income_put_mngo": 248663.41,
    "mainnet_income_call_socean": 10999.999764954,
    "mainnet_income_call_srm": 4220735.036338,
    "mainnet_income_call_mngo": 7746090.977466,
    "mainnet_income_call_ray": 20847.640433,
    "mainnet_income_call_eth": 1734.683479,
    "mainnet_income_put_sol": 12517700.64,
    "mainnet_income_put_btc": 1136061.19
  },
  "usdValueByGlobalId": {
    "mainnet_income_call_sol": 22418836.99,
    "mainnet_income_call_marinade": 20313139.78,
    "mainnet_income_call_btc": 16258793.81,
    "mainnet_income_call_sbr": 1745376.98,
    "mainnet_income_call_ftt": 2871542.25,
    "mainnet_income_call_luna": 5874554.08,
    "mainnet_income_put_luna": 200908.8,
    "mainnet_income_put_mngo": 248663.41,
    "mainnet_income_call_socean": 1406789.97,
    "mainnet_income_call_srm": 11227155.2,
    "mainnet_income_call_mngo": 1507149.18,
    "mainnet_income_call_ray": 95690.67,
    "mainnet_income_call_eth": 5006071.01,
    "mainnet_income_put_sol": 12517700.64,
    "mainnet_income_put_btc": 1136061.19
  },
  "globalIdToDepositTokenCoingeckoId": {
    "mainnet_income_call_sol": "solana",
    "mainnet_income_call_marinade": "msol",
    "mainnet_income_call_btc": "bitcoin",
    "mainnet_income_call_sbr": "saber",
    "mainnet_income_call_ftt": "ftx-token",
    "mainnet_income_call_luna": "terra-luna",
    "mainnet_income_put_luna": "terrausd",
    "mainnet_income_put_mngo": "usd-coin",
    "mainnet_income_call_socean": "socean-staked-sol",
    "mainnet_income_call_srm": "serum",
    "mainnet_income_call_mngo": "mango-markets",
    "mainnet_income_call_ray": "raydium",
    "mainnet_income_call_eth": "ethereum",
    "mainnet_income_put_sol": "usd-coin",
    "mainnet_income_put_btc": "usd-coin"
  }
}