{
  "totalTvlUSD": 89737061.82,
  "coinsByCoingeckoId": {
    "solana": 124839.969450644,
    "msol": 135968.009910147,
    "bitcoin": 354.279198,
    "saber": 11000000,
    "ftx-token": 71367.510645,
    "usd-coin": 12774039.779015,
    "terra-luna": 39999.989397,
    "socean-staked-sol": 5499.870099232,
    "serum": 3965444.011937,
    "mango-markets": 5999999.148087,
    "raydium": 18918.099566,
    "ethereum": 1406.76069
  },
  "pricesByCoingeckoId": {
    "BTC": 41824,
    "SOL": 139.11,
    "ETH": 3203.97,
    "mSOL": 142.64,
    "FTT": 35.91,
    "SRM": 3.15,
    "USDC": 1,
    "MNGO": 0.193017,
    "scnSOL": 141.69,
    "SBR": 0.089345,
    "LUNA": 70.02,
    "RAY": 5.42
  },
  "sharePricesByGlobalId": {
    "mainnet_income_call_sol": 1.03708,
    "mainnet_income_call_marinade": 1.02581,
    "mainnet_income_call_btc": 1.0644,
    "mainnet_income_call_sbr": 1,
    "mainnet_income_call_ftt": 1.01481,
    "mainnet_income_put_mngo": 1,
    "mainnet_income_call_luna": 1.01873,
    "mainnet_income_call_socean": 1.01266,
    "mainnet_income_call_srm": 1.00834,
    "mainnet_income_call_mngo": 1.01232,
    "mainnet_income_call_ray": 1,
    "mainnet_income_call_eth": 1.01181,
    "mainnet_income_put_sol": 1,
    "mainnet_income_put_btc": 1
  },
  "depositTokenByGlobalId": {
    "mainnet_income_call_sol": 124839.969450644,
    "mainnet_income_call_marinade": 135968.009910147,
    "mainnet_income_call_btc": 354.279198,
    "mainnet_income_call_sbr": 11000000,
    "mainnet_income_call_ftt": 71367.510645,
    "mainnet_income_put_mngo": 423015.84,
    "mainnet_income_call_luna": 39999.989397,
    "mainnet_income_call_socean": 5499.870099232,
    "mainnet_income_call_srm": 3965444.011937,
    "mainnet_income_call_mngo": 5999999.148087,
    "mainnet_income_call_ray": 18918.099566,
    "mainnet_income_call_eth": 1406.76069,
    "mainnet_income_put_sol": 9999999.86,
    "mainnet_income_put_btc": 2351024.08
  },
  "usdValueByGlobalId": {
    "mainnet_income_call_sol": 17366488.15,
    "mainnet_income_call_marinade": 19394476.93,
    "mainnet_income_call_btc": 14817373.18,
    "mainnet_income_call_sbr": 982795,
    "mainnet_income_call_ftt": 2562807.31,
    "mainnet_income_put_mngo": 423015.84,
    "mainnet_income_call_luna": 2800799.26,
    "mainnet_income_call_socean": 779276.59,
    "mainnet_income_call_srm": 12491148.64,
    "mainnet_income_call_mngo": 1158101.84,
    "mainnet_income_call_ray": 102536.1,
    "mainnet_income_call_eth": 4507219.05,
    "mainnet_income_put_sol": 9999999.86,
    "mainnet_income_put_btc": 2351024.08
  }
}