{
  "totalTvlUSD": 84664405.58,
  "coinsByCoingeckoId": {
    "solana": 183902.049158812,
    "msol": 159802.545656065,
    "bitcoin": 427.534551,
    "saber": 18524131.395907,
    "ftx-token": 65603.463145,
    "terra-luna": 77919.752256,
    "terrausd": 207614.934803,
    "usd-coin": 13998550.623904,
    "socean-staked-sol": 10999.999764954,
    "serum": 4227025.55882,
    "mango-markets": 7786137.999301,
    "raydium": 20949.158176,
    "ethereum": 1754.805352
  },
  "pricesByCoingeckoId": {
    "BTC": 34687,
    "SOL": 90.92,
    "ETH": 2360.21,
    "mSOL": 93.59,
    "FTT": 32.83,
    "SRM": 2.16,
    "USDC": 1,
    "MNGO": 0.157638,
    "scnSOL": 93.26,
    "SBR": 0.077235,
    "LUNA": 61.16,
    "UST": 1,
    "RAY": 3.66
  },
  "sharePricesByGlobalId": {
    "mainnet_income_call_sol": 1.05252,
    "mainnet_income_call_marinade": 1.03727,
    "mainnet_income_call_btc": 1.0696,
    "mainnet_income_call_sbr": 1.05044,
    "mainnet_income_call_ftt": 1.02696,
    "mainnet_income_call_luna": 1.0374,
    "mainnet_income_put_luna": 1,
    "mainnet_income_put_mngo": 1.00322,
    "mainnet_income_call_socean": 1.02395,
    "mainnet_income_call_srm": 1.02041,
    "mainnet_income_call_mngo": 1.01533,
    "mainnet_income_call_ray": 1.01764,
    "mainnet_income_call_eth": 1.0165,
    "mainnet_income_put_sol": 1.01183,
    "mainnet_income_put_btc": 1.00606
  },
  "depositTokenByGlobalId": {
    "mainnet_income_call_sol": 183902.049158812,
    "mainnet_income_call_marinade": 159802.545656065,
    "mainnet_income_call_btc": 427.534551,
    "mainnet_income_call_sbr": 18524131.395907,
    "mainnet_income_call_ftt": 65603.463145,
    "mainnet_income_call_luna": 77919.752256,
    "mainnet_income_put_luna": 207614.934803,
    "mainnet_income_put_mngo": 248683.41,
    "mainnet_income_call_socean": 10999.999764954,
    "mainnet_income_call_srm": 4227025.55882,
    "mainnet_income_call_mngo": 7786137.999301,
    "mainnet_income_call_ray": 20949.158176,
    "mainnet_income_call_eth": 1754.805352,
    "mainnet_income_put_sol": 12611676.37,
    "mainnet_income_put_btc": 1138190.84
  },
  "usdValueByGlobalId": {
    "mainnet_income_call_sol": 16720374.31,
    "mainnet_income_call_marinade": 14955920.25,
    "mainnet_income_call_btc": 14829890.97,
    "mainnet_income_call_sbr": 1430711.29,
    "mainnet_income_call_ftt": 2153761.7,
    "mainnet_income_call_luna": 4765572.05,
    "mainnet_income_put_luna": 207614.93,
    "mainnet_income_put_mngo": 248683.41,
    "mainnet_income_call_socean": 1025859.98,
    "mainnet_income_call_srm": 9130375.21,
    "mainnet_income_call_mngo": 1227391.22,
    "mainnet_income_call_ray": 76673.92,
    "mainnet_income_call_eth": 4141709.14,
    "mainnet_income_put_sol": 12611676.37,
    "mainnet_income_put_btc": 1138190.84
  },
  "globalIdToDepositTokenCoingeckoId": {
    "mainnet_income_call_sol": "solana",
    "mainnet_income_call_marinade": "msol",
    "mainnet_income_call_btc": "bitcoin",
    "mainnet_income_call_sbr": "saber",
    "mainnet_income_call_ftt": "ftx-token",
    "mainnet_income_call_luna": "terra-luna",
    "mainnet_income_put_luna": "terrausd",
    "mainnet_income_put_mngo": "usd-coin",
    "mainnet_income_call_socean": "socean-staked-sol",
    "mainnet_income_call_srm": "serum",
    "mainnet_income_call_mngo": "mango-markets",
    "mainnet_income_call_ray": "raydium",
    "mainnet_income_call_eth": "ethereum",
    "mainnet_income_put_sol": "usd-coin",
    "mainnet_income_put_btc": "usd-coin"
  }
}