{
  "totalTvlUSD": 107348221.47,
  "coinsByCoingeckoId": {
    "solana": 181602.74377887,
    "msol": 168345.81974652,
    "bitcoin": 434.221672,
    "saber": 20000000,
    "ftx-token": 76099.493909,
    "terra-luna": 88579.069336,
    "terrausd": 193436.496075,
    "usd-coin": 14464235.14139,
    "socean-staked-sol": 11000,
    "serum": 4249760.505562,
    "mango-markets": 9202781.459156,
    "raydium": 21211.198635,
    "ethereum": 1872.297683
  },
  "pricesByCoingeckoId": {
    "BTC": 38906,
    "SOL": 122.9,
    "ETH": 2832.45,
    "mSOL": 127.04,
    "FTT": 42.69,
    "SRM": 2.63,
    "USDC": 1,
    "MNGO": 0.193713,
    "scnSOL": 128.06,
    "SBR": 0.106664,
    "LUNA": 75.16,
    "UST": 0.991586,
    "RAY": 4.57
  },
  "sharePricesByGlobalId": {
    "mainnet_income_call_sol": 1.0423,
    "mainnet_income_call_marinade": 1.02796,
    "mainnet_income_call_btc": 1.05914,
    "mainnet_income_call_sbr": 1.04559,
    "mainnet_income_call_ftt": 0.98416,
    "mainnet_income_call_luna": 0.9913,
    "mainnet_income_put_luna": 1,
    "mainnet_income_put_mngo": 0.99786,
    "mainnet_income_call_socean": 1.01612,
    "mainnet_income_call_srm": 1.01304,
    "mainnet_income_call_mngo": 1.00928,
    "mainnet_income_call_ray": 0.99617,
    "mainnet_income_call_eth": 1.01446,
    "mainnet_income_put_sol": 1.01489,
    "mainnet_income_put_btc": 0.99389
  },
  "depositTokenByGlobalId": {
    "mainnet_income_call_sol": 181602.74377887,
    "mainnet_income_call_marinade": 168345.81974652,
    "mainnet_income_call_btc": 434.221672,
    "mainnet_income_call_sbr": 20000000,
    "mainnet_income_call_ftt": 76099.493909,
    "mainnet_income_call_luna": 88579.069336,
    "mainnet_income_put_luna": 193436.496075,
    "mainnet_income_put_mngo": 410509.79,
    "mainnet_income_call_socean": 11000,
    "mainnet_income_call_srm": 4249760.505562,
    "mainnet_income_call_mngo": 9202781.459156,
    "mainnet_income_call_ray": 21211.198635,
    "mainnet_income_call_eth": 1872.297683,
    "mainnet_income_put_sol": 12927861.31,
    "mainnet_income_put_btc": 1125864.04
  },
  "usdValueByGlobalId": {
    "mainnet_income_call_sol": 22526004.34,
    "mainnet_income_call_marinade": 21386652.94,
    "mainnet_income_call_btc": 16893828.37,
    "mainnet_income_call_sbr": 2133280,
    "mainnet_income_call_ftt": 3248687.39,
    "mainnet_income_call_luna": 6732895.06,
    "mainnet_income_put_luna": 193436.5,
    "mainnet_income_put_mngo": 410509.79,
    "mainnet_income_call_socean": 1408660,
    "mainnet_income_call_srm": 11176870.13,
    "mainnet_income_call_mngo": 1782698.4,
    "mainnet_income_call_ray": 97783.63,
    "mainnet_income_call_eth": 5303189.57,
    "mainnet_income_put_sol": 12927861.31,
    "mainnet_income_put_btc": 1125864.04
  },
  "globalIdToDepositTokenCoingeckoId": {
    "mainnet_income_call_sol": "solana",
    "mainnet_income_call_marinade": "msol",
    "mainnet_income_call_btc": "bitcoin",
    "mainnet_income_call_sbr": "saber",
    "mainnet_income_call_ftt": "ftx-token",
    "mainnet_income_call_luna": "terra-luna",
    "mainnet_income_put_luna": "terrausd",
    "mainnet_income_put_mngo": "usd-coin",
    "mainnet_income_call_socean": "socean-staked-sol",
    "mainnet_income_call_srm": "serum",
    "mainnet_income_call_mngo": "mango-markets",
    "mainnet_income_call_ray": "raydium",
    "mainnet_income_call_eth": "ethereum",
    "mainnet_income_put_sol": "usd-coin",
    "mainnet_income_put_btc": "usd-coin"
  }
}