{
  "totalTvlUSD": 32152841.52,
  "coinsByCoingeckoId": {
    "solana": 61660.065503664,
    "msol": 58575.7465695,
    "bitcoin": 147.743799,
    "ethereum": 30.272243,
    "ftx-token": 14514.768665,
    "serum": 88611.529405,
    "mango-markets": 341664.653274
  }
}