{
  "totalTvlUSD": 103364288.98,
  "coinsByCoingeckoId": {
    "solana": 136754.04331187,
    "msol": 157622.546981369,
    "bitcoin": 405.67455,
    "saber": 16375379.377799,
    "ftx-token": 62598.553653,
    "usd-coin": 11560928.077674998,
    "terra-luna": 64273.695956,
    "socean-staked-sol": 10465.954857574,
    "serum": 4027561.680771,
    "mango-markets": 7968490.912309,
    "raydium": 16185.11108,
    "ethereum": 1684.244138
  },
  "pricesByCoingeckoId": {
    "BTC": 42711,
    "SOL": 147.28,
    "ETH": 3274.63,
    "mSOL": 150.78,
    "FTT": 42.01,
    "SRM": 3.13,
    "USDC": 1,
    "MNGO": 0.197794,
    "scnSOL": 149.91,
    "SBR": 0.089395,
    "LUNA": 79.55,
    "RAY": 5.36
  },
  "sharePricesByGlobalId": {
    "mainnet_income_call_sol": 1.04444,
    "mainnet_income_call_marinade": 1.03017,
    "mainnet_income_call_btc": 1.06814,
    "mainnet_income_call_sbr": 1.04667,
    "mainnet_income_call_ftt": 1.02068,
    "mainnet_income_put_mngo": 1.00201,
    "mainnet_income_call_luna": 1.02692,
    "mainnet_income_call_socean": 1.01629,
    "mainnet_income_call_srm": 1.01304,
    "mainnet_income_call_mngo": 1.01322,
    "mainnet_income_call_ray": 1.00275,
    "mainnet_income_call_eth": 1.01502,
    "mainnet_income_put_sol": 1.00281,
    "mainnet_income_put_btc": 1.00329
  },
  "depositTokenByGlobalId": {
    "mainnet_income_call_sol": 136754.04331187,
    "mainnet_income_call_marinade": 157622.546981369,
    "mainnet_income_call_btc": 405.67455,
    "mainnet_income_call_sbr": 16375379.377799,
    "mainnet_income_call_ftt": 62598.553653,
    "mainnet_income_put_mngo": 391540.24,
    "mainnet_income_call_luna": 64273.695956,
    "mainnet_income_call_socean": 10465.954857574,
    "mainnet_income_call_srm": 4027561.680771,
    "mainnet_income_call_mngo": 7968490.912309,
    "mainnet_income_call_ray": 16185.11108,
    "mainnet_income_call_eth": 1684.244138,
    "mainnet_income_put_sol": 10045195.51,
    "mainnet_income_put_btc": 1124192.33
  },
  "usdValueByGlobalId": {
    "mainnet_income_call_sol": 20141135.5,
    "mainnet_income_call_marinade": 23772632.54,
    "mainnet_income_call_btc": 17326765.71,
    "mainnet_income_call_sbr": 1463877.04,
    "mainnet_income_call_ftt": 2629765.24,
    "mainnet_income_put_mngo": 391540.24,
    "mainnet_income_call_luna": 5112972.51,
    "mainnet_income_call_socean": 1568951.29,
    "mainnet_income_call_srm": 12606268.06,
    "mainnet_income_call_mngo": 1578964.44,
    "mainnet_income_call_ray": 86752.2,
    "mainnet_income_call_eth": 5515276.38,
    "mainnet_income_put_sol": 10045195.51,
    "mainnet_income_put_btc": 1124192.33
  },
  "globalIdToDepositTokenCoingeckoId": {
    "mainnet_income_call_sol": "solana",
    "mainnet_income_call_marinade": "msol",
    "mainnet_income_call_btc": "bitcoin",
    "mainnet_income_call_sbr": "saber",
    "mainnet_income_call_ftt": "ftx-token",
    "mainnet_income_put_mngo": "usd-coin",
    "mainnet_income_call_luna": "terra-luna",
    "mainnet_income_call_socean": "socean-staked-sol",
    "mainnet_income_call_srm": "serum",
    "mainnet_income_call_mngo": "mango-markets",
    "mainnet_income_call_ray": "raydium",
    "mainnet_income_call_eth": "ethereum",
    "mainnet_income_put_sol": "usd-coin",
    "mainnet_income_put_btc": "usd-coin"
  }
}