{
  "totalTvlUSD": 108517170.31,
  "coinsByCoingeckoId": {
    "solana": 142690.29521187,
    "msol": 159852.685179518,
    "bitcoin": 417.029802,
    "saber": 19999999.492037,
    "ftx-token": 67888.790333,
    "usd-coin": 12230568.785342,
    "terra-luna": 70125.644418,
    "terrausd": 510,
    "socean-staked-sol": 10999.987641614,
    "serum": 4066582.98111,
    "mango-markets": 8821372.022007,
    "raydium": 17488.102345,
    "ethereum": 1697.802136
  },
  "pricesByCoingeckoId": {
    "BTC": 43070,
    "SOL": 146.98,
    "ETH": 3322.06,
    "mSOL": 150.58,
    "FTT": 45.51,
    "SRM": 3.2,
    "USDC": 1,
    "MNGO": 0.194204,
    "scnSOL": 149.95,
    "SBR": 0.10149,
    "LUNA": 86.29,
    "UST": 1,
    "RAY": 5.43
  },
  "sharePricesByGlobalId": {
    "mainnet_income_call_sol": 1.04444,
    "mainnet_income_call_marinade": 1.03017,
    "mainnet_income_call_btc": 1.06814,
    "mainnet_income_call_sbr": 1.04667,
    "mainnet_income_call_ftt": 1.02068,
    "mainnet_income_put_mngo": 1.00201,
    "mainnet_income_call_luna": 1.02692,
    "mainnet_income_put_luna": 1,
    "mainnet_income_call_socean": 1.01629,
    "mainnet_income_call_srm": 1.01304,
    "mainnet_income_call_mngo": 1.01322,
    "mainnet_income_call_ray": 1.00275,
    "mainnet_income_call_eth": 1.01502,
    "mainnet_income_put_sol": 1.00281,
    "mainnet_income_put_btc": 1.00329
  },
  "depositTokenByGlobalId": {
    "mainnet_income_call_sol": 142690.29521187,
    "mainnet_income_call_marinade": 159852.685179518,
    "mainnet_income_call_btc": 417.029802,
    "mainnet_income_call_sbr": 19999999.492037,
    "mainnet_income_call_ftt": 67888.790333,
    "mainnet_income_put_mngo": 392112.07,
    "mainnet_income_call_luna": 70125.644418,
    "mainnet_income_put_luna": 510,
    "mainnet_income_call_socean": 10999.987641614,
    "mainnet_income_call_srm": 4066582.98111,
    "mainnet_income_call_mngo": 8821372.022007,
    "mainnet_income_call_ray": 17488.102345,
    "mainnet_income_call_eth": 1697.802136,
    "mainnet_income_put_sol": 10713972.58,
    "mainnet_income_put_btc": 1124484.14
  },
  "usdValueByGlobalId": {
    "mainnet_income_call_sol": 20972619.59,
    "mainnet_income_call_marinade": 24070617.33,
    "mainnet_income_call_btc": 17961473.57,
    "mainnet_income_call_sbr": 2029799.95,
    "mainnet_income_call_ftt": 3089618.85,
    "mainnet_income_put_mngo": 392112.07,
    "mainnet_income_call_luna": 6051141.86,
    "mainnet_income_put_luna": 510,
    "mainnet_income_call_socean": 1649448.15,
    "mainnet_income_call_srm": 13013065.54,
    "mainnet_income_call_mngo": 1713145.73,
    "mainnet_income_call_ray": 94960.4,
    "mainnet_income_call_eth": 5640200.56,
    "mainnet_income_put_sol": 10713972.58,
    "mainnet_income_put_btc": 1124484.14
  },
  "globalIdToDepositTokenCoingeckoId": {
    "mainnet_income_call_sol": "solana",
    "mainnet_income_call_marinade": "msol",
    "mainnet_income_call_btc": "bitcoin",
    "mainnet_income_call_sbr": "saber",
    "mainnet_income_call_ftt": "ftx-token",
    "mainnet_income_put_mngo": "usd-coin",
    "mainnet_income_call_luna": "terra-luna",
    "mainnet_income_put_luna": "terrausd",
    "mainnet_income_call_socean": "socean-staked-sol",
    "mainnet_income_call_srm": "serum",
    "mainnet_income_call_mngo": "mango-markets",
    "mainnet_income_call_ray": "raydium",
    "mainnet_income_call_eth": "ethereum",
    "mainnet_income_put_sol": "usd-coin",
    "mainnet_income_put_btc": "usd-coin"
  }
}