{
  "totalTvlUSD": 87313770.76,
  "coinsByCoingeckoId": {
    "solana": 195771.881008812,
    "msol": 166624.057996381,
    "bitcoin": 446.509393,
    "saber": 19999999.398257,
    "ftx-token": 67786.91977,
    "terra-luna": 91734.616803,
    "terrausd": 221093.379823,
    "usd-coin": 15592804.696699,
    "socean-staked-sol": 11000,
    "serum": 4242136.367456,
    "mango-markets": 7875859.754746,
    "raydium": 23843.179952,
    "ethereum": 1775.982632
  },
  "pricesByCoingeckoId": {
    "BTC": 36170,
    "SOL": 86.25,
    "ETH": 2322.58,
    "mSOL": 88.82,
    "FTT": 37.3,
    "SRM": 2.06,
    "USDC": 1,
    "MNGO": 0.150459,
    "scnSOL": 88.84,
    "SBR": 0.064318,
    "LUNA": 51.72,
    "UST": 0.990898,
    "RAY": 3.42
  },
  "sharePricesByGlobalId": {
    "mainnet_income_call_sol": 1.05252,
    "mainnet_income_call_marinade": 1.03727,
    "mainnet_income_call_btc": 1.0696,
    "mainnet_income_call_sbr": 1.05044,
    "mainnet_income_call_ftt": 1.02696,
    "mainnet_income_call_luna": 1.0374,
    "mainnet_income_put_luna": 1,
    "mainnet_income_put_mngo": 1.00322,
    "mainnet_income_call_socean": 1.02395,
    "mainnet_income_call_srm": 1.02041,
    "mainnet_income_call_mngo": 1.01533,
    "mainnet_income_call_ray": 1.01764,
    "mainnet_income_call_eth": 1.0165,
    "mainnet_income_put_sol": 1.01183,
    "mainnet_income_put_btc": 1.00606
  },
  "depositTokenByGlobalId": {
    "mainnet_income_call_sol": 195771.881008812,
    "mainnet_income_call_marinade": 166624.057996381,
    "mainnet_income_call_btc": 446.509393,
    "mainnet_income_call_sbr": 19999999.398257,
    "mainnet_income_call_ftt": 67786.91977,
    "mainnet_income_call_luna": 91734.616803,
    "mainnet_income_put_luna": 221093.379823,
    "mainnet_income_put_mngo": 249437.37,
    "mainnet_income_call_socean": 11000,
    "mainnet_income_call_srm": 4242136.367456,
    "mainnet_income_call_mngo": 7875859.754746,
    "mainnet_income_call_ray": 23843.179952,
    "mainnet_income_call_eth": 1775.982632,
    "mainnet_income_put_sol": 14204643.8,
    "mainnet_income_put_btc": 1138723.52
  },
  "usdValueByGlobalId": {
    "mainnet_income_call_sol": 16885324.74,
    "mainnet_income_call_marinade": 14799548.83,
    "mainnet_income_call_btc": 16150244.74,
    "mainnet_income_call_sbr": 1286359.96,
    "mainnet_income_call_ftt": 2528452.11,
    "mainnet_income_call_luna": 4744514.38,
    "mainnet_income_put_luna": 219080.99,
    "mainnet_income_put_mngo": 249437.37,
    "mainnet_income_call_socean": 977240,
    "mainnet_income_call_srm": 8738800.92,
    "mainnet_income_call_mngo": 1184993.98,
    "mainnet_income_call_ray": 81543.68,
    "mainnet_income_call_eth": 4124861.74,
    "mainnet_income_put_sol": 14204643.8,
    "mainnet_income_put_btc": 1138723.52
  },
  "globalIdToDepositTokenCoingeckoId": {
    "mainnet_income_call_sol": "solana",
    "mainnet_income_call_marinade": "msol",
    "mainnet_income_call_btc": "bitcoin",
    "mainnet_income_call_sbr": "saber",
    "mainnet_income_call_ftt": "ftx-token",
    "mainnet_income_call_luna": "terra-luna",
    "mainnet_income_put_luna": "terrausd",
    "mainnet_income_put_mngo": "usd-coin",
    "mainnet_income_call_socean": "socean-staked-sol",
    "mainnet_income_call_srm": "serum",
    "mainnet_income_call_mngo": "mango-markets",
    "mainnet_income_call_ray": "raydium",
    "mainnet_income_call_eth": "ethereum",
    "mainnet_income_put_sol": "usd-coin",
    "mainnet_income_put_btc": "usd-coin"
  }
}