{
  "totalTvlUSD": 89846683.88,
  "coinsByCoingeckoId": {
    "solana": 131159.060759574,
    "msol": 139162.336434943,
    "bitcoin": 365.949184,
    "saber": 11000000,
    "ftx-token": 72951.911359,
    "usd-coin": 12830763.740575,
    "terra-luna": 43825.331611,
    "socean-staked-sol": 5574.404033313,
    "serum": 3966646.376607,
    "mango-markets": 5999999.159277,
    "raydium": 18929.736609,
    "ethereum": 1471.616635
  },
  "pricesByCoingeckoId": {
    "BTC": 41774,
    "SOL": 135.4,
    "ETH": 3082.26,
    "mSOL": 138.45,
    "FTT": 37.63,
    "SRM": 2.9,
    "USDC": 1,
    "MNGO": 0.194839,
    "scnSOL": 137.58,
    "SBR": 0.073912,
    "LUNA": 70.13,
    "RAY": 5.07
  },
  "sharePricesByGlobalId": {
    "mainnet_income_call_sol": 1.03708,
    "mainnet_income_call_marinade": 1.02581,
    "mainnet_income_call_btc": 1.0644,
    "mainnet_income_call_sbr": 1,
    "mainnet_income_call_ftt": 1.01481,
    "mainnet_income_put_mngo": 1.00062,
    "mainnet_income_call_luna": 1.01873,
    "mainnet_income_call_socean": 1.01266,
    "mainnet_income_call_srm": 1.00834,
    "mainnet_income_call_mngo": 1.01232,
    "mainnet_income_call_ray": 1,
    "mainnet_income_call_eth": 1.01181,
    "mainnet_income_put_sol": 1.00376,
    "mainnet_income_put_btc": 1
  },
  "depositTokenByGlobalId": {
    "mainnet_income_call_sol": 131159.060759574,
    "mainnet_income_call_marinade": 139162.336434943,
    "mainnet_income_call_btc": 365.949184,
    "mainnet_income_call_sbr": 11000000,
    "mainnet_income_call_ftt": 72951.911359,
    "mainnet_income_put_mngo": 428507.75,
    "mainnet_income_call_luna": 43825.331611,
    "mainnet_income_call_socean": 5574.404033313,
    "mainnet_income_call_srm": 3966646.376607,
    "mainnet_income_call_mngo": 5999999.159277,
    "mainnet_income_call_ray": 18929.736609,
    "mainnet_income_call_eth": 1471.616635,
    "mainnet_income_put_sol": 10047878.2,
    "mainnet_income_put_btc": 2354377.79
  },
  "usdValueByGlobalId": {
    "mainnet_income_call_sol": 17758936.83,
    "mainnet_income_call_marinade": 19267025.48,
    "mainnet_income_call_btc": 15287161.21,
    "mainnet_income_call_sbr": 813032,
    "mainnet_income_call_ftt": 2745180.42,
    "mainnet_income_put_mngo": 428507.75,
    "mainnet_income_call_luna": 3073470.51,
    "mainnet_income_call_socean": 766926.51,
    "mainnet_income_call_srm": 11503274.49,
    "mainnet_income_call_mngo": 1169033.84,
    "mainnet_income_call_ray": 95973.76,
    "mainnet_income_call_eth": 4535905.09,
    "mainnet_income_put_sol": 10047878.2,
    "mainnet_income_put_btc": 2354377.79
  }
}