{
  "totalTvlUSD": 112985253.73,
  "coinsByCoingeckoId": {
    "solana": 176327.77537887,
    "msol": 165569.077440838,
    "bitcoin": 429.393352,
    "saber": 19999999.760273,
    "ftx-token": 75115.491089,
    "terra-luna": 86466.34323,
    "terrausd": 164717.558158,
    "usd-coin": 13426580.584064,
    "socean-staked-sol": 11000,
    "serum": 4214600.282533,
    "mango-markets": 9041289.268543,
    "raydium": 20609.053884,
    "ethereum": 1797.989255
  },
  "pricesByCoingeckoId": {
    "BTC": 41843,
    "SOL": 136.7,
    "ETH": 3130.29,
    "mSOL": 140.26,
    "FTT": 46.11,
    "SRM": 2.93,
    "USDC": 1,
    "MNGO": 0.20129,
    "scnSOL": 140.24,
    "SBR": 0.113292,
    "LUNA": 80.12,
    "UST": 1,
    "RAY": 5.02
  },
  "sharePricesByGlobalId": {
    "mainnet_income_call_sol": 1.05342,
    "mainnet_income_call_marinade": 1.03017,
    "mainnet_income_call_btc": 1.06976,
    "mainnet_income_call_sbr": 1.04667,
    "mainnet_income_call_ftt": 1.02068,
    "mainnet_income_call_luna": 1.02692,
    "mainnet_income_put_luna": 1,
    "mainnet_income_put_mngo": 1.00201,
    "mainnet_income_call_socean": 1.01629,
    "mainnet_income_call_srm": 1.01304,
    "mainnet_income_call_mngo": 1.01322,
    "mainnet_income_call_ray": 1.00275,
    "mainnet_income_call_eth": 1.01667,
    "mainnet_income_put_sol": 1.00281,
    "mainnet_income_put_btc": 1.00329
  },
  "depositTokenByGlobalId": {
    "mainnet_income_call_sol": 176327.77537887,
    "mainnet_income_call_marinade": 165569.077440838,
    "mainnet_income_call_btc": 429.393352,
    "mainnet_income_call_sbr": 19999999.760273,
    "mainnet_income_call_ftt": 75115.491089,
    "mainnet_income_call_luna": 86466.34323,
    "mainnet_income_put_luna": 164717.558158,
    "mainnet_income_put_mngo": 397710.67,
    "mainnet_income_call_socean": 11000,
    "mainnet_income_call_srm": 4214600.282533,
    "mainnet_income_call_mngo": 9041289.268543,
    "mainnet_income_call_ray": 20609.053884,
    "mainnet_income_call_eth": 1797.989255,
    "mainnet_income_put_sol": 11903055.87,
    "mainnet_income_put_btc": 1125814.04
  },
  "usdValueByGlobalId": {
    "mainnet_income_call_sol": 24104006.89,
    "mainnet_income_call_marinade": 23222718.8,
    "mainnet_income_call_btc": 17967106.03,
    "mainnet_income_call_sbr": 2265839.97,
    "mainnet_income_call_ftt": 3463575.29,
    "mainnet_income_call_luna": 6927683.42,
    "mainnet_income_put_luna": 164717.56,
    "mainnet_income_put_mngo": 397710.67,
    "mainnet_income_call_socean": 1542640,
    "mainnet_income_call_srm": 12348778.83,
    "mainnet_income_call_mngo": 1819921.12,
    "mainnet_income_call_ray": 103457.45,
    "mainnet_income_call_eth": 5628227.79,
    "mainnet_income_put_sol": 11903055.87,
    "mainnet_income_put_btc": 1125814.04
  },
  "globalIdToDepositTokenCoingeckoId": {
    "mainnet_income_call_sol": "solana",
    "mainnet_income_call_marinade": "msol",
    "mainnet_income_call_btc": "bitcoin",
    "mainnet_income_call_sbr": "saber",
    "mainnet_income_call_ftt": "ftx-token",
    "mainnet_income_call_luna": "terra-luna",
    "mainnet_income_put_luna": "terrausd",
    "mainnet_income_put_mngo": "usd-coin",
    "mainnet_income_call_socean": "socean-staked-sol",
    "mainnet_income_call_srm": "serum",
    "mainnet_income_call_mngo": "mango-markets",
    "mainnet_income_call_ray": "raydium",
    "mainnet_income_call_eth": "ethereum",
    "mainnet_income_put_sol": "usd-coin",
    "mainnet_income_put_btc": "usd-coin"
  }
}