{
  "totalTvlUSD": 106052184.61,
  "coinsByCoingeckoId": {
    "solana": 138268.399759574,
    "msol": 148983.642201595,
    "bitcoin": 408.338346,
    "saber": 19999999.829711,
    "ftx-token": 77023.635482,
    "usd-coin": 14182191.338855999,
    "terra-luna": 63149.926403,
    "socean-staked-sol": 9122.943942521,
    "serum": 3997544.673685,
    "mango-markets": 6866377.538262,
    "raydium": 19310.493998,
    "ethereum": 1606.845978
  },
  "pricesByCoingeckoId": {
    "BTC": 42845,
    "SOL": 150.31,
    "ETH": 3279.11,
    "mSOL": 154.75,
    "FTT": 40.94,
    "SRM": 3.12,
    "USDC": 1,
    "MNGO": 0.198142,
    "scnSOL": 154.72,
    "SBR": 0.08111,
    "LUNA": 80.7,
    "RAY": 5.39
  },
  "sharePricesByGlobalId": {
    "mainnet_income_call_sol": 1.03708,
    "mainnet_income_call_marinade": 1.02581,
    "mainnet_income_call_btc": 1.0644,
    "mainnet_income_call_sbr": 1,
    "mainnet_income_call_ftt": 1.01481,
    "mainnet_income_put_mngo": 1,
    "mainnet_income_call_luna": 1.01873,
    "mainnet_income_call_socean": 1.01266,
    "mainnet_income_call_srm": 1.00834,
    "mainnet_income_call_mngo": 1.01232,
    "mainnet_income_call_ray": 1,
    "mainnet_income_call_eth": 1.01181,
    "mainnet_income_put_sol": 0.99999,
    "mainnet_income_put_btc": 1
  },
  "depositTokenByGlobalId": {
    "mainnet_income_call_sol": 138268.399759574,
    "mainnet_income_call_marinade": 148983.642201595,
    "mainnet_income_call_btc": 408.338346,
    "mainnet_income_call_sbr": 19999999.829711,
    "mainnet_income_call_ftt": 77023.635482,
    "mainnet_income_put_mngo": 454804.43,
    "mainnet_income_call_luna": 63149.926403,
    "mainnet_income_call_socean": 9122.943942521,
    "mainnet_income_call_srm": 3997544.673685,
    "mainnet_income_call_mngo": 6866377.538262,
    "mainnet_income_call_ray": 19310.493998,
    "mainnet_income_call_eth": 1606.845978,
    "mainnet_income_put_sol": 11372898.25,
    "mainnet_income_put_btc": 2354488.66
  },
  "usdValueByGlobalId": {
    "mainnet_income_call_sol": 20783123.17,
    "mainnet_income_call_marinade": 23055218.63,
    "mainnet_income_call_btc": 17495256.43,
    "mainnet_income_call_sbr": 1622199.99,
    "mainnet_income_call_ftt": 3159509.53,
    "mainnet_income_put_mngo": 454804.43,
    "mainnet_income_call_luna": 5096199.06,
    "mainnet_income_call_socean": 1411501.89,
    "mainnet_income_call_srm": 12512314.83,
    "mainnet_income_call_mngo": 1361561.47,
    "mainnet_income_call_ray": 104083.56,
    "mainnet_income_call_eth": 5269024.71,
    "mainnet_income_put_sol": 11372898.25,
    "mainnet_income_put_btc": 2354488.66
  },
  "globalIdToDepositTokenCoingeckoId": {
    "mainnet_income_call_sol": "solana",
    "mainnet_income_call_marinade": "msol",
    "mainnet_income_call_btc": "bitcoin",
    "mainnet_income_call_sbr": "saber",
    "mainnet_income_call_ftt": "ftx-token",
    "mainnet_income_put_mngo": "usd-coin",
    "mainnet_income_call_luna": "terra-luna",
    "mainnet_income_call_socean": "socean-staked-sol",
    "mainnet_income_call_srm": "serum",
    "mainnet_income_call_mngo": "mango-markets",
    "mainnet_income_call_ray": "raydium",
    "mainnet_income_call_eth": "ethereum",
    "mainnet_income_put_sol": "usd-coin",
    "mainnet_income_put_btc": "usd-coin"
  }
}