{
  "totalTvlUSD": 92088952.01,
  "coinsByCoingeckoId": {
    "solana": 125064.229350644,
    "msol": 135968.818628195,
    "bitcoin": 354.279327,
    "saber": 11000000,
    "ftx-token": 71563.701874,
    "usd-coin": 12774239.779015,
    "terra-luna": 39999.989397,
    "socean-staked-sol": 5499.870099232,
    "serum": 3965494.011937,
    "mango-markets": 5999999.148087,
    "raydium": 18918.099566,
    "ethereum": 1406.76081
  },
  "pricesByCoingeckoId": {
    "BTC": 42113,
    "SOL": 146.69,
    "ETH": 3232.25,
    "mSOL": 149.95,
    "FTT": 36.29,
    "SRM": 3.17,
    "USDC": 1,
    "MNGO": 0.193095,
    "scnSOL": 148.18,
    "SBR": 0.095536,
    "LUNA": 70.44,
    "RAY": 5.5
  },
  "sharePricesByGlobalId": {
    "mainnet_income_call_sol": 1.03708,
    "mainnet_income_call_marinade": 1.02581,
    "mainnet_income_call_btc": 1.0644,
    "mainnet_income_call_sbr": 1,
    "mainnet_income_call_ftt": 1.01481,
    "mainnet_income_put_mngo": 1,
    "mainnet_income_call_luna": 1.01873,
    "mainnet_income_call_socean": 1.01266,
    "mainnet_income_call_srm": 1.00834,
    "mainnet_income_call_mngo": 1.01232,
    "mainnet_income_call_ray": 1,
    "mainnet_income_call_eth": 1.01181,
    "mainnet_income_put_sol": 1,
    "mainnet_income_put_btc": 1
  },
  "depositTokenByGlobalId": {
    "mainnet_income_call_sol": 125064.229350644,
    "mainnet_income_call_marinade": 135968.818628195,
    "mainnet_income_call_btc": 354.279327,
    "mainnet_income_call_sbr": 11000000,
    "mainnet_income_call_ftt": 71563.701874,
    "mainnet_income_put_mngo": 423215.84,
    "mainnet_income_call_luna": 39999.989397,
    "mainnet_income_call_socean": 5499.870099232,
    "mainnet_income_call_srm": 3965494.011937,
    "mainnet_income_call_mngo": 5999999.148087,
    "mainnet_income_call_ray": 18918.099566,
    "mainnet_income_call_eth": 1406.76081,
    "mainnet_income_put_sol": 9999999.86,
    "mainnet_income_put_btc": 2351024.08
  },
  "usdValueByGlobalId": {
    "mainnet_income_call_sol": 18345671.8,
    "mainnet_income_call_marinade": 20388524.35,
    "mainnet_income_call_btc": 14919765.3,
    "mainnet_income_call_sbr": 1050896,
    "mainnet_income_call_ftt": 2597046.74,
    "mainnet_income_put_mngo": 423215.84,
    "mainnet_income_call_luna": 2817599.25,
    "mainnet_income_call_socean": 814970.75,
    "mainnet_income_call_srm": 12570616.02,
    "mainnet_income_call_mngo": 1158569.84,
    "mainnet_income_call_ray": 104049.55,
    "mainnet_income_call_eth": 4547002.63,
    "mainnet_income_put_sol": 9999999.86,
    "mainnet_income_put_btc": 2351024.08
  }
}