{
  "totalTvlUSD": 106295468.83,
  "coinsByCoingeckoId": {
    "solana": 140618.42611187,
    "msol": 158782.095889866,
    "bitcoin": 416.715146,
    "saber": 19999847.492037,
    "ftx-token": 67263.452173,
    "usd-coin": 12006003.023302,
    "terra-luna": 65577.420731,
    "socean-staked-sol": 10999.987641614,
    "serum": 4059668.755811,
    "mango-markets": 8713377.314498,
    "raydium": 16284.912197,
    "ethereum": 1688.539962
  },
  "pricesByCoingeckoId": {
    "BTC": 43076,
    "SOL": 145.69,
    "ETH": 3318.41,
    "mSOL": 149.77,
    "FTT": 44.94,
    "SRM": 3.2,
    "USDC": 1,
    "MNGO": 0.198815,
    "scnSOL": 146.62,
    "SBR": 0.084663,
    "LUNA": 81.26,
    "RAY": 5.36
  },
  "sharePricesByGlobalId": {
    "mainnet_income_call_sol": 1.04444,
    "mainnet_income_call_marinade": 1.03017,
    "mainnet_income_call_btc": 1.06814,
    "mainnet_income_call_sbr": 1.04667,
    "mainnet_income_call_ftt": 1.02068,
    "mainnet_income_put_mngo": 1.00201,
    "mainnet_income_call_luna": 1.02692,
    "mainnet_income_call_socean": 1.01629,
    "mainnet_income_call_srm": 1.01304,
    "mainnet_income_call_mngo": 1.01322,
    "mainnet_income_call_ray": 1.00275,
    "mainnet_income_call_eth": 1.01502,
    "mainnet_income_put_sol": 1.00281,
    "mainnet_income_put_btc": 1.00329
  },
  "depositTokenByGlobalId": {
    "mainnet_income_call_sol": 140618.42611187,
    "mainnet_income_call_marinade": 158782.095889866,
    "mainnet_income_call_btc": 416.715146,
    "mainnet_income_call_sbr": 19999847.492037,
    "mainnet_income_call_ftt": 67263.452173,
    "mainnet_income_put_mngo": 392112.07,
    "mainnet_income_call_luna": 65577.420731,
    "mainnet_income_call_socean": 10999.987641614,
    "mainnet_income_call_srm": 4059668.755811,
    "mainnet_income_call_mngo": 8713377.314498,
    "mainnet_income_call_ray": 16284.912197,
    "mainnet_income_call_eth": 1688.539962,
    "mainnet_income_put_sol": 10489406.82,
    "mainnet_income_put_btc": 1124484.14
  },
  "usdValueByGlobalId": {
    "mainnet_income_call_sol": 20486698.5,
    "mainnet_income_call_marinade": 23780794.5,
    "mainnet_income_call_btc": 17950421.63,
    "mainnet_income_call_sbr": 1693247.09,
    "mainnet_income_call_ftt": 3022819.54,
    "mainnet_income_put_mngo": 392112.07,
    "mainnet_income_call_luna": 5328821.21,
    "mainnet_income_call_socean": 1612818.19,
    "mainnet_income_call_srm": 12990940.02,
    "mainnet_income_call_mngo": 1732350.11,
    "mainnet_income_call_ray": 87287.13,
    "mainnet_income_call_eth": 5603267.9,
    "mainnet_income_put_sol": 10489406.82,
    "mainnet_income_put_btc": 1124484.14
  },
  "globalIdToDepositTokenCoingeckoId": {
    "mainnet_income_call_sol": "solana",
    "mainnet_income_call_marinade": "msol",
    "mainnet_income_call_btc": "bitcoin",
    "mainnet_income_call_sbr": "saber",
    "mainnet_income_call_ftt": "ftx-token",
    "mainnet_income_put_mngo": "usd-coin",
    "mainnet_income_call_luna": "terra-luna",
    "mainnet_income_call_socean": "socean-staked-sol",
    "mainnet_income_call_srm": "serum",
    "mainnet_income_call_mngo": "mango-markets",
    "mainnet_income_call_ray": "raydium",
    "mainnet_income_call_eth": "ethereum",
    "mainnet_income_put_sol": "usd-coin",
    "mainnet_income_put_btc": "usd-coin"
  }
}