{
  "totalTvlUSD": 111590940.68,
  "coinsByCoingeckoId": {
    "solana": 173892.53647887,
    "msol": 163160.886731825,
    "bitcoin": 428.536762,
    "saber": 19999999.49855,
    "ftx-token": 73616.758566,
    "terra-luna": 84957.974036,
    "terrausd": 145506.528858,
    "usd-coin": 13104292.267149998,
    "socean-staked-sol": 10999.997467117,
    "serum": 4206533.50914,
    "mango-markets": 9018168.55664,
    "raydium": 20335.538346,
    "ethereum": 1762.609017
  },
  "pricesByCoingeckoId": {
    "BTC": 41880,
    "SOL": 137.67,
    "ETH": 3147.76,
    "mSOL": 141.24,
    "FTT": 43.57,
    "SRM": 2.95,
    "USDC": 1,
    "MNGO": 0.198836,
    "scnSOL": 140.23,
    "SBR": 0.111428,
    "LUNA": 77.42,
    "UST": 1,
    "RAY": 5.05
  },
  "sharePricesByGlobalId": {
    "mainnet_income_call_sol": 1.05342,
    "mainnet_income_call_marinade": 1.03017,
    "mainnet_income_call_btc": 1.06976,
    "mainnet_income_call_sbr": 1.04667,
    "mainnet_income_call_ftt": 1.02068,
    "mainnet_income_call_luna": 1.02692,
    "mainnet_income_put_luna": 1,
    "mainnet_income_put_mngo": 1.00201,
    "mainnet_income_call_socean": 1.01629,
    "mainnet_income_call_srm": 1.01304,
    "mainnet_income_call_mngo": 1.01322,
    "mainnet_income_call_ray": 1.00275,
    "mainnet_income_call_eth": 1.01667,
    "mainnet_income_put_sol": 1.00281,
    "mainnet_income_put_btc": 1.00329
  },
  "depositTokenByGlobalId": {
    "mainnet_income_call_sol": 173892.53647887,
    "mainnet_income_call_marinade": 163160.886731825,
    "mainnet_income_call_btc": 428.536762,
    "mainnet_income_call_sbr": 19999999.49855,
    "mainnet_income_call_ftt": 73616.758566,
    "mainnet_income_call_luna": 84957.974036,
    "mainnet_income_put_luna": 145506.528858,
    "mainnet_income_put_mngo": 397677.27,
    "mainnet_income_call_socean": 10999.997467117,
    "mainnet_income_call_srm": 4206533.50914,
    "mainnet_income_call_mngo": 9018168.55664,
    "mainnet_income_call_ray": 20335.538346,
    "mainnet_income_call_eth": 1762.609017,
    "mainnet_income_put_sol": 11580810.96,
    "mainnet_income_put_btc": 1125804.04
  },
  "usdValueByGlobalId": {
    "mainnet_income_call_sol": 23939785.5,
    "mainnet_income_call_marinade": 23044843.64,
    "mainnet_income_call_btc": 17947119.59,
    "mainnet_income_call_sbr": 2228559.94,
    "mainnet_income_call_ftt": 3207482.17,
    "mainnet_income_call_luna": 6577446.35,
    "mainnet_income_put_luna": 145506.53,
    "mainnet_income_put_mngo": 397677.27,
    "mainnet_income_call_socean": 1542529.64,
    "mainnet_income_call_srm": 12409273.85,
    "mainnet_income_call_mngo": 1793136.56,
    "mainnet_income_call_ray": 102694.47,
    "mainnet_income_call_eth": 5548270.16,
    "mainnet_income_put_sol": 11580810.96,
    "mainnet_income_put_btc": 1125804.04
  },
  "globalIdToDepositTokenCoingeckoId": {
    "mainnet_income_call_sol": "solana",
    "mainnet_income_call_marinade": "msol",
    "mainnet_income_call_btc": "bitcoin",
    "mainnet_income_call_sbr": "saber",
    "mainnet_income_call_ftt": "ftx-token",
    "mainnet_income_call_luna": "terra-luna",
    "mainnet_income_put_luna": "terrausd",
    "mainnet_income_put_mngo": "usd-coin",
    "mainnet_income_call_socean": "socean-staked-sol",
    "mainnet_income_call_srm": "serum",
    "mainnet_income_call_mngo": "mango-markets",
    "mainnet_income_call_ray": "raydium",
    "mainnet_income_call_eth": "ethereum",
    "mainnet_income_put_sol": "usd-coin",
    "mainnet_income_put_btc": "usd-coin"
  }
}