{
  "totalTvlUSD": 86528976.48,
  "coinsByCoingeckoId": {
    "solana": 124373.408425644,
    "msol": 134572.874231499,
    "bitcoin": 300.454016,
    "saber": 11000000,
    "ftx-token": 70639.430071,
    "usd-coin": 12664180.689995,
    "terra-luna": 39999.989397,
    "socean-staked-sol": 5373.03332387,
    "serum": 3964192.957073,
    "mango-markets": 5999999.148087,
    "raydium": 18915.242615,
    "ethereum": 1399.448063
  },
  "pricesByCoingeckoId": {
    "BTC": 41469,
    "SOL": 137.79,
    "ETH": 3167.31,
    "mSOL": 142.26,
    "FTT": 35.62,
    "SRM": 3.11,
    "USDC": 1,
    "MNGO": 0.191066,
    "scnSOL": 142.54,
    "SBR": 0.091638,
    "LUNA": 70.59,
    "RAY": 5.41
  },
  "sharePricesByGlobalId": {
    "mainnet_income_call_sol": 1.03708,
    "mainnet_income_call_marinade": 1.02581,
    "mainnet_income_call_btc": 1.0644,
    "mainnet_income_call_sbr": 1,
    "mainnet_income_call_ftt": 1.01481,
    "mainnet_income_put_mngo": 1,
    "mainnet_income_call_luna": 1.01873,
    "mainnet_income_call_socean": 1.01266,
    "mainnet_income_call_srm": 1.00834,
    "mainnet_income_call_mngo": 1.01232,
    "mainnet_income_call_ray": 1,
    "mainnet_income_call_eth": 1.01181,
    "mainnet_income_put_sol": 1,
    "mainnet_income_put_btc": 1
  },
  "depositTokenByGlobalId": {
    "mainnet_income_call_sol": 124373.408425644,
    "mainnet_income_call_marinade": 134572.874231499,
    "mainnet_income_call_btc": 300.454016,
    "mainnet_income_call_sbr": 11000000,
    "mainnet_income_call_ftt": 70639.430071,
    "mainnet_income_put_mngo": 420661.09,
    "mainnet_income_call_luna": 39999.989397,
    "mainnet_income_call_socean": 5373.03332387,
    "mainnet_income_call_srm": 3964192.957073,
    "mainnet_income_call_mngo": 5999999.148087,
    "mainnet_income_call_ray": 18915.242615,
    "mainnet_income_call_eth": 1399.448063,
    "mainnet_income_put_sol": 9892611.86,
    "mainnet_income_put_btc": 2350907.74
  },
  "usdValueByGlobalId": {
    "mainnet_income_call_sol": 17137411.95,
    "mainnet_income_call_marinade": 19144337.09,
    "mainnet_income_call_btc": 12459527.59,
    "mainnet_income_call_sbr": 1008018,
    "mainnet_income_call_ftt": 2516176.5,
    "mainnet_income_put_mngo": 420661.09,
    "mainnet_income_call_luna": 2823599.25,
    "mainnet_income_call_socean": 765872.17,
    "mainnet_income_call_srm": 12328640.1,
    "mainnet_income_call_mngo": 1146395.84,
    "mainnet_income_call_ray": 102331.46,
    "mainnet_income_call_eth": 4432485.84,
    "mainnet_income_put_sol": 9892611.86,
    "mainnet_income_put_btc": 2350907.74
  }
}