{
  "totalTvlUSD": 96674017.23,
  "coinsByCoingeckoId": {
    "solana": 133465.695759574,
    "msol": 145604.62803043,
    "bitcoin": 369.587033,
    "saber": 11000000,
    "ftx-token": 76445.206473,
    "usd-coin": 13351010.645914,
    "terra-luna": 57425.934295,
    "socean-staked-sol": 7239.403789689,
    "serum": 3974874.806404,
    "mango-markets": 5999999.159277,
    "raydium": 19310.493998,
    "ethereum": 1481.524668
  },
  "pricesByCoingeckoId": {
    "BTC": 42858,
    "SOL": 140.66,
    "ETH": 3245.76,
    "mSOL": 144.29,
    "FTT": 39.96,
    "SRM": 3.09,
    "USDC": 1,
    "MNGO": 0.209288,
    "scnSOL": 142.97,
    "SBR": 0.08563,
    "LUNA": 73.46,
    "RAY": 5.37
  },
  "sharePricesByGlobalId": {
    "mainnet_income_call_sol": 1.03708,
    "mainnet_income_call_marinade": 1.02581,
    "mainnet_income_call_btc": 1.0644,
    "mainnet_income_call_sbr": 1,
    "mainnet_income_call_ftt": 1.01481,
    "mainnet_income_put_mngo": 1,
    "mainnet_income_call_luna": 1.01873,
    "mainnet_income_call_socean": 1.01266,
    "mainnet_income_call_srm": 1.00834,
    "mainnet_income_call_mngo": 1.01232,
    "mainnet_income_call_ray": 1,
    "mainnet_income_call_eth": 1.01181,
    "mainnet_income_put_sol": 0.99999,
    "mainnet_income_put_btc": 1
  },
  "depositTokenByGlobalId": {
    "mainnet_income_call_sol": 133465.695759574,
    "mainnet_income_call_marinade": 145604.62803043,
    "mainnet_income_call_btc": 369.587033,
    "mainnet_income_call_sbr": 11000000,
    "mainnet_income_call_ftt": 76445.206473,
    "mainnet_income_put_mngo": 429604.43,
    "mainnet_income_call_luna": 57425.934295,
    "mainnet_income_call_socean": 7239.403789689,
    "mainnet_income_call_srm": 3974874.806404,
    "mainnet_income_call_mngo": 5999999.159277,
    "mainnet_income_call_ray": 19310.493998,
    "mainnet_income_call_eth": 1481.524668,
    "mainnet_income_put_sol": 10567028.42,
    "mainnet_income_put_btc": 2354377.79
  },
  "usdValueByGlobalId": {
    "mainnet_income_call_sol": 18773284.77,
    "mainnet_income_call_marinade": 21009291.78,
    "mainnet_income_call_btc": 15839761.06,
    "mainnet_income_call_sbr": 941930,
    "mainnet_income_call_ftt": 3054750.45,
    "mainnet_income_put_mngo": 429604.43,
    "mainnet_income_call_luna": 4218509.13,
    "mainnet_income_call_socean": 1035017.56,
    "mainnet_income_call_srm": 12282363.15,
    "mainnet_income_call_mngo": 1255727.82,
    "mainnet_income_call_ray": 103697.35,
    "mainnet_income_call_eth": 4808673.51,
    "mainnet_income_put_sol": 10567028.42,
    "mainnet_income_put_btc": 2354377.79
  }
}