{
  "totalTvlUSD": 87755641.69,
  "coinsByCoingeckoId": {
    "solana": 195366.549008812,
    "msol": 166623.057996381,
    "bitcoin": 446.509393,
    "saber": 19999999.398257,
    "ftx-token": 67786.905764,
    "terra-luna": 91557.584779,
    "terrausd": 221093.379823,
    "usd-coin": 15592656.852131,
    "socean-staked-sol": 11000,
    "serum": 4242136.367456,
    "mango-markets": 7875859.754746,
    "raydium": 23843.179952,
    "ethereum": 1775.982632
  },
  "pricesByCoingeckoId": {
    "BTC": 35758,
    "SOL": 87.45,
    "ETH": 2358.06,
    "mSOL": 89.35,
    "FTT": 37.01,
    "SRM": 2.07,
    "USDC": 1,
    "MNGO": 0.153657,
    "scnSOL": 90.02,
    "SBR": 0.065631,
    "LUNA": 53.85,
    "UST": 0.998765,
    "RAY": 3.44
  },
  "sharePricesByGlobalId": {
    "mainnet_income_call_sol": 1.05252,
    "mainnet_income_call_marinade": 1.03727,
    "mainnet_income_call_btc": 1.0696,
    "mainnet_income_call_sbr": 1.05044,
    "mainnet_income_call_ftt": 1.02696,
    "mainnet_income_call_luna": 1.0374,
    "mainnet_income_put_luna": 1,
    "mainnet_income_put_mngo": 1.00322,
    "mainnet_income_call_socean": 1.02395,
    "mainnet_income_call_srm": 1.02041,
    "mainnet_income_call_mngo": 1.01533,
    "mainnet_income_call_ray": 1.01764,
    "mainnet_income_call_eth": 1.0165,
    "mainnet_income_put_sol": 1.01183,
    "mainnet_income_put_btc": 1.00606
  },
  "depositTokenByGlobalId": {
    "mainnet_income_call_sol": 195366.549008812,
    "mainnet_income_call_marinade": 166623.057996381,
    "mainnet_income_call_btc": 446.509393,
    "mainnet_income_call_sbr": 19999999.398257,
    "mainnet_income_call_ftt": 67786.905764,
    "mainnet_income_call_luna": 91557.584779,
    "mainnet_income_put_luna": 221093.379823,
    "mainnet_income_put_mngo": 249437.27,
    "mainnet_income_call_socean": 11000,
    "mainnet_income_call_srm": 4242136.367456,
    "mainnet_income_call_mngo": 7875859.754746,
    "mainnet_income_call_ray": 23843.179952,
    "mainnet_income_call_eth": 1775.982632,
    "mainnet_income_put_sol": 14204496.06,
    "mainnet_income_put_btc": 1138723.52
  },
  "usdValueByGlobalId": {
    "mainnet_income_call_sol": 17084804.71,
    "mainnet_income_call_marinade": 14887770.23,
    "mainnet_income_call_btc": 15966282.87,
    "mainnet_income_call_sbr": 1312619.96,
    "mainnet_income_call_ftt": 2508793.38,
    "mainnet_income_call_luna": 4930375.94,
    "mainnet_income_put_luna": 220820.33,
    "mainnet_income_put_mngo": 249437.27,
    "mainnet_income_call_socean": 990220,
    "mainnet_income_call_srm": 8781222.28,
    "mainnet_income_call_mngo": 1210180.98,
    "mainnet_income_call_ray": 82020.54,
    "mainnet_income_call_eth": 4187873.61,
    "mainnet_income_put_sol": 14204496.06,
    "mainnet_income_put_btc": 1138723.52
  },
  "globalIdToDepositTokenCoingeckoId": {
    "mainnet_income_call_sol": "solana",
    "mainnet_income_call_marinade": "msol",
    "mainnet_income_call_btc": "bitcoin",
    "mainnet_income_call_sbr": "saber",
    "mainnet_income_call_ftt": "ftx-token",
    "mainnet_income_call_luna": "terra-luna",
    "mainnet_income_put_luna": "terrausd",
    "mainnet_income_put_mngo": "usd-coin",
    "mainnet_income_call_socean": "socean-staked-sol",
    "mainnet_income_call_srm": "serum",
    "mainnet_income_call_mngo": "mango-markets",
    "mainnet_income_call_ray": "raydium",
    "mainnet_income_call_eth": "ethereum",
    "mainnet_income_put_sol": "usd-coin",
    "mainnet_income_put_btc": "usd-coin"
  }
}