{
  "totalTvlUSD": 46128442.31,
  "coinsByCoingeckoId": {
    "solana": 83865.563503664,
    "msol": 84999.999902565,
    "bitcoin": 203.643544,
    "ethereum": 362.877792,
    "ftx-token": 24828.702639,
    "serum": 211665.935209,
    "mango-markets": 1562720.193023
  },
  "pricesByCoingeckoId": {
    "BTC": 49712,
    "SOL": 189.27,
    "ETH": 3953.92,
    "mSOL": 193.66,
    "FTT": 41.13,
    "SRM": 3.86,
    "USDC": 1,
    "MNGO": 0.254399
  },
  "sharePricesByGlobalId": {
    "mainnet_income_call_sol": 1.02193,
    "mainnet_income_call_marinade": 1.01091,
    "mainnet_income_call_btc": 1.05125,
    "mainnet_income_call_eth": 1.006,
    "mainnet_income_call_ftt": 1,
    "mainnet_income_call_srm": 1,
    "mainnet_income_call_mngo": 1
  }
}