{
  "totalTvlUSD": 90017859.6,
  "coinsByCoingeckoId": {
    "solana": 124785.175525644,
    "msol": 135667.680106468,
    "bitcoin": 353.758278,
    "saber": 11000000,
    "ftx-token": 71348.902835,
    "usd-coin": 12771672.027406,
    "terra-luna": 39999.989397,
    "socean-staked-sol": 5499.723505502,
    "serum": 3964294.756605,
    "mango-markets": 5999999.148087,
    "raydium": 18915.242615,
    "ethereum": 1403.518304
  },
  "pricesByCoingeckoId": {
    "BTC": 41948,
    "SOL": 140.01,
    "ETH": 3226.55,
    "mSOL": 143.38,
    "FTT": 36.05,
    "SRM": 3.15,
    "USDC": 1,
    "MNGO": 0.193259,
    "scnSOL": 142.25,
    "SBR": 0.090214,
    "LUNA": 71.46,
    "RAY": 5.43
  },
  "sharePricesByGlobalId": {
    "mainnet_income_call_sol": 1.03708,
    "mainnet_income_call_marinade": 1.02581,
    "mainnet_income_call_btc": 1.0644,
    "mainnet_income_call_sbr": 1,
    "mainnet_income_call_ftt": 1.01481,
    "mainnet_income_put_mngo": 1,
    "mainnet_income_call_luna": 1.01873,
    "mainnet_income_call_socean": 1.01266,
    "mainnet_income_call_srm": 1.00834,
    "mainnet_income_call_mngo": 1.01232,
    "mainnet_income_call_ray": 1,
    "mainnet_income_call_eth": 1.01181,
    "mainnet_income_put_sol": 1,
    "mainnet_income_put_btc": 1
  },
  "depositTokenByGlobalId": {
    "mainnet_income_call_sol": 124785.175525644,
    "mainnet_income_call_marinade": 135667.680106468,
    "mainnet_income_call_btc": 353.758278,
    "mainnet_income_call_sbr": 11000000,
    "mainnet_income_call_ftt": 71348.902835,
    "mainnet_income_put_mngo": 420661.09,
    "mainnet_income_call_luna": 39999.989397,
    "mainnet_income_call_socean": 5499.723505502,
    "mainnet_income_call_srm": 3964294.756605,
    "mainnet_income_call_mngo": 5999999.148087,
    "mainnet_income_call_ray": 18915.242615,
    "mainnet_income_call_eth": 1403.518304,
    "mainnet_income_put_sol": 9999999.86,
    "mainnet_income_put_btc": 2351011.08
  },
  "usdValueByGlobalId": {
    "mainnet_income_call_sol": 17471172.43,
    "mainnet_income_call_marinade": 19452031.97,
    "mainnet_income_call_btc": 14839452.25,
    "mainnet_income_call_sbr": 992354,
    "mainnet_income_call_ftt": 2572127.95,
    "mainnet_income_put_mngo": 420661.09,
    "mainnet_income_call_luna": 2858399.24,
    "mainnet_income_call_socean": 782335.67,
    "mainnet_income_call_srm": 12487528.48,
    "mainnet_income_call_mngo": 1159553.84,
    "mainnet_income_call_ray": 102709.77,
    "mainnet_income_call_eth": 4528521.98,
    "mainnet_income_put_sol": 9999999.86,
    "mainnet_income_put_btc": 2351011.08
  }
}