{
  "totalTvlUSD": 90065349.07,
  "coinsByCoingeckoId": {
    "solana": 128777.516350644,
    "msol": 136371.806883541,
    "bitcoin": 355.172859,
    "saber": 11000000,
    "ftx-token": 72608.659584,
    "usd-coin": 12777012.187611,
    "terra-luna": 39999.999397,
    "socean-staked-sol": 5499.990099232,
    "serum": 3966288.775828,
    "mango-markets": 5999999.159277,
    "raydium": 18918.099566,
    "ethereum": 1433.050421
  },
  "pricesByCoingeckoId": {
    "BTC": 41839,
    "SOL": 139.69,
    "ETH": 3122.28,
    "mSOL": 143.19,
    "FTT": 36.29,
    "SRM": 3.02,
    "USDC": 1,
    "MNGO": 0.189984,
    "scnSOL": 142.18,
    "SBR": 0.088086,
    "LUNA": 70.84,
    "RAY": 5.3
  },
  "sharePricesByGlobalId": {
    "mainnet_income_call_sol": 1.03708,
    "mainnet_income_call_marinade": 1.02581,
    "mainnet_income_call_btc": 1.0644,
    "mainnet_income_call_sbr": 1,
    "mainnet_income_call_ftt": 1.01481,
    "mainnet_income_put_mngo": 1,
    "mainnet_income_call_luna": 1.01873,
    "mainnet_income_call_socean": 1.01266,
    "mainnet_income_call_srm": 1.00834,
    "mainnet_income_call_mngo": 1.01232,
    "mainnet_income_call_ray": 1,
    "mainnet_income_call_eth": 1.01181,
    "mainnet_income_put_sol": 1,
    "mainnet_income_put_btc": 1
  },
  "depositTokenByGlobalId": {
    "mainnet_income_call_sol": 128777.516350644,
    "mainnet_income_call_marinade": 136371.806883541,
    "mainnet_income_call_btc": 355.172859,
    "mainnet_income_call_sbr": 11000000,
    "mainnet_income_call_ftt": 72608.659584,
    "mainnet_income_put_mngo": 424933.57,
    "mainnet_income_call_luna": 39999.999397,
    "mainnet_income_call_socean": 5499.990099232,
    "mainnet_income_call_srm": 3966288.775828,
    "mainnet_income_call_mngo": 5999999.159277,
    "mainnet_income_call_ray": 18918.099566,
    "mainnet_income_call_eth": 1433.050421,
    "mainnet_income_put_sol": 9999999.97,
    "mainnet_income_put_btc": 2352078.65
  },
  "usdValueByGlobalId": {
    "mainnet_income_call_sol": 17988931.26,
    "mainnet_income_call_marinade": 19527079.03,
    "mainnet_income_call_btc": 14860077.25,
    "mainnet_income_call_sbr": 968946,
    "mainnet_income_call_ftt": 2634968.26,
    "mainnet_income_put_mngo": 424933.57,
    "mainnet_income_call_luna": 2833599.96,
    "mainnet_income_call_socean": 781988.59,
    "mainnet_income_call_srm": 11978192.1,
    "mainnet_income_call_mngo": 1139903.84,
    "mainnet_income_call_ray": 100265.93,
    "mainnet_income_call_eth": 4474384.67,
    "mainnet_income_put_sol": 9999999.97,
    "mainnet_income_put_btc": 2352078.65
  }
}