{
  "totalTvlUSD": 85993768.92,
  "coinsByCoingeckoId": {
    "solana": 189155.809008812,
    "msol": 163009.227820919,
    "bitcoin": 435.584237,
    "saber": 19999254.236111,
    "ftx-token": 66633.57379,
    "terra-luna": 82221.289383,
    "terrausd": 208008.657499,
    "usd-coin": 14307516.015717,
    "socean-staked-sol": 10999.999764954,
    "serum": 4235224.36262,
    "mango-markets": 7840231.792677,
    "raydium": 21625.256316,
    "ethereum": 1767.814036
  },
  "pricesByCoingeckoId": {
    "BTC": 35916,
    "SOL": 89.05,
    "ETH": 2372.08,
    "mSOL": 91.15,
    "FTT": 34.77,
    "SRM": 2.08,
    "USDC": 1,
    "MNGO": 0.148356,
    "scnSOL": 90.21,
    "SBR": 0.064551,
    "LUNA": 64.37,
    "UST": 1,
    "RAY": 3.36
  },
  "sharePricesByGlobalId": {
    "mainnet_income_call_sol": 1.05252,
    "mainnet_income_call_marinade": 1.03727,
    "mainnet_income_call_btc": 1.0696,
    "mainnet_income_call_sbr": 1.05044,
    "mainnet_income_call_ftt": 1.02696,
    "mainnet_income_call_luna": 1.0374,
    "mainnet_income_put_luna": 1,
    "mainnet_income_put_mngo": 1.00322,
    "mainnet_income_call_socean": 1.02395,
    "mainnet_income_call_srm": 1.02041,
    "mainnet_income_call_mngo": 1.01533,
    "mainnet_income_call_ray": 1.01764,
    "mainnet_income_call_eth": 1.0165,
    "mainnet_income_put_sol": 1.01183,
    "mainnet_income_put_btc": 1.00606
  },
  "depositTokenByGlobalId": {
    "mainnet_income_call_sol": 189155.809008812,
    "mainnet_income_call_marinade": 163009.227820919,
    "mainnet_income_call_btc": 435.584237,
    "mainnet_income_call_sbr": 19999254.236111,
    "mainnet_income_call_ftt": 66633.57379,
    "mainnet_income_call_luna": 82221.289383,
    "mainnet_income_put_luna": 208008.657499,
    "mainnet_income_put_mngo": 248683.41,
    "mainnet_income_call_socean": 10999.999764954,
    "mainnet_income_call_srm": 4235224.36262,
    "mainnet_income_call_mngo": 7840231.792677,
    "mainnet_income_call_ray": 21625.256316,
    "mainnet_income_call_eth": 1767.814036,
    "mainnet_income_put_sol": 12920621.67,
    "mainnet_income_put_btc": 1138210.93
  },
  "usdValueByGlobalId": {
    "mainnet_income_call_sol": 16844324.79,
    "mainnet_income_call_marinade": 14858291.12,
    "mainnet_income_call_btc": 15644443.46,
    "mainnet_income_call_sbr": 1290971.86,
    "mainnet_income_call_ftt": 2316849.36,
    "mainnet_income_call_luna": 5292584.4,
    "mainnet_income_put_luna": 208008.66,
    "mainnet_income_put_mngo": 248683.41,
    "mainnet_income_call_socean": 992309.98,
    "mainnet_income_call_srm": 8809266.67,
    "mainnet_income_call_mngo": 1163145.43,
    "mainnet_income_call_ray": 72660.86,
    "mainnet_income_call_eth": 4193396.32,
    "mainnet_income_put_sol": 12920621.67,
    "mainnet_income_put_btc": 1138210.93
  },
  "globalIdToDepositTokenCoingeckoId": {
    "mainnet_income_call_sol": "solana",
    "mainnet_income_call_marinade": "msol",
    "mainnet_income_call_btc": "bitcoin",
    "mainnet_income_call_sbr": "saber",
    "mainnet_income_call_ftt": "ftx-token",
    "mainnet_income_call_luna": "terra-luna",
    "mainnet_income_put_luna": "terrausd",
    "mainnet_income_put_mngo": "usd-coin",
    "mainnet_income_call_socean": "socean-staked-sol",
    "mainnet_income_call_srm": "serum",
    "mainnet_income_call_mngo": "mango-markets",
    "mainnet_income_call_ray": "raydium",
    "mainnet_income_call_eth": "ethereum",
    "mainnet_income_put_sol": "usd-coin",
    "mainnet_income_put_btc": "usd-coin"
  }
}