{
  "totalTvlUSD": 88408253.2,
  "coinsByCoingeckoId": {
    "solana": 189263.028008812,
    "msol": 163056.564980971,
    "bitcoin": 435.586795,
    "saber": 19999383.74845,
    "ftx-token": 66634.77379,
    "terra-luna": 82259.845494,
    "terrausd": 211840.021503,
    "usd-coin": 14317823.877662,
    "socean-staked-sol": 10999.999764954,
    "serum": 4235224.36262,
    "mango-markets": 7847633.676601,
    "raydium": 21625.256316,
    "ethereum": 1767.890112
  },
  "pricesByCoingeckoId": {
    "BTC": 36750,
    "SOL": 92.82,
    "ETH": 2459.13,
    "mSOL": 95.4,
    "FTT": 36.1,
    "SRM": 2.11,
    "USDC": 1,
    "MNGO": 0.152856,
    "scnSOL": 94.2,
    "SBR": 0.065028,
    "LUNA": 66.18,
    "UST": 1.01,
    "RAY": 3.52
  },
  "sharePricesByGlobalId": {
    "mainnet_income_call_sol": 1.05252,
    "mainnet_income_call_marinade": 1.03727,
    "mainnet_income_call_btc": 1.0696,
    "mainnet_income_call_sbr": 1.05044,
    "mainnet_income_call_ftt": 1.02696,
    "mainnet_income_call_luna": 1.0374,
    "mainnet_income_put_luna": 1,
    "mainnet_income_put_mngo": 1.00322,
    "mainnet_income_call_socean": 1.02395,
    "mainnet_income_call_srm": 1.02041,
    "mainnet_income_call_mngo": 1.01533,
    "mainnet_income_call_ray": 1.01764,
    "mainnet_income_call_eth": 1.0165,
    "mainnet_income_put_sol": 1.01183,
    "mainnet_income_put_btc": 1.00606
  },
  "depositTokenByGlobalId": {
    "mainnet_income_call_sol": 189263.028008812,
    "mainnet_income_call_marinade": 163056.564980971,
    "mainnet_income_call_btc": 435.586795,
    "mainnet_income_call_sbr": 19999383.74845,
    "mainnet_income_call_ftt": 66634.77379,
    "mainnet_income_call_luna": 82259.845494,
    "mainnet_income_put_luna": 211840.021503,
    "mainnet_income_put_mngo": 248683.41,
    "mainnet_income_call_socean": 10999.999764954,
    "mainnet_income_call_srm": 4235224.36262,
    "mainnet_income_call_mngo": 7847633.676601,
    "mainnet_income_call_ray": 21625.256316,
    "mainnet_income_call_eth": 1767.890112,
    "mainnet_income_put_sol": 12930929.53,
    "mainnet_income_put_btc": 1138210.93
  },
  "usdValueByGlobalId": {
    "mainnet_income_call_sol": 17567394.26,
    "mainnet_income_call_marinade": 15555596.3,
    "mainnet_income_call_btc": 16007814.72,
    "mainnet_income_call_sbr": 1300519.93,
    "mainnet_income_call_ftt": 2405515.33,
    "mainnet_income_call_luna": 5443956.57,
    "mainnet_income_put_luna": 213958.42,
    "mainnet_income_put_mngo": 248683.41,
    "mainnet_income_call_socean": 1036199.98,
    "mainnet_income_call_srm": 8936323.41,
    "mainnet_income_call_mngo": 1199557.89,
    "mainnet_income_call_ray": 76120.9,
    "mainnet_income_call_eth": 4347471.61,
    "mainnet_income_put_sol": 12930929.53,
    "mainnet_income_put_btc": 1138210.93
  },
  "globalIdToDepositTokenCoingeckoId": {
    "mainnet_income_call_sol": "solana",
    "mainnet_income_call_marinade": "msol",
    "mainnet_income_call_btc": "bitcoin",
    "mainnet_income_call_sbr": "saber",
    "mainnet_income_call_ftt": "ftx-token",
    "mainnet_income_call_luna": "terra-luna",
    "mainnet_income_put_luna": "terrausd",
    "mainnet_income_put_mngo": "usd-coin",
    "mainnet_income_call_socean": "socean-staked-sol",
    "mainnet_income_call_srm": "serum",
    "mainnet_income_call_mngo": "mango-markets",
    "mainnet_income_call_ray": "raydium",
    "mainnet_income_call_eth": "ethereum",
    "mainnet_income_put_sol": "usd-coin",
    "mainnet_income_put_btc": "usd-coin"
  }
}