{
  "totalTvlUSD": 87230404.96,
  "coinsByCoingeckoId": {
    "solana": 185577.833158812,
    "msol": 161858.194781868,
    "bitcoin": 429.992838,
    "saber": 18628550.345033,
    "ftx-token": 65604.390991,
    "terra-luna": 77956.341955,
    "terrausd": 207614.934803,
    "usd-coin": 14009737.045635,
    "socean-staked-sol": 10999.999764954,
    "serum": 4227126.229733,
    "mango-markets": 7786170.833833,
    "raydium": 20953.675782,
    "ethereum": 1755.995973
  },
  "pricesByCoingeckoId": {
    "BTC": 35181,
    "SOL": 94.32,
    "ETH": 2422.12,
    "mSOL": 97.36,
    "FTT": 34.09,
    "SRM": 2.22,
    "USDC": 1,
    "MNGO": 0.159277,
    "scnSOL": 96.36,
    "SBR": 0.06705,
    "LUNA": 65.72,
    "UST": 1,
    "RAY": 3.67
  },
  "sharePricesByGlobalId": {
    "mainnet_income_call_sol": 1.05252,
    "mainnet_income_call_marinade": 1.03727,
    "mainnet_income_call_btc": 1.0696,
    "mainnet_income_call_sbr": 1.05044,
    "mainnet_income_call_ftt": 1.02696,
    "mainnet_income_call_luna": 1.0374,
    "mainnet_income_put_luna": 1,
    "mainnet_income_put_mngo": 1.00322,
    "mainnet_income_call_socean": 1.02395,
    "mainnet_income_call_srm": 1.02041,
    "mainnet_income_call_mngo": 1.01533,
    "mainnet_income_call_ray": 1.01764,
    "mainnet_income_call_eth": 1.0165,
    "mainnet_income_put_sol": 1.01183,
    "mainnet_income_put_btc": 1.00606
  },
  "depositTokenByGlobalId": {
    "mainnet_income_call_sol": 185577.833158812,
    "mainnet_income_call_marinade": 161858.194781868,
    "mainnet_income_call_btc": 429.992838,
    "mainnet_income_call_sbr": 18628550.345033,
    "mainnet_income_call_ftt": 65604.390991,
    "mainnet_income_call_luna": 77956.341955,
    "mainnet_income_put_luna": 207614.934803,
    "mainnet_income_put_mngo": 248683.41,
    "mainnet_income_call_socean": 10999.999764954,
    "mainnet_income_call_srm": 4227126.229733,
    "mainnet_income_call_mngo": 7786170.833833,
    "mainnet_income_call_ray": 20953.675782,
    "mainnet_income_call_eth": 1755.995973,
    "mainnet_income_put_sol": 12622862.8,
    "mainnet_income_put_btc": 1138190.84
  },
  "usdValueByGlobalId": {
    "mainnet_income_call_sol": 17503701.22,
    "mainnet_income_call_marinade": 15758513.84,
    "mainnet_income_call_btc": 15127578.03,
    "mainnet_income_call_sbr": 1249044.3,
    "mainnet_income_call_ftt": 2236453.69,
    "mainnet_income_call_luna": 5123290.79,
    "mainnet_income_put_luna": 207614.93,
    "mainnet_income_put_mngo": 248683.41,
    "mainnet_income_call_socean": 1059959.98,
    "mainnet_income_call_srm": 9384220.23,
    "mainnet_income_call_mngo": 1240157.93,
    "mainnet_income_call_ray": 76899.99,
    "mainnet_income_call_eth": 4253232.97,
    "mainnet_income_put_sol": 12622862.8,
    "mainnet_income_put_btc": 1138190.84
  },
  "globalIdToDepositTokenCoingeckoId": {
    "mainnet_income_call_sol": "solana",
    "mainnet_income_call_marinade": "msol",
    "mainnet_income_call_btc": "bitcoin",
    "mainnet_income_call_sbr": "saber",
    "mainnet_income_call_ftt": "ftx-token",
    "mainnet_income_call_luna": "terra-luna",
    "mainnet_income_put_luna": "terrausd",
    "mainnet_income_put_mngo": "usd-coin",
    "mainnet_income_call_socean": "socean-staked-sol",
    "mainnet_income_call_srm": "serum",
    "mainnet_income_call_mngo": "mango-markets",
    "mainnet_income_call_ray": "raydium",
    "mainnet_income_call_eth": "ethereum",
    "mainnet_income_put_sol": "usd-coin",
    "mainnet_income_put_btc": "usd-coin"
  }
}