{
  "totalTvlUSD": 105271562.08,
  "coinsByCoingeckoId": {
    "solana": 137497.731759574,
    "msol": 148730.583670701,
    "bitcoin": 371.557891,
    "saber": 12685688.518165,
    "ftx-token": 76883.955564,
    "usd-coin": 14087328.244228,
    "terra-luna": 62530.310762,
    "socean-staked-sol": 8632.186265271,
    "serum": 3997375.671827,
    "mango-markets": 6841786.748458,
    "raydium": 19310.493998,
    "ethereum": 1501.77258
  },
  "pricesByCoingeckoId": {
    "BTC": 43783,
    "SOL": 154.25,
    "ETH": 3362.53,
    "mSOL": 157.93,
    "FTT": 42.09,
    "SRM": 3.23,
    "USDC": 1,
    "MNGO": 0.200202,
    "scnSOL": 156.38,
    "SBR": 0.083578,
    "LUNA": 82.09,
    "RAY": 5.59
  },
  "sharePricesByGlobalId": {
    "mainnet_income_call_sol": 1.03708,
    "mainnet_income_call_marinade": 1.02581,
    "mainnet_income_call_btc": 1.0644,
    "mainnet_income_call_sbr": 1,
    "mainnet_income_call_ftt": 1.01481,
    "mainnet_income_put_mngo": 1,
    "mainnet_income_call_luna": 1.01873,
    "mainnet_income_call_socean": 1.01266,
    "mainnet_income_call_srm": 1.00834,
    "mainnet_income_call_mngo": 1.01232,
    "mainnet_income_call_ray": 1,
    "mainnet_income_call_eth": 1.01181,
    "mainnet_income_put_sol": 0.99999,
    "mainnet_income_put_btc": 1
  },
  "depositTokenByGlobalId": {
    "mainnet_income_call_sol": 137497.731759574,
    "mainnet_income_call_marinade": 148730.583670701,
    "mainnet_income_call_btc": 371.557891,
    "mainnet_income_call_sbr": 12685688.518165,
    "mainnet_income_call_ftt": 76883.955564,
    "mainnet_income_put_mngo": 429804.43,
    "mainnet_income_call_luna": 62530.310762,
    "mainnet_income_call_socean": 8632.186265271,
    "mainnet_income_call_srm": 3997375.671827,
    "mainnet_income_call_mngo": 6841786.748458,
    "mainnet_income_call_ray": 19310.493998,
    "mainnet_income_call_eth": 1501.77258,
    "mainnet_income_put_sol": 11303036.02,
    "mainnet_income_put_btc": 2354487.79
  },
  "usdValueByGlobalId": {
    "mainnet_income_call_sol": 21209025.12,
    "mainnet_income_call_marinade": 23489021.08,
    "mainnet_income_call_btc": 16267919.14,
    "mainnet_income_call_sbr": 1060244.47,
    "mainnet_income_call_ftt": 3236045.69,
    "mainnet_income_put_mngo": 429804.43,
    "mainnet_income_call_luna": 5133113.21,
    "mainnet_income_call_socean": 1349901.29,
    "mainnet_income_call_srm": 12911523.42,
    "mainnet_income_call_mngo": 1369739.39,
    "mainnet_income_call_ray": 107945.66,
    "mainnet_income_call_eth": 5049755.35,
    "mainnet_income_put_sol": 11303036.02,
    "mainnet_income_put_btc": 2354487.79
  },
  "globalIdToDepositTokenCoingeckoId": {
    "mainnet_income_call_sol": "solana",
    "mainnet_income_call_marinade": "msol",
    "mainnet_income_call_btc": "bitcoin",
    "mainnet_income_call_sbr": "saber",
    "mainnet_income_call_ftt": "ftx-token",
    "mainnet_income_put_mngo": "usd-coin",
    "mainnet_income_call_luna": "terra-luna",
    "mainnet_income_call_socean": "socean-staked-sol",
    "mainnet_income_call_srm": "serum",
    "mainnet_income_call_mngo": "mango-markets",
    "mainnet_income_call_ray": "raydium",
    "mainnet_income_call_eth": "ethereum",
    "mainnet_income_put_sol": "usd-coin",
    "mainnet_income_put_btc": "usd-coin"
  }
}