{
  "totalTvlUSD": 92413803.28,
  "coinsByCoingeckoId": {
    "solana": 197174.623008812,
    "msol": 167069.493390458,
    "bitcoin": 448.872396,
    "saber": 19999999.398257,
    "ftx-token": 67786.91977,
    "terra-luna": 92667.867489,
    "terrausd": 221852.809918,
    "usd-coin": 16358982.499297,
    "socean-staked-sol": 11000,
    "serum": 4242136.367456,
    "mango-markets": 7884058.358746,
    "raydium": 23843.179952,
    "ethereum": 1777.242632
  },
  "pricesByCoingeckoId": {
    "BTC": 37403,
    "SOL": 92.57,
    "ETH": 2447.94,
    "mSOL": 95.18,
    "FTT": 38.73,
    "SRM": 2.16,
    "USDC": 1,
    "MNGO": 0.154844,
    "scnSOL": 94.35,
    "SBR": 0.066085,
    "LUNA": 54.87,
    "UST": 0.998897,
    "RAY": 3.59
  },
  "sharePricesByGlobalId": {
    "mainnet_income_call_sol": 1.0587,
    "mainnet_income_call_marinade": 1.03965,
    "mainnet_income_call_btc": 1.0696,
    "mainnet_income_call_sbr": 1.05044,
    "mainnet_income_call_ftt": 1.02696,
    "mainnet_income_call_luna": 1.04984,
    "mainnet_income_put_luna": 1,
    "mainnet_income_put_mngo": 1.00322,
    "mainnet_income_call_socean": 1.02395,
    "mainnet_income_call_srm": 1.02041,
    "mainnet_income_call_mngo": 1.01533,
    "mainnet_income_call_ray": 1.01764,
    "mainnet_income_call_eth": 1.0165,
    "mainnet_income_put_sol": 1.01183,
    "mainnet_income_put_btc": 1.00606
  },
  "depositTokenByGlobalId": {
    "mainnet_income_call_sol": 197174.623008812,
    "mainnet_income_call_marinade": 167069.493390458,
    "mainnet_income_call_btc": 448.872396,
    "mainnet_income_call_sbr": 19999999.398257,
    "mainnet_income_call_ftt": 67786.91977,
    "mainnet_income_call_luna": 92667.867489,
    "mainnet_income_put_luna": 221852.809918,
    "mainnet_income_put_mngo": 249437.37,
    "mainnet_income_call_socean": 11000,
    "mainnet_income_call_srm": 4242136.367456,
    "mainnet_income_call_mngo": 7884058.358746,
    "mainnet_income_call_ray": 23843.179952,
    "mainnet_income_call_eth": 1777.242632,
    "mainnet_income_put_sol": 14970821.6,
    "mainnet_income_put_btc": 1138723.52
  },
  "usdValueByGlobalId": {
    "mainnet_income_call_sol": 18254426.6,
    "mainnet_income_call_marinade": 15901674.38,
    "mainnet_income_call_btc": 16785134.38,
    "mainnet_income_call_sbr": 1321279.96,
    "mainnet_income_call_ftt": 2626065.27,
    "mainnet_income_call_luna": 5086539.25,
    "mainnet_income_put_luna": 221608.11,
    "mainnet_income_put_mngo": 249437.37,
    "mainnet_income_call_socean": 1037850,
    "mainnet_income_call_srm": 9163014.55,
    "mainnet_income_call_mngo": 1220799.13,
    "mainnet_income_call_ray": 85597.02,
    "mainnet_income_call_eth": 4350832.14,
    "mainnet_income_put_sol": 14970821.6,
    "mainnet_income_put_btc": 1138723.52
  },
  "globalIdToDepositTokenCoingeckoId": {
    "mainnet_income_call_sol": "solana",
    "mainnet_income_call_marinade": "msol",
    "mainnet_income_call_btc": "bitcoin",
    "mainnet_income_call_sbr": "saber",
    "mainnet_income_call_ftt": "ftx-token",
    "mainnet_income_call_luna": "terra-luna",
    "mainnet_income_put_luna": "terrausd",
    "mainnet_income_put_mngo": "usd-coin",
    "mainnet_income_call_socean": "socean-staked-sol",
    "mainnet_income_call_srm": "serum",
    "mainnet_income_call_mngo": "mango-markets",
    "mainnet_income_call_ray": "raydium",
    "mainnet_income_call_eth": "ethereum",
    "mainnet_income_put_sol": "usd-coin",
    "mainnet_income_put_btc": "usd-coin"
  }
}