{
  "totalTvlUSD": 91750432.2,
  "coinsByCoingeckoId": {
    "solana": 125246.073350644,
    "msol": 136012.545183038,
    "bitcoin": 354.279327,
    "saber": 11000000,
    "ftx-token": 72245.801874,
    "usd-coin": 12774282.460579002,
    "terra-luna": 39999.999397,
    "socean-staked-sol": 5499.990099232,
    "serum": 3965797.053838,
    "mango-markets": 5999999.159277,
    "raydium": 18918.099566,
    "ethereum": 1406.76171
  },
  "pricesByCoingeckoId": {
    "BTC": 41916,
    "SOL": 145.74,
    "ETH": 3222.1,
    "mSOL": 149.65,
    "FTT": 36.15,
    "SRM": 3.14,
    "USDC": 1,
    "MNGO": 0.192993,
    "scnSOL": 148.84,
    "SBR": 0.093622,
    "LUNA": 70.3,
    "RAY": 5.45
  },
  "sharePricesByGlobalId": {
    "mainnet_income_call_sol": 1.03708,
    "mainnet_income_call_marinade": 1.02581,
    "mainnet_income_call_btc": 1.0644,
    "mainnet_income_call_sbr": 1,
    "mainnet_income_call_ftt": 1.01481,
    "mainnet_income_put_mngo": 1,
    "mainnet_income_call_luna": 1.01873,
    "mainnet_income_call_socean": 1.01266,
    "mainnet_income_call_srm": 1.00834,
    "mainnet_income_call_mngo": 1.01232,
    "mainnet_income_call_ray": 1,
    "mainnet_income_call_eth": 1.01181,
    "mainnet_income_put_sol": 1,
    "mainnet_income_put_btc": 1
  },
  "depositTokenByGlobalId": {
    "mainnet_income_call_sol": 125246.073350644,
    "mainnet_income_call_marinade": 136012.545183038,
    "mainnet_income_call_btc": 354.279327,
    "mainnet_income_call_sbr": 11000000,
    "mainnet_income_call_ftt": 72245.801874,
    "mainnet_income_put_mngo": 423215.84,
    "mainnet_income_call_luna": 39999.999397,
    "mainnet_income_call_socean": 5499.990099232,
    "mainnet_income_call_srm": 3965797.053838,
    "mainnet_income_call_mngo": 5999999.159277,
    "mainnet_income_call_ray": 18918.099566,
    "mainnet_income_call_eth": 1406.76171,
    "mainnet_income_put_sol": 9999999.97,
    "mainnet_income_put_btc": 2351066.65
  },
  "usdValueByGlobalId": {
    "mainnet_income_call_sol": 18253362.73,
    "mainnet_income_call_marinade": 20354277.39,
    "mainnet_income_call_btc": 14849972.27,
    "mainnet_income_call_sbr": 1029842,
    "mainnet_income_call_ftt": 2611685.74,
    "mainnet_income_put_mngo": 423215.84,
    "mainnet_income_call_luna": 2811999.96,
    "mainnet_income_call_socean": 818618.53,
    "mainnet_income_call_srm": 12452602.75,
    "mainnet_income_call_mngo": 1157957.84,
    "mainnet_income_call_ray": 103103.64,
    "mainnet_income_call_eth": 4532726.91,
    "mainnet_income_put_sol": 9999999.97,
    "mainnet_income_put_btc": 2351066.65
  }
}