{
  "totalTvlUSD": 92071636.67,
  "coinsByCoingeckoId": {
    "solana": 195283.027008812,
    "msol": 165967.671660866,
    "bitcoin": 446.446572,
    "saber": 19999999.398257,
    "ftx-token": 67786.905764,
    "terra-luna": 91161.518322,
    "terrausd": 220968.379823,
    "usd-coin": 15575534.387207,
    "socean-staked-sol": 11000,
    "serum": 4241061.203259,
    "mango-markets": 7875859.754746,
    "raydium": 23839.179952,
    "ethereum": 1775.972409
  },
  "pricesByCoingeckoId": {
    "BTC": 36968,
    "SOL": 93.62,
    "ETH": 2500.58,
    "mSOL": 95.85,
    "FTT": 39.68,
    "SRM": 2.16,
    "USDC": 1,
    "MNGO": 0.157265,
    "scnSOL": 95.8,
    "SBR": 0.067888,
    "LUNA": 60.92,
    "UST": 1,
    "RAY": 3.58
  },
  "sharePricesByGlobalId": {
    "mainnet_income_call_sol": 1.05252,
    "mainnet_income_call_marinade": 1.03727,
    "mainnet_income_call_btc": 1.0696,
    "mainnet_income_call_sbr": 1.05044,
    "mainnet_income_call_ftt": 1.02696,
    "mainnet_income_call_luna": 1.0374,
    "mainnet_income_put_luna": 1,
    "mainnet_income_put_mngo": 1.00322,
    "mainnet_income_call_socean": 1.02395,
    "mainnet_income_call_srm": 1.02041,
    "mainnet_income_call_mngo": 1.01533,
    "mainnet_income_call_ray": 1.01764,
    "mainnet_income_call_eth": 1.0165,
    "mainnet_income_put_sol": 1.01183,
    "mainnet_income_put_btc": 1.00606
  },
  "depositTokenByGlobalId": {
    "mainnet_income_call_sol": 195283.027008812,
    "mainnet_income_call_marinade": 165967.671660866,
    "mainnet_income_call_btc": 446.446572,
    "mainnet_income_call_sbr": 19999999.398257,
    "mainnet_income_call_ftt": 67786.905764,
    "mainnet_income_call_luna": 91161.518322,
    "mainnet_income_put_luna": 220968.379823,
    "mainnet_income_put_mngo": 249437.27,
    "mainnet_income_call_socean": 11000,
    "mainnet_income_call_srm": 4241061.203259,
    "mainnet_income_call_mngo": 7875859.754746,
    "mainnet_income_call_ray": 23839.179952,
    "mainnet_income_call_eth": 1775.972409,
    "mainnet_income_put_sol": 14187373.59,
    "mainnet_income_put_btc": 1138723.52
  },
  "usdValueByGlobalId": {
    "mainnet_income_call_sol": 18282396.99,
    "mainnet_income_call_marinade": 15908001.33,
    "mainnet_income_call_btc": 16504236.87,
    "mainnet_income_call_sbr": 1357759.96,
    "mainnet_income_call_ftt": 2689784.42,
    "mainnet_income_call_luna": 5553559.7,
    "mainnet_income_put_luna": 220968.38,
    "mainnet_income_put_mngo": 249437.27,
    "mainnet_income_call_socean": 1053800,
    "mainnet_income_call_srm": 9160692.2,
    "mainnet_income_call_mngo": 1238597.08,
    "mainnet_income_call_ray": 85344.26,
    "mainnet_income_call_eth": 4440961.09,
    "mainnet_income_put_sol": 14187373.59,
    "mainnet_income_put_btc": 1138723.52
  },
  "globalIdToDepositTokenCoingeckoId": {
    "mainnet_income_call_sol": "solana",
    "mainnet_income_call_marinade": "msol",
    "mainnet_income_call_btc": "bitcoin",
    "mainnet_income_call_sbr": "saber",
    "mainnet_income_call_ftt": "ftx-token",
    "mainnet_income_call_luna": "terra-luna",
    "mainnet_income_put_luna": "terrausd",
    "mainnet_income_put_mngo": "usd-coin",
    "mainnet_income_call_socean": "socean-staked-sol",
    "mainnet_income_call_srm": "serum",
    "mainnet_income_call_mngo": "mango-markets",
    "mainnet_income_call_ray": "raydium",
    "mainnet_income_call_eth": "ethereum",
    "mainnet_income_put_sol": "usd-coin",
    "mainnet_income_put_btc": "usd-coin"
  }
}