{
  "totalTvlUSD": 106700026.63,
  "coinsByCoingeckoId": {
    "solana": 143206.740759574,
    "msol": 149321.968912424,
    "bitcoin": 409.911073,
    "saber": 19999999.829711,
    "ftx-token": 78033.635482,
    "usd-coin": 14985180.196031,
    "terra-luna": 63570.466403,
    "socean-staked-sol": 10211.71882036,
    "serum": 4006159.886991,
    "mango-markets": 7034420.396394,
    "raydium": 19329.593057,
    "ethereum": 1607.170983
  },
  "pricesByCoingeckoId": {
    "BTC": 42536,
    "SOL": 147.55,
    "ETH": 3261.84,
    "mSOL": 150.77,
    "FTT": 41.05,
    "SRM": 3.12,
    "USDC": 1,
    "MNGO": 0.199931,
    "scnSOL": 150.8,
    "SBR": 0.079319,
    "LUNA": 79.51,
    "RAY": 5.35
  },
  "sharePricesByGlobalId": {
    "mainnet_income_call_sol": 1.03708,
    "mainnet_income_call_marinade": 1.02581,
    "mainnet_income_call_btc": 1.0644,
    "mainnet_income_call_sbr": 1,
    "mainnet_income_call_ftt": 1.01481,
    "mainnet_income_put_mngo": 1,
    "mainnet_income_call_luna": 1.01873,
    "mainnet_income_call_socean": 1.01266,
    "mainnet_income_call_srm": 1.00834,
    "mainnet_income_call_mngo": 1.01232,
    "mainnet_income_call_ray": 1,
    "mainnet_income_call_eth": 1.01181,
    "mainnet_income_put_sol": 0.99999,
    "mainnet_income_put_btc": 1
  },
  "depositTokenByGlobalId": {
    "mainnet_income_call_sol": 143206.740759574,
    "mainnet_income_call_marinade": 149321.968912424,
    "mainnet_income_call_btc": 409.911073,
    "mainnet_income_call_sbr": 19999999.829711,
    "mainnet_income_call_ftt": 78033.635482,
    "mainnet_income_put_mngo": 454804.43,
    "mainnet_income_call_luna": 63570.466403,
    "mainnet_income_call_socean": 10211.71882036,
    "mainnet_income_call_srm": 4006159.886991,
    "mainnet_income_call_mngo": 7034420.396394,
    "mainnet_income_call_ray": 19329.593057,
    "mainnet_income_call_eth": 1607.170983,
    "mainnet_income_put_sol": 12174485.98,
    "mainnet_income_put_btc": 2355889.79
  },
  "usdValueByGlobalId": {
    "mainnet_income_call_sol": 21130154.6,
    "mainnet_income_call_marinade": 22513273.25,
    "mainnet_income_call_btc": 17435977.4,
    "mainnet_income_call_sbr": 1586379.99,
    "mainnet_income_call_ftt": 3203280.74,
    "mainnet_income_put_mngo": 454804.43,
    "mainnet_income_call_luna": 5054487.78,
    "mainnet_income_call_socean": 1539927.2,
    "mainnet_income_call_srm": 12499218.85,
    "mainnet_income_call_mngo": 1406398.7,
    "mainnet_income_call_ray": 103413.32,
    "mainnet_income_call_eth": 5242334.6,
    "mainnet_income_put_sol": 12174485.98,
    "mainnet_income_put_btc": 2355889.79
  },
  "globalIdToDepositTokenCoingeckoId": {
    "mainnet_income_call_sol": "solana",
    "mainnet_income_call_marinade": "msol",
    "mainnet_income_call_btc": "bitcoin",
    "mainnet_income_call_sbr": "saber",
    "mainnet_income_call_ftt": "ftx-token",
    "mainnet_income_put_mngo": "usd-coin",
    "mainnet_income_call_luna": "terra-luna",
    "mainnet_income_call_socean": "socean-staked-sol",
    "mainnet_income_call_srm": "serum",
    "mainnet_income_call_mngo": "mango-markets",
    "mainnet_income_call_ray": "raydium",
    "mainnet_income_call_eth": "ethereum",
    "mainnet_income_put_sol": "usd-coin",
    "mainnet_income_put_btc": "usd-coin"
  }
}