{
  "totalTvlUSD": 113617704.18,
  "coinsByCoingeckoId": {
    "solana": 175845.99037887,
    "msol": 164517.345167224,
    "bitcoin": 429.374902,
    "saber": 19999999.760273,
    "ftx-token": 74994.147136,
    "terra-luna": 86293.179528,
    "terrausd": 162364.946911,
    "usd-coin": 13304730.813555,
    "socean-staked-sol": 10999.999467117,
    "serum": 4210503.353072,
    "mango-markets": 9036849.268517,
    "raydium": 20609.053884,
    "ethereum": 1796.051596
  },
  "pricesByCoingeckoId": {
    "BTC": 42510,
    "SOL": 138.08,
    "ETH": 3153.7,
    "mSOL": 141.48,
    "FTT": 46.68,
    "SRM": 2.96,
    "USDC": 1,
    "MNGO": 0.201814,
    "scnSOL": 141.36,
    "SBR": 0.113679,
    "LUNA": 80.62,
    "UST": 1,
    "RAY": 5.04
  },
  "sharePricesByGlobalId": {
    "mainnet_income_call_sol": 1.05342,
    "mainnet_income_call_marinade": 1.03017,
    "mainnet_income_call_btc": 1.06976,
    "mainnet_income_call_sbr": 1.04667,
    "mainnet_income_call_ftt": 1.02068,
    "mainnet_income_call_luna": 1.02692,
    "mainnet_income_put_luna": 1,
    "mainnet_income_put_mngo": 1.00201,
    "mainnet_income_call_socean": 1.01629,
    "mainnet_income_call_srm": 1.01304,
    "mainnet_income_call_mngo": 1.01322,
    "mainnet_income_call_ray": 1.00275,
    "mainnet_income_call_eth": 1.01667,
    "mainnet_income_put_sol": 1.00281,
    "mainnet_income_put_btc": 1.00329
  },
  "depositTokenByGlobalId": {
    "mainnet_income_call_sol": 175845.99037887,
    "mainnet_income_call_marinade": 164517.345167224,
    "mainnet_income_call_btc": 429.374902,
    "mainnet_income_call_sbr": 19999999.760273,
    "mainnet_income_call_ftt": 74994.147136,
    "mainnet_income_call_luna": 86293.179528,
    "mainnet_income_put_luna": 162364.946911,
    "mainnet_income_put_mngo": 397710.67,
    "mainnet_income_call_socean": 10999.999467117,
    "mainnet_income_call_srm": 4210503.353072,
    "mainnet_income_call_mngo": 9036849.268517,
    "mainnet_income_call_ray": 20609.053884,
    "mainnet_income_call_eth": 1796.051596,
    "mainnet_income_put_sol": 11781206.1,
    "mainnet_income_put_btc": 1125814.04
  },
  "usdValueByGlobalId": {
    "mainnet_income_call_sol": 24280814.35,
    "mainnet_income_call_marinade": 23275913.99,
    "mainnet_income_call_btc": 18252727.08,
    "mainnet_income_call_sbr": 2273579.97,
    "mainnet_income_call_ftt": 3500726.79,
    "mainnet_income_call_luna": 6956956.13,
    "mainnet_income_put_luna": 162364.95,
    "mainnet_income_put_mngo": 397710.67,
    "mainnet_income_call_socean": 1554959.92,
    "mainnet_income_call_srm": 12463089.93,
    "mainnet_income_call_mngo": 1823762.7,
    "mainnet_income_call_ray": 103869.63,
    "mainnet_income_call_eth": 5664207.92,
    "mainnet_income_put_sol": 11781206.1,
    "mainnet_income_put_btc": 1125814.04
  },
  "globalIdToDepositTokenCoingeckoId": {
    "mainnet_income_call_sol": "solana",
    "mainnet_income_call_marinade": "msol",
    "mainnet_income_call_btc": "bitcoin",
    "mainnet_income_call_sbr": "saber",
    "mainnet_income_call_ftt": "ftx-token",
    "mainnet_income_call_luna": "terra-luna",
    "mainnet_income_put_luna": "terrausd",
    "mainnet_income_put_mngo": "usd-coin",
    "mainnet_income_call_socean": "socean-staked-sol",
    "mainnet_income_call_srm": "serum",
    "mainnet_income_call_mngo": "mango-markets",
    "mainnet_income_call_ray": "raydium",
    "mainnet_income_call_eth": "ethereum",
    "mainnet_income_put_sol": "usd-coin",
    "mainnet_income_put_btc": "usd-coin"
  }
}