{
  "totalTvlUSD": 102178700.91,
  "coinsByCoingeckoId": {
    "solana": 182113.615958811,
    "msol": 159621.388844491,
    "bitcoin": 415.967959,
    "saber": 17788719.914567,
    "ftx-token": 65573.585783,
    "terra-luna": 75354.292467,
    "terrausd": 205230.450717,
    "usd-coin": 13938126.151025001,
    "socean-staked-sol": 10999.999764954,
    "serum": 4226617.43302,
    "mango-markets": 7746322.314252,
    "raydium": 20864.654582,
    "ethereum": 1737.777482
  },
  "pricesByCoingeckoId": {
    "BTC": 38968,
    "SOL": 123.77,
    "ETH": 2847.7,
    "mSOL": 126.88,
    "FTT": 42.98,
    "SRM": 2.61,
    "USDC": 1,
    "MNGO": 0.189137,
    "scnSOL": 125.19,
    "SBR": 0.09706,
    "LUNA": 73.93,
    "UST": 1,
    "RAY": 4.54
  },
  "sharePricesByGlobalId": {
    "mainnet_income_call_sol": 1.05252,
    "mainnet_income_call_marinade": 1.03727,
    "mainnet_income_call_btc": 1.0696,
    "mainnet_income_call_sbr": 1.05044,
    "mainnet_income_call_ftt": 1.02696,
    "mainnet_income_call_luna": 1.0374,
    "mainnet_income_put_luna": 1,
    "mainnet_income_put_mngo": 1.00322,
    "mainnet_income_call_socean": 1.02395,
    "mainnet_income_call_srm": 1.02041,
    "mainnet_income_call_mngo": 1.01533,
    "mainnet_income_call_ray": 1.01764,
    "mainnet_income_call_eth": 1.0165,
    "mainnet_income_put_sol": 1.01183,
    "mainnet_income_put_btc": 1.00606
  },
  "depositTokenByGlobalId": {
    "mainnet_income_call_sol": 182113.615958811,
    "mainnet_income_call_marinade": 159621.388844491,
    "mainnet_income_call_btc": 415.967959,
    "mainnet_income_call_sbr": 17788719.914567,
    "mainnet_income_call_ftt": 65573.585783,
    "mainnet_income_call_luna": 75354.292467,
    "mainnet_income_put_luna": 205230.450717,
    "mainnet_income_put_mngo": 248683.41,
    "mainnet_income_call_socean": 10999.999764954,
    "mainnet_income_call_srm": 4226617.43302,
    "mainnet_income_call_mngo": 7746322.314252,
    "mainnet_income_call_ray": 20864.654582,
    "mainnet_income_call_eth": 1737.777482,
    "mainnet_income_put_sol": 12553280.28,
    "mainnet_income_put_btc": 1136162.46
  },
  "usdValueByGlobalId": {
    "mainnet_income_call_sol": 22540202.25,
    "mainnet_income_call_marinade": 20252761.82,
    "mainnet_income_call_btc": 16209439.43,
    "mainnet_income_call_sbr": 1726573.15,
    "mainnet_income_call_ftt": 2818352.72,
    "mainnet_income_call_luna": 5570942.84,
    "mainnet_income_put_luna": 205230.45,
    "mainnet_income_put_mngo": 248683.41,
    "mainnet_income_call_socean": 1377089.97,
    "mainnet_income_call_srm": 11031471.5,
    "mainnet_income_call_mngo": 1465116.16,
    "mainnet_income_call_ray": 94725.53,
    "mainnet_income_call_eth": 4948668.94,
    "mainnet_income_put_sol": 12553280.28,
    "mainnet_income_put_btc": 1136162.46
  },
  "globalIdToDepositTokenCoingeckoId": {
    "mainnet_income_call_sol": "solana",
    "mainnet_income_call_marinade": "msol",
    "mainnet_income_call_btc": "bitcoin",
    "mainnet_income_call_sbr": "saber",
    "mainnet_income_call_ftt": "ftx-token",
    "mainnet_income_call_luna": "terra-luna",
    "mainnet_income_put_luna": "terrausd",
    "mainnet_income_put_mngo": "usd-coin",
    "mainnet_income_call_socean": "socean-staked-sol",
    "mainnet_income_call_srm": "serum",
    "mainnet_income_call_mngo": "mango-markets",
    "mainnet_income_call_ray": "raydium",
    "mainnet_income_call_eth": "ethereum",
    "mainnet_income_put_sol": "usd-coin",
    "mainnet_income_put_btc": "usd-coin"
  }
}