{
  "totalTvlUSD": 103363597.76,
  "coinsByCoingeckoId": {
    "solana": 136744.44331187,
    "msol": 157622.546981369,
    "bitcoin": 405.67455,
    "saber": 16357619.927253,
    "ftx-token": 62598.553653,
    "usd-coin": 11560427.370971998,
    "terra-luna": 64273.695956,
    "socean-staked-sol": 10465.954857574,
    "serum": 4008561.680771,
    "mango-markets": 7968490.912309,
    "raydium": 16185.11108,
    "ethereum": 1683.944387
  },
  "pricesByCoingeckoId": {
    "BTC": 42695,
    "SOL": 147.32,
    "ETH": 3272.11,
    "mSOL": 151.01,
    "FTT": 42.01,
    "SRM": 3.14,
    "USDC": 1,
    "MNGO": 0.198114,
    "scnSOL": 149.59,
    "SBR": 0.08928,
    "LUNA": 79.61,
    "RAY": 5.37
  },
  "sharePricesByGlobalId": {
    "mainnet_income_call_sol": 1.04444,
    "mainnet_income_call_marinade": 1.03017,
    "mainnet_income_call_btc": 1.06814,
    "mainnet_income_call_sbr": 1.04667,
    "mainnet_income_call_ftt": 1.02068,
    "mainnet_income_put_mngo": 1.00201,
    "mainnet_income_call_luna": 1.02692,
    "mainnet_income_call_socean": 1.01629,
    "mainnet_income_call_srm": 1.01304,
    "mainnet_income_call_mngo": 1.01322,
    "mainnet_income_call_ray": 1.00275,
    "mainnet_income_call_eth": 1.01502,
    "mainnet_income_put_sol": 1.00281,
    "mainnet_income_put_btc": 1.00329
  },
  "depositTokenByGlobalId": {
    "mainnet_income_call_sol": 136744.44331187,
    "mainnet_income_call_marinade": 157622.546981369,
    "mainnet_income_call_btc": 405.67455,
    "mainnet_income_call_sbr": 16357619.927253,
    "mainnet_income_call_ftt": 62598.553653,
    "mainnet_income_put_mngo": 391540.24,
    "mainnet_income_call_luna": 64273.695956,
    "mainnet_income_call_socean": 10465.954857574,
    "mainnet_income_call_srm": 4008561.680771,
    "mainnet_income_call_mngo": 7968490.912309,
    "mainnet_income_call_ray": 16185.11108,
    "mainnet_income_call_eth": 1683.944387,
    "mainnet_income_put_sol": 10044694.8,
    "mainnet_income_put_btc": 1124192.33
  },
  "usdValueByGlobalId": {
    "mainnet_income_call_sol": 20145191.39,
    "mainnet_income_call_marinade": 23802580.82,
    "mainnet_income_call_btc": 17320274.91,
    "mainnet_income_call_sbr": 1460408.31,
    "mainnet_income_call_ftt": 2629765.24,
    "mainnet_income_put_mngo": 391540.24,
    "mainnet_income_call_luna": 5116828.94,
    "mainnet_income_call_socean": 1565602.19,
    "mainnet_income_call_srm": 12586883.68,
    "mainnet_income_call_mngo": 1578669.61,
    "mainnet_income_call_ray": 86914.05,
    "mainnet_income_call_eth": 5510051.27,
    "mainnet_income_put_sol": 10044694.8,
    "mainnet_income_put_btc": 1124192.33
  },
  "globalIdToDepositTokenCoingeckoId": {
    "mainnet_income_call_sol": "solana",
    "mainnet_income_call_marinade": "msol",
    "mainnet_income_call_btc": "bitcoin",
    "mainnet_income_call_sbr": "saber",
    "mainnet_income_call_ftt": "ftx-token",
    "mainnet_income_put_mngo": "usd-coin",
    "mainnet_income_call_luna": "terra-luna",
    "mainnet_income_call_socean": "socean-staked-sol",
    "mainnet_income_call_srm": "serum",
    "mainnet_income_call_mngo": "mango-markets",
    "mainnet_income_call_ray": "raydium",
    "mainnet_income_call_eth": "ethereum",
    "mainnet_income_put_sol": "usd-coin",
    "mainnet_income_put_btc": "usd-coin"
  }
}