{
  "totalTvlUSD": 47443496.12,
  "coinsByCoingeckoId": {
    "solana": 83099.046983664,
    "msol": 84055.049636147,
    "bitcoin": 203.606732,
    "ethereum": 343.155116,
    "ftx-token": 24735.31155,
    "serum": 211644.679825,
    "mango-markets": 1562720.193023
  },
  "pricesByCoingeckoId": {
    "BTC": 50877,
    "SOL": 197.05,
    "ETH": 4054.19,
    "mSOL": 202.09,
    "FTT": 42.9,
    "SRM": 4.08,
    "USDC": 1,
    "MNGO": 0.260682
  },
  "sharePricesByGlobalId": {
    "mainnet_income_call_sol": 1.02193,
    "mainnet_income_call_marinade": 1.01091,
    "mainnet_income_call_btc": 1.05125,
    "mainnet_income_call_eth": 1.006,
    "mainnet_income_call_ftt": 1,
    "mainnet_income_call_srm": 1,
    "mainnet_income_call_mngo": 1
  }
}