{
  "totalTvlUSD": 114022463.24,
  "coinsByCoingeckoId": {
    "solana": 179060.85157887,
    "msol": 166124.109229874,
    "bitcoin": 431.637994,
    "saber": 19999999.760273,
    "ftx-token": 75145.317536,
    "terra-luna": 86801.279936,
    "terrausd": 175809.402127,
    "usd-coin": 13630830.675959999,
    "socean-staked-sol": 11000,
    "serum": 4214619.954201,
    "mango-markets": 9045687.358508,
    "raydium": 20609.053884,
    "ethereum": 1798.401692
  },
  "pricesByCoingeckoId": {
    "BTC": 41909,
    "SOL": 136.86,
    "ETH": 3122.07,
    "mSOL": 140.37,
    "FTT": 46.96,
    "SRM": 2.92,
    "USDC": 1,
    "MNGO": 0.200336,
    "scnSOL": 140.46,
    "SBR": 0.114516,
    "LUNA": 81.8,
    "UST": 1,
    "RAY": 5
  },
  "sharePricesByGlobalId": {
    "mainnet_income_call_sol": 1.05342,
    "mainnet_income_call_marinade": 1.03017,
    "mainnet_income_call_btc": 1.06976,
    "mainnet_income_call_sbr": 1.04667,
    "mainnet_income_call_ftt": 1.02068,
    "mainnet_income_call_luna": 1.02692,
    "mainnet_income_put_luna": 1,
    "mainnet_income_put_mngo": 1.00201,
    "mainnet_income_call_socean": 1.01629,
    "mainnet_income_call_srm": 1.01304,
    "mainnet_income_call_mngo": 1.01322,
    "mainnet_income_call_ray": 1.00275,
    "mainnet_income_call_eth": 1.01667,
    "mainnet_income_put_sol": 1.00281,
    "mainnet_income_put_btc": 1.00329
  },
  "depositTokenByGlobalId": {
    "mainnet_income_call_sol": 179060.85157887,
    "mainnet_income_call_marinade": 166124.109229874,
    "mainnet_income_call_btc": 431.637994,
    "mainnet_income_call_sbr": 19999999.760273,
    "mainnet_income_call_ftt": 75145.317536,
    "mainnet_income_call_luna": 86801.279936,
    "mainnet_income_put_luna": 175809.402127,
    "mainnet_income_put_mngo": 397710.67,
    "mainnet_income_call_socean": 11000,
    "mainnet_income_call_srm": 4214619.954201,
    "mainnet_income_call_mngo": 9045687.358508,
    "mainnet_income_call_ray": 20609.053884,
    "mainnet_income_call_eth": 1798.401692,
    "mainnet_income_put_sol": 12107255.97,
    "mainnet_income_put_btc": 1125864.04
  },
  "usdValueByGlobalId": {
    "mainnet_income_call_sol": 24506268.15,
    "mainnet_income_call_marinade": 23318841.21,
    "mainnet_income_call_btc": 18089516.69,
    "mainnet_income_call_sbr": 2290319.97,
    "mainnet_income_call_ftt": 3528824.11,
    "mainnet_income_call_luna": 7100344.7,
    "mainnet_income_put_luna": 175809.4,
    "mainnet_income_put_mngo": 397710.67,
    "mainnet_income_call_socean": 1545060,
    "mainnet_income_call_srm": 12306690.27,
    "mainnet_income_call_mngo": 1812176.82,
    "mainnet_income_call_ray": 103045.27,
    "mainnet_income_call_eth": 5614735.97,
    "mainnet_income_put_sol": 12107255.97,
    "mainnet_income_put_btc": 1125864.04
  },
  "globalIdToDepositTokenCoingeckoId": {
    "mainnet_income_call_sol": "solana",
    "mainnet_income_call_marinade": "msol",
    "mainnet_income_call_btc": "bitcoin",
    "mainnet_income_call_sbr": "saber",
    "mainnet_income_call_ftt": "ftx-token",
    "mainnet_income_call_luna": "terra-luna",
    "mainnet_income_put_luna": "terrausd",
    "mainnet_income_put_mngo": "usd-coin",
    "mainnet_income_call_socean": "socean-staked-sol",
    "mainnet_income_call_srm": "serum",
    "mainnet_income_call_mngo": "mango-markets",
    "mainnet_income_call_ray": "raydium",
    "mainnet_income_call_eth": "ethereum",
    "mainnet_income_put_sol": "usd-coin",
    "mainnet_income_put_btc": "usd-coin"
  }
}