{
  "totalTvlUSD": 89211113.28,
  "coinsByCoingeckoId": {
    "solana": 129720.533759574,
    "msol": 137767.620034548,
    "bitcoin": 365.642281,
    "saber": 11000000,
    "ftx-token": 72791.540999,
    "usd-coin": 12781105.080565,
    "terra-luna": 39999.999397,
    "socean-staked-sol": 5499.990099232,
    "serum": 3966441.652157,
    "mango-markets": 5999999.159277,
    "raydium": 18928.784889,
    "ethereum": 1468.5432
  },
  "pricesByCoingeckoId": {
    "BTC": 41052,
    "SOL": 136.49,
    "ETH": 3043.94,
    "mSOL": 139.95,
    "FTT": 36.87,
    "SRM": 2.93,
    "USDC": 1,
    "MNGO": 0.194571,
    "scnSOL": 138.9,
    "SBR": 0.080674,
    "LUNA": 68.54,
    "RAY": 5.15
  },
  "sharePricesByGlobalId": {
    "mainnet_income_call_sol": 1.03708,
    "mainnet_income_call_marinade": 1.02581,
    "mainnet_income_call_btc": 1.0644,
    "mainnet_income_call_sbr": 1,
    "mainnet_income_call_ftt": 1.01481,
    "mainnet_income_put_mngo": 1.00062,
    "mainnet_income_call_luna": 1.01873,
    "mainnet_income_call_socean": 1.01266,
    "mainnet_income_call_srm": 1.00834,
    "mainnet_income_call_mngo": 1.01232,
    "mainnet_income_call_ray": 1,
    "mainnet_income_call_eth": 1.01181,
    "mainnet_income_put_sol": 1.00376,
    "mainnet_income_put_btc": 1
  },
  "depositTokenByGlobalId": {
    "mainnet_income_call_sol": 129720.533759574,
    "mainnet_income_call_marinade": 137767.620034548,
    "mainnet_income_call_btc": 365.642281,
    "mainnet_income_call_sbr": 11000000,
    "mainnet_income_call_ftt": 72791.540999,
    "mainnet_income_put_mngo": 426727.29,
    "mainnet_income_call_luna": 39999.999397,
    "mainnet_income_call_socean": 5499.990099232,
    "mainnet_income_call_srm": 3966441.652157,
    "mainnet_income_call_mngo": 5999999.159277,
    "mainnet_income_call_ray": 18928.784889,
    "mainnet_income_call_eth": 1468.5432,
    "mainnet_income_put_sol": 10000000,
    "mainnet_income_put_btc": 2354377.79
  },
  "usdValueByGlobalId": {
    "mainnet_income_call_sol": 17705555.65,
    "mainnet_income_call_marinade": 19280578.42,
    "mainnet_income_call_btc": 15010346.92,
    "mainnet_income_call_sbr": 887414,
    "mainnet_income_call_ftt": 2683824.12,
    "mainnet_income_put_mngo": 426727.29,
    "mainnet_income_call_luna": 2741599.96,
    "mainnet_income_call_socean": 763948.62,
    "mainnet_income_call_srm": 11621674.04,
    "mainnet_income_call_mngo": 1167425.84,
    "mainnet_income_call_ray": 97483.24,
    "mainnet_income_call_eth": 4470157.39,
    "mainnet_income_put_sol": 10000000,
    "mainnet_income_put_btc": 2354377.79
  }
}