{
  "totalTvlUSD": 113355233.12,
  "coinsByCoingeckoId": {
    "solana": 168274.94437887,
    "msol": 162074.002789118,
    "bitcoin": 425.595559,
    "saber": 19999999.492037,
    "ftx-token": 72821.69046,
    "terra-luna": 78197.852723,
    "terrausd": 90786.270196,
    "usd-coin": 12967466.515335,
    "socean-staked-sol": 10999.997467117,
    "serum": 4201285.234487,
    "mango-markets": 8991662.180881,
    "raydium": 18263.960532,
    "ethereum": 1743.385009
  },
  "pricesByCoingeckoId": {
    "BTC": 42819,
    "SOL": 143.02,
    "ETH": 3267.94,
    "mSOL": 146.89,
    "FTT": 45.71,
    "SRM": 3.09,
    "USDC": 1,
    "MNGO": 0.199584,
    "scnSOL": 146.75,
    "SBR": 0.114257,
    "LUNA": 81.87,
    "UST": 1,
    "RAY": 5.24
  },
  "sharePricesByGlobalId": {
    "mainnet_income_call_sol": 1.04444,
    "mainnet_income_call_marinade": 1.03017,
    "mainnet_income_call_btc": 1.06814,
    "mainnet_income_call_sbr": 1.04667,
    "mainnet_income_call_ftt": 1.02068,
    "mainnet_income_call_luna": 1.02692,
    "mainnet_income_put_luna": 1,
    "mainnet_income_put_mngo": 1.00201,
    "mainnet_income_call_socean": 1.01629,
    "mainnet_income_call_srm": 1.01304,
    "mainnet_income_call_mngo": 1.01322,
    "mainnet_income_call_ray": 1.00275,
    "mainnet_income_call_eth": 1.01502,
    "mainnet_income_put_sol": 1.00281,
    "mainnet_income_put_btc": 1.00329
  },
  "depositTokenByGlobalId": {
    "mainnet_income_call_sol": 168274.94437887,
    "mainnet_income_call_marinade": 162074.002789118,
    "mainnet_income_call_btc": 425.595559,
    "mainnet_income_call_sbr": 19999999.492037,
    "mainnet_income_call_ftt": 72821.69046,
    "mainnet_income_call_luna": 78197.852723,
    "mainnet_income_put_luna": 90786.270196,
    "mainnet_income_put_mngo": 397676.27,
    "mainnet_income_call_socean": 10999.997467117,
    "mainnet_income_call_srm": 4201285.234487,
    "mainnet_income_call_mngo": 8991662.180881,
    "mainnet_income_call_ray": 18263.960532,
    "mainnet_income_call_eth": 1743.385009,
    "mainnet_income_put_sol": 11444514.71,
    "mainnet_income_put_btc": 1125275.54
  },
  "usdValueByGlobalId": {
    "mainnet_income_call_sol": 24066682.55,
    "mainnet_income_call_marinade": 23807050.27,
    "mainnet_income_call_btc": 18223576.24,
    "mainnet_income_call_sbr": 2285139.94,
    "mainnet_income_call_ftt": 3328679.47,
    "mainnet_income_call_luna": 6402058.2,
    "mainnet_income_put_luna": 90786.27,
    "mainnet_income_put_mngo": 397676.27,
    "mainnet_income_call_socean": 1614249.63,
    "mainnet_income_call_srm": 12981971.37,
    "mainnet_income_call_mngo": 1794591.9,
    "mainnet_income_call_ray": 95703.15,
    "mainnet_income_call_eth": 5697277.61,
    "mainnet_income_put_sol": 11444514.71,
    "mainnet_income_put_btc": 1125275.54
  },
  "globalIdToDepositTokenCoingeckoId": {
    "mainnet_income_call_sol": "solana",
    "mainnet_income_call_marinade": "msol",
    "mainnet_income_call_btc": "bitcoin",
    "mainnet_income_call_sbr": "saber",
    "mainnet_income_call_ftt": "ftx-token",
    "mainnet_income_call_luna": "terra-luna",
    "mainnet_income_put_luna": "terrausd",
    "mainnet_income_put_mngo": "usd-coin",
    "mainnet_income_call_socean": "socean-staked-sol",
    "mainnet_income_call_srm": "serum",
    "mainnet_income_call_mngo": "mango-markets",
    "mainnet_income_call_ray": "raydium",
    "mainnet_income_call_eth": "ethereum",
    "mainnet_income_put_sol": "usd-coin",
    "mainnet_income_put_btc": "usd-coin"
  }
}