{
  "totalTvlUSD": 90779045.17,
  "coinsByCoingeckoId": {
    "solana": 189995.542008812,
    "msol": 163104.408000652,
    "bitcoin": 435.843072,
    "saber": 19999999.92845,
    "ftx-token": 66720.697665,
    "terra-luna": 82349.951966,
    "terrausd": 214584.392701,
    "usd-coin": 14257848.097459,
    "socean-staked-sol": 10999.999764954,
    "serum": 4235344.328247,
    "mango-markets": 7849137.621646,
    "raydium": 21700.213178,
    "ethereum": 1767.889112
  },
  "pricesByCoingeckoId": {
    "BTC": 37482,
    "SOL": 97.6,
    "ETH": 2489.07,
    "mSOL": 100.06,
    "FTT": 36.94,
    "SRM": 2.15,
    "USDC": 1,
    "MNGO": 0.155453,
    "scnSOL": 98.99,
    "SBR": 0.06596,
    "LUNA": 65.93,
    "UST": 1,
    "RAY": 3.59
  },
  "sharePricesByGlobalId": {
    "mainnet_income_call_sol": 1.05252,
    "mainnet_income_call_marinade": 1.03727,
    "mainnet_income_call_btc": 1.0696,
    "mainnet_income_call_sbr": 1.05044,
    "mainnet_income_call_ftt": 1.02696,
    "mainnet_income_call_luna": 1.0374,
    "mainnet_income_put_luna": 1,
    "mainnet_income_put_mngo": 1.00322,
    "mainnet_income_call_socean": 1.02395,
    "mainnet_income_call_srm": 1.02041,
    "mainnet_income_call_mngo": 1.01533,
    "mainnet_income_call_ray": 1.01764,
    "mainnet_income_call_eth": 1.0165,
    "mainnet_income_put_sol": 1.01183,
    "mainnet_income_put_btc": 1.00606
  },
  "depositTokenByGlobalId": {
    "mainnet_income_call_sol": 189995.542008812,
    "mainnet_income_call_marinade": 163104.408000652,
    "mainnet_income_call_btc": 435.843072,
    "mainnet_income_call_sbr": 19999999.92845,
    "mainnet_income_call_ftt": 66720.697665,
    "mainnet_income_call_luna": 82349.951966,
    "mainnet_income_put_luna": 214584.392701,
    "mainnet_income_put_mngo": 249185.27,
    "mainnet_income_call_socean": 10999.999764954,
    "mainnet_income_call_srm": 4235344.328247,
    "mainnet_income_call_mngo": 7849137.621646,
    "mainnet_income_call_ray": 21700.213178,
    "mainnet_income_call_eth": 1767.889112,
    "mainnet_income_put_sol": 12869941.3,
    "mainnet_income_put_btc": 1138721.52
  },
  "usdValueByGlobalId": {
    "mainnet_income_call_sol": 18543564.9,
    "mainnet_income_call_marinade": 16320227.06,
    "mainnet_income_call_btc": 16336270.02,
    "mainnet_income_call_sbr": 1319200,
    "mainnet_income_call_ftt": 2464662.57,
    "mainnet_income_call_luna": 5429332.33,
    "mainnet_income_put_luna": 214584.39,
    "mainnet_income_put_mngo": 249185.27,
    "mainnet_income_call_socean": 1088889.98,
    "mainnet_income_call_srm": 9105990.31,
    "mainnet_income_call_mngo": 1220171.99,
    "mainnet_income_call_ray": 77903.77,
    "mainnet_income_call_eth": 4400399.75,
    "mainnet_income_put_sol": 12869941.3,
    "mainnet_income_put_btc": 1138721.52
  },
  "globalIdToDepositTokenCoingeckoId": {
    "mainnet_income_call_sol": "solana",
    "mainnet_income_call_marinade": "msol",
    "mainnet_income_call_btc": "bitcoin",
    "mainnet_income_call_sbr": "saber",
    "mainnet_income_call_ftt": "ftx-token",
    "mainnet_income_call_luna": "terra-luna",
    "mainnet_income_put_luna": "terrausd",
    "mainnet_income_put_mngo": "usd-coin",
    "mainnet_income_call_socean": "socean-staked-sol",
    "mainnet_income_call_srm": "serum",
    "mainnet_income_call_mngo": "mango-markets",
    "mainnet_income_call_ray": "raydium",
    "mainnet_income_call_eth": "ethereum",
    "mainnet_income_put_sol": "usd-coin",
    "mainnet_income_put_btc": "usd-coin"
  }
}