{
  "totalTvlUSD": 92091395.09,
  "coinsByCoingeckoId": {
    "solana": 195291.560008812,
    "msol": 165977.05193858,
    "bitcoin": 446.505423,
    "saber": 19999999.398257,
    "ftx-token": 67786.905764,
    "terra-luna": 91172.518322,
    "terrausd": 221068.379823,
    "usd-coin": 15586193.565043999,
    "socean-staked-sol": 11000,
    "serum": 4241061.203259,
    "mango-markets": 7875859.754746,
    "raydium": 23839.179952,
    "ethereum": 1775.972409
  },
  "pricesByCoingeckoId": {
    "BTC": 36869,
    "SOL": 93.7,
    "ETH": 2495.37,
    "mSOL": 96.46,
    "FTT": 39.27,
    "SRM": 2.16,
    "USDC": 1,
    "MNGO": 0.159622,
    "scnSOL": 95.93,
    "SBR": 0.067245,
    "LUNA": 60.5,
    "UST": 0.998898,
    "RAY": 3.59
  },
  "sharePricesByGlobalId": {
    "mainnet_income_call_sol": 1.05252,
    "mainnet_income_call_marinade": 1.03727,
    "mainnet_income_call_btc": 1.0696,
    "mainnet_income_call_sbr": 1.05044,
    "mainnet_income_call_ftt": 1.02696,
    "mainnet_income_call_luna": 1.0374,
    "mainnet_income_put_luna": 1,
    "mainnet_income_put_mngo": 1.00322,
    "mainnet_income_call_socean": 1.02395,
    "mainnet_income_call_srm": 1.02041,
    "mainnet_income_call_mngo": 1.01533,
    "mainnet_income_call_ray": 1.01764,
    "mainnet_income_call_eth": 1.0165,
    "mainnet_income_put_sol": 1.01183,
    "mainnet_income_put_btc": 1.00606
  },
  "depositTokenByGlobalId": {
    "mainnet_income_call_sol": 195291.560008812,
    "mainnet_income_call_marinade": 165977.05193858,
    "mainnet_income_call_btc": 446.505423,
    "mainnet_income_call_sbr": 19999999.398257,
    "mainnet_income_call_ftt": 67786.905764,
    "mainnet_income_call_luna": 91172.518322,
    "mainnet_income_put_luna": 221068.379823,
    "mainnet_income_put_mngo": 249437.27,
    "mainnet_income_call_socean": 11000,
    "mainnet_income_call_srm": 4241061.203259,
    "mainnet_income_call_mngo": 7875859.754746,
    "mainnet_income_call_ray": 23839.179952,
    "mainnet_income_call_eth": 1775.972409,
    "mainnet_income_put_sol": 14198032.77,
    "mainnet_income_put_btc": 1138723.52
  },
  "usdValueByGlobalId": {
    "mainnet_income_call_sol": 18298819.17,
    "mainnet_income_call_marinade": 16010146.43,
    "mainnet_income_call_btc": 16462208.44,
    "mainnet_income_call_sbr": 1344899.96,
    "mainnet_income_call_ftt": 2661991.79,
    "mainnet_income_call_luna": 5515937.36,
    "mainnet_income_put_luna": 220824.76,
    "mainnet_income_put_mngo": 249437.27,
    "mainnet_income_call_socean": 1055230,
    "mainnet_income_call_srm": 9160692.2,
    "mainnet_income_call_mngo": 1257160.49,
    "mainnet_income_call_ray": 85582.66,
    "mainnet_income_call_eth": 4431708.27,
    "mainnet_income_put_sol": 14198032.77,
    "mainnet_income_put_btc": 1138723.52
  },
  "globalIdToDepositTokenCoingeckoId": {
    "mainnet_income_call_sol": "solana",
    "mainnet_income_call_marinade": "msol",
    "mainnet_income_call_btc": "bitcoin",
    "mainnet_income_call_sbr": "saber",
    "mainnet_income_call_ftt": "ftx-token",
    "mainnet_income_call_luna": "terra-luna",
    "mainnet_income_put_luna": "terrausd",
    "mainnet_income_put_mngo": "usd-coin",
    "mainnet_income_call_socean": "socean-staked-sol",
    "mainnet_income_call_srm": "serum",
    "mainnet_income_call_mngo": "mango-markets",
    "mainnet_income_call_ray": "raydium",
    "mainnet_income_call_eth": "ethereum",
    "mainnet_income_put_sol": "usd-coin",
    "mainnet_income_put_btc": "usd-coin"
  }
}