{
  "totalTvlUSD": 87871011.69,
  "coinsByCoingeckoId": {
    "solana": 194380.532008812,
    "msol": 165889.442500341,
    "bitcoin": 445.057864,
    "saber": 19999999.386057,
    "ftx-token": 67638.566337,
    "terra-luna": 88245.463991,
    "terrausd": 215068.379823,
    "usd-coin": 15053081.574547999,
    "socean-staked-sol": 11000,
    "serum": 4240689.647577,
    "mango-markets": 7875806.990834,
    "raydium": 23764.560698,
    "ethereum": 1768.61292
  },
  "pricesByCoingeckoId": {
    "BTC": 36318,
    "SOL": 88.56,
    "ETH": 2408.21,
    "mSOL": 90.98,
    "FTT": 35.83,
    "SRM": 2.08,
    "USDC": 1,
    "MNGO": 0.151622,
    "scnSOL": 90.39,
    "SBR": 0.067066,
    "LUNA": 56.85,
    "UST": 1,
    "RAY": 3.47
  },
  "sharePricesByGlobalId": {
    "mainnet_income_call_sol": 1.05252,
    "mainnet_income_call_marinade": 1.03727,
    "mainnet_income_call_btc": 1.0696,
    "mainnet_income_call_sbr": 1.05044,
    "mainnet_income_call_ftt": 1.02696,
    "mainnet_income_call_luna": 1.0374,
    "mainnet_income_put_luna": 1,
    "mainnet_income_put_mngo": 1.00322,
    "mainnet_income_call_socean": 1.02395,
    "mainnet_income_call_srm": 1.02041,
    "mainnet_income_call_mngo": 1.01533,
    "mainnet_income_call_ray": 1.01764,
    "mainnet_income_call_eth": 1.0165,
    "mainnet_income_put_sol": 1.01183,
    "mainnet_income_put_btc": 1.00606
  },
  "depositTokenByGlobalId": {
    "mainnet_income_call_sol": 194380.532008812,
    "mainnet_income_call_marinade": 165889.442500341,
    "mainnet_income_call_btc": 445.057864,
    "mainnet_income_call_sbr": 19999999.386057,
    "mainnet_income_call_ftt": 67638.566337,
    "mainnet_income_call_luna": 88245.463991,
    "mainnet_income_put_luna": 215068.379823,
    "mainnet_income_put_mngo": 249437.27,
    "mainnet_income_call_socean": 11000,
    "mainnet_income_call_srm": 4240689.647577,
    "mainnet_income_call_mngo": 7875806.990834,
    "mainnet_income_call_ray": 23764.560698,
    "mainnet_income_call_eth": 1768.61292,
    "mainnet_income_put_sol": 13664920.78,
    "mainnet_income_put_btc": 1138723.52
  },
  "usdValueByGlobalId": {
    "mainnet_income_call_sol": 17214339.91,
    "mainnet_income_call_marinade": 15092621.48,
    "mainnet_income_call_btc": 16163611.5,
    "mainnet_income_call_sbr": 1341319.96,
    "mainnet_income_call_ftt": 2423489.83,
    "mainnet_income_call_luna": 5016754.63,
    "mainnet_income_put_luna": 215068.38,
    "mainnet_income_put_mngo": 249437.27,
    "mainnet_income_call_socean": 994290,
    "mainnet_income_call_srm": 8820634.47,
    "mainnet_income_call_mngo": 1194145.61,
    "mainnet_income_call_ray": 82463.03,
    "mainnet_income_call_eth": 4259191.32,
    "mainnet_income_put_sol": 13664920.78,
    "mainnet_income_put_btc": 1138723.52
  },
  "globalIdToDepositTokenCoingeckoId": {
    "mainnet_income_call_sol": "solana",
    "mainnet_income_call_marinade": "msol",
    "mainnet_income_call_btc": "bitcoin",
    "mainnet_income_call_sbr": "saber",
    "mainnet_income_call_ftt": "ftx-token",
    "mainnet_income_call_luna": "terra-luna",
    "mainnet_income_put_luna": "terrausd",
    "mainnet_income_put_mngo": "usd-coin",
    "mainnet_income_call_socean": "socean-staked-sol",
    "mainnet_income_call_srm": "serum",
    "mainnet_income_call_mngo": "mango-markets",
    "mainnet_income_call_ray": "raydium",
    "mainnet_income_call_eth": "ethereum",
    "mainnet_income_put_sol": "usd-coin",
    "mainnet_income_put_btc": "usd-coin"
  }
}