{
  "totalTvlUSD": 87650855.38,
  "coinsByCoingeckoId": {
    "solana": 194407.952008812,
    "msol": 165876.663561914,
    "bitcoin": 445.057864,
    "saber": 19999999.386057,
    "ftx-token": 67638.566337,
    "terra-luna": 88255.964157,
    "terrausd": 215068.379823,
    "usd-coin": 15126613.730673999,
    "socean-staked-sol": 11000,
    "serum": 4240691.247577,
    "mango-markets": 7875859.754746,
    "raydium": 23782.596376,
    "ethereum": 1768.61292
  },
  "pricesByCoingeckoId": {
    "BTC": 36071,
    "SOL": 88.29,
    "ETH": 2402.82,
    "mSOL": 90.7,
    "FTT": 35.76,
    "SRM": 2.06,
    "USDC": 1,
    "MNGO": 0.150906,
    "scnSOL": 90.39,
    "SBR": 0.066776,
    "LUNA": 57.13,
    "UST": 1,
    "RAY": 3.43
  },
  "sharePricesByGlobalId": {
    "mainnet_income_call_sol": 1.05252,
    "mainnet_income_call_marinade": 1.03727,
    "mainnet_income_call_btc": 1.0696,
    "mainnet_income_call_sbr": 1.05044,
    "mainnet_income_call_ftt": 1.02696,
    "mainnet_income_call_luna": 1.0374,
    "mainnet_income_put_luna": 1,
    "mainnet_income_put_mngo": 1.00322,
    "mainnet_income_call_socean": 1.02395,
    "mainnet_income_call_srm": 1.02041,
    "mainnet_income_call_mngo": 1.01533,
    "mainnet_income_call_ray": 1.01764,
    "mainnet_income_call_eth": 1.0165,
    "mainnet_income_put_sol": 1.01183,
    "mainnet_income_put_btc": 1.00606
  },
  "depositTokenByGlobalId": {
    "mainnet_income_call_sol": 194407.952008812,
    "mainnet_income_call_marinade": 165876.663561914,
    "mainnet_income_call_btc": 445.057864,
    "mainnet_income_call_sbr": 19999999.386057,
    "mainnet_income_call_ftt": 67638.566337,
    "mainnet_income_call_luna": 88255.964157,
    "mainnet_income_put_luna": 215068.379823,
    "mainnet_income_put_mngo": 249437.27,
    "mainnet_income_call_socean": 11000,
    "mainnet_income_call_srm": 4240691.247577,
    "mainnet_income_call_mngo": 7875859.754746,
    "mainnet_income_call_ray": 23782.596376,
    "mainnet_income_call_eth": 1768.61292,
    "mainnet_income_put_sol": 13738452.93,
    "mainnet_income_put_btc": 1138723.52
  },
  "usdValueByGlobalId": {
    "mainnet_income_call_sol": 17164278.08,
    "mainnet_income_call_marinade": 15045013.39,
    "mainnet_income_call_btc": 16053682.21,
    "mainnet_income_call_sbr": 1335519.96,
    "mainnet_income_call_ftt": 2418755.13,
    "mainnet_income_call_luna": 5042063.23,
    "mainnet_income_put_luna": 215068.38,
    "mainnet_income_put_mngo": 249437.27,
    "mainnet_income_call_socean": 994290,
    "mainnet_income_call_srm": 8735823.97,
    "mainnet_income_call_mngo": 1188514.49,
    "mainnet_income_call_ray": 81574.31,
    "mainnet_income_call_eth": 4249658.5,
    "mainnet_income_put_sol": 13738452.93,
    "mainnet_income_put_btc": 1138723.52
  },
  "globalIdToDepositTokenCoingeckoId": {
    "mainnet_income_call_sol": "solana",
    "mainnet_income_call_marinade": "msol",
    "mainnet_income_call_btc": "bitcoin",
    "mainnet_income_call_sbr": "saber",
    "mainnet_income_call_ftt": "ftx-token",
    "mainnet_income_call_luna": "terra-luna",
    "mainnet_income_put_luna": "terrausd",
    "mainnet_income_put_mngo": "usd-coin",
    "mainnet_income_call_socean": "socean-staked-sol",
    "mainnet_income_call_srm": "serum",
    "mainnet_income_call_mngo": "mango-markets",
    "mainnet_income_call_ray": "raydium",
    "mainnet_income_call_eth": "ethereum",
    "mainnet_income_put_sol": "usd-coin",
    "mainnet_income_put_btc": "usd-coin"
  }
}