{
  "totalTvlUSD": 112973645.65,
  "coinsByCoingeckoId": {
    "solana": 177967.76157887,
    "msol": 165770.147806274,
    "bitcoin": 429.414191,
    "saber": 19999999.760273,
    "ftx-token": 75145.317536,
    "terra-luna": 86470.120996,
    "terrausd": 165717.558158,
    "usd-coin": 13426680.584064,
    "socean-staked-sol": 11000,
    "serum": 4214610.282533,
    "mango-markets": 9045687.358508,
    "raydium": 20609.053884,
    "ethereum": 1798.401672
  },
  "pricesByCoingeckoId": {
    "BTC": 41751,
    "SOL": 136.1,
    "ETH": 3121.62,
    "mSOL": 139.67,
    "FTT": 46.02,
    "SRM": 2.92,
    "USDC": 1,
    "MNGO": 0.201363,
    "scnSOL": 139.3,
    "SBR": 0.113366,
    "LUNA": 80.67,
    "UST": 1,
    "RAY": 4.99
  },
  "sharePricesByGlobalId": {
    "mainnet_income_call_sol": 1.05342,
    "mainnet_income_call_marinade": 1.03017,
    "mainnet_income_call_btc": 1.06976,
    "mainnet_income_call_sbr": 1.04667,
    "mainnet_income_call_ftt": 1.02068,
    "mainnet_income_call_luna": 1.02692,
    "mainnet_income_put_luna": 1,
    "mainnet_income_put_mngo": 1.00201,
    "mainnet_income_call_socean": 1.01629,
    "mainnet_income_call_srm": 1.01304,
    "mainnet_income_call_mngo": 1.01322,
    "mainnet_income_call_ray": 1.00275,
    "mainnet_income_call_eth": 1.01667,
    "mainnet_income_put_sol": 1.00281,
    "mainnet_income_put_btc": 1.00329
  },
  "depositTokenByGlobalId": {
    "mainnet_income_call_sol": 177967.76157887,
    "mainnet_income_call_marinade": 165770.147806274,
    "mainnet_income_call_btc": 429.414191,
    "mainnet_income_call_sbr": 19999999.760273,
    "mainnet_income_call_ftt": 75145.317536,
    "mainnet_income_call_luna": 86470.120996,
    "mainnet_income_put_luna": 165717.558158,
    "mainnet_income_put_mngo": 397710.67,
    "mainnet_income_call_socean": 11000,
    "mainnet_income_call_srm": 4214610.282533,
    "mainnet_income_call_mngo": 9045687.358508,
    "mainnet_income_call_ray": 20609.053884,
    "mainnet_income_call_eth": 1798.401672,
    "mainnet_income_put_sol": 11903105.87,
    "mainnet_income_put_btc": 1125864.04
  },
  "usdValueByGlobalId": {
    "mainnet_income_call_sol": 24221412.35,
    "mainnet_income_call_marinade": 23153116.54,
    "mainnet_income_call_btc": 17928471.89,
    "mainnet_income_call_sbr": 2267319.97,
    "mainnet_income_call_ftt": 3458187.51,
    "mainnet_income_call_luna": 6975544.66,
    "mainnet_income_put_luna": 165717.56,
    "mainnet_income_put_mngo": 397710.67,
    "mainnet_income_call_socean": 1532300,
    "mainnet_income_call_srm": 12306662.02,
    "mainnet_income_call_mngo": 1821466.74,
    "mainnet_income_call_ray": 102839.18,
    "mainnet_income_call_eth": 5613926.63,
    "mainnet_income_put_sol": 11903105.87,
    "mainnet_income_put_btc": 1125864.04
  },
  "globalIdToDepositTokenCoingeckoId": {
    "mainnet_income_call_sol": "solana",
    "mainnet_income_call_marinade": "msol",
    "mainnet_income_call_btc": "bitcoin",
    "mainnet_income_call_sbr": "saber",
    "mainnet_income_call_ftt": "ftx-token",
    "mainnet_income_call_luna": "terra-luna",
    "mainnet_income_put_luna": "terrausd",
    "mainnet_income_put_mngo": "usd-coin",
    "mainnet_income_call_socean": "socean-staked-sol",
    "mainnet_income_call_srm": "serum",
    "mainnet_income_call_mngo": "mango-markets",
    "mainnet_income_call_ray": "raydium",
    "mainnet_income_call_eth": "ethereum",
    "mainnet_income_put_sol": "usd-coin",
    "mainnet_income_put_btc": "usd-coin"
  }
}