{
  "totalTvlUSD": 41565256.06,
  "coinsByCoingeckoId": {
    "solana": 67115.976033664,
    "msol": 79999.957612259,
    "bitcoin": 187.164721,
    "ethereum": 126.734727,
    "ftx-token": 22538.731831,
    "serum": 209918.963689,
    "mango-markets": 920452.399665
  },
  "pricesByCoingeckoId": {
    "BTC": 50808,
    "SOL": 197.85,
    "ETH": 4073.85,
    "mSOL": 202.53,
    "FTT": 42.61,
    "SRM": 4.04,
    "USDC": 1,
    "MNGO": 0.271342
  },
  "sharePricesByGlobalId": {
    "mainnet_income_call_sol": 1.02193,
    "mainnet_income_call_marinade": 1.01091,
    "mainnet_income_call_btc": 1.05125,
    "mainnet_income_call_eth": 1.006,
    "mainnet_income_call_ftt": 1,
    "mainnet_income_call_srm": 1,
    "mainnet_income_call_mngo": 1
  }
}