{
  "totalTvlUSD": 113450286.81,
  "coinsByCoingeckoId": {
    "solana": 168377.44437887,
    "msol": 162074.002789118,
    "bitcoin": 425.595559,
    "saber": 19999999.492037,
    "ftx-token": 72821.69046,
    "terra-luna": 78197.852723,
    "terrausd": 90786.270196,
    "usd-coin": 12967466.515335,
    "socean-staked-sol": 10999.997467117,
    "serum": 4201285.234487,
    "mango-markets": 8991662.180881,
    "raydium": 18464.960532,
    "ethereum": 1743.385009
  },
  "pricesByCoingeckoId": {
    "BTC": 42823,
    "SOL": 143.16,
    "ETH": 3276.24,
    "mSOL": 147.01,
    "FTT": 45.8,
    "SRM": 3.09,
    "USDC": 1,
    "MNGO": 0.199606,
    "scnSOL": 146.39,
    "SBR": 0.116806,
    "LUNA": 81.44,
    "UST": 1,
    "RAY": 5.24
  },
  "sharePricesByGlobalId": {
    "mainnet_income_call_sol": 1.04444,
    "mainnet_income_call_marinade": 1.03017,
    "mainnet_income_call_btc": 1.06814,
    "mainnet_income_call_sbr": 1.04667,
    "mainnet_income_call_ftt": 1.02068,
    "mainnet_income_call_luna": 1.02692,
    "mainnet_income_put_luna": 1,
    "mainnet_income_put_mngo": 1.00201,
    "mainnet_income_call_socean": 1.01629,
    "mainnet_income_call_srm": 1.01304,
    "mainnet_income_call_mngo": 1.01322,
    "mainnet_income_call_ray": 1.00275,
    "mainnet_income_call_eth": 1.01502,
    "mainnet_income_put_sol": 1.00281,
    "mainnet_income_put_btc": 1.00329
  },
  "depositTokenByGlobalId": {
    "mainnet_income_call_sol": 168377.44437887,
    "mainnet_income_call_marinade": 162074.002789118,
    "mainnet_income_call_btc": 425.595559,
    "mainnet_income_call_sbr": 19999999.492037,
    "mainnet_income_call_ftt": 72821.69046,
    "mainnet_income_call_luna": 78197.852723,
    "mainnet_income_put_luna": 90786.270196,
    "mainnet_income_put_mngo": 397676.27,
    "mainnet_income_call_socean": 10999.997467117,
    "mainnet_income_call_srm": 4201285.234487,
    "mainnet_income_call_mngo": 8991662.180881,
    "mainnet_income_call_ray": 18464.960532,
    "mainnet_income_call_eth": 1743.385009,
    "mainnet_income_put_sol": 11444514.71,
    "mainnet_income_put_btc": 1125275.54
  },
  "usdValueByGlobalId": {
    "mainnet_income_call_sol": 24104914.94,
    "mainnet_income_call_marinade": 23826499.15,
    "mainnet_income_call_btc": 18225278.62,
    "mainnet_income_call_sbr": 2336119.94,
    "mainnet_income_call_ftt": 3335233.42,
    "mainnet_income_call_luna": 6368433.13,
    "mainnet_income_put_luna": 90786.27,
    "mainnet_income_put_mngo": 397676.27,
    "mainnet_income_call_socean": 1610289.63,
    "mainnet_income_call_srm": 12981971.37,
    "mainnet_income_call_mngo": 1794789.72,
    "mainnet_income_call_ray": 96756.39,
    "mainnet_income_call_eth": 5711747.7,
    "mainnet_income_put_sol": 11444514.71,
    "mainnet_income_put_btc": 1125275.54
  },
  "globalIdToDepositTokenCoingeckoId": {
    "mainnet_income_call_sol": "solana",
    "mainnet_income_call_marinade": "msol",
    "mainnet_income_call_btc": "bitcoin",
    "mainnet_income_call_sbr": "saber",
    "mainnet_income_call_ftt": "ftx-token",
    "mainnet_income_call_luna": "terra-luna",
    "mainnet_income_put_luna": "terrausd",
    "mainnet_income_put_mngo": "usd-coin",
    "mainnet_income_call_socean": "socean-staked-sol",
    "mainnet_income_call_srm": "serum",
    "mainnet_income_call_mngo": "mango-markets",
    "mainnet_income_call_ray": "raydium",
    "mainnet_income_call_eth": "ethereum",
    "mainnet_income_put_sol": "usd-coin",
    "mainnet_income_put_btc": "usd-coin"
  }
}