{
  "totalTvlUSD": 102409894.55,
  "coinsByCoingeckoId": {
    "solana": 137036.877759574,
    "msol": 146322.025962925,
    "bitcoin": 371.518676,
    "saber": 11323907.341623,
    "ftx-token": 76697.451325,
    "usd-coin": 14048570.226025,
    "terra-luna": 60181.223411,
    "socean-staked-sol": 8581.183384271,
    "serum": 3976533.073675,
    "mango-markets": 6019474.318135,
    "raydium": 19310.493998,
    "ethereum": 1493.006766
  },
  "pricesByCoingeckoId": {
    "BTC": 43644,
    "SOL": 149.18,
    "ETH": 3335.09,
    "mSOL": 153.04,
    "FTT": 41.26,
    "SRM": 3.19,
    "USDC": 1,
    "MNGO": 0.208654,
    "scnSOL": 152,
    "SBR": 0.084291,
    "LUNA": 80.77,
    "RAY": 5.48
  },
  "sharePricesByGlobalId": {
    "mainnet_income_call_sol": 1.03708,
    "mainnet_income_call_marinade": 1.02581,
    "mainnet_income_call_btc": 1.0644,
    "mainnet_income_call_sbr": 1,
    "mainnet_income_call_ftt": 1.01481,
    "mainnet_income_put_mngo": 1,
    "mainnet_income_call_luna": 1.01873,
    "mainnet_income_call_socean": 1.01266,
    "mainnet_income_call_srm": 1.00834,
    "mainnet_income_call_mngo": 1.01232,
    "mainnet_income_call_ray": 1,
    "mainnet_income_call_eth": 1.01181,
    "mainnet_income_put_sol": 0.99999,
    "mainnet_income_put_btc": 1
  },
  "depositTokenByGlobalId": {
    "mainnet_income_call_sol": 137036.877759574,
    "mainnet_income_call_marinade": 146322.025962925,
    "mainnet_income_call_btc": 371.518676,
    "mainnet_income_call_sbr": 11323907.341623,
    "mainnet_income_call_ftt": 76697.451325,
    "mainnet_income_put_mngo": 429804.43,
    "mainnet_income_call_luna": 60181.223411,
    "mainnet_income_call_socean": 8581.183384271,
    "mainnet_income_call_srm": 3976533.073675,
    "mainnet_income_call_mngo": 6019474.318135,
    "mainnet_income_call_ray": 19310.493998,
    "mainnet_income_call_eth": 1493.006766,
    "mainnet_income_put_sol": 11264378,
    "mainnet_income_put_btc": 2354387.79
  },
  "usdValueByGlobalId": {
    "mainnet_income_call_sol": 20443161.42,
    "mainnet_income_call_marinade": 22393122.85,
    "mainnet_income_call_btc": 16214561.1,
    "mainnet_income_call_sbr": 954503.47,
    "mainnet_income_call_ftt": 3164536.84,
    "mainnet_income_put_mngo": 429804.43,
    "mainnet_income_call_luna": 4860837.41,
    "mainnet_income_call_socean": 1304339.87,
    "mainnet_income_call_srm": 12685140.51,
    "mainnet_income_call_mngo": 1255987.39,
    "mainnet_income_call_ray": 105821.51,
    "mainnet_income_call_eth": 4979311.94,
    "mainnet_income_put_sol": 11264378,
    "mainnet_income_put_btc": 2354387.79
  }
}