{
  "totalTvlUSD": 96515447.81,
  "coinsByCoingeckoId": {
    "solana": 133355.031759574,
    "msol": 145482.524068569,
    "bitcoin": 369.503559,
    "saber": 11000000,
    "ftx-token": 76302.928336,
    "usd-coin": 13184555.701343002,
    "terra-luna": 57200.563706,
    "socean-staked-sol": 7236.363601505,
    "serum": 3974851.538313,
    "mango-markets": 5999999.159277,
    "raydium": 19310.493998,
    "ethereum": 1481.524668
  },
  "pricesByCoingeckoId": {
    "BTC": 42973,
    "SOL": 141.13,
    "ETH": 3259.56,
    "mSOL": 144.92,
    "FTT": 39.97,
    "SRM": 3.05,
    "USDC": 1,
    "MNGO": 0.207028,
    "scnSOL": 143.86,
    "SBR": 0.086933,
    "LUNA": 73.48,
    "RAY": 5.37
  },
  "sharePricesByGlobalId": {
    "mainnet_income_call_sol": 1.03708,
    "mainnet_income_call_marinade": 1.02581,
    "mainnet_income_call_btc": 1.0644,
    "mainnet_income_call_sbr": 1,
    "mainnet_income_call_ftt": 1.01481,
    "mainnet_income_put_mngo": 1.00062,
    "mainnet_income_call_luna": 1.01873,
    "mainnet_income_call_socean": 1.01266,
    "mainnet_income_call_srm": 1.00834,
    "mainnet_income_call_mngo": 1.01232,
    "mainnet_income_call_ray": 1,
    "mainnet_income_call_eth": 1.01181,
    "mainnet_income_put_sol": 1.00376,
    "mainnet_income_put_btc": 1
  },
  "depositTokenByGlobalId": {
    "mainnet_income_call_sol": 133355.031759574,
    "mainnet_income_call_marinade": 145482.524068569,
    "mainnet_income_call_btc": 369.503559,
    "mainnet_income_call_sbr": 11000000,
    "mainnet_income_call_ftt": 76302.928336,
    "mainnet_income_put_mngo": 429859.76,
    "mainnet_income_call_luna": 57200.563706,
    "mainnet_income_call_socean": 7236.363601505,
    "mainnet_income_call_srm": 3974851.538313,
    "mainnet_income_call_mngo": 5999999.159277,
    "mainnet_income_call_ray": 19310.493998,
    "mainnet_income_call_eth": 1481.524668,
    "mainnet_income_put_sol": 10400318.15,
    "mainnet_income_put_btc": 2354377.79
  },
  "usdValueByGlobalId": {
    "mainnet_income_call_sol": 18820395.63,
    "mainnet_income_call_marinade": 21083327.39,
    "mainnet_income_call_btc": 15878676.44,
    "mainnet_income_call_sbr": 956263,
    "mainnet_income_call_ftt": 3049828.05,
    "mainnet_income_put_mngo": 429859.76,
    "mainnet_income_call_luna": 4203097.42,
    "mainnet_income_call_socean": 1041023.27,
    "mainnet_income_call_srm": 12123297.19,
    "mainnet_income_call_mngo": 1242167.83,
    "mainnet_income_call_ray": 103697.35,
    "mainnet_income_call_eth": 4829118.55,
    "mainnet_income_put_sol": 10400318.15,
    "mainnet_income_put_btc": 2354377.79
  }
}