{
  "totalTvlUSD": 112965888.52,
  "coinsByCoingeckoId": {
    "solana": 177981.91157887,
    "msol": 165770.147806274,
    "bitcoin": 429.430354,
    "saber": 19999999.760273,
    "ftx-token": 75145.317536,
    "terra-luna": 86470.120996,
    "terrausd": 175709.402127,
    "usd-coin": 13430830.675959999,
    "socean-staked-sol": 11000,
    "serum": 4214610.282533,
    "mango-markets": 9045687.358508,
    "raydium": 20609.053884,
    "ethereum": 1798.401672
  },
  "pricesByCoingeckoId": {
    "BTC": 41753,
    "SOL": 135.89,
    "ETH": 3120.94,
    "mSOL": 139.62,
    "FTT": 46.13,
    "SRM": 2.92,
    "USDC": 1,
    "MNGO": 0.200714,
    "scnSOL": 139.36,
    "SBR": 0.113245,
    "LUNA": 80.91,
    "UST": 0.999629,
    "RAY": 5
  },
  "sharePricesByGlobalId": {
    "mainnet_income_call_sol": 1.05342,
    "mainnet_income_call_marinade": 1.03017,
    "mainnet_income_call_btc": 1.06976,
    "mainnet_income_call_sbr": 1.04667,
    "mainnet_income_call_ftt": 1.02068,
    "mainnet_income_call_luna": 1.02692,
    "mainnet_income_put_luna": 1,
    "mainnet_income_put_mngo": 1.00201,
    "mainnet_income_call_socean": 1.01629,
    "mainnet_income_call_srm": 1.01304,
    "mainnet_income_call_mngo": 1.01322,
    "mainnet_income_call_ray": 1.00275,
    "mainnet_income_call_eth": 1.01667,
    "mainnet_income_put_sol": 1.00281,
    "mainnet_income_put_btc": 1.00329
  },
  "depositTokenByGlobalId": {
    "mainnet_income_call_sol": 177981.91157887,
    "mainnet_income_call_marinade": 165770.147806274,
    "mainnet_income_call_btc": 429.430354,
    "mainnet_income_call_sbr": 19999999.760273,
    "mainnet_income_call_ftt": 75145.317536,
    "mainnet_income_call_luna": 86470.120996,
    "mainnet_income_put_luna": 175709.402127,
    "mainnet_income_put_mngo": 397710.67,
    "mainnet_income_call_socean": 11000,
    "mainnet_income_call_srm": 4214610.282533,
    "mainnet_income_call_mngo": 9045687.358508,
    "mainnet_income_call_ray": 20609.053884,
    "mainnet_income_call_eth": 1798.401672,
    "mainnet_income_put_sol": 11907255.97,
    "mainnet_income_put_btc": 1125864.04
  },
  "usdValueByGlobalId": {
    "mainnet_income_call_sol": 24185961.96,
    "mainnet_income_call_marinade": 23144828.04,
    "mainnet_income_call_btc": 17930005.57,
    "mainnet_income_call_sbr": 2264899.97,
    "mainnet_income_call_ftt": 3466453.5,
    "mainnet_income_call_luna": 6996297.49,
    "mainnet_income_put_luna": 175644.21,
    "mainnet_income_put_mngo": 397710.67,
    "mainnet_income_call_socean": 1532960,
    "mainnet_income_call_srm": 12306662.02,
    "mainnet_income_call_mngo": 1815596.09,
    "mainnet_income_call_ray": 103045.27,
    "mainnet_income_call_eth": 5612703.71,
    "mainnet_income_put_sol": 11907255.97,
    "mainnet_income_put_btc": 1125864.04
  },
  "globalIdToDepositTokenCoingeckoId": {
    "mainnet_income_call_sol": "solana",
    "mainnet_income_call_marinade": "msol",
    "mainnet_income_call_btc": "bitcoin",
    "mainnet_income_call_sbr": "saber",
    "mainnet_income_call_ftt": "ftx-token",
    "mainnet_income_call_luna": "terra-luna",
    "mainnet_income_put_luna": "terrausd",
    "mainnet_income_put_mngo": "usd-coin",
    "mainnet_income_call_socean": "socean-staked-sol",
    "mainnet_income_call_srm": "serum",
    "mainnet_income_call_mngo": "mango-markets",
    "mainnet_income_call_ray": "raydium",
    "mainnet_income_call_eth": "ethereum",
    "mainnet_income_put_sol": "usd-coin",
    "mainnet_income_put_btc": "usd-coin"
  }
}