{
  "totalTvlUSD": 85909392.23,
  "coinsByCoingeckoId": {
    "solana": 188727.425558812,
    "msol": 162379.755386199,
    "bitcoin": 433.249947,
    "saber": 19991423.74112,
    "ftx-token": 66493.416909,
    "terra-luna": 83132.915737,
    "terrausd": 207897.557509,
    "usd-coin": 14247916.881350998,
    "socean-staked-sol": 10999.999764954,
    "serum": 4235169.905075,
    "mango-markets": 7839468.366552,
    "raydium": 21551.481969,
    "ethereum": 1770.30413
  },
  "pricesByCoingeckoId": {
    "BTC": 35966,
    "SOL": 88.93,
    "ETH": 2373.46,
    "mSOL": 91.07,
    "FTT": 34.47,
    "SRM": 2.09,
    "USDC": 1,
    "MNGO": 0.150689,
    "scnSOL": 90.67,
    "SBR": 0.063761,
    "LUNA": 65.3,
    "UST": 0.997946,
    "RAY": 3.39
  },
  "sharePricesByGlobalId": {
    "mainnet_income_call_sol": 1.05252,
    "mainnet_income_call_marinade": 1.03727,
    "mainnet_income_call_btc": 1.0696,
    "mainnet_income_call_sbr": 1.05044,
    "mainnet_income_call_ftt": 1.02696,
    "mainnet_income_call_luna": 1.0374,
    "mainnet_income_put_luna": 1,
    "mainnet_income_put_mngo": 1.00322,
    "mainnet_income_call_socean": 1.02395,
    "mainnet_income_call_srm": 1.02041,
    "mainnet_income_call_mngo": 1.01533,
    "mainnet_income_call_ray": 1.01764,
    "mainnet_income_call_eth": 1.0165,
    "mainnet_income_put_sol": 1.01183,
    "mainnet_income_put_btc": 1.00606
  },
  "depositTokenByGlobalId": {
    "mainnet_income_call_sol": 188727.425558812,
    "mainnet_income_call_marinade": 162379.755386199,
    "mainnet_income_call_btc": 433.249947,
    "mainnet_income_call_sbr": 19991423.74112,
    "mainnet_income_call_ftt": 66493.416909,
    "mainnet_income_call_luna": 83132.915737,
    "mainnet_income_put_luna": 207897.557509,
    "mainnet_income_put_mngo": 248683.41,
    "mainnet_income_call_socean": 10999.999764954,
    "mainnet_income_call_srm": 4235169.905075,
    "mainnet_income_call_mngo": 7839468.366552,
    "mainnet_income_call_ray": 21551.481969,
    "mainnet_income_call_eth": 1770.30413,
    "mainnet_income_put_sol": 12861022.64,
    "mainnet_income_put_btc": 1138210.83
  },
  "usdValueByGlobalId": {
    "mainnet_income_call_sol": 16783529.95,
    "mainnet_income_call_marinade": 14787924.32,
    "mainnet_income_call_btc": 15582267.59,
    "mainnet_income_call_sbr": 1274673.17,
    "mainnet_income_call_ftt": 2292028.08,
    "mainnet_income_call_luna": 5428579.4,
    "mainnet_income_put_luna": 207470.54,
    "mainnet_income_put_mngo": 248683.41,
    "mainnet_income_call_socean": 997369.98,
    "mainnet_income_call_srm": 8851505.1,
    "mainnet_income_call_mngo": 1181321.65,
    "mainnet_income_call_ray": 73059.52,
    "mainnet_income_call_eth": 4201746.04,
    "mainnet_income_put_sol": 12861022.64,
    "mainnet_income_put_btc": 1138210.83
  },
  "globalIdToDepositTokenCoingeckoId": {
    "mainnet_income_call_sol": "solana",
    "mainnet_income_call_marinade": "msol",
    "mainnet_income_call_btc": "bitcoin",
    "mainnet_income_call_sbr": "saber",
    "mainnet_income_call_ftt": "ftx-token",
    "mainnet_income_call_luna": "terra-luna",
    "mainnet_income_put_luna": "terrausd",
    "mainnet_income_put_mngo": "usd-coin",
    "mainnet_income_call_socean": "socean-staked-sol",
    "mainnet_income_call_srm": "serum",
    "mainnet_income_call_mngo": "mango-markets",
    "mainnet_income_call_ray": "raydium",
    "mainnet_income_call_eth": "ethereum",
    "mainnet_income_put_sol": "usd-coin",
    "mainnet_income_put_btc": "usd-coin"
  }
}