{
  "totalTvlUSD": 118694908.43,
  "coinsByCoingeckoId": {
    "solana": 180404.80477887,
    "msol": 166503.67944752,
    "bitcoin": 433.37593,
    "saber": 19999999.760273,
    "ftx-token": 75331.828785,
    "terra-luna": 87472.135479,
    "terrausd": 191617.729974,
    "usd-coin": 14278896.284946999,
    "socean-staked-sol": 11000,
    "serum": 4217107.655981,
    "mango-markets": 9180273.343669,
    "raydium": 20939.763852,
    "ethereum": 1813.625416
  },
  "pricesByCoingeckoId": {
    "BTC": 43214,
    "SOL": 142.35,
    "ETH": 3243.42,
    "mSOL": 146.21,
    "FTT": 49.31,
    "SRM": 3.01,
    "USDC": 1,
    "MNGO": 0.207076,
    "scnSOL": 146.06,
    "SBR": 0.110703,
    "LUNA": 84.03,
    "UST": 1,
    "RAY": 5.2
  },
  "sharePricesByGlobalId": {
    "mainnet_income_call_sol": 1.05342,
    "mainnet_income_call_marinade": 1.03017,
    "mainnet_income_call_btc": 1.06976,
    "mainnet_income_call_sbr": 1.04667,
    "mainnet_income_call_ftt": 1.02068,
    "mainnet_income_call_luna": 1.02692,
    "mainnet_income_put_luna": 1,
    "mainnet_income_put_mngo": 1.00201,
    "mainnet_income_call_socean": 1.01629,
    "mainnet_income_call_srm": 1.01304,
    "mainnet_income_call_mngo": 1.01322,
    "mainnet_income_call_ray": 1.00275,
    "mainnet_income_call_eth": 1.01667,
    "mainnet_income_put_sol": 1.00281,
    "mainnet_income_put_btc": 1.00329
  },
  "depositTokenByGlobalId": {
    "mainnet_income_call_sol": 180404.80477887,
    "mainnet_income_call_marinade": 166503.67944752,
    "mainnet_income_call_btc": 433.37593,
    "mainnet_income_call_sbr": 19999999.760273,
    "mainnet_income_call_ftt": 75331.828785,
    "mainnet_income_call_luna": 87472.135479,
    "mainnet_income_put_luna": 191617.729974,
    "mainnet_income_put_mngo": 410509.79,
    "mainnet_income_call_socean": 11000,
    "mainnet_income_call_srm": 4217107.655981,
    "mainnet_income_call_mngo": 9180273.343669,
    "mainnet_income_call_ray": 20939.763852,
    "mainnet_income_call_eth": 1813.625416,
    "mainnet_income_put_sol": 12742522.45,
    "mainnet_income_put_btc": 1125864.04
  },
  "usdValueByGlobalId": {
    "mainnet_income_call_sol": 25680623.96,
    "mainnet_income_call_marinade": 24344502.97,
    "mainnet_income_call_btc": 18727907.44,
    "mainnet_income_call_sbr": 2214059.97,
    "mainnet_income_call_ftt": 3714612.48,
    "mainnet_income_call_luna": 7350283.54,
    "mainnet_income_put_luna": 191617.73,
    "mainnet_income_put_mngo": 410509.79,
    "mainnet_income_call_socean": 1606660,
    "mainnet_income_call_srm": 12693494.04,
    "mainnet_income_call_mngo": 1901014.28,
    "mainnet_income_call_ray": 108886.77,
    "mainnet_income_call_eth": 5882348.95,
    "mainnet_income_put_sol": 12742522.45,
    "mainnet_income_put_btc": 1125864.04
  },
  "globalIdToDepositTokenCoingeckoId": {
    "mainnet_income_call_sol": "solana",
    "mainnet_income_call_marinade": "msol",
    "mainnet_income_call_btc": "bitcoin",
    "mainnet_income_call_sbr": "saber",
    "mainnet_income_call_ftt": "ftx-token",
    "mainnet_income_call_luna": "terra-luna",
    "mainnet_income_put_luna": "terrausd",
    "mainnet_income_put_mngo": "usd-coin",
    "mainnet_income_call_socean": "socean-staked-sol",
    "mainnet_income_call_srm": "serum",
    "mainnet_income_call_mngo": "mango-markets",
    "mainnet_income_call_ray": "raydium",
    "mainnet_income_call_eth": "ethereum",
    "mainnet_income_put_sol": "usd-coin",
    "mainnet_income_put_btc": "usd-coin"
  }
}