{
  "totalTvlUSD": 96467420.64,
  "coinsByCoingeckoId": {
    "solana": 133165.053759574,
    "msol": 145459.601423737,
    "bitcoin": 369.503559,
    "saber": 11000000,
    "ftx-token": 76292.883058,
    "usd-coin": 13172953.636552,
    "terra-luna": 56802.100312,
    "socean-staked-sol": 7119.956940297,
    "serum": 3974849.079693,
    "mango-markets": 5999999.159277,
    "raydium": 19310.493998,
    "ethereum": 1480.273128
  },
  "pricesByCoingeckoId": {
    "BTC": 42849,
    "SOL": 142.07,
    "ETH": 3240.56,
    "mSOL": 145.55,
    "FTT": 39.72,
    "SRM": 3.05,
    "USDC": 1,
    "MNGO": 0.204537,
    "scnSOL": 145.03,
    "SBR": 0.080386,
    "LUNA": 73.46,
    "RAY": 5.38
  },
  "sharePricesByGlobalId": {
    "mainnet_income_call_sol": 1.03708,
    "mainnet_income_call_marinade": 1.02581,
    "mainnet_income_call_btc": 1.0644,
    "mainnet_income_call_sbr": 1,
    "mainnet_income_call_ftt": 1.01481,
    "mainnet_income_put_mngo": 1.00062,
    "mainnet_income_call_luna": 1.01873,
    "mainnet_income_call_socean": 1.01266,
    "mainnet_income_call_srm": 1.00834,
    "mainnet_income_call_mngo": 1.01232,
    "mainnet_income_call_ray": 1,
    "mainnet_income_call_eth": 1.01181,
    "mainnet_income_put_sol": 1.00376,
    "mainnet_income_put_btc": 1
  },
  "depositTokenByGlobalId": {
    "mainnet_income_call_sol": 133165.053759574,
    "mainnet_income_call_marinade": 145459.601423737,
    "mainnet_income_call_btc": 369.503559,
    "mainnet_income_call_sbr": 11000000,
    "mainnet_income_call_ftt": 76292.883058,
    "mainnet_income_put_mngo": 429859.76,
    "mainnet_income_call_luna": 56802.100312,
    "mainnet_income_call_socean": 7119.956940297,
    "mainnet_income_call_srm": 3974849.079693,
    "mainnet_income_call_mngo": 5999999.159277,
    "mainnet_income_call_ray": 19310.493998,
    "mainnet_income_call_eth": 1480.273128,
    "mainnet_income_put_sol": 10388716.09,
    "mainnet_income_put_btc": 2354377.79
  },
  "usdValueByGlobalId": {
    "mainnet_income_call_sol": 18918759.19,
    "mainnet_income_call_marinade": 21171644.99,
    "mainnet_income_call_btc": 15832858,
    "mainnet_income_call_sbr": 884246,
    "mainnet_income_call_ftt": 3030353.32,
    "mainnet_income_put_mngo": 429859.76,
    "mainnet_income_call_luna": 4172682.29,
    "mainnet_income_call_socean": 1032607.36,
    "mainnet_income_call_srm": 12123289.69,
    "mainnet_income_call_mngo": 1227221.83,
    "mainnet_income_call_ray": 103890.46,
    "mainnet_income_call_eth": 4796913.89,
    "mainnet_income_put_sol": 10388716.09,
    "mainnet_income_put_btc": 2354377.79
  }
}