{
  "totalTvlUSD": 86919544.23,
  "coinsByCoingeckoId": {
    "solana": 189004.939008812,
    "msol": 162976.208549841,
    "bitcoin": 435.584237,
    "saber": 19997858.541811,
    "ftx-token": 66598.533885,
    "terra-luna": 81824.930964,
    "terrausd": 207899.657499,
    "usd-coin": 14276476.781834,
    "socean-staked-sol": 10999.999764954,
    "serum": 4235493.955661,
    "mango-markets": 7840231.792677,
    "raydium": 21625.256316,
    "ethereum": 1772.494941
  },
  "pricesByCoingeckoId": {
    "BTC": 36496,
    "SOL": 89.99,
    "ETH": 2420.43,
    "mSOL": 92.5,
    "FTT": 35.51,
    "SRM": 2.11,
    "USDC": 1,
    "MNGO": 0.150485,
    "scnSOL": 91.55,
    "SBR": 0.065631,
    "LUNA": 64.65,
    "UST": 1,
    "RAY": 3.37
  },
  "sharePricesByGlobalId": {
    "mainnet_income_call_sol": 1.05252,
    "mainnet_income_call_marinade": 1.03727,
    "mainnet_income_call_btc": 1.0696,
    "mainnet_income_call_sbr": 1.05044,
    "mainnet_income_call_ftt": 1.02696,
    "mainnet_income_call_luna": 1.0374,
    "mainnet_income_put_luna": 1,
    "mainnet_income_put_mngo": 1.00322,
    "mainnet_income_call_socean": 1.02395,
    "mainnet_income_call_srm": 1.02041,
    "mainnet_income_call_mngo": 1.01533,
    "mainnet_income_call_ray": 1.01764,
    "mainnet_income_call_eth": 1.0165,
    "mainnet_income_put_sol": 1.01183,
    "mainnet_income_put_btc": 1.00606
  },
  "depositTokenByGlobalId": {
    "mainnet_income_call_sol": 189004.939008812,
    "mainnet_income_call_marinade": 162976.208549841,
    "mainnet_income_call_btc": 435.584237,
    "mainnet_income_call_sbr": 19997858.541811,
    "mainnet_income_call_ftt": 66598.533885,
    "mainnet_income_call_luna": 81824.930964,
    "mainnet_income_put_luna": 207899.657499,
    "mainnet_income_put_mngo": 248683.41,
    "mainnet_income_call_socean": 10999.999764954,
    "mainnet_income_call_srm": 4235493.955661,
    "mainnet_income_call_mngo": 7840231.792677,
    "mainnet_income_call_ray": 21625.256316,
    "mainnet_income_call_eth": 1772.494941,
    "mainnet_income_put_sol": 12889582.44,
    "mainnet_income_put_btc": 1138210.93
  },
  "usdValueByGlobalId": {
    "mainnet_income_call_sol": 17008554.46,
    "mainnet_income_call_marinade": 15075299.29,
    "mainnet_income_call_btc": 15897082.31,
    "mainnet_income_call_sbr": 1312479.45,
    "mainnet_income_call_ftt": 2364913.94,
    "mainnet_income_call_luna": 5289981.79,
    "mainnet_income_put_luna": 207899.66,
    "mainnet_income_put_mngo": 248683.41,
    "mainnet_income_call_socean": 1007049.98,
    "mainnet_income_call_srm": 8936892.25,
    "mainnet_income_call_mngo": 1179837.28,
    "mainnet_income_call_ray": 72877.11,
    "mainnet_income_call_eth": 4290199.93,
    "mainnet_income_put_sol": 12889582.44,
    "mainnet_income_put_btc": 1138210.93
  },
  "globalIdToDepositTokenCoingeckoId": {
    "mainnet_income_call_sol": "solana",
    "mainnet_income_call_marinade": "msol",
    "mainnet_income_call_btc": "bitcoin",
    "mainnet_income_call_sbr": "saber",
    "mainnet_income_call_ftt": "ftx-token",
    "mainnet_income_call_luna": "terra-luna",
    "mainnet_income_put_luna": "terrausd",
    "mainnet_income_put_mngo": "usd-coin",
    "mainnet_income_call_socean": "socean-staked-sol",
    "mainnet_income_call_srm": "serum",
    "mainnet_income_call_mngo": "mango-markets",
    "mainnet_income_call_ray": "raydium",
    "mainnet_income_call_eth": "ethereum",
    "mainnet_income_put_sol": "usd-coin",
    "mainnet_income_put_btc": "usd-coin"
  }
}