{
  "totalTvlUSD": 91886369.36,
  "coinsByCoingeckoId": {
    "solana": 186222.417158812,
    "msol": 161863.199953721,
    "bitcoin": 429.992838,
    "saber": 18650598.393542,
    "ftx-token": 65632.990991,
    "terra-luna": 77988.726388,
    "terrausd": 207706.774465,
    "usd-coin": 14028778.496938,
    "socean-staked-sol": 10999.999764954,
    "serum": 4227381.42179,
    "mango-markets": 7786580.206409,
    "raydium": 20953.675782,
    "ethereum": 1756.996192
  },
  "pricesByCoingeckoId": {
    "BTC": 35967,
    "SOL": 103.47,
    "ETH": 2536.25,
    "mSOL": 105.74,
    "FTT": 36.17,
    "SRM": 2.29,
    "USDC": 1,
    "MNGO": 0.162311,
    "scnSOL": 104.42,
    "SBR": 0.074577,
    "LUNA": 69.31,
    "UST": 1,
    "RAY": 3.86
  },
  "sharePricesByGlobalId": {
    "mainnet_income_call_sol": 1.05252,
    "mainnet_income_call_marinade": 1.03727,
    "mainnet_income_call_btc": 1.0696,
    "mainnet_income_call_sbr": 1.05044,
    "mainnet_income_call_ftt": 1.02696,
    "mainnet_income_call_luna": 1.0374,
    "mainnet_income_put_luna": 1,
    "mainnet_income_put_mngo": 1.00322,
    "mainnet_income_call_socean": 1.02395,
    "mainnet_income_call_srm": 1.02041,
    "mainnet_income_call_mngo": 1.01533,
    "mainnet_income_call_ray": 1.01764,
    "mainnet_income_call_eth": 1.0165,
    "mainnet_income_put_sol": 1.01183,
    "mainnet_income_put_btc": 1.00606
  },
  "depositTokenByGlobalId": {
    "mainnet_income_call_sol": 186222.417158812,
    "mainnet_income_call_marinade": 161863.199953721,
    "mainnet_income_call_btc": 429.992838,
    "mainnet_income_call_sbr": 18650598.393542,
    "mainnet_income_call_ftt": 65632.990991,
    "mainnet_income_call_luna": 77988.726388,
    "mainnet_income_put_luna": 207706.774465,
    "mainnet_income_put_mngo": 248683.41,
    "mainnet_income_call_socean": 10999.999764954,
    "mainnet_income_call_srm": 4227381.42179,
    "mainnet_income_call_mngo": 7786580.206409,
    "mainnet_income_call_ray": 20953.675782,
    "mainnet_income_call_eth": 1756.996192,
    "mainnet_income_put_sol": 12641904.25,
    "mainnet_income_put_btc": 1138190.84
  },
  "usdValueByGlobalId": {
    "mainnet_income_call_sol": 19268433.5,
    "mainnet_income_call_marinade": 17115414.76,
    "mainnet_income_call_btc": 15465552.4,
    "mainnet_income_call_sbr": 1390905.68,
    "mainnet_income_call_ftt": 2373945.28,
    "mainnet_income_call_luna": 5405398.63,
    "mainnet_income_put_luna": 207706.77,
    "mainnet_income_put_mngo": 248683.41,
    "mainnet_income_call_socean": 1148619.98,
    "mainnet_income_call_srm": 9680703.46,
    "mainnet_income_call_mngo": 1263847.62,
    "mainnet_income_call_ray": 80881.19,
    "mainnet_income_call_eth": 4456181.59,
    "mainnet_income_put_sol": 12641904.25,
    "mainnet_income_put_btc": 1138190.84
  },
  "globalIdToDepositTokenCoingeckoId": {
    "mainnet_income_call_sol": "solana",
    "mainnet_income_call_marinade": "msol",
    "mainnet_income_call_btc": "bitcoin",
    "mainnet_income_call_sbr": "saber",
    "mainnet_income_call_ftt": "ftx-token",
    "mainnet_income_call_luna": "terra-luna",
    "mainnet_income_put_luna": "terrausd",
    "mainnet_income_put_mngo": "usd-coin",
    "mainnet_income_call_socean": "socean-staked-sol",
    "mainnet_income_call_srm": "serum",
    "mainnet_income_call_mngo": "mango-markets",
    "mainnet_income_call_ray": "raydium",
    "mainnet_income_call_eth": "ethereum",
    "mainnet_income_put_sol": "usd-coin",
    "mainnet_income_put_btc": "usd-coin"
  }
}