{
  "totalTvlUSD": 91840633.16,
  "coinsByCoingeckoId": {
    "solana": 128951.277350644,
    "msol": 136738.762043323,
    "bitcoin": 355.195506,
    "saber": 11000000,
    "ftx-token": 72697.904788,
    "usd-coin": 12778342.187611,
    "terra-luna": 39999.999397,
    "socean-staked-sol": 5499.990099232,
    "serum": 3966379.6449,
    "mango-markets": 5999999.159277,
    "raydium": 18918.099566,
    "ethereum": 1467.167941
  },
  "pricesByCoingeckoId": {
    "BTC": 42112,
    "SOL": 143.65,
    "ETH": 3177.79,
    "mSOL": 147.37,
    "FTT": 37.02,
    "SRM": 3.06,
    "USDC": 1,
    "MNGO": 0.19166,
    "scnSOL": 147.57,
    "SBR": 0.086903,
    "LUNA": 72.98,
    "RAY": 5.38
  },
  "sharePricesByGlobalId": {
    "mainnet_income_call_sol": 1.03708,
    "mainnet_income_call_marinade": 1.02581,
    "mainnet_income_call_btc": 1.0644,
    "mainnet_income_call_sbr": 1,
    "mainnet_income_call_ftt": 1.01481,
    "mainnet_income_put_mngo": 1,
    "mainnet_income_call_luna": 1.01873,
    "mainnet_income_call_socean": 1.01266,
    "mainnet_income_call_srm": 1.00834,
    "mainnet_income_call_mngo": 1.01232,
    "mainnet_income_call_ray": 1,
    "mainnet_income_call_eth": 1.01181,
    "mainnet_income_put_sol": 1,
    "mainnet_income_put_btc": 1
  },
  "depositTokenByGlobalId": {
    "mainnet_income_call_sol": 128951.277350644,
    "mainnet_income_call_marinade": 136738.762043323,
    "mainnet_income_call_btc": 355.195506,
    "mainnet_income_call_sbr": 11000000,
    "mainnet_income_call_ftt": 72697.904788,
    "mainnet_income_put_mngo": 426033.57,
    "mainnet_income_call_luna": 39999.999397,
    "mainnet_income_call_socean": 5499.990099232,
    "mainnet_income_call_srm": 3966379.6449,
    "mainnet_income_call_mngo": 5999999.159277,
    "mainnet_income_call_ray": 18918.099566,
    "mainnet_income_call_eth": 1467.167941,
    "mainnet_income_put_sol": 9999999.97,
    "mainnet_income_put_btc": 2352308.65
  },
  "usdValueByGlobalId": {
    "mainnet_income_call_sol": 18523850.99,
    "mainnet_income_call_marinade": 20151191.36,
    "mainnet_income_call_btc": 14957993.15,
    "mainnet_income_call_sbr": 955933,
    "mainnet_income_call_ftt": 2691276.44,
    "mainnet_income_put_mngo": 426033.57,
    "mainnet_income_call_luna": 2919199.96,
    "mainnet_income_call_socean": 811633.54,
    "mainnet_income_call_srm": 12137121.71,
    "mainnet_income_call_mngo": 1149959.84,
    "mainnet_income_call_ray": 101779.38,
    "mainnet_income_call_eth": 4662351.61,
    "mainnet_income_put_sol": 9999999.97,
    "mainnet_income_put_btc": 2352308.65
  }
}