{
  "totalTvlUSD": 86512931.04,
  "coinsByCoingeckoId": {
    "solana": 188082.014158812,
    "msol": 162310.098879224,
    "bitcoin": 432.197839,
    "saber": 18800367.172324,
    "ftx-token": 66452.899915,
    "terra-luna": 82760.055935,
    "terrausd": 207818.654299,
    "usd-coin": 14062851.470973,
    "socean-staked-sol": 10999.999764954,
    "serum": 4235069.805075,
    "mango-markets": 7820363.780532,
    "raydium": 21180.224006,
    "ethereum": 1762.055973
  },
  "pricesByCoingeckoId": {
    "BTC": 35231,
    "SOL": 90.48,
    "ETH": 2443.36,
    "mSOL": 93.84,
    "FTT": 34.76,
    "SRM": 2.14,
    "USDC": 1,
    "MNGO": 0.155571,
    "scnSOL": 93.52,
    "SBR": 0.070691,
    "LUNA": 65.72,
    "UST": 0.998163,
    "RAY": 3.56
  },
  "sharePricesByGlobalId": {
    "mainnet_income_call_sol": 1.05252,
    "mainnet_income_call_marinade": 1.03727,
    "mainnet_income_call_btc": 1.0696,
    "mainnet_income_call_sbr": 1.05044,
    "mainnet_income_call_ftt": 1.02696,
    "mainnet_income_call_luna": 1.0374,
    "mainnet_income_put_luna": 1,
    "mainnet_income_put_mngo": 1.00322,
    "mainnet_income_call_socean": 1.02395,
    "mainnet_income_call_srm": 1.02041,
    "mainnet_income_call_mngo": 1.01533,
    "mainnet_income_call_ray": 1.01764,
    "mainnet_income_call_eth": 1.0165,
    "mainnet_income_put_sol": 1.01183,
    "mainnet_income_put_btc": 1.00606
  },
  "depositTokenByGlobalId": {
    "mainnet_income_call_sol": 188082.014158812,
    "mainnet_income_call_marinade": 162310.098879224,
    "mainnet_income_call_btc": 432.197839,
    "mainnet_income_call_sbr": 18800367.172324,
    "mainnet_income_call_ftt": 66452.899915,
    "mainnet_income_call_luna": 82760.055935,
    "mainnet_income_put_luna": 207818.654299,
    "mainnet_income_put_mngo": 248683.41,
    "mainnet_income_call_socean": 10999.999764954,
    "mainnet_income_call_srm": 4235069.805075,
    "mainnet_income_call_mngo": 7820363.780532,
    "mainnet_income_call_ray": 21180.224006,
    "mainnet_income_call_eth": 1762.055973,
    "mainnet_income_put_sol": 12675957.23,
    "mainnet_income_put_btc": 1138210.83
  },
  "usdValueByGlobalId": {
    "mainnet_income_call_sol": 17017660.64,
    "mainnet_income_call_marinade": 15231179.68,
    "mainnet_income_call_btc": 15226762.07,
    "mainnet_income_call_sbr": 1329016.76,
    "mainnet_income_call_ftt": 2309902.8,
    "mainnet_income_call_luna": 5438990.88,
    "mainnet_income_put_luna": 207436.89,
    "mainnet_income_put_mngo": 248683.41,
    "mainnet_income_call_socean": 1028719.98,
    "mainnet_income_call_srm": 9063049.38,
    "mainnet_income_call_mngo": 1216621.81,
    "mainnet_income_call_ray": 75401.6,
    "mainnet_income_call_eth": 4305337.08,
    "mainnet_income_put_sol": 12675957.23,
    "mainnet_income_put_btc": 1138210.83
  },
  "globalIdToDepositTokenCoingeckoId": {
    "mainnet_income_call_sol": "solana",
    "mainnet_income_call_marinade": "msol",
    "mainnet_income_call_btc": "bitcoin",
    "mainnet_income_call_sbr": "saber",
    "mainnet_income_call_ftt": "ftx-token",
    "mainnet_income_call_luna": "terra-luna",
    "mainnet_income_put_luna": "terrausd",
    "mainnet_income_put_mngo": "usd-coin",
    "mainnet_income_call_socean": "socean-staked-sol",
    "mainnet_income_call_srm": "serum",
    "mainnet_income_call_mngo": "mango-markets",
    "mainnet_income_call_ray": "raydium",
    "mainnet_income_call_eth": "ethereum",
    "mainnet_income_put_sol": "usd-coin",
    "mainnet_income_put_btc": "usd-coin"
  }
}