{
  "totalTvlUSD": 90935309.95,
  "coinsByCoingeckoId": {
    "solana": 128547.339350644,
    "msol": 136285.779588571,
    "bitcoin": 355.172859,
    "saber": 11000000,
    "ftx-token": 72608.061089,
    "usd-coin": 12776908.253459001,
    "terra-luna": 39999.999397,
    "socean-staked-sol": 5499.990099232,
    "serum": 3966288.775828,
    "mango-markets": 5999999.159277,
    "raydium": 18918.099566,
    "ethereum": 1433.050421
  },
  "pricesByCoingeckoId": {
    "BTC": 42041,
    "SOL": 142.23,
    "ETH": 3149.35,
    "mSOL": 145.73,
    "FTT": 36.43,
    "SRM": 3.05,
    "USDC": 1,
    "MNGO": 0.191031,
    "scnSOL": 144.11,
    "SBR": 0.091553,
    "LUNA": 69.5,
    "RAY": 5.34
  },
  "sharePricesByGlobalId": {
    "mainnet_income_call_sol": 1.03708,
    "mainnet_income_call_marinade": 1.02581,
    "mainnet_income_call_btc": 1.0644,
    "mainnet_income_call_sbr": 1,
    "mainnet_income_call_ftt": 1.01481,
    "mainnet_income_put_mngo": 1,
    "mainnet_income_call_luna": 1.01873,
    "mainnet_income_call_socean": 1.01266,
    "mainnet_income_call_srm": 1.00834,
    "mainnet_income_call_mngo": 1.01232,
    "mainnet_income_call_ray": 1,
    "mainnet_income_call_eth": 1.01181,
    "mainnet_income_put_sol": 1,
    "mainnet_income_put_btc": 1
  },
  "depositTokenByGlobalId": {
    "mainnet_income_call_sol": 128547.339350644,
    "mainnet_income_call_marinade": 136285.779588571,
    "mainnet_income_call_btc": 355.172859,
    "mainnet_income_call_sbr": 11000000,
    "mainnet_income_call_ftt": 72608.061089,
    "mainnet_income_put_mngo": 424829.63,
    "mainnet_income_call_luna": 39999.999397,
    "mainnet_income_call_socean": 5499.990099232,
    "mainnet_income_call_srm": 3966288.775828,
    "mainnet_income_call_mngo": 5999999.159277,
    "mainnet_income_call_ray": 18918.099566,
    "mainnet_income_call_eth": 1433.050421,
    "mainnet_income_put_sol": 9999999.97,
    "mainnet_income_put_btc": 2352078.65
  },
  "usdValueByGlobalId": {
    "mainnet_income_call_sol": 18283288.08,
    "mainnet_income_call_marinade": 19860926.66,
    "mainnet_income_call_btc": 14931822.17,
    "mainnet_income_call_sbr": 1007083,
    "mainnet_income_call_ftt": 2645111.67,
    "mainnet_income_put_mngo": 424829.63,
    "mainnet_income_call_luna": 2779999.96,
    "mainnet_income_call_socean": 792603.57,
    "mainnet_income_call_srm": 12097180.77,
    "mainnet_income_call_mngo": 1146185.84,
    "mainnet_income_call_ray": 101022.65,
    "mainnet_income_call_eth": 4513177.34,
    "mainnet_income_put_sol": 9999999.97,
    "mainnet_income_put_btc": 2352078.65
  }
}