{
  "totalTvlUSD": 107512319.12,
  "coinsByCoingeckoId": {
    "solana": 144329.753759574,
    "msol": 149494.582595413,
    "bitcoin": 411.513962,
    "saber": 19999999.829711,
    "ftx-token": 78264.950144,
    "usd-coin": 15224270.816776,
    "terra-luna": 65402.393007,
    "socean-staked-sol": 10254.628282977,
    "serum": 4008006.141656,
    "mango-markets": 8009427.70638,
    "raydium": 19330.593058,
    "ethereum": 1607.443738
  },
  "pricesByCoingeckoId": {
    "BTC": 42716,
    "SOL": 147.04,
    "ETH": 3262.58,
    "mSOL": 150.95,
    "FTT": 41.05,
    "SRM": 3.12,
    "USDC": 1,
    "MNGO": 0.198715,
    "scnSOL": 150.66,
    "SBR": 0.078066,
    "LUNA": 78.87,
    "RAY": 5.33
  },
  "sharePricesByGlobalId": {
    "mainnet_income_call_sol": 1.03708,
    "mainnet_income_call_marinade": 1.02581,
    "mainnet_income_call_btc": 1.0644,
    "mainnet_income_call_sbr": 1,
    "mainnet_income_call_ftt": 1.01481,
    "mainnet_income_put_mngo": 1,
    "mainnet_income_call_luna": 1.01873,
    "mainnet_income_call_socean": 1.01266,
    "mainnet_income_call_srm": 1.00834,
    "mainnet_income_call_mngo": 1.01232,
    "mainnet_income_call_ray": 1,
    "mainnet_income_call_eth": 1.01181,
    "mainnet_income_put_sol": 0.99999,
    "mainnet_income_put_btc": 1
  },
  "depositTokenByGlobalId": {
    "mainnet_income_call_sol": 144329.753759574,
    "mainnet_income_call_marinade": 149494.582595413,
    "mainnet_income_call_btc": 411.513962,
    "mainnet_income_call_sbr": 19999999.829711,
    "mainnet_income_call_ftt": 78264.950144,
    "mainnet_income_put_mngo": 454804.43,
    "mainnet_income_call_luna": 65402.393007,
    "mainnet_income_call_socean": 10254.628282977,
    "mainnet_income_call_srm": 4008006.141656,
    "mainnet_income_call_mngo": 8009427.70638,
    "mainnet_income_call_ray": 19330.593058,
    "mainnet_income_call_eth": 1607.443738,
    "mainnet_income_put_sol": 12413546.6,
    "mainnet_income_put_btc": 2355919.79
  },
  "usdValueByGlobalId": {
    "mainnet_income_call_sol": 21222246.99,
    "mainnet_income_call_marinade": 22566207.24,
    "mainnet_income_call_btc": 17578230.4,
    "mainnet_income_call_sbr": 1561319.99,
    "mainnet_income_call_ftt": 3212776.2,
    "mainnet_income_put_mngo": 454804.43,
    "mainnet_income_call_luna": 5158286.74,
    "mainnet_income_call_socean": 1544962.3,
    "mainnet_income_call_srm": 12504979.16,
    "mainnet_income_call_mngo": 1591593.43,
    "mainnet_income_call_ray": 103032.06,
    "mainnet_income_call_eth": 5244413.79,
    "mainnet_income_put_sol": 12413546.6,
    "mainnet_income_put_btc": 2355919.79
  },
  "globalIdToDepositTokenCoingeckoId": {
    "mainnet_income_call_sol": "solana",
    "mainnet_income_call_marinade": "msol",
    "mainnet_income_call_btc": "bitcoin",
    "mainnet_income_call_sbr": "saber",
    "mainnet_income_call_ftt": "ftx-token",
    "mainnet_income_put_mngo": "usd-coin",
    "mainnet_income_call_luna": "terra-luna",
    "mainnet_income_call_socean": "socean-staked-sol",
    "mainnet_income_call_srm": "serum",
    "mainnet_income_call_mngo": "mango-markets",
    "mainnet_income_call_ray": "raydium",
    "mainnet_income_call_eth": "ethereum",
    "mainnet_income_put_sol": "usd-coin",
    "mainnet_income_put_btc": "usd-coin"
  }
}