{
  "totalTvlUSD": 92177565.39,
  "coinsByCoingeckoId": {
    "solana": 128945.777350644,
    "msol": 136543.943735555,
    "bitcoin": 355.195506,
    "saber": 11000000,
    "ftx-token": 72697.904788,
    "usd-coin": 12777342.187611,
    "terra-luna": 39999.999397,
    "socean-staked-sol": 5499.990099232,
    "serum": 3966379.6449,
    "mango-markets": 5999999.159277,
    "raydium": 18918.099566,
    "ethereum": 1467.167941
  },
  "pricesByCoingeckoId": {
    "BTC": 42240,
    "SOL": 144.73,
    "ETH": 3182.83,
    "mSOL": 148.27,
    "FTT": 37.12,
    "SRM": 3.07,
    "USDC": 1,
    "MNGO": 0.191714,
    "scnSOL": 146.95,
    "SBR": 0.08694,
    "LUNA": 73.17,
    "RAY": 5.41
  },
  "sharePricesByGlobalId": {
    "mainnet_income_call_sol": 1.03708,
    "mainnet_income_call_marinade": 1.02581,
    "mainnet_income_call_btc": 1.0644,
    "mainnet_income_call_sbr": 1,
    "mainnet_income_call_ftt": 1.01481,
    "mainnet_income_put_mngo": 1,
    "mainnet_income_call_luna": 1.01873,
    "mainnet_income_call_socean": 1.01266,
    "mainnet_income_call_srm": 1.00834,
    "mainnet_income_call_mngo": 1.01232,
    "mainnet_income_call_ray": 1,
    "mainnet_income_call_eth": 1.01181,
    "mainnet_income_put_sol": 1,
    "mainnet_income_put_btc": 1
  },
  "depositTokenByGlobalId": {
    "mainnet_income_call_sol": 128945.777350644,
    "mainnet_income_call_marinade": 136543.943735555,
    "mainnet_income_call_btc": 355.195506,
    "mainnet_income_call_sbr": 11000000,
    "mainnet_income_call_ftt": 72697.904788,
    "mainnet_income_put_mngo": 425033.57,
    "mainnet_income_call_luna": 39999.999397,
    "mainnet_income_call_socean": 5499.990099232,
    "mainnet_income_call_srm": 3966379.6449,
    "mainnet_income_call_mngo": 5999999.159277,
    "mainnet_income_call_ray": 18918.099566,
    "mainnet_income_call_eth": 1467.167941,
    "mainnet_income_put_sol": 9999999.97,
    "mainnet_income_put_btc": 2352308.65
  },
  "usdValueByGlobalId": {
    "mainnet_income_call_sol": 18662322.36,
    "mainnet_income_call_marinade": 20245370.54,
    "mainnet_income_call_btc": 15003458.17,
    "mainnet_income_call_sbr": 956340,
    "mainnet_income_call_ftt": 2698546.23,
    "mainnet_income_put_mngo": 425033.57,
    "mainnet_income_call_luna": 2926799.96,
    "mainnet_income_call_socean": 808223.55,
    "mainnet_income_call_srm": 12176785.51,
    "mainnet_income_call_mngo": 1150283.84,
    "mainnet_income_call_ray": 102346.92,
    "mainnet_income_call_eth": 4669746.14,
    "mainnet_income_put_sol": 9999999.97,
    "mainnet_income_put_btc": 2352308.65
  }
}