{
  "totalTvlUSD": 111674518.59,
  "coinsByCoingeckoId": {
    "solana": 171655.01177887,
    "msol": 162676.700085918,
    "bitcoin": 426.925176,
    "saber": 19999999.49755,
    "ftx-token": 73213.452592,
    "terra-luna": 84471.628681,
    "terrausd": 95476.528858,
    "usd-coin": 13027394.73441,
    "socean-staked-sol": 10999.997467117,
    "serum": 4206187.748997,
    "mango-markets": 9017414.639675,
    "raydium": 19967.02804,
    "ethereum": 1749.767132
  },
  "pricesByCoingeckoId": {
    "BTC": 42084,
    "SOL": 139.06,
    "ETH": 3183.49,
    "mSOL": 142.89,
    "FTT": 44,
    "SRM": 2.97,
    "USDC": 1,
    "MNGO": 0.199007,
    "scnSOL": 142.33,
    "SBR": 0.112854,
    "LUNA": 76.55,
    "UST": 1,
    "RAY": 5.11
  },
  "sharePricesByGlobalId": {
    "mainnet_income_call_sol": 1.04444,
    "mainnet_income_call_marinade": 1.03017,
    "mainnet_income_call_btc": 1.06814,
    "mainnet_income_call_sbr": 1.04667,
    "mainnet_income_call_ftt": 1.02068,
    "mainnet_income_call_luna": 1.02692,
    "mainnet_income_put_luna": 1,
    "mainnet_income_put_mngo": 1.00201,
    "mainnet_income_call_socean": 1.01629,
    "mainnet_income_call_srm": 1.01304,
    "mainnet_income_call_mngo": 1.01322,
    "mainnet_income_call_ray": 1.00275,
    "mainnet_income_call_eth": 1.01502,
    "mainnet_income_put_sol": 1.00281,
    "mainnet_income_put_btc": 1.00329
  },
  "depositTokenByGlobalId": {
    "mainnet_income_call_sol": 171655.01177887,
    "mainnet_income_call_marinade": 162676.700085918,
    "mainnet_income_call_btc": 426.925176,
    "mainnet_income_call_sbr": 19999999.49755,
    "mainnet_income_call_ftt": 73213.452592,
    "mainnet_income_call_luna": 84471.628681,
    "mainnet_income_put_luna": 95476.528858,
    "mainnet_income_put_mngo": 397676.27,
    "mainnet_income_call_socean": 10999.997467117,
    "mainnet_income_call_srm": 4206187.748997,
    "mainnet_income_call_mngo": 9017414.639675,
    "mainnet_income_call_ray": 19967.02804,
    "mainnet_income_call_eth": 1749.767132,
    "mainnet_income_put_sol": 11503942.43,
    "mainnet_income_put_btc": 1125776.04
  },
  "usdValueByGlobalId": {
    "mainnet_income_call_sol": 23870345.94,
    "mainnet_income_call_marinade": 23244873.68,
    "mainnet_income_call_btc": 17966719.11,
    "mainnet_income_call_sbr": 2257079.94,
    "mainnet_income_call_ftt": 3221391.91,
    "mainnet_income_call_luna": 6466303.18,
    "mainnet_income_put_luna": 95476.53,
    "mainnet_income_put_mngo": 397676.27,
    "mainnet_income_call_socean": 1565629.64,
    "mainnet_income_call_srm": 12492377.61,
    "mainnet_income_call_mngo": 1794528.64,
    "mainnet_income_call_ray": 102031.51,
    "mainnet_income_call_eth": 5570366.17,
    "mainnet_income_put_sol": 11503942.43,
    "mainnet_income_put_btc": 1125776.04
  },
  "globalIdToDepositTokenCoingeckoId": {
    "mainnet_income_call_sol": "solana",
    "mainnet_income_call_marinade": "msol",
    "mainnet_income_call_btc": "bitcoin",
    "mainnet_income_call_sbr": "saber",
    "mainnet_income_call_ftt": "ftx-token",
    "mainnet_income_call_luna": "terra-luna",
    "mainnet_income_put_luna": "terrausd",
    "mainnet_income_put_mngo": "usd-coin",
    "mainnet_income_call_socean": "socean-staked-sol",
    "mainnet_income_call_srm": "serum",
    "mainnet_income_call_mngo": "mango-markets",
    "mainnet_income_call_ray": "raydium",
    "mainnet_income_call_eth": "ethereum",
    "mainnet_income_put_sol": "usd-coin",
    "mainnet_income_put_btc": "usd-coin"
  }
}