{
  "totalTvlUSD": 87050567.62,
  "coinsByCoingeckoId": {
    "solana": 189628.727008812,
    "msol": 163067.255168724,
    "bitcoin": 435.606946,
    "saber": 19999972.92845,
    "ftx-token": 66703.58679,
    "terra-luna": 82287.219818,
    "terrausd": 211583.892701,
    "usd-coin": 14309940.957931,
    "socean-staked-sol": 10999.999764954,
    "serum": 4235224.36262,
    "mango-markets": 7847633.676601,
    "raydium": 21625.256316,
    "ethereum": 1767.890112
  },
  "pricesByCoingeckoId": {
    "BTC": 36269,
    "SOL": 91.71,
    "ETH": 2396.22,
    "mSOL": 93.27,
    "FTT": 35.61,
    "SRM": 2.06,
    "USDC": 1,
    "MNGO": 0.152212,
    "scnSOL": 94.03,
    "SBR": 0.063986,
    "LUNA": 63.34,
    "UST": 0.98891,
    "RAY": 3.49
  },
  "sharePricesByGlobalId": {
    "mainnet_income_call_sol": 1.05252,
    "mainnet_income_call_marinade": 1.03727,
    "mainnet_income_call_btc": 1.0696,
    "mainnet_income_call_sbr": 1.05044,
    "mainnet_income_call_ftt": 1.02696,
    "mainnet_income_call_luna": 1.0374,
    "mainnet_income_put_luna": 1,
    "mainnet_income_put_mngo": 1.00322,
    "mainnet_income_call_socean": 1.02395,
    "mainnet_income_call_srm": 1.02041,
    "mainnet_income_call_mngo": 1.01533,
    "mainnet_income_call_ray": 1.01764,
    "mainnet_income_call_eth": 1.0165,
    "mainnet_income_put_sol": 1.01183,
    "mainnet_income_put_btc": 1.00606
  },
  "depositTokenByGlobalId": {
    "mainnet_income_call_sol": 189628.727008812,
    "mainnet_income_call_marinade": 163067.255168724,
    "mainnet_income_call_btc": 435.606946,
    "mainnet_income_call_sbr": 19999972.92845,
    "mainnet_income_call_ftt": 66703.58679,
    "mainnet_income_call_luna": 82287.219818,
    "mainnet_income_put_luna": 211583.892701,
    "mainnet_income_put_mngo": 248684.41,
    "mainnet_income_call_socean": 10999.999764954,
    "mainnet_income_call_srm": 4235224.36262,
    "mainnet_income_call_mngo": 7847633.676601,
    "mainnet_income_call_ray": 21625.256316,
    "mainnet_income_call_eth": 1767.890112,
    "mainnet_income_put_sol": 12922545.61,
    "mainnet_income_put_btc": 1138710.93
  },
  "usdValueByGlobalId": {
    "mainnet_income_call_sol": 17390850.55,
    "mainnet_income_call_marinade": 15209282.89,
    "mainnet_income_call_btc": 15799028.32,
    "mainnet_income_call_sbr": 1279718.27,
    "mainnet_income_call_ftt": 2375314.73,
    "mainnet_income_call_luna": 5212072.5,
    "mainnet_income_put_luna": 209237.43,
    "mainnet_income_put_mngo": 248684.41,
    "mainnet_income_call_socean": 1034329.98,
    "mainnet_income_call_srm": 8724562.19,
    "mainnet_income_call_mngo": 1194504.02,
    "mainnet_income_call_ray": 75472.14,
    "mainnet_income_call_eth": 4236253.64,
    "mainnet_income_put_sol": 12922545.61,
    "mainnet_income_put_btc": 1138710.93
  },
  "globalIdToDepositTokenCoingeckoId": {
    "mainnet_income_call_sol": "solana",
    "mainnet_income_call_marinade": "msol",
    "mainnet_income_call_btc": "bitcoin",
    "mainnet_income_call_sbr": "saber",
    "mainnet_income_call_ftt": "ftx-token",
    "mainnet_income_call_luna": "terra-luna",
    "mainnet_income_put_luna": "terrausd",
    "mainnet_income_put_mngo": "usd-coin",
    "mainnet_income_call_socean": "socean-staked-sol",
    "mainnet_income_call_srm": "serum",
    "mainnet_income_call_mngo": "mango-markets",
    "mainnet_income_call_ray": "raydium",
    "mainnet_income_call_eth": "ethereum",
    "mainnet_income_put_sol": "usd-coin",
    "mainnet_income_put_btc": "usd-coin"
  }
}