{
  "totalTvlUSD": 88639803.86,
  "coinsByCoingeckoId": {
    "solana": 130807.395759574,
    "msol": 138922.825786167,
    "bitcoin": 365.642281,
    "saber": 11000000,
    "ftx-token": 72875.988953,
    "usd-coin": 12782778.082899,
    "terra-luna": 39999.999397,
    "socean-staked-sol": 5499.990099232,
    "serum": 3966582.413976,
    "mango-markets": 5999999.159277,
    "raydium": 18928.784889,
    "ethereum": 1468.6432
  },
  "pricesByCoingeckoId": {
    "BTC": 41208,
    "SOL": 134.06,
    "ETH": 3035.11,
    "mSOL": 136.93,
    "FTT": 36.64,
    "SRM": 2.88,
    "USDC": 1,
    "MNGO": 0.192763,
    "scnSOL": 134.75,
    "SBR": 0.083509,
    "LUNA": 69.18,
    "RAY": 5.07
  },
  "sharePricesByGlobalId": {
    "mainnet_income_call_sol": 1.03708,
    "mainnet_income_call_marinade": 1.02581,
    "mainnet_income_call_btc": 1.0644,
    "mainnet_income_call_sbr": 1,
    "mainnet_income_call_ftt": 1.01481,
    "mainnet_income_put_mngo": 1.00062,
    "mainnet_income_call_luna": 1.01873,
    "mainnet_income_call_socean": 1.01266,
    "mainnet_income_call_srm": 1.00834,
    "mainnet_income_call_mngo": 1.01232,
    "mainnet_income_call_ray": 1,
    "mainnet_income_call_eth": 1.01181,
    "mainnet_income_put_sol": 1.00376,
    "mainnet_income_put_btc": 1
  },
  "depositTokenByGlobalId": {
    "mainnet_income_call_sol": 130807.395759574,
    "mainnet_income_call_marinade": 138922.825786167,
    "mainnet_income_call_btc": 365.642281,
    "mainnet_income_call_sbr": 11000000,
    "mainnet_income_call_ftt": 72875.988953,
    "mainnet_income_put_mngo": 428400.29,
    "mainnet_income_call_luna": 39999.999397,
    "mainnet_income_call_socean": 5499.990099232,
    "mainnet_income_call_srm": 3966582.413976,
    "mainnet_income_call_mngo": 5999999.159277,
    "mainnet_income_call_ray": 18928.784889,
    "mainnet_income_call_eth": 1468.6432,
    "mainnet_income_put_sol": 10000000,
    "mainnet_income_put_btc": 2354377.79
  },
  "usdValueByGlobalId": {
    "mainnet_income_call_sol": 17536039.48,
    "mainnet_income_call_marinade": 19022702.53,
    "mainnet_income_call_btc": 15067387.12,
    "mainnet_income_call_sbr": 918599,
    "mainnet_income_call_ftt": 2670176.24,
    "mainnet_income_put_mngo": 428400.29,
    "mainnet_income_call_luna": 2767199.96,
    "mainnet_income_call_socean": 741123.67,
    "mainnet_income_call_srm": 11423757.35,
    "mainnet_income_call_mngo": 1156577.84,
    "mainnet_income_call_ray": 95968.94,
    "mainnet_income_call_eth": 4457493.66,
    "mainnet_income_put_sol": 10000000,
    "mainnet_income_put_btc": 2354377.79
  }
}