{
  "totalTvlUSD": 90693309.34,
  "coinsByCoingeckoId": {
    "solana": 128512.285350644,
    "msol": 136281.864751867,
    "bitcoin": 354.287743,
    "saber": 11000000,
    "ftx-token": 72580.224761,
    "usd-coin": 12776908.253459001,
    "terra-luna": 39999.999397,
    "socean-staked-sol": 5499.990099232,
    "serum": 3965834.743512,
    "mango-markets": 5999999.159277,
    "raydium": 18918.099566,
    "ethereum": 1432.980113
  },
  "pricesByCoingeckoId": {
    "BTC": 41871,
    "SOL": 142.96,
    "ETH": 3122.51,
    "mSOL": 146.34,
    "FTT": 35.62,
    "SRM": 3.02,
    "USDC": 1,
    "MNGO": 0.189288,
    "scnSOL": 145.72,
    "SBR": 0.089396,
    "LUNA": 67.59,
    "RAY": 5.3
  },
  "sharePricesByGlobalId": {
    "mainnet_income_call_sol": 1.03708,
    "mainnet_income_call_marinade": 1.02581,
    "mainnet_income_call_btc": 1.0644,
    "mainnet_income_call_sbr": 1,
    "mainnet_income_call_ftt": 1.01481,
    "mainnet_income_put_mngo": 1,
    "mainnet_income_call_luna": 1.01873,
    "mainnet_income_call_socean": 1.01266,
    "mainnet_income_call_srm": 1.00834,
    "mainnet_income_call_mngo": 1.01232,
    "mainnet_income_call_ray": 1,
    "mainnet_income_call_eth": 1.01181,
    "mainnet_income_put_sol": 1,
    "mainnet_income_put_btc": 1
  },
  "depositTokenByGlobalId": {
    "mainnet_income_call_sol": 128512.285350644,
    "mainnet_income_call_marinade": 136281.864751867,
    "mainnet_income_call_btc": 354.287743,
    "mainnet_income_call_sbr": 11000000,
    "mainnet_income_call_ftt": 72580.224761,
    "mainnet_income_put_mngo": 424829.63,
    "mainnet_income_call_luna": 39999.999397,
    "mainnet_income_call_socean": 5499.990099232,
    "mainnet_income_call_srm": 3965834.743512,
    "mainnet_income_call_mngo": 5999999.159277,
    "mainnet_income_call_ray": 18918.099566,
    "mainnet_income_call_eth": 1432.980113,
    "mainnet_income_put_sol": 9999999.97,
    "mainnet_income_put_btc": 2352078.65
  },
  "usdValueByGlobalId": {
    "mainnet_income_call_sol": 18372116.31,
    "mainnet_income_call_marinade": 19953027.82,
    "mainnet_income_call_btc": 14834382.09,
    "mainnet_income_call_sbr": 983356,
    "mainnet_income_call_ftt": 2583856,
    "mainnet_income_put_mngo": 424829.63,
    "mainnet_income_call_luna": 2703599.96,
    "mainnet_income_call_socean": 801458.56,
    "mainnet_income_call_srm": 11976820.93,
    "mainnet_income_call_mngo": 1135415.84,
    "mainnet_income_call_ray": 100265.93,
    "mainnet_income_call_eth": 4472101.66,
    "mainnet_income_put_sol": 9999999.97,
    "mainnet_income_put_btc": 2352078.65
  }
}