{
  "totalTvlUSD": 84271922.45,
  "coinsByCoingeckoId": {
    "solana": 188562.522158812,
    "msol": 162372.599956998,
    "bitcoin": 433.249947,
    "saber": 19448868.588899,
    "ftx-token": 66493.416909,
    "terra-luna": 82993.633614,
    "terrausd": 207897.557509,
    "usd-coin": 14227416.881350998,
    "socean-staked-sol": 10999.999764954,
    "serum": 4235169.905075,
    "mango-markets": 7839468.366552,
    "raydium": 21551.481969,
    "ethereum": 1770.30413
  },
  "pricesByCoingeckoId": {
    "BTC": 34443,
    "SOL": 87.75,
    "ETH": 2283.87,
    "mSOL": 90.45,
    "FTT": 32.77,
    "SRM": 2.02,
    "USDC": 1,
    "MNGO": 0.145849,
    "scnSOL": 87.68,
    "SBR": 0.064709,
    "LUNA": 65.69,
    "UST": 1,
    "RAY": 3.3
  },
  "sharePricesByGlobalId": {
    "mainnet_income_call_sol": 1.05252,
    "mainnet_income_call_marinade": 1.03727,
    "mainnet_income_call_btc": 1.0696,
    "mainnet_income_call_sbr": 1.05044,
    "mainnet_income_call_ftt": 1.02696,
    "mainnet_income_call_luna": 1.0374,
    "mainnet_income_put_luna": 1,
    "mainnet_income_put_mngo": 1.00322,
    "mainnet_income_call_socean": 1.02395,
    "mainnet_income_call_srm": 1.02041,
    "mainnet_income_call_mngo": 1.01533,
    "mainnet_income_call_ray": 1.01764,
    "mainnet_income_call_eth": 1.0165,
    "mainnet_income_put_sol": 1.01183,
    "mainnet_income_put_btc": 1.00606
  },
  "depositTokenByGlobalId": {
    "mainnet_income_call_sol": 188562.522158812,
    "mainnet_income_call_marinade": 162372.599956998,
    "mainnet_income_call_btc": 433.249947,
    "mainnet_income_call_sbr": 19448868.588899,
    "mainnet_income_call_ftt": 66493.416909,
    "mainnet_income_call_luna": 82993.633614,
    "mainnet_income_put_luna": 207897.557509,
    "mainnet_income_put_mngo": 248683.41,
    "mainnet_income_call_socean": 10999.999764954,
    "mainnet_income_call_srm": 4235169.905075,
    "mainnet_income_call_mngo": 7839468.366552,
    "mainnet_income_call_ray": 21551.481969,
    "mainnet_income_call_eth": 1770.30413,
    "mainnet_income_put_sol": 12840522.64,
    "mainnet_income_put_btc": 1138210.83
  },
  "usdValueByGlobalId": {
    "mainnet_income_call_sol": 16546361.32,
    "mainnet_income_call_marinade": 14686601.67,
    "mainnet_income_call_btc": 14922427.92,
    "mainnet_income_call_sbr": 1258516.84,
    "mainnet_income_call_ftt": 2183643.81,
    "mainnet_income_call_luna": 5458491.28,
    "mainnet_income_put_luna": 209976.53,
    "mainnet_income_put_mngo": 248683.41,
    "mainnet_income_call_socean": 965799.98,
    "mainnet_income_call_srm": 8555043.21,
    "mainnet_income_call_mngo": 1143378.62,
    "mainnet_income_call_ray": 71119.89,
    "mainnet_income_call_eth": 4043144.49,
    "mainnet_income_put_sol": 12840522.64,
    "mainnet_income_put_btc": 1138210.83
  },
  "globalIdToDepositTokenCoingeckoId": {
    "mainnet_income_call_sol": "solana",
    "mainnet_income_call_marinade": "msol",
    "mainnet_income_call_btc": "bitcoin",
    "mainnet_income_call_sbr": "saber",
    "mainnet_income_call_ftt": "ftx-token",
    "mainnet_income_call_luna": "terra-luna",
    "mainnet_income_put_luna": "terrausd",
    "mainnet_income_put_mngo": "usd-coin",
    "mainnet_income_call_socean": "socean-staked-sol",
    "mainnet_income_call_srm": "serum",
    "mainnet_income_call_mngo": "mango-markets",
    "mainnet_income_call_ray": "raydium",
    "mainnet_income_call_eth": "ethereum",
    "mainnet_income_put_sol": "usd-coin",
    "mainnet_income_put_btc": "usd-coin"
  }
}