{
  "totalTvlUSD": 86561756.85,
  "coinsByCoingeckoId": {
    "solana": 188637.901558812,
    "msol": 162379.140826415,
    "bitcoin": 433.249947,
    "saber": 19453996.169282,
    "ftx-token": 66493.416909,
    "terra-luna": 83000.172012,
    "terrausd": 207897.557509,
    "usd-coin": 14227916.881350998,
    "socean-staked-sol": 10999.999764954,
    "serum": 4235169.905075,
    "mango-markets": 7839468.366552,
    "raydium": 21551.481969,
    "ethereum": 1770.30413
  },
  "pricesByCoingeckoId": {
    "BTC": 35907,
    "SOL": 90.26,
    "ETH": 2381.54,
    "mSOL": 92.3,
    "FTT": 34.38,
    "SRM": 2.09,
    "USDC": 1,
    "MNGO": 0.148472,
    "scnSOL": 90.91,
    "SBR": 0.067283,
    "LUNA": 68.11,
    "UST": 1.01,
    "RAY": 3.41
  },
  "sharePricesByGlobalId": {
    "mainnet_income_call_sol": 1.05252,
    "mainnet_income_call_marinade": 1.03727,
    "mainnet_income_call_btc": 1.0696,
    "mainnet_income_call_sbr": 1.05044,
    "mainnet_income_call_ftt": 1.02696,
    "mainnet_income_call_luna": 1.0374,
    "mainnet_income_put_luna": 1,
    "mainnet_income_put_mngo": 1.00322,
    "mainnet_income_call_socean": 1.02395,
    "mainnet_income_call_srm": 1.02041,
    "mainnet_income_call_mngo": 1.01533,
    "mainnet_income_call_ray": 1.01764,
    "mainnet_income_call_eth": 1.0165,
    "mainnet_income_put_sol": 1.01183,
    "mainnet_income_put_btc": 1.00606
  },
  "depositTokenByGlobalId": {
    "mainnet_income_call_sol": 188637.901558812,
    "mainnet_income_call_marinade": 162379.140826415,
    "mainnet_income_call_btc": 433.249947,
    "mainnet_income_call_sbr": 19453996.169282,
    "mainnet_income_call_ftt": 66493.416909,
    "mainnet_income_call_luna": 83000.172012,
    "mainnet_income_put_luna": 207897.557509,
    "mainnet_income_put_mngo": 248683.41,
    "mainnet_income_call_socean": 10999.999764954,
    "mainnet_income_call_srm": 4235169.905075,
    "mainnet_income_call_mngo": 7839468.366552,
    "mainnet_income_call_ray": 21551.481969,
    "mainnet_income_call_eth": 1770.30413,
    "mainnet_income_put_sol": 12841022.64,
    "mainnet_income_put_btc": 1138210.83
  },
  "usdValueByGlobalId": {
    "mainnet_income_call_sol": 17026456.99,
    "mainnet_income_call_marinade": 14987594.7,
    "mainnet_income_call_btc": 15556705.85,
    "mainnet_income_call_sbr": 1308923.22,
    "mainnet_income_call_ftt": 2286043.67,
    "mainnet_income_call_luna": 5653141.72,
    "mainnet_income_put_luna": 209976.53,
    "mainnet_income_put_mngo": 248683.41,
    "mainnet_income_call_socean": 1000009.98,
    "mainnet_income_call_srm": 8851505.1,
    "mainnet_income_call_mngo": 1163941.55,
    "mainnet_income_call_ray": 73490.55,
    "mainnet_income_call_eth": 4216050.1,
    "mainnet_income_put_sol": 12841022.64,
    "mainnet_income_put_btc": 1138210.83
  },
  "globalIdToDepositTokenCoingeckoId": {
    "mainnet_income_call_sol": "solana",
    "mainnet_income_call_marinade": "msol",
    "mainnet_income_call_btc": "bitcoin",
    "mainnet_income_call_sbr": "saber",
    "mainnet_income_call_ftt": "ftx-token",
    "mainnet_income_call_luna": "terra-luna",
    "mainnet_income_put_luna": "terrausd",
    "mainnet_income_put_mngo": "usd-coin",
    "mainnet_income_call_socean": "socean-staked-sol",
    "mainnet_income_call_srm": "serum",
    "mainnet_income_call_mngo": "mango-markets",
    "mainnet_income_call_ray": "raydium",
    "mainnet_income_call_eth": "ethereum",
    "mainnet_income_put_sol": "usd-coin",
    "mainnet_income_put_btc": "usd-coin"
  }
}