{
  "totalTvlUSD": 89263854.19,
  "coinsByCoingeckoId": {
    "solana": 124478.105525644,
    "msol": 135317.41774092,
    "bitcoin": 353.758278,
    "saber": 11000000,
    "ftx-token": 71324.617596,
    "usd-coin": 12771568.689995,
    "terra-luna": 39999.989397,
    "socean-staked-sol": 5499.723505502,
    "serum": 3964294.756605,
    "mango-markets": 5999999.148087,
    "raydium": 18915.242615,
    "ethereum": 1403.518304
  },
  "pricesByCoingeckoId": {
    "BTC": 41633,
    "SOL": 138.67,
    "ETH": 3161.44,
    "mSOL": 142.24,
    "FTT": 35.63,
    "SRM": 3.14,
    "USDC": 1,
    "MNGO": 0.191023,
    "scnSOL": 141.41,
    "SBR": 0.089892,
    "LUNA": 70.36,
    "RAY": 5.39
  },
  "sharePricesByGlobalId": {
    "mainnet_income_call_sol": 1.03708,
    "mainnet_income_call_marinade": 1.02581,
    "mainnet_income_call_btc": 1.0644,
    "mainnet_income_call_sbr": 1,
    "mainnet_income_call_ftt": 1.01481,
    "mainnet_income_put_mngo": 1,
    "mainnet_income_call_luna": 1.01873,
    "mainnet_income_call_socean": 1.01266,
    "mainnet_income_call_srm": 1.00834,
    "mainnet_income_call_mngo": 1.01232,
    "mainnet_income_call_ray": 1,
    "mainnet_income_call_eth": 1.01181,
    "mainnet_income_put_sol": 1,
    "mainnet_income_put_btc": 1
  },
  "depositTokenByGlobalId": {
    "mainnet_income_call_sol": 124478.105525644,
    "mainnet_income_call_marinade": 135317.41774092,
    "mainnet_income_call_btc": 353.758278,
    "mainnet_income_call_sbr": 11000000,
    "mainnet_income_call_ftt": 71324.617596,
    "mainnet_income_put_mngo": 420661.09,
    "mainnet_income_call_luna": 39999.989397,
    "mainnet_income_call_socean": 5499.723505502,
    "mainnet_income_call_srm": 3964294.756605,
    "mainnet_income_call_mngo": 5999999.148087,
    "mainnet_income_call_ray": 18915.242615,
    "mainnet_income_call_eth": 1403.518304,
    "mainnet_income_put_sol": 9999999.86,
    "mainnet_income_put_btc": 2350907.74
  },
  "usdValueByGlobalId": {
    "mainnet_income_call_sol": 17261378.89,
    "mainnet_income_call_marinade": 19247549.5,
    "mainnet_income_call_btc": 14728018.39,
    "mainnet_income_call_sbr": 988812,
    "mainnet_income_call_ftt": 2541296.12,
    "mainnet_income_put_mngo": 420661.09,
    "mainnet_income_call_luna": 2814399.25,
    "mainnet_income_call_socean": 777715.9,
    "mainnet_income_call_srm": 12447885.54,
    "mainnet_income_call_mngo": 1146137.84,
    "mainnet_income_call_ray": 101953.16,
    "mainnet_income_call_eth": 4437138.91,
    "mainnet_income_put_sol": 9999999.86,
    "mainnet_income_put_btc": 2350907.74
  }
}