{
  "totalTvlUSD": 112629488.46,
  "coinsByCoingeckoId": {
    "solana": 175701.32047887,
    "msol": 164083.374058515,
    "bitcoin": 428.874902,
    "saber": 19999999.760273,
    "ftx-token": 74872.116148,
    "terra-luna": 85652.145631,
    "terrausd": 157594.185573,
    "usd-coin": 13247735.450761,
    "socean-staked-sol": 10999.999467117,
    "serum": 4208232.150581,
    "mango-markets": 9033249.268517,
    "raydium": 20598.053884,
    "ethereum": 1788.487625
  },
  "pricesByCoingeckoId": {
    "BTC": 42354,
    "SOL": 136.53,
    "ETH": 3136.59,
    "mSOL": 139.88,
    "FTT": 44.67,
    "SRM": 2.93,
    "USDC": 1,
    "MNGO": 0.199717,
    "scnSOL": 139.69,
    "SBR": 0.114796,
    "LUNA": 80.44,
    "UST": 1.01,
    "RAY": 5
  },
  "sharePricesByGlobalId": {
    "mainnet_income_call_sol": 1.05342,
    "mainnet_income_call_marinade": 1.03017,
    "mainnet_income_call_btc": 1.06976,
    "mainnet_income_call_sbr": 1.04667,
    "mainnet_income_call_ftt": 1.02068,
    "mainnet_income_call_luna": 1.02692,
    "mainnet_income_put_luna": 1,
    "mainnet_income_put_mngo": 1.00201,
    "mainnet_income_call_socean": 1.01629,
    "mainnet_income_call_srm": 1.01304,
    "mainnet_income_call_mngo": 1.01322,
    "mainnet_income_call_ray": 1.00275,
    "mainnet_income_call_eth": 1.01667,
    "mainnet_income_put_sol": 1.00281,
    "mainnet_income_put_btc": 1.00329
  },
  "depositTokenByGlobalId": {
    "mainnet_income_call_sol": 175701.32047887,
    "mainnet_income_call_marinade": 164083.374058515,
    "mainnet_income_call_btc": 428.874902,
    "mainnet_income_call_sbr": 19999999.760273,
    "mainnet_income_call_ftt": 74872.116148,
    "mainnet_income_call_luna": 85652.145631,
    "mainnet_income_put_luna": 157594.185573,
    "mainnet_income_put_mngo": 397677.27,
    "mainnet_income_call_socean": 10999.999467117,
    "mainnet_income_call_srm": 4208232.150581,
    "mainnet_income_call_mngo": 9033249.268517,
    "mainnet_income_call_ray": 20598.053884,
    "mainnet_income_call_eth": 1788.487625,
    "mainnet_income_put_sol": 11724254.14,
    "mainnet_income_put_btc": 1125804.04
  },
  "usdValueByGlobalId": {
    "mainnet_income_call_sol": 24058781.81,
    "mainnet_income_call_marinade": 22961827.37,
    "mainnet_income_call_btc": 18200593.09,
    "mainnet_income_call_sbr": 2297279.97,
    "mainnet_income_call_ftt": 3364004.18,
    "mainnet_income_call_luna": 6894141.2,
    "mainnet_income_put_luna": 159170.13,
    "mainnet_income_put_mngo": 397677.27,
    "mainnet_income_call_socean": 1536589.93,
    "mainnet_income_call_srm": 12372202.52,
    "mainnet_income_call_mngo": 1811202.61,
    "mainnet_income_call_ray": 103402.23,
    "mainnet_income_call_eth": 5622557.97,
    "mainnet_income_put_sol": 11724254.14,
    "mainnet_income_put_btc": 1125804.04
  },
  "globalIdToDepositTokenCoingeckoId": {
    "mainnet_income_call_sol": "solana",
    "mainnet_income_call_marinade": "msol",
    "mainnet_income_call_btc": "bitcoin",
    "mainnet_income_call_sbr": "saber",
    "mainnet_income_call_ftt": "ftx-token",
    "mainnet_income_call_luna": "terra-luna",
    "mainnet_income_put_luna": "terrausd",
    "mainnet_income_put_mngo": "usd-coin",
    "mainnet_income_call_socean": "socean-staked-sol",
    "mainnet_income_call_srm": "serum",
    "mainnet_income_call_mngo": "mango-markets",
    "mainnet_income_call_ray": "raydium",
    "mainnet_income_call_eth": "ethereum",
    "mainnet_income_put_sol": "usd-coin",
    "mainnet_income_put_btc": "usd-coin"
  }
}