{
  "totalTvlUSD": 96036811.95,
  "coinsByCoingeckoId": {
    "solana": 133387.357759574,
    "msol": 145491.49606589,
    "bitcoin": 369.503559,
    "saber": 11000000,
    "ftx-token": 76427.928336,
    "usd-coin": 13148296.011963,
    "terra-luna": 57354.29148,
    "socean-staked-sol": 7236.363601505,
    "serum": 3974874.806404,
    "mango-markets": 5999999.159277,
    "raydium": 19310.493998,
    "ethereum": 1481.524668
  },
  "pricesByCoingeckoId": {
    "BTC": 42736,
    "SOL": 140.08,
    "ETH": 3233.48,
    "mSOL": 143.83,
    "FTT": 39.79,
    "SRM": 3.04,
    "USDC": 1,
    "MNGO": 0.208241,
    "scnSOL": 142.85,
    "SBR": 0.087648,
    "LUNA": 73.59,
    "RAY": 5.35
  },
  "sharePricesByGlobalId": {
    "mainnet_income_call_sol": 1.03708,
    "mainnet_income_call_marinade": 1.02581,
    "mainnet_income_call_btc": 1.0644,
    "mainnet_income_call_sbr": 1,
    "mainnet_income_call_ftt": 1.01481,
    "mainnet_income_put_mngo": 1,
    "mainnet_income_call_luna": 1.01873,
    "mainnet_income_call_socean": 1.01266,
    "mainnet_income_call_srm": 1.00834,
    "mainnet_income_call_mngo": 1.01232,
    "mainnet_income_call_ray": 1,
    "mainnet_income_call_eth": 1.01181,
    "mainnet_income_put_sol": 0.99999,
    "mainnet_income_put_btc": 1
  },
  "depositTokenByGlobalId": {
    "mainnet_income_call_sol": 133387.357759574,
    "mainnet_income_call_marinade": 145491.49606589,
    "mainnet_income_call_btc": 369.503559,
    "mainnet_income_call_sbr": 11000000,
    "mainnet_income_call_ftt": 76427.928336,
    "mainnet_income_put_mngo": 429599.43,
    "mainnet_income_call_luna": 57354.29148,
    "mainnet_income_call_socean": 7236.363601505,
    "mainnet_income_call_srm": 3974874.806404,
    "mainnet_income_call_mngo": 5999999.159277,
    "mainnet_income_call_ray": 19310.493998,
    "mainnet_income_call_eth": 1481.524668,
    "mainnet_income_put_sol": 10364318.79,
    "mainnet_income_put_btc": 2354377.79
  },
  "usdValueByGlobalId": {
    "mainnet_income_call_sol": 18684901.07,
    "mainnet_income_call_marinade": 20926041.88,
    "mainnet_income_call_btc": 15791104.1,
    "mainnet_income_call_sbr": 964128,
    "mainnet_income_call_ftt": 3041067.27,
    "mainnet_income_put_mngo": 429599.43,
    "mainnet_income_call_luna": 4220702.31,
    "mainnet_income_call_socean": 1033714.54,
    "mainnet_income_call_srm": 12083619.41,
    "mainnet_income_call_mngo": 1249445.82,
    "mainnet_income_call_ray": 103311.14,
    "mainnet_income_call_eth": 4790480.38,
    "mainnet_income_put_sol": 10364318.79,
    "mainnet_income_put_btc": 2354377.79
  }
}