{
  "totalTvlUSD": 112828312.78,
  "coinsByCoingeckoId": {
    "solana": 176315.48537887,
    "msol": 165569.077440838,
    "bitcoin": 429.391352,
    "saber": 19999999.760273,
    "ftx-token": 75115.491089,
    "terra-luna": 86463.263915,
    "terrausd": 164717.558158,
    "usd-coin": 13425513.455594,
    "socean-staked-sol": 11000,
    "serum": 4214600.282533,
    "mango-markets": 9041249.268517,
    "raydium": 20609.053884,
    "ethereum": 1796.051606
  },
  "pricesByCoingeckoId": {
    "BTC": 41930,
    "SOL": 136.42,
    "ETH": 3129.97,
    "mSOL": 140.08,
    "FTT": 46.07,
    "SRM": 2.92,
    "USDC": 1,
    "MNGO": 0.201029,
    "scnSOL": 140.34,
    "SBR": 0.113318,
    "LUNA": 79.44,
    "UST": 0.996904,
    "RAY": 5.01
  },
  "sharePricesByGlobalId": {
    "mainnet_income_call_sol": 1.05342,
    "mainnet_income_call_marinade": 1.03017,
    "mainnet_income_call_btc": 1.06976,
    "mainnet_income_call_sbr": 1.04667,
    "mainnet_income_call_ftt": 1.02068,
    "mainnet_income_call_luna": 1.02692,
    "mainnet_income_put_luna": 1,
    "mainnet_income_put_mngo": 1.00201,
    "mainnet_income_call_socean": 1.01629,
    "mainnet_income_call_srm": 1.01304,
    "mainnet_income_call_mngo": 1.01322,
    "mainnet_income_call_ray": 1.00275,
    "mainnet_income_call_eth": 1.01667,
    "mainnet_income_put_sol": 1.00281,
    "mainnet_income_put_btc": 1.00329
  },
  "depositTokenByGlobalId": {
    "mainnet_income_call_sol": 176315.48537887,
    "mainnet_income_call_marinade": 165569.077440838,
    "mainnet_income_call_btc": 429.391352,
    "mainnet_income_call_sbr": 19999999.760273,
    "mainnet_income_call_ftt": 75115.491089,
    "mainnet_income_call_luna": 86463.263915,
    "mainnet_income_put_luna": 164717.558158,
    "mainnet_income_put_mngo": 397710.67,
    "mainnet_income_call_socean": 11000,
    "mainnet_income_call_srm": 4214600.282533,
    "mainnet_income_call_mngo": 9041249.268517,
    "mainnet_income_call_ray": 20609.053884,
    "mainnet_income_call_eth": 1796.051606,
    "mainnet_income_put_sol": 11901988.75,
    "mainnet_income_put_btc": 1125814.04
  },
  "usdValueByGlobalId": {
    "mainnet_income_call_sol": 24052958.52,
    "mainnet_income_call_marinade": 23192916.37,
    "mainnet_income_call_btc": 18004379.39,
    "mainnet_income_call_sbr": 2266359.97,
    "mainnet_income_call_ftt": 3460570.67,
    "mainnet_income_call_luna": 6868641.69,
    "mainnet_income_put_luna": 164207.59,
    "mainnet_income_put_mngo": 397710.67,
    "mainnet_income_call_socean": 1543740,
    "mainnet_income_call_srm": 12306632.82,
    "mainnet_income_call_mngo": 1817553.3,
    "mainnet_income_call_ray": 103251.36,
    "mainnet_income_call_eth": 5621587.65,
    "mainnet_income_put_sol": 11901988.75,
    "mainnet_income_put_btc": 1125814.04
  },
  "globalIdToDepositTokenCoingeckoId": {
    "mainnet_income_call_sol": "solana",
    "mainnet_income_call_marinade": "msol",
    "mainnet_income_call_btc": "bitcoin",
    "mainnet_income_call_sbr": "saber",
    "mainnet_income_call_ftt": "ftx-token",
    "mainnet_income_call_luna": "terra-luna",
    "mainnet_income_put_luna": "terrausd",
    "mainnet_income_put_mngo": "usd-coin",
    "mainnet_income_call_socean": "socean-staked-sol",
    "mainnet_income_call_srm": "serum",
    "mainnet_income_call_mngo": "mango-markets",
    "mainnet_income_call_ray": "raydium",
    "mainnet_income_call_eth": "ethereum",
    "mainnet_income_put_sol": "usd-coin",
    "mainnet_income_put_btc": "usd-coin"
  }
}