{
  "totalTvlUSD": 88463150.37,
  "coinsByCoingeckoId": {
    "solana": 187450.786158812,
    "msol": 162304.33098336,
    "bitcoin": 432.197839,
    "saber": 18777061.958888,
    "ftx-token": 66388.891241,
    "terra-luna": 82520.234584,
    "terrausd": 207806.523956,
    "usd-coin": 14049344.919287,
    "socean-staked-sol": 10999.999764954,
    "serum": 4234569.805075,
    "mango-markets": 7794796.909632,
    "raydium": 20953.675782,
    "ethereum": 1762.014934
  },
  "pricesByCoingeckoId": {
    "BTC": 35360,
    "SOL": 96.06,
    "ETH": 2421.72,
    "mSOL": 98.33,
    "FTT": 34.45,
    "SRM": 2.18,
    "USDC": 1,
    "MNGO": 0.158046,
    "scnSOL": 97.63,
    "SBR": 0.072244,
    "LUNA": 65.84,
    "UST": 1,
    "RAY": 3.65
  },
  "sharePricesByGlobalId": {
    "mainnet_income_call_sol": 1.05252,
    "mainnet_income_call_marinade": 1.03727,
    "mainnet_income_call_btc": 1.0696,
    "mainnet_income_call_sbr": 1.05044,
    "mainnet_income_call_ftt": 1.02696,
    "mainnet_income_call_luna": 1.0374,
    "mainnet_income_put_luna": 1,
    "mainnet_income_put_mngo": 1.00322,
    "mainnet_income_call_socean": 1.02395,
    "mainnet_income_call_srm": 1.02041,
    "mainnet_income_call_mngo": 1.01533,
    "mainnet_income_call_ray": 1.01764,
    "mainnet_income_call_eth": 1.0165,
    "mainnet_income_put_sol": 1.01183,
    "mainnet_income_put_btc": 1.00606
  },
  "depositTokenByGlobalId": {
    "mainnet_income_call_sol": 187450.786158812,
    "mainnet_income_call_marinade": 162304.33098336,
    "mainnet_income_call_btc": 432.197839,
    "mainnet_income_call_sbr": 18777061.958888,
    "mainnet_income_call_ftt": 66388.891241,
    "mainnet_income_call_luna": 82520.234584,
    "mainnet_income_put_luna": 207806.523956,
    "mainnet_income_put_mngo": 248683.41,
    "mainnet_income_call_socean": 10999.999764954,
    "mainnet_income_call_srm": 4234569.805075,
    "mainnet_income_call_mngo": 7794796.909632,
    "mainnet_income_call_ray": 20953.675782,
    "mainnet_income_call_eth": 1762.014934,
    "mainnet_income_put_sol": 12662470.67,
    "mainnet_income_put_btc": 1138190.84
  },
  "usdValueByGlobalId": {
    "mainnet_income_call_sol": 18006522.52,
    "mainnet_income_call_marinade": 15959384.87,
    "mainnet_income_call_btc": 15282515.59,
    "mainnet_income_call_sbr": 1356530.06,
    "mainnet_income_call_ftt": 2287097.3,
    "mainnet_income_call_luna": 5433132.25,
    "mainnet_income_put_luna": 207806.52,
    "mainnet_income_put_mngo": 248683.41,
    "mainnet_income_call_socean": 1073929.98,
    "mainnet_income_call_srm": 9231362.18,
    "mainnet_income_call_mngo": 1231936.47,
    "mainnet_income_call_ray": 76480.92,
    "mainnet_income_call_eth": 4267106.81,
    "mainnet_income_put_sol": 12662470.67,
    "mainnet_income_put_btc": 1138190.84
  },
  "globalIdToDepositTokenCoingeckoId": {
    "mainnet_income_call_sol": "solana",
    "mainnet_income_call_marinade": "msol",
    "mainnet_income_call_btc": "bitcoin",
    "mainnet_income_call_sbr": "saber",
    "mainnet_income_call_ftt": "ftx-token",
    "mainnet_income_call_luna": "terra-luna",
    "mainnet_income_put_luna": "terrausd",
    "mainnet_income_put_mngo": "usd-coin",
    "mainnet_income_call_socean": "socean-staked-sol",
    "mainnet_income_call_srm": "serum",
    "mainnet_income_call_mngo": "mango-markets",
    "mainnet_income_call_ray": "raydium",
    "mainnet_income_call_eth": "ethereum",
    "mainnet_income_put_sol": "usd-coin",
    "mainnet_income_put_btc": "usd-coin"
  }
}