{
  "totalTvlUSD": 107376373.63,
  "coinsByCoingeckoId": {
    "solana": 144320.239759574,
    "msol": 149449.782595413,
    "bitcoin": 411.413962,
    "saber": 19999999.829711,
    "ftx-token": 78264.950144,
    "usd-coin": 15194270.815482,
    "terra-luna": 64934.543007,
    "socean-staked-sol": 10235.100888167,
    "serum": 4008005.141656,
    "mango-markets": 8005888.41438,
    "raydium": 19329.593057,
    "ethereum": 1607.443718
  },
  "pricesByCoingeckoId": {
    "BTC": 42610,
    "SOL": 147.1,
    "ETH": 3259.41,
    "mSOL": 151.2,
    "FTT": 40.93,
    "SRM": 3.11,
    "USDC": 1,
    "MNGO": 0.198799,
    "scnSOL": 151.75,
    "SBR": 0.078311,
    "LUNA": 78.6,
    "RAY": 5.33
  },
  "sharePricesByGlobalId": {
    "mainnet_income_call_sol": 1.03708,
    "mainnet_income_call_marinade": 1.02581,
    "mainnet_income_call_btc": 1.0644,
    "mainnet_income_call_sbr": 1,
    "mainnet_income_call_ftt": 1.01481,
    "mainnet_income_put_mngo": 1,
    "mainnet_income_call_luna": 1.01873,
    "mainnet_income_call_socean": 1.01266,
    "mainnet_income_call_srm": 1.00834,
    "mainnet_income_call_mngo": 1.01232,
    "mainnet_income_call_ray": 1,
    "mainnet_income_call_eth": 1.01181,
    "mainnet_income_put_sol": 0.99999,
    "mainnet_income_put_btc": 1
  },
  "depositTokenByGlobalId": {
    "mainnet_income_call_sol": 144320.239759574,
    "mainnet_income_call_marinade": 149449.782595413,
    "mainnet_income_call_btc": 411.413962,
    "mainnet_income_call_sbr": 19999999.829711,
    "mainnet_income_call_ftt": 78264.950144,
    "mainnet_income_put_mngo": 454804.43,
    "mainnet_income_call_luna": 64934.543007,
    "mainnet_income_call_socean": 10235.100888167,
    "mainnet_income_call_srm": 4008005.141656,
    "mainnet_income_call_mngo": 8005888.41438,
    "mainnet_income_call_ray": 19329.593057,
    "mainnet_income_call_eth": 1607.443718,
    "mainnet_income_put_sol": 12383546.59,
    "mainnet_income_put_btc": 2355919.79
  },
  "usdValueByGlobalId": {
    "mainnet_income_call_sol": 21229507.27,
    "mainnet_income_call_marinade": 22596807.13,
    "mainnet_income_call_btc": 17530348.92,
    "mainnet_income_call_sbr": 1566219.99,
    "mainnet_income_call_ftt": 3203384.41,
    "mainnet_income_put_mngo": 454804.43,
    "mainnet_income_call_luna": 5103855.08,
    "mainnet_income_call_socean": 1553176.56,
    "mainnet_income_call_srm": 12464895.99,
    "mainnet_income_call_mngo": 1591562.61,
    "mainnet_income_call_ray": 103026.73,
    "mainnet_income_call_eth": 5239318.13,
    "mainnet_income_put_sol": 12383546.59,
    "mainnet_income_put_btc": 2355919.79
  },
  "globalIdToDepositTokenCoingeckoId": {
    "mainnet_income_call_sol": "solana",
    "mainnet_income_call_marinade": "msol",
    "mainnet_income_call_btc": "bitcoin",
    "mainnet_income_call_sbr": "saber",
    "mainnet_income_call_ftt": "ftx-token",
    "mainnet_income_put_mngo": "usd-coin",
    "mainnet_income_call_luna": "terra-luna",
    "mainnet_income_call_socean": "socean-staked-sol",
    "mainnet_income_call_srm": "serum",
    "mainnet_income_call_mngo": "mango-markets",
    "mainnet_income_call_ray": "raydium",
    "mainnet_income_call_eth": "ethereum",
    "mainnet_income_put_sol": "usd-coin",
    "mainnet_income_put_btc": "usd-coin"
  }
}