{
  "totalTvlUSD": 96372908.42,
  "coinsByCoingeckoId": {
    "solana": 133445.084759574,
    "msol": 145564.673392413,
    "bitcoin": 369.587033,
    "saber": 11000000,
    "ftx-token": 76427.928336,
    "usd-coin": 13150089.76107,
    "terra-luna": 57421.484295,
    "socean-staked-sol": 7237.053601505,
    "serum": 3974874.806404,
    "mango-markets": 5999999.159277,
    "raydium": 19310.493998,
    "ethereum": 1481.524668
  },
  "pricesByCoingeckoId": {
    "BTC": 42692,
    "SOL": 141.08,
    "ETH": 3239,
    "mSOL": 144.6,
    "FTT": 39.89,
    "SRM": 3.06,
    "USDC": 1,
    "MNGO": 0.208569,
    "scnSOL": 143.55,
    "SBR": 0.086809,
    "LUNA": 73.32,
    "RAY": 5.36
  },
  "sharePricesByGlobalId": {
    "mainnet_income_call_sol": 1.03708,
    "mainnet_income_call_marinade": 1.02581,
    "mainnet_income_call_btc": 1.0644,
    "mainnet_income_call_sbr": 1,
    "mainnet_income_call_ftt": 1.01481,
    "mainnet_income_put_mngo": 1,
    "mainnet_income_call_luna": 1.01873,
    "mainnet_income_call_socean": 1.01266,
    "mainnet_income_call_srm": 1.00834,
    "mainnet_income_call_mngo": 1.01232,
    "mainnet_income_call_ray": 1,
    "mainnet_income_call_eth": 1.01181,
    "mainnet_income_put_sol": 0.99999,
    "mainnet_income_put_btc": 1
  },
  "depositTokenByGlobalId": {
    "mainnet_income_call_sol": 133445.084759574,
    "mainnet_income_call_marinade": 145564.673392413,
    "mainnet_income_call_btc": 369.587033,
    "mainnet_income_call_sbr": 11000000,
    "mainnet_income_call_ftt": 76427.928336,
    "mainnet_income_put_mngo": 429604.43,
    "mainnet_income_call_luna": 57421.484295,
    "mainnet_income_call_socean": 7237.053601505,
    "mainnet_income_call_srm": 3974874.806404,
    "mainnet_income_call_mngo": 5999999.159277,
    "mainnet_income_call_ray": 19310.493998,
    "mainnet_income_call_eth": 1481.524668,
    "mainnet_income_put_sol": 10366107.54,
    "mainnet_income_put_btc": 2354377.79
  },
  "usdValueByGlobalId": {
    "mainnet_income_call_sol": 18826432.56,
    "mainnet_income_call_marinade": 21048651.77,
    "mainnet_income_call_btc": 15778409.61,
    "mainnet_income_call_sbr": 954899,
    "mainnet_income_call_ftt": 3048710.06,
    "mainnet_income_put_mngo": 429604.43,
    "mainnet_income_call_luna": 4210143.23,
    "mainnet_income_call_socean": 1038879.04,
    "mainnet_income_call_srm": 12163116.91,
    "mainnet_income_call_mngo": 1251413.82,
    "mainnet_income_call_ray": 103504.25,
    "mainnet_income_call_eth": 4798658.4,
    "mainnet_income_put_sol": 10366107.54,
    "mainnet_income_put_btc": 2354377.79
  }
}