{
  "totalTvlUSD": 41658369.59,
  "coinsByCoingeckoId": {
    "solana": 66613.933903664,
    "msol": 79999.957612259,
    "bitcoin": 186.964356,
    "ethereum": 126.734727,
    "ftx-token": 22538.731831,
    "serum": 209908.963689,
    "mango-markets": 920452.399665
  },
  "pricesByCoingeckoId": {
    "BTC": 50946,
    "SOL": 199.29,
    "ETH": 4090.06,
    "mSOL": 203.4,
    "FTT": 42.8,
    "SRM": 4.07,
    "USDC": 1,
    "MNGO": 0.269934
  },
  "sharePricesByGlobalId": {
    "mainnet_income_call_sol": 1.02193,
    "mainnet_income_call_marinade": 1.01091,
    "mainnet_income_call_btc": 1.05125,
    "mainnet_income_call_eth": 1.006,
    "mainnet_income_call_ftt": 1,
    "mainnet_income_call_srm": 1,
    "mainnet_income_call_mngo": 1
  }
}