{
  "totalTvlUSD": 86011408.78,
  "coinsByCoingeckoId": {
    "solana": 183899.599158812,
    "msol": 159751.951209382,
    "bitcoin": 427.534551,
    "saber": 18524131.395907,
    "ftx-token": 65603.463145,
    "terra-luna": 77918.946998,
    "terrausd": 207434.622707,
    "usd-coin": 13994429.432895,
    "socean-staked-sol": 10999.999764954,
    "serum": 4226942.298613,
    "mango-markets": 7784756.149321,
    "raydium": 20943.182791,
    "ethereum": 1754.805352
  },
  "pricesByCoingeckoId": {
    "BTC": 34892,
    "SOL": 93.34,
    "ETH": 2413.84,
    "mSOL": 96.75,
    "FTT": 33.42,
    "SRM": 2.18,
    "USDC": 1,
    "MNGO": 0.160774,
    "scnSOL": 96.6,
    "SBR": 0.079183,
    "LUNA": 61.2,
    "UST": 0.998259,
    "RAY": 3.75
  },
  "sharePricesByGlobalId": {
    "mainnet_income_call_sol": 1.05252,
    "mainnet_income_call_marinade": 1.03727,
    "mainnet_income_call_btc": 1.0696,
    "mainnet_income_call_sbr": 1.05044,
    "mainnet_income_call_ftt": 1.02696,
    "mainnet_income_call_luna": 1.0374,
    "mainnet_income_put_luna": 1,
    "mainnet_income_put_mngo": 1.00322,
    "mainnet_income_call_socean": 1.02395,
    "mainnet_income_call_srm": 1.02041,
    "mainnet_income_call_mngo": 1.01533,
    "mainnet_income_call_ray": 1.01764,
    "mainnet_income_call_eth": 1.0165,
    "mainnet_income_put_sol": 1.01183,
    "mainnet_income_put_btc": 1.00606
  },
  "depositTokenByGlobalId": {
    "mainnet_income_call_sol": 183899.599158812,
    "mainnet_income_call_marinade": 159751.951209382,
    "mainnet_income_call_btc": 427.534551,
    "mainnet_income_call_sbr": 18524131.395907,
    "mainnet_income_call_ftt": 65603.463145,
    "mainnet_income_call_luna": 77918.946998,
    "mainnet_income_put_luna": 207434.622707,
    "mainnet_income_put_mngo": 248683.41,
    "mainnet_income_call_socean": 10999.999764954,
    "mainnet_income_call_srm": 4226942.298613,
    "mainnet_income_call_mngo": 7784756.149321,
    "mainnet_income_call_ray": 20943.182791,
    "mainnet_income_call_eth": 1754.805352,
    "mainnet_income_put_sol": 12607555.18,
    "mainnet_income_put_btc": 1138190.84
  },
  "usdValueByGlobalId": {
    "mainnet_income_call_sol": 17165188.59,
    "mainnet_income_call_marinade": 15456001.28,
    "mainnet_income_call_btc": 14917535.55,
    "mainnet_income_call_sbr": 1466796.3,
    "mainnet_income_call_ftt": 2192467.74,
    "mainnet_income_call_luna": 4768639.56,
    "mainnet_income_put_luna": 207073.48,
    "mainnet_income_put_mngo": 248683.41,
    "mainnet_income_call_socean": 1062599.98,
    "mainnet_income_call_srm": 9214734.21,
    "mainnet_income_call_mngo": 1251586.39,
    "mainnet_income_call_ray": 78536.94,
    "mainnet_income_call_eth": 4235819.35,
    "mainnet_income_put_sol": 12607555.18,
    "mainnet_income_put_btc": 1138190.84
  },
  "globalIdToDepositTokenCoingeckoId": {
    "mainnet_income_call_sol": "solana",
    "mainnet_income_call_marinade": "msol",
    "mainnet_income_call_btc": "bitcoin",
    "mainnet_income_call_sbr": "saber",
    "mainnet_income_call_ftt": "ftx-token",
    "mainnet_income_call_luna": "terra-luna",
    "mainnet_income_put_luna": "terrausd",
    "mainnet_income_put_mngo": "usd-coin",
    "mainnet_income_call_socean": "socean-staked-sol",
    "mainnet_income_call_srm": "serum",
    "mainnet_income_call_mngo": "mango-markets",
    "mainnet_income_call_ray": "raydium",
    "mainnet_income_call_eth": "ethereum",
    "mainnet_income_put_sol": "usd-coin",
    "mainnet_income_put_btc": "usd-coin"
  }
}