{
  "totalTvlUSD": 103436387.95,
  "coinsByCoingeckoId": {
    "solana": 137677.50631187,
    "msol": 158375.318569988,
    "bitcoin": 409.853998,
    "saber": 17307872.950962,
    "ftx-token": 62851.652173,
    "usd-coin": 11898065.895432,
    "terra-luna": 64391.545546,
    "socean-staked-sol": 10993.369735574,
    "serum": 4027984.689043,
    "mango-markets": 8651463.981471,
    "raydium": 16185.11108,
    "ethereum": 1686.699237
  },
  "pricesByCoingeckoId": {
    "BTC": 42557,
    "SOL": 145.16,
    "ETH": 3241.53,
    "mSOL": 148.27,
    "FTT": 43.17,
    "SRM": 3.09,
    "USDC": 1,
    "MNGO": 0.19627,
    "scnSOL": 146.56,
    "SBR": 0.089247,
    "LUNA": 78.61,
    "RAY": 5.29
  },
  "sharePricesByGlobalId": {
    "mainnet_income_call_sol": 1.04444,
    "mainnet_income_call_marinade": 1.03017,
    "mainnet_income_call_btc": 1.06814,
    "mainnet_income_call_sbr": 1.04667,
    "mainnet_income_call_ftt": 1.02068,
    "mainnet_income_put_mngo": 1.00201,
    "mainnet_income_call_luna": 1.02692,
    "mainnet_income_call_socean": 1.01629,
    "mainnet_income_call_srm": 1.01304,
    "mainnet_income_call_mngo": 1.01322,
    "mainnet_income_call_ray": 1.00275,
    "mainnet_income_call_eth": 1.01502,
    "mainnet_income_put_sol": 1.00281,
    "mainnet_income_put_btc": 1.00329
  },
  "depositTokenByGlobalId": {
    "mainnet_income_call_sol": 137677.50631187,
    "mainnet_income_call_marinade": 158375.318569988,
    "mainnet_income_call_btc": 409.853998,
    "mainnet_income_call_sbr": 17307872.950962,
    "mainnet_income_call_ftt": 62851.652173,
    "mainnet_income_put_mngo": 391820.22,
    "mainnet_income_call_luna": 64391.545546,
    "mainnet_income_call_socean": 10993.369735574,
    "mainnet_income_call_srm": 4027984.689043,
    "mainnet_income_call_mngo": 8651463.981471,
    "mainnet_income_call_ray": 16185.11108,
    "mainnet_income_call_eth": 1686.699237,
    "mainnet_income_put_sol": 10382053.34,
    "mainnet_income_put_btc": 1124192.33
  },
  "usdValueByGlobalId": {
    "mainnet_income_call_sol": 19985266.82,
    "mainnet_income_call_marinade": 23482308.48,
    "mainnet_income_call_btc": 17442156.59,
    "mainnet_income_call_sbr": 1544675.74,
    "mainnet_income_call_ftt": 2713305.82,
    "mainnet_income_put_mngo": 391820.22,
    "mainnet_income_call_luna": 5061819.4,
    "mainnet_income_call_socean": 1611188.27,
    "mainnet_income_call_srm": 12446472.69,
    "mainnet_income_call_mngo": 1698022.84,
    "mainnet_income_call_ray": 85619.24,
    "mainnet_income_call_eth": 5467486.18,
    "mainnet_income_put_sol": 10382053.34,
    "mainnet_income_put_btc": 1124192.33
  },
  "globalIdToDepositTokenCoingeckoId": {
    "mainnet_income_call_sol": "solana",
    "mainnet_income_call_marinade": "msol",
    "mainnet_income_call_btc": "bitcoin",
    "mainnet_income_call_sbr": "saber",
    "mainnet_income_call_ftt": "ftx-token",
    "mainnet_income_put_mngo": "usd-coin",
    "mainnet_income_call_luna": "terra-luna",
    "mainnet_income_call_socean": "socean-staked-sol",
    "mainnet_income_call_srm": "serum",
    "mainnet_income_call_mngo": "mango-markets",
    "mainnet_income_call_ray": "raydium",
    "mainnet_income_call_eth": "ethereum",
    "mainnet_income_put_sol": "usd-coin",
    "mainnet_income_put_btc": "usd-coin"
  }
}