{
  "totalTvlUSD": 90249551.52,
  "coinsByCoingeckoId": {
    "solana": 131216.045759574,
    "msol": 139181.604346913,
    "bitcoin": 365.949184,
    "saber": 11000000,
    "ftx-token": 75063.816379,
    "usd-coin": 12840448.040575,
    "terra-luna": 44123.001242,
    "socean-staked-sol": 5659.293871788,
    "serum": 3966646.376607,
    "mango-markets": 5999999.159277,
    "raydium": 18929.736609,
    "ethereum": 1472.616645
  },
  "pricesByCoingeckoId": {
    "BTC": 41860,
    "SOL": 135.9,
    "ETH": 3081.2,
    "mSOL": 138.89,
    "FTT": 37.96,
    "SRM": 2.92,
    "USDC": 1,
    "MNGO": 0.195959,
    "scnSOL": 137.87,
    "SBR": 0.074999,
    "LUNA": 69.82,
    "RAY": 5.08
  },
  "sharePricesByGlobalId": {
    "mainnet_income_call_sol": 1.03708,
    "mainnet_income_call_marinade": 1.02581,
    "mainnet_income_call_btc": 1.0644,
    "mainnet_income_call_sbr": 1,
    "mainnet_income_call_ftt": 1.01481,
    "mainnet_income_put_mngo": 1.00062,
    "mainnet_income_call_luna": 1.01873,
    "mainnet_income_call_socean": 1.01266,
    "mainnet_income_call_srm": 1.00834,
    "mainnet_income_call_mngo": 1.01232,
    "mainnet_income_call_ray": 1,
    "mainnet_income_call_eth": 1.01181,
    "mainnet_income_put_sol": 1.00376,
    "mainnet_income_put_btc": 1
  },
  "depositTokenByGlobalId": {
    "mainnet_income_call_sol": 131216.045759574,
    "mainnet_income_call_marinade": 139181.604346913,
    "mainnet_income_call_btc": 365.949184,
    "mainnet_income_call_sbr": 11000000,
    "mainnet_income_call_ftt": 75063.816379,
    "mainnet_income_put_mngo": 428653.05,
    "mainnet_income_call_luna": 44123.001242,
    "mainnet_income_call_socean": 5659.293871788,
    "mainnet_income_call_srm": 3966646.376607,
    "mainnet_income_call_mngo": 5999999.159277,
    "mainnet_income_call_ray": 18929.736609,
    "mainnet_income_call_eth": 1472.616645,
    "mainnet_income_put_sol": 10057417.2,
    "mainnet_income_put_btc": 2354377.79
  },
  "usdValueByGlobalId": {
    "mainnet_income_call_sol": 17832260.62,
    "mainnet_income_call_marinade": 19330933.03,
    "mainnet_income_call_btc": 15318632.84,
    "mainnet_income_call_sbr": 824989,
    "mainnet_income_call_ftt": 2849422.47,
    "mainnet_income_put_mngo": 428653.05,
    "mainnet_income_call_luna": 3080667.95,
    "mainnet_income_call_socean": 780246.85,
    "mainnet_income_call_srm": 11582607.42,
    "mainnet_income_call_mngo": 1175753.84,
    "mainnet_income_call_ray": 96163.06,
    "mainnet_income_call_eth": 4537426.41,
    "mainnet_income_put_sol": 10057417.2,
    "mainnet_income_put_btc": 2354377.79
  }
}