{
  "totalTvlUSD": 115003806.36,
  "coinsByCoingeckoId": {
    "solana": 179988.21277887,
    "msol": 166399.039006641,
    "bitcoin": 433.1308,
    "saber": 19999999.760273,
    "ftx-token": 75331.828785,
    "terra-luna": 87095.125013,
    "terrausd": 190859.402127,
    "usd-coin": 13826681.225344999,
    "socean-staked-sol": 11000,
    "serum": 4217015.741031,
    "mango-markets": 9046900.66249,
    "raydium": 20828.593838,
    "ethereum": 1808.910655
  },
  "pricesByCoingeckoId": {
    "BTC": 42074,
    "SOL": 137.63,
    "ETH": 3141.42,
    "mSOL": 141.22,
    "FTT": 48.07,
    "SRM": 2.93,
    "USDC": 1,
    "MNGO": 0.19994,
    "scnSOL": 140.8,
    "SBR": 0.111981,
    "LUNA": 81.86,
    "UST": 1,
    "RAY": 5.07
  },
  "sharePricesByGlobalId": {
    "mainnet_income_call_sol": 1.05342,
    "mainnet_income_call_marinade": 1.03017,
    "mainnet_income_call_btc": 1.06976,
    "mainnet_income_call_sbr": 1.04667,
    "mainnet_income_call_ftt": 1.02068,
    "mainnet_income_call_luna": 1.02692,
    "mainnet_income_put_luna": 1,
    "mainnet_income_put_mngo": 1.00201,
    "mainnet_income_call_socean": 1.01629,
    "mainnet_income_call_srm": 1.01304,
    "mainnet_income_call_mngo": 1.01322,
    "mainnet_income_call_ray": 1.00275,
    "mainnet_income_call_eth": 1.01667,
    "mainnet_income_put_sol": 1.00281,
    "mainnet_income_put_btc": 1.00329
  },
  "depositTokenByGlobalId": {
    "mainnet_income_call_sol": 179988.21277887,
    "mainnet_income_call_marinade": 166399.039006641,
    "mainnet_income_call_btc": 433.1308,
    "mainnet_income_call_sbr": 19999999.760273,
    "mainnet_income_call_ftt": 75331.828785,
    "mainnet_income_call_luna": 87095.125013,
    "mainnet_income_put_luna": 190859.402127,
    "mainnet_income_put_mngo": 397710.67,
    "mainnet_income_call_socean": 11000,
    "mainnet_income_call_srm": 4217015.741031,
    "mainnet_income_call_mngo": 9046900.66249,
    "mainnet_income_call_ray": 20828.593838,
    "mainnet_income_call_eth": 1808.910655,
    "mainnet_income_put_sol": 12303106.52,
    "mainnet_income_put_btc": 1125864.04
  },
  "usdValueByGlobalId": {
    "mainnet_income_call_sol": 24771777.72,
    "mainnet_income_call_marinade": 23498872.29,
    "mainnet_income_call_btc": 18223545.28,
    "mainnet_income_call_sbr": 2239619.97,
    "mainnet_income_call_ftt": 3621201.01,
    "mainnet_income_call_luna": 7129606.93,
    "mainnet_income_put_luna": 190859.4,
    "mainnet_income_put_mngo": 397710.67,
    "mainnet_income_call_socean": 1548800,
    "mainnet_income_call_srm": 12355856.12,
    "mainnet_income_call_mngo": 1808837.32,
    "mainnet_income_call_ray": 105600.97,
    "mainnet_income_call_eth": 5682548.11,
    "mainnet_income_put_sol": 12303106.52,
    "mainnet_income_put_btc": 1125864.04
  },
  "globalIdToDepositTokenCoingeckoId": {
    "mainnet_income_call_sol": "solana",
    "mainnet_income_call_marinade": "msol",
    "mainnet_income_call_btc": "bitcoin",
    "mainnet_income_call_sbr": "saber",
    "mainnet_income_call_ftt": "ftx-token",
    "mainnet_income_call_luna": "terra-luna",
    "mainnet_income_put_luna": "terrausd",
    "mainnet_income_put_mngo": "usd-coin",
    "mainnet_income_call_socean": "socean-staked-sol",
    "mainnet_income_call_srm": "serum",
    "mainnet_income_call_mngo": "mango-markets",
    "mainnet_income_call_ray": "raydium",
    "mainnet_income_call_eth": "ethereum",
    "mainnet_income_put_sol": "usd-coin",
    "mainnet_income_put_btc": "usd-coin"
  }
}