{
  "totalTvlUSD": 100753728.5,
  "coinsByCoingeckoId": {
    "solana": 135784.134759574,
    "msol": 145872.724529221,
    "bitcoin": 370.480259,
    "saber": 11000000,
    "ftx-token": 76447.223827,
    "usd-coin": 13642370.619578,
    "terra-luna": 59999.999852,
    "socean-staked-sol": 8384.054079645,
    "serum": 3976319.039598,
    "mango-markets": 5999999.159377,
    "raydium": 19310.493998,
    "ethereum": 1490.531714
  },
  "pricesByCoingeckoId": {
    "BTC": 43665,
    "SOL": 146.82,
    "ETH": 3365.62,
    "mSOL": 150.13,
    "FTT": 41.12,
    "SRM": 3.19,
    "USDC": 1,
    "MNGO": 0.209072,
    "scnSOL": 149.95,
    "SBR": 0.084063,
    "LUNA": 78.52,
    "RAY": 5.52
  },
  "sharePricesByGlobalId": {
    "mainnet_income_call_sol": 1.03708,
    "mainnet_income_call_marinade": 1.02581,
    "mainnet_income_call_btc": 1.0644,
    "mainnet_income_call_sbr": 1,
    "mainnet_income_call_ftt": 1.01481,
    "mainnet_income_put_mngo": 1,
    "mainnet_income_call_luna": 1.01873,
    "mainnet_income_call_socean": 1.01266,
    "mainnet_income_call_srm": 1.00834,
    "mainnet_income_call_mngo": 1.01232,
    "mainnet_income_call_ray": 1,
    "mainnet_income_call_eth": 1.01181,
    "mainnet_income_put_sol": 0.99999,
    "mainnet_income_put_btc": 1
  },
  "depositTokenByGlobalId": {
    "mainnet_income_call_sol": 135784.134759574,
    "mainnet_income_call_marinade": 145872.724529221,
    "mainnet_income_call_btc": 370.480259,
    "mainnet_income_call_sbr": 11000000,
    "mainnet_income_call_ftt": 76447.223827,
    "mainnet_income_put_mngo": 429804.43,
    "mainnet_income_call_luna": 59999.999852,
    "mainnet_income_call_socean": 8384.054079645,
    "mainnet_income_call_srm": 3976319.039598,
    "mainnet_income_call_mngo": 5999999.159377,
    "mainnet_income_call_ray": 19310.493998,
    "mainnet_income_call_eth": 1490.531714,
    "mainnet_income_put_sol": 10858188.4,
    "mainnet_income_put_btc": 2354377.79
  },
  "usdValueByGlobalId": {
    "mainnet_income_call_sol": 19935826.67,
    "mainnet_income_call_marinade": 21899872.13,
    "mainnet_income_call_btc": 16177020.51,
    "mainnet_income_call_sbr": 924693,
    "mainnet_income_call_ftt": 3143509.84,
    "mainnet_income_put_mngo": 429804.43,
    "mainnet_income_call_luna": 4711199.99,
    "mainnet_income_call_socean": 1257188.91,
    "mainnet_income_call_srm": 12684457.74,
    "mainnet_income_call_mngo": 1254431.82,
    "mainnet_income_call_ray": 106593.93,
    "mainnet_income_call_eth": 5016563.35,
    "mainnet_income_put_sol": 10858188.4,
    "mainnet_income_put_btc": 2354377.79
  }
}