{
  "totalTvlUSD": 90458100.81,
  "coinsByCoingeckoId": {
    "solana": 126218.640350644,
    "msol": 136125.184680657,
    "bitcoin": 354.280677,
    "saber": 11000000,
    "ftx-token": 72255.801874,
    "usd-coin": 12774382.460579002,
    "terra-luna": 39999.999397,
    "socean-staked-sol": 5499.990099232,
    "serum": 3965834.743512,
    "mango-markets": 5999999.159277,
    "raydium": 18918.099566,
    "ethereum": 1407.979711
  },
  "pricesByCoingeckoId": {
    "BTC": 41477,
    "SOL": 143.43,
    "ETH": 3154.45,
    "mSOL": 146.98,
    "FTT": 35.4,
    "SRM": 3.06,
    "USDC": 1,
    "MNGO": 0.189494,
    "scnSOL": 146.61,
    "SBR": 0.092869,
    "LUNA": 66.93,
    "RAY": 5.35
  },
  "sharePricesByGlobalId": {
    "mainnet_income_call_sol": 1.03708,
    "mainnet_income_call_marinade": 1.02581,
    "mainnet_income_call_btc": 1.0644,
    "mainnet_income_call_sbr": 1,
    "mainnet_income_call_ftt": 1.01481,
    "mainnet_income_put_mngo": 1,
    "mainnet_income_call_luna": 1.01873,
    "mainnet_income_call_socean": 1.01266,
    "mainnet_income_call_srm": 1.00834,
    "mainnet_income_call_mngo": 1.01232,
    "mainnet_income_call_ray": 1,
    "mainnet_income_call_eth": 1.01181,
    "mainnet_income_put_sol": 1,
    "mainnet_income_put_btc": 1
  },
  "depositTokenByGlobalId": {
    "mainnet_income_call_sol": 126218.640350644,
    "mainnet_income_call_marinade": 136125.184680657,
    "mainnet_income_call_btc": 354.280677,
    "mainnet_income_call_sbr": 11000000,
    "mainnet_income_call_ftt": 72255.801874,
    "mainnet_income_put_mngo": 423315.84,
    "mainnet_income_call_luna": 39999.999397,
    "mainnet_income_call_socean": 5499.990099232,
    "mainnet_income_call_srm": 3965834.743512,
    "mainnet_income_call_mngo": 5999999.159277,
    "mainnet_income_call_ray": 18918.099566,
    "mainnet_income_call_eth": 1407.979711,
    "mainnet_income_put_sol": 9999999.97,
    "mainnet_income_put_btc": 2351066.65
  },
  "usdValueByGlobalId": {
    "mainnet_income_call_sol": 18103539.59,
    "mainnet_income_call_marinade": 20007679.64,
    "mainnet_income_call_btc": 14694499.64,
    "mainnet_income_call_sbr": 1021559,
    "mainnet_income_call_ftt": 2557855.39,
    "mainnet_income_put_mngo": 423315.84,
    "mainnet_income_call_luna": 2677199.96,
    "mainnet_income_call_socean": 806353.55,
    "mainnet_income_call_srm": 12135454.32,
    "mainnet_income_call_mngo": 1136963.84,
    "mainnet_income_call_ray": 101211.83,
    "mainnet_income_call_eth": 4441401.6,
    "mainnet_income_put_sol": 9999999.97,
    "mainnet_income_put_btc": 2351066.65
  }
}