{
  "totalTvlUSD": 44423386.32,
  "coinsByCoingeckoId": {
    "solana": 73865.249483664,
    "msol": 84055.049636147,
    "bitcoin": 188.881647,
    "ethereum": 181.08371,
    "ftx-token": 23817.577978,
    "serum": 210971.386184,
    "mango-markets": 964507.398396
  },
  "pricesByCoingeckoId": {
    "BTC": 50786,
    "SOL": 200.18,
    "ETH": 4062.2,
    "mSOL": 204.26,
    "FTT": 42.39,
    "SRM": 4.13,
    "USDC": 1,
    "MNGO": 0.268402
  },
  "sharePricesByGlobalId": {
    "mainnet_income_call_sol": 1.02193,
    "mainnet_income_call_marinade": 1.01091,
    "mainnet_income_call_btc": 1.05125,
    "mainnet_income_call_eth": 1.006,
    "mainnet_income_call_ftt": 1,
    "mainnet_income_call_srm": 1,
    "mainnet_income_call_mngo": 1
  }
}