{
  "totalTvlUSD": 101819763.6,
  "coinsByCoingeckoId": {
    "solana": 181406.063958811,
    "msol": 159613.689781383,
    "bitcoin": 415.967959,
    "saber": 17777071.181199,
    "ftx-token": 65573.585783,
    "terra-luna": 75327.370775,
    "terrausd": 204980.450717,
    "usd-coin": 13933370.328064,
    "socean-staked-sol": 10999.999764954,
    "serum": 4226617.43302,
    "mango-markets": 7746322.314252,
    "raydium": 20864.654582,
    "ethereum": 1737.776482
  },
  "pricesByCoingeckoId": {
    "BTC": 39172,
    "SOL": 122.23,
    "ETH": 2855.38,
    "mSOL": 125.68,
    "FTT": 43.07,
    "SRM": 2.63,
    "USDC": 1,
    "MNGO": 0.188762,
    "scnSOL": 122.65,
    "SBR": 0.099624,
    "LUNA": 73.97,
    "UST": 1.01,
    "RAY": 4.55
  },
  "sharePricesByGlobalId": {
    "mainnet_income_call_sol": 1.05252,
    "mainnet_income_call_marinade": 1.03727,
    "mainnet_income_call_btc": 1.0696,
    "mainnet_income_call_sbr": 1.05044,
    "mainnet_income_call_ftt": 1.02696,
    "mainnet_income_call_luna": 1.0374,
    "mainnet_income_put_luna": 1,
    "mainnet_income_put_mngo": 1.00322,
    "mainnet_income_call_socean": 1.02395,
    "mainnet_income_call_srm": 1.02041,
    "mainnet_income_call_mngo": 1.01533,
    "mainnet_income_call_ray": 1.01764,
    "mainnet_income_call_eth": 1.0165,
    "mainnet_income_put_sol": 1.01183,
    "mainnet_income_put_btc": 1.00606
  },
  "depositTokenByGlobalId": {
    "mainnet_income_call_sol": 181406.063958811,
    "mainnet_income_call_marinade": 159613.689781383,
    "mainnet_income_call_btc": 415.967959,
    "mainnet_income_call_sbr": 17777071.181199,
    "mainnet_income_call_ftt": 65573.585783,
    "mainnet_income_call_luna": 75327.370775,
    "mainnet_income_put_luna": 204980.450717,
    "mainnet_income_put_mngo": 248683.41,
    "mainnet_income_call_socean": 10999.999764954,
    "mainnet_income_call_srm": 4226617.43302,
    "mainnet_income_call_mngo": 7746322.314252,
    "mainnet_income_call_ray": 20864.654582,
    "mainnet_income_call_eth": 1737.776482,
    "mainnet_income_put_sol": 12548524.46,
    "mainnet_income_put_btc": 1136162.46
  },
  "usdValueByGlobalId": {
    "mainnet_income_call_sol": 22173263.2,
    "mainnet_income_call_marinade": 20060248.53,
    "mainnet_income_call_btc": 16294296.89,
    "mainnet_income_call_sbr": 1771022.94,
    "mainnet_income_call_ftt": 2824254.34,
    "mainnet_income_call_luna": 5571965.62,
    "mainnet_income_put_luna": 207030.26,
    "mainnet_income_put_mngo": 248683.41,
    "mainnet_income_call_socean": 1349149.97,
    "mainnet_income_call_srm": 11116003.85,
    "mainnet_income_call_mngo": 1462211.29,
    "mainnet_income_call_ray": 94934.18,
    "mainnet_income_call_eth": 4962012.21,
    "mainnet_income_put_sol": 12548524.46,
    "mainnet_income_put_btc": 1136162.46
  },
  "globalIdToDepositTokenCoingeckoId": {
    "mainnet_income_call_sol": "solana",
    "mainnet_income_call_marinade": "msol",
    "mainnet_income_call_btc": "bitcoin",
    "mainnet_income_call_sbr": "saber",
    "mainnet_income_call_ftt": "ftx-token",
    "mainnet_income_call_luna": "terra-luna",
    "mainnet_income_put_luna": "terrausd",
    "mainnet_income_put_mngo": "usd-coin",
    "mainnet_income_call_socean": "socean-staked-sol",
    "mainnet_income_call_srm": "serum",
    "mainnet_income_call_mngo": "mango-markets",
    "mainnet_income_call_ray": "raydium",
    "mainnet_income_call_eth": "ethereum",
    "mainnet_income_put_sol": "usd-coin",
    "mainnet_income_put_btc": "usd-coin"
  }
}