{
  "totalTvlUSD": 91684622.56,
  "coinsByCoingeckoId": {
    "solana": 129505.454759574,
    "msol": 137313.151903942,
    "bitcoin": 355.630356,
    "saber": 11000000,
    "ftx-token": 72772.388738,
    "usd-coin": 12780819.795019,
    "terra-luna": 39999.999397,
    "socean-staked-sol": 5499.990099232,
    "serum": 3966425.602591,
    "mango-markets": 5999999.159277,
    "raydium": 18928.784889,
    "ethereum": 1467.434192
  },
  "pricesByCoingeckoId": {
    "BTC": 42035,
    "SOL": 142.74,
    "ETH": 3171.36,
    "mSOL": 145.93,
    "FTT": 38.11,
    "SRM": 3.04,
    "USDC": 1,
    "MNGO": 0.195841,
    "scnSOL": 145.58,
    "SBR": 0.085431,
    "LUNA": 73.22,
    "RAY": 5.38
  },
  "sharePricesByGlobalId": {
    "mainnet_income_call_sol": 1.03708,
    "mainnet_income_call_marinade": 1.02581,
    "mainnet_income_call_btc": 1.0644,
    "mainnet_income_call_sbr": 1,
    "mainnet_income_call_ftt": 1.01481,
    "mainnet_income_put_mngo": 1.00062,
    "mainnet_income_call_luna": 1.01873,
    "mainnet_income_call_socean": 1.01266,
    "mainnet_income_call_srm": 1.00834,
    "mainnet_income_call_mngo": 1.01232,
    "mainnet_income_call_ray": 1,
    "mainnet_income_call_eth": 1.01181,
    "mainnet_income_put_sol": 1.00376,
    "mainnet_income_put_btc": 1
  },
  "depositTokenByGlobalId": {
    "mainnet_income_call_sol": 129505.454759574,
    "mainnet_income_call_marinade": 137313.151903942,
    "mainnet_income_call_btc": 355.630356,
    "mainnet_income_call_sbr": 11000000,
    "mainnet_income_call_ftt": 72772.388738,
    "mainnet_income_put_mngo": 426442,
    "mainnet_income_call_luna": 39999.999397,
    "mainnet_income_call_socean": 5499.990099232,
    "mainnet_income_call_srm": 3966425.602591,
    "mainnet_income_call_mngo": 5999999.159277,
    "mainnet_income_call_ray": 18928.784889,
    "mainnet_income_call_eth": 1467.434192,
    "mainnet_income_put_sol": 10000000,
    "mainnet_income_put_btc": 2354377.79
  },
  "usdValueByGlobalId": {
    "mainnet_income_call_sol": 18485608.61,
    "mainnet_income_call_marinade": 20038108.26,
    "mainnet_income_call_btc": 14948922.01,
    "mainnet_income_call_sbr": 939741,
    "mainnet_income_call_ftt": 2773355.73,
    "mainnet_income_put_mngo": 426442,
    "mainnet_income_call_luna": 2928799.96,
    "mainnet_income_call_socean": 800688.56,
    "mainnet_income_call_srm": 12057933.83,
    "mainnet_income_call_mngo": 1175045.84,
    "mainnet_income_call_ray": 101836.86,
    "mainnet_income_call_eth": 4653762.1,
    "mainnet_income_put_sol": 10000000,
    "mainnet_income_put_btc": 2354377.79
  }
}