{
  "totalTvlUSD": 111031042.81,
  "coinsByCoingeckoId": {
    "solana": 173708.79157887,
    "msol": 163130.201969314,
    "bitcoin": 428.536762,
    "saber": 19999999.49755,
    "ftx-token": 73566.52134,
    "terra-luna": 84839.152949,
    "terrausd": 145476.528858,
    "usd-coin": 13103144.285834998,
    "socean-staked-sol": 10999.997467117,
    "serum": 4206533.50914,
    "mango-markets": 9018168.55664,
    "raydium": 20010.49712,
    "ethereum": 1762.609017
  },
  "pricesByCoingeckoId": {
    "BTC": 41740,
    "SOL": 136.89,
    "ETH": 3157.38,
    "mSOL": 140.43,
    "FTT": 43.74,
    "SRM": 2.94,
    "USDC": 1,
    "MNGO": 0.198307,
    "scnSOL": 139.85,
    "SBR": 0.111705,
    "LUNA": 75.39,
    "UST": 1,
    "RAY": 5.04
  },
  "sharePricesByGlobalId": {
    "mainnet_income_call_sol": 1.05342,
    "mainnet_income_call_marinade": 1.03017,
    "mainnet_income_call_btc": 1.06976,
    "mainnet_income_call_sbr": 1.04667,
    "mainnet_income_call_ftt": 1.02068,
    "mainnet_income_call_luna": 1.02692,
    "mainnet_income_put_luna": 1,
    "mainnet_income_put_mngo": 1.00201,
    "mainnet_income_call_socean": 1.01629,
    "mainnet_income_call_srm": 1.01304,
    "mainnet_income_call_mngo": 1.01322,
    "mainnet_income_call_ray": 1.00275,
    "mainnet_income_call_eth": 1.01667,
    "mainnet_income_put_sol": 1.00281,
    "mainnet_income_put_btc": 1.00329
  },
  "depositTokenByGlobalId": {
    "mainnet_income_call_sol": 173708.79157887,
    "mainnet_income_call_marinade": 163130.201969314,
    "mainnet_income_call_btc": 428.536762,
    "mainnet_income_call_sbr": 19999999.49755,
    "mainnet_income_call_ftt": 73566.52134,
    "mainnet_income_call_luna": 84839.152949,
    "mainnet_income_put_luna": 145476.528858,
    "mainnet_income_put_mngo": 397677.27,
    "mainnet_income_call_socean": 10999.997467117,
    "mainnet_income_call_srm": 4206533.50914,
    "mainnet_income_call_mngo": 9018168.55664,
    "mainnet_income_call_ray": 20010.49712,
    "mainnet_income_call_eth": 1762.609017,
    "mainnet_income_put_sol": 11579662.98,
    "mainnet_income_put_btc": 1125804.04
  },
  "usdValueByGlobalId": {
    "mainnet_income_call_sol": 23778996.48,
    "mainnet_income_call_marinade": 22908374.26,
    "mainnet_income_call_btc": 17887124.45,
    "mainnet_income_call_sbr": 2234099.94,
    "mainnet_income_call_ftt": 3217799.64,
    "mainnet_income_call_luna": 6396023.74,
    "mainnet_income_put_luna": 145476.53,
    "mainnet_income_put_mngo": 397677.27,
    "mainnet_income_call_socean": 1538349.65,
    "mainnet_income_call_srm": 12367208.52,
    "mainnet_income_call_mngo": 1788365.95,
    "mainnet_income_call_ray": 100852.91,
    "mainnet_income_call_eth": 5565226.46,
    "mainnet_income_put_sol": 11579662.98,
    "mainnet_income_put_btc": 1125804.04
  },
  "globalIdToDepositTokenCoingeckoId": {
    "mainnet_income_call_sol": "solana",
    "mainnet_income_call_marinade": "msol",
    "mainnet_income_call_btc": "bitcoin",
    "mainnet_income_call_sbr": "saber",
    "mainnet_income_call_ftt": "ftx-token",
    "mainnet_income_call_luna": "terra-luna",
    "mainnet_income_put_luna": "terrausd",
    "mainnet_income_put_mngo": "usd-coin",
    "mainnet_income_call_socean": "socean-staked-sol",
    "mainnet_income_call_srm": "serum",
    "mainnet_income_call_mngo": "mango-markets",
    "mainnet_income_call_ray": "raydium",
    "mainnet_income_call_eth": "ethereum",
    "mainnet_income_put_sol": "usd-coin",
    "mainnet_income_put_btc": "usd-coin"
  }
}