{
  "totalTvlUSD": 102292237.37,
  "coinsByCoingeckoId": {
    "solana": 137188.81431187,
    "msol": 157841.768733584,
    "bitcoin": 405.925008,
    "saber": 17044502.592638,
    "ftx-token": 62705.500592,
    "usd-coin": 11563452.683931999,
    "terra-luna": 64348.389503,
    "socean-staked-sol": 10577.846890044,
    "serum": 4027606.680771,
    "mango-markets": 8649491.883933,
    "raydium": 16185.11108,
    "ethereum": 1686.431815
  },
  "pricesByCoingeckoId": {
    "BTC": 42253,
    "SOL": 144.27,
    "ETH": 3229.14,
    "mSOL": 148.06,
    "FTT": 42.96,
    "SRM": 3.08,
    "USDC": 1,
    "MNGO": 0.195898,
    "scnSOL": 146.87,
    "SBR": 0.089122,
    "LUNA": 77.98,
    "RAY": 5.28
  },
  "sharePricesByGlobalId": {
    "mainnet_income_call_sol": 1.04444,
    "mainnet_income_call_marinade": 1.03017,
    "mainnet_income_call_btc": 1.06814,
    "mainnet_income_call_sbr": 1.04667,
    "mainnet_income_call_ftt": 1.02068,
    "mainnet_income_put_mngo": 1.00201,
    "mainnet_income_call_luna": 1.02692,
    "mainnet_income_call_socean": 1.01629,
    "mainnet_income_call_srm": 1.01304,
    "mainnet_income_call_mngo": 1.01322,
    "mainnet_income_call_ray": 1.00275,
    "mainnet_income_call_eth": 1.01502,
    "mainnet_income_put_sol": 1.00281,
    "mainnet_income_put_btc": 1.00329
  },
  "depositTokenByGlobalId": {
    "mainnet_income_call_sol": 137188.81431187,
    "mainnet_income_call_marinade": 157841.768733584,
    "mainnet_income_call_btc": 405.925008,
    "mainnet_income_call_sbr": 17044502.592638,
    "mainnet_income_call_ftt": 62705.500592,
    "mainnet_income_put_mngo": 391820.22,
    "mainnet_income_call_luna": 64348.389503,
    "mainnet_income_call_socean": 10577.846890044,
    "mainnet_income_call_srm": 4027606.680771,
    "mainnet_income_call_mngo": 8649491.883933,
    "mainnet_income_call_ray": 16185.11108,
    "mainnet_income_call_eth": 1686.431815,
    "mainnet_income_put_sol": 10047440.13,
    "mainnet_income_put_btc": 1124192.33
  },
  "usdValueByGlobalId": {
    "mainnet_income_call_sol": 19792230.24,
    "mainnet_income_call_marinade": 23370052.28,
    "mainnet_income_call_btc": 17151549.36,
    "mainnet_income_call_sbr": 1519040.16,
    "mainnet_income_call_ftt": 2693828.31,
    "mainnet_income_put_mngo": 391820.22,
    "mainnet_income_call_luna": 5017887.41,
    "mainnet_income_call_socean": 1553568.37,
    "mainnet_income_call_srm": 12405028.58,
    "mainnet_income_call_mngo": 1694418.16,
    "mainnet_income_call_ray": 85457.39,
    "mainnet_income_call_eth": 5445724.43,
    "mainnet_income_put_sol": 10047440.13,
    "mainnet_income_put_btc": 1124192.33
  },
  "globalIdToDepositTokenCoingeckoId": {
    "mainnet_income_call_sol": "solana",
    "mainnet_income_call_marinade": "msol",
    "mainnet_income_call_btc": "bitcoin",
    "mainnet_income_call_sbr": "saber",
    "mainnet_income_call_ftt": "ftx-token",
    "mainnet_income_put_mngo": "usd-coin",
    "mainnet_income_call_luna": "terra-luna",
    "mainnet_income_call_socean": "socean-staked-sol",
    "mainnet_income_call_srm": "serum",
    "mainnet_income_call_mngo": "mango-markets",
    "mainnet_income_call_ray": "raydium",
    "mainnet_income_call_eth": "ethereum",
    "mainnet_income_put_sol": "usd-coin",
    "mainnet_income_put_btc": "usd-coin"
  }
}