{
  "totalTvlUSD": 116107707.68,
  "coinsByCoingeckoId": {
    "solana": 181336.55377887,
    "msol": 166827.236740579,
    "bitcoin": 433.59918,
    "saber": 19999999.760273,
    "ftx-token": 75337.796317,
    "terra-luna": 87702.607621,
    "terrausd": 192217.274173,
    "usd-coin": 14313921.229473999,
    "socean-staked-sol": 11000,
    "serum": 4217123.358139,
    "mango-markets": 9183845.068471,
    "raydium": 20944.198635,
    "ethereum": 1865.744644
  },
  "pricesByCoingeckoId": {
    "BTC": 42490,
    "SOL": 136.61,
    "ETH": 3180.04,
    "mSOL": 140.47,
    "FTT": 48.12,
    "SRM": 2.92,
    "USDC": 1,
    "MNGO": 0.208476,
    "scnSOL": 142.03,
    "SBR": 0.110461,
    "LUNA": 82.76,
    "UST": 0.999249,
    "RAY": 5.08
  },
  "sharePricesByGlobalId": {
    "mainnet_income_call_sol": 1.05342,
    "mainnet_income_call_marinade": 1.03017,
    "mainnet_income_call_btc": 1.06976,
    "mainnet_income_call_sbr": 1.04667,
    "mainnet_income_call_ftt": 1.02068,
    "mainnet_income_call_luna": 1.02692,
    "mainnet_income_put_luna": 1,
    "mainnet_income_put_mngo": 1.00201,
    "mainnet_income_call_socean": 1.01629,
    "mainnet_income_call_srm": 1.01304,
    "mainnet_income_call_mngo": 1.01322,
    "mainnet_income_call_ray": 1.00275,
    "mainnet_income_call_eth": 1.01667,
    "mainnet_income_put_sol": 1.00281,
    "mainnet_income_put_btc": 1.00329
  },
  "depositTokenByGlobalId": {
    "mainnet_income_call_sol": 181336.55377887,
    "mainnet_income_call_marinade": 166827.236740579,
    "mainnet_income_call_btc": 433.59918,
    "mainnet_income_call_sbr": 19999999.760273,
    "mainnet_income_call_ftt": 75337.796317,
    "mainnet_income_call_luna": 87702.607621,
    "mainnet_income_put_luna": 192217.274173,
    "mainnet_income_put_mngo": 410509.79,
    "mainnet_income_call_socean": 11000,
    "mainnet_income_call_srm": 4217123.358139,
    "mainnet_income_call_mngo": 9183845.068471,
    "mainnet_income_call_ray": 20944.198635,
    "mainnet_income_call_eth": 1865.744644,
    "mainnet_income_put_sol": 12777547.4,
    "mainnet_income_put_btc": 1125864.04
  },
  "usdValueByGlobalId": {
    "mainnet_income_call_sol": 24801400.46,
    "mainnet_income_call_marinade": 23434221.94,
    "mainnet_income_call_btc": 18437937.93,
    "mainnet_income_call_sbr": 2209219.97,
    "mainnet_income_call_ftt": 3627514.89,
    "mainnet_income_call_luna": 7260898.88,
    "mainnet_income_put_luna": 192111.75,
    "mainnet_income_put_mngo": 410509.79,
    "mainnet_income_call_socean": 1562330,
    "mainnet_income_call_srm": 12314000.21,
    "mainnet_income_call_mngo": 1914611.28,
    "mainnet_income_call_ray": 106396.53,
    "mainnet_income_call_eth": 5933142.6,
    "mainnet_income_put_sol": 12777547.4,
    "mainnet_income_put_btc": 1125864.04
  },
  "globalIdToDepositTokenCoingeckoId": {
    "mainnet_income_call_sol": "solana",
    "mainnet_income_call_marinade": "msol",
    "mainnet_income_call_btc": "bitcoin",
    "mainnet_income_call_sbr": "saber",
    "mainnet_income_call_ftt": "ftx-token",
    "mainnet_income_call_luna": "terra-luna",
    "mainnet_income_put_luna": "terrausd",
    "mainnet_income_put_mngo": "usd-coin",
    "mainnet_income_call_socean": "socean-staked-sol",
    "mainnet_income_call_srm": "serum",
    "mainnet_income_call_mngo": "mango-markets",
    "mainnet_income_call_ray": "raydium",
    "mainnet_income_call_eth": "ethereum",
    "mainnet_income_put_sol": "usd-coin",
    "mainnet_income_put_btc": "usd-coin"
  }
}