{
  "totalTvlUSD": 91717251.51,
  "coinsByCoingeckoId": {
    "solana": 195293.249008812,
    "msol": 166577.954636278,
    "bitcoin": 446.505423,
    "saber": 19999999.398257,
    "ftx-token": 67786.905764,
    "terra-luna": 91261.518322,
    "terrausd": 221068.379823,
    "usd-coin": 15586193.565043999,
    "socean-staked-sol": 11000,
    "serum": 4241072.803259,
    "mango-markets": 7875859.754746,
    "raydium": 23839.179952,
    "ethereum": 1775.972409
  },
  "pricesByCoingeckoId": {
    "BTC": 36714,
    "SOL": 93.13,
    "ETH": 2488.86,
    "mSOL": 96.12,
    "FTT": 38.99,
    "SRM": 2.14,
    "USDC": 1,
    "MNGO": 0.157487,
    "scnSOL": 95.34,
    "SBR": 0.067759,
    "LUNA": 59.67,
    "UST": 0.998498,
    "RAY": 3.57
  },
  "sharePricesByGlobalId": {
    "mainnet_income_call_sol": 1.05252,
    "mainnet_income_call_marinade": 1.03727,
    "mainnet_income_call_btc": 1.0696,
    "mainnet_income_call_sbr": 1.05044,
    "mainnet_income_call_ftt": 1.02696,
    "mainnet_income_call_luna": 1.0374,
    "mainnet_income_put_luna": 1,
    "mainnet_income_put_mngo": 1.00322,
    "mainnet_income_call_socean": 1.02395,
    "mainnet_income_call_srm": 1.02041,
    "mainnet_income_call_mngo": 1.01533,
    "mainnet_income_call_ray": 1.01764,
    "mainnet_income_call_eth": 1.0165,
    "mainnet_income_put_sol": 1.01183,
    "mainnet_income_put_btc": 1.00606
  },
  "depositTokenByGlobalId": {
    "mainnet_income_call_sol": 195293.249008812,
    "mainnet_income_call_marinade": 166577.954636278,
    "mainnet_income_call_btc": 446.505423,
    "mainnet_income_call_sbr": 19999999.398257,
    "mainnet_income_call_ftt": 67786.905764,
    "mainnet_income_call_luna": 91261.518322,
    "mainnet_income_put_luna": 221068.379823,
    "mainnet_income_put_mngo": 249437.27,
    "mainnet_income_call_socean": 11000,
    "mainnet_income_call_srm": 4241072.803259,
    "mainnet_income_call_mngo": 7875859.754746,
    "mainnet_income_call_ray": 23839.179952,
    "mainnet_income_call_eth": 1775.972409,
    "mainnet_income_put_sol": 14198032.77,
    "mainnet_income_put_btc": 1138723.52
  },
  "usdValueByGlobalId": {
    "mainnet_income_call_sol": 18187660.28,
    "mainnet_income_call_marinade": 16011473,
    "mainnet_income_call_btc": 16393000.1,
    "mainnet_income_call_sbr": 1357779.96,
    "mainnet_income_call_ftt": 2643011.46,
    "mainnet_income_call_luna": 5445574.8,
    "mainnet_income_put_luna": 220736.34,
    "mainnet_income_put_mngo": 249437.27,
    "mainnet_income_call_socean": 1048740,
    "mainnet_income_call_srm": 9075895.8,
    "mainnet_income_call_mngo": 1240345.53,
    "mainnet_income_call_ray": 85344.26,
    "mainnet_income_call_eth": 4421496.43,
    "mainnet_income_put_sol": 14198032.77,
    "mainnet_income_put_btc": 1138723.52
  },
  "globalIdToDepositTokenCoingeckoId": {
    "mainnet_income_call_sol": "solana",
    "mainnet_income_call_marinade": "msol",
    "mainnet_income_call_btc": "bitcoin",
    "mainnet_income_call_sbr": "saber",
    "mainnet_income_call_ftt": "ftx-token",
    "mainnet_income_call_luna": "terra-luna",
    "mainnet_income_put_luna": "terrausd",
    "mainnet_income_put_mngo": "usd-coin",
    "mainnet_income_call_socean": "socean-staked-sol",
    "mainnet_income_call_srm": "serum",
    "mainnet_income_call_mngo": "mango-markets",
    "mainnet_income_call_ray": "raydium",
    "mainnet_income_call_eth": "ethereum",
    "mainnet_income_put_sol": "usd-coin",
    "mainnet_income_put_btc": "usd-coin"
  }
}