{
  "totalTvlUSD": 92272056.44,
  "coinsByCoingeckoId": {
    "solana": 183255.368958812,
    "msol": 159719.183452622,
    "bitcoin": 426.45062,
    "saber": 18399285.100253,
    "ftx-token": 65585.449226,
    "terra-luna": 77678.509197,
    "terrausd": 205355.385439,
    "usd-coin": 13990766.238714999,
    "socean-staked-sol": 10999.999764954,
    "serum": 4226672.705572,
    "mango-markets": 7784756.149321,
    "raydium": 20933.234226,
    "ethereum": 1740.177641
  },
  "pricesByCoingeckoId": {
    "BTC": 35930,
    "SOL": 105.9,
    "ETH": 2514.91,
    "mSOL": 109.67,
    "FTT": 37.7,
    "SRM": 2.36,
    "USDC": 1,
    "MNGO": 0.178497,
    "scnSOL": 109.87,
    "SBR": 0.084997,
    "LUNA": 61.28,
    "UST": 0.998975,
    "RAY": 4.04
  },
  "sharePricesByGlobalId": {
    "mainnet_income_call_sol": 1.05252,
    "mainnet_income_call_marinade": 1.03727,
    "mainnet_income_call_btc": 1.0696,
    "mainnet_income_call_sbr": 1.05044,
    "mainnet_income_call_ftt": 1.02696,
    "mainnet_income_call_luna": 1.0374,
    "mainnet_income_put_luna": 1,
    "mainnet_income_put_mngo": 1.00322,
    "mainnet_income_call_socean": 1.02395,
    "mainnet_income_call_srm": 1.02041,
    "mainnet_income_call_mngo": 1.01533,
    "mainnet_income_call_ray": 1.01764,
    "mainnet_income_call_eth": 1.0165,
    "mainnet_income_put_sol": 1.01183,
    "mainnet_income_put_btc": 1.00606
  },
  "depositTokenByGlobalId": {
    "mainnet_income_call_sol": 183255.368958812,
    "mainnet_income_call_marinade": 159719.183452622,
    "mainnet_income_call_btc": 426.45062,
    "mainnet_income_call_sbr": 18399285.100253,
    "mainnet_income_call_ftt": 65585.449226,
    "mainnet_income_call_luna": 77678.509197,
    "mainnet_income_put_luna": 205355.385439,
    "mainnet_income_put_mngo": 248683.41,
    "mainnet_income_call_socean": 10999.999764954,
    "mainnet_income_call_srm": 4226672.705572,
    "mainnet_income_call_mngo": 7784756.149321,
    "mainnet_income_call_ray": 20933.234226,
    "mainnet_income_call_eth": 1740.177641,
    "mainnet_income_put_sol": 12604890.99,
    "mainnet_income_put_btc": 1137191.84
  },
  "usdValueByGlobalId": {
    "mainnet_income_call_sol": 19406743.57,
    "mainnet_income_call_marinade": 17516402.85,
    "mainnet_income_call_btc": 15322370.78,
    "mainnet_income_call_sbr": 1563884.04,
    "mainnet_income_call_ftt": 2472571.44,
    "mainnet_income_call_luna": 4760139.04,
    "mainnet_income_put_luna": 205144.9,
    "mainnet_income_put_mngo": 248683.41,
    "mainnet_income_call_socean": 1208569.97,
    "mainnet_income_call_srm": 9974947.59,
    "mainnet_income_call_mngo": 1389555.62,
    "mainnet_income_call_ray": 84570.27,
    "mainnet_income_call_eth": 4376390.15,
    "mainnet_income_put_sol": 12604890.99,
    "mainnet_income_put_btc": 1137191.84
  },
  "globalIdToDepositTokenCoingeckoId": {
    "mainnet_income_call_sol": "solana",
    "mainnet_income_call_marinade": "msol",
    "mainnet_income_call_btc": "bitcoin",
    "mainnet_income_call_sbr": "saber",
    "mainnet_income_call_ftt": "ftx-token",
    "mainnet_income_call_luna": "terra-luna",
    "mainnet_income_put_luna": "terrausd",
    "mainnet_income_put_mngo": "usd-coin",
    "mainnet_income_call_socean": "socean-staked-sol",
    "mainnet_income_call_srm": "serum",
    "mainnet_income_call_mngo": "mango-markets",
    "mainnet_income_call_ray": "raydium",
    "mainnet_income_call_eth": "ethereum",
    "mainnet_income_put_sol": "usd-coin",
    "mainnet_income_put_btc": "usd-coin"
  }
}