{
  "totalTvlUSD": 96371777.03,
  "coinsByCoingeckoId": {
    "solana": 194305.646008812,
    "msol": 164379.947992759,
    "bitcoin": 443.236057,
    "saber": 19999998.066329,
    "ftx-token": 67457.392391,
    "terra-luna": 88190.602307,
    "terrausd": 215067.880156,
    "usd-coin": 14842074.899566,
    "socean-staked-sol": 11000,
    "serum": 4239570.299336,
    "mango-markets": 7874157.260761,
    "raydium": 23764.377089,
    "ethereum": 1768.191515
  },
  "pricesByCoingeckoId": {
    "BTC": 39372,
    "SOL": 103.97,
    "ETH": 2727.23,
    "mSOL": 102.83,
    "FTT": 39.16,
    "SRM": 2.28,
    "USDC": 1,
    "MNGO": 0.15788,
    "scnSOL": 103.19,
    "SBR": 0.068714,
    "LUNA": 65.55,
    "UST": 1.02,
    "RAY": 3.81
  },
  "sharePricesByGlobalId": {
    "mainnet_income_call_sol": 1.05252,
    "mainnet_income_call_marinade": 1.03727,
    "mainnet_income_call_btc": 1.0696,
    "mainnet_income_call_sbr": 1.05044,
    "mainnet_income_call_ftt": 1.02696,
    "mainnet_income_call_luna": 1.0374,
    "mainnet_income_put_luna": 1,
    "mainnet_income_put_mngo": 1.00322,
    "mainnet_income_call_socean": 1.02395,
    "mainnet_income_call_srm": 1.02041,
    "mainnet_income_call_mngo": 1.01533,
    "mainnet_income_call_ray": 1.01764,
    "mainnet_income_call_eth": 1.0165,
    "mainnet_income_put_sol": 1.01183,
    "mainnet_income_put_btc": 1.00606
  },
  "depositTokenByGlobalId": {
    "mainnet_income_call_sol": 194305.646008812,
    "mainnet_income_call_marinade": 164379.947992759,
    "mainnet_income_call_btc": 443.236057,
    "mainnet_income_call_sbr": 19999998.066329,
    "mainnet_income_call_ftt": 67457.392391,
    "mainnet_income_call_luna": 88190.602307,
    "mainnet_income_put_luna": 215067.880156,
    "mainnet_income_put_mngo": 249435.27,
    "mainnet_income_call_socean": 11000,
    "mainnet_income_call_srm": 4239570.299336,
    "mainnet_income_call_mngo": 7874157.260761,
    "mainnet_income_call_ray": 23764.377089,
    "mainnet_income_call_eth": 1768.191515,
    "mainnet_income_put_sol": 13453918.1,
    "mainnet_income_put_btc": 1138721.52
  },
  "usdValueByGlobalId": {
    "mainnet_income_call_sol": 20201958.02,
    "mainnet_income_call_marinade": 16903190.05,
    "mainnet_income_call_btc": 17451090.04,
    "mainnet_income_call_sbr": 1374279.87,
    "mainnet_income_call_ftt": 2641631.49,
    "mainnet_income_call_luna": 5780893.98,
    "mainnet_income_put_luna": 219369.24,
    "mainnet_income_put_mngo": 249435.27,
    "mainnet_income_call_socean": 1135090,
    "mainnet_income_call_srm": 9666220.28,
    "mainnet_income_call_mngo": 1243171.95,
    "mainnet_income_call_ray": 90542.28,
    "mainnet_income_call_eth": 4822264.95,
    "mainnet_income_put_sol": 13453918.1,
    "mainnet_income_put_btc": 1138721.52
  },
  "globalIdToDepositTokenCoingeckoId": {
    "mainnet_income_call_sol": "solana",
    "mainnet_income_call_marinade": "msol",
    "mainnet_income_call_btc": "bitcoin",
    "mainnet_income_call_sbr": "saber",
    "mainnet_income_call_ftt": "ftx-token",
    "mainnet_income_call_luna": "terra-luna",
    "mainnet_income_put_luna": "terrausd",
    "mainnet_income_put_mngo": "usd-coin",
    "mainnet_income_call_socean": "socean-staked-sol",
    "mainnet_income_call_srm": "serum",
    "mainnet_income_call_mngo": "mango-markets",
    "mainnet_income_call_ray": "raydium",
    "mainnet_income_call_eth": "ethereum",
    "mainnet_income_put_sol": "usd-coin",
    "mainnet_income_put_btc": "usd-coin"
  }
}