{
  "totalTvlUSD": 90871559.09,
  "coinsByCoingeckoId": {
    "solana": 131236.045759574,
    "msol": 142147.627376259,
    "bitcoin": 365.949184,
    "saber": 11000000,
    "ftx-token": 76104.185874,
    "usd-coin": 12940448.040575,
    "terra-luna": 44123.001242,
    "socean-staked-sol": 5659.293871788,
    "serum": 3974013.550706,
    "mango-markets": 5999999.159277,
    "raydium": 18929.736609,
    "ethereum": 1472.616645
  },
  "pricesByCoingeckoId": {
    "BTC": 41850,
    "SOL": 135.97,
    "ETH": 3083.1,
    "mSOL": 139.2,
    "FTT": 37.99,
    "SRM": 2.92,
    "USDC": 1,
    "MNGO": 0.196118,
    "scnSOL": 137.94,
    "SBR": 0.075161,
    "LUNA": 69.56,
    "RAY": 5.08
  },
  "sharePricesByGlobalId": {
    "mainnet_income_call_sol": 1.03708,
    "mainnet_income_call_marinade": 1.02581,
    "mainnet_income_call_btc": 1.0644,
    "mainnet_income_call_sbr": 1,
    "mainnet_income_call_ftt": 1.01481,
    "mainnet_income_put_mngo": 1.00062,
    "mainnet_income_call_luna": 1.01873,
    "mainnet_income_call_socean": 1.01266,
    "mainnet_income_call_srm": 1.00834,
    "mainnet_income_call_mngo": 1.01232,
    "mainnet_income_call_ray": 1,
    "mainnet_income_call_eth": 1.01181,
    "mainnet_income_put_sol": 1.00376,
    "mainnet_income_put_btc": 1
  },
  "depositTokenByGlobalId": {
    "mainnet_income_call_sol": 131236.045759574,
    "mainnet_income_call_marinade": 142147.627376259,
    "mainnet_income_call_btc": 365.949184,
    "mainnet_income_call_sbr": 11000000,
    "mainnet_income_call_ftt": 76104.185874,
    "mainnet_income_put_mngo": 428653.05,
    "mainnet_income_call_luna": 44123.001242,
    "mainnet_income_call_socean": 5659.293871788,
    "mainnet_income_call_srm": 3974013.550706,
    "mainnet_income_call_mngo": 5999999.159277,
    "mainnet_income_call_ray": 18929.736609,
    "mainnet_income_call_eth": 1472.616645,
    "mainnet_income_put_sol": 10157417.2,
    "mainnet_income_put_btc": 2354377.79
  },
  "usdValueByGlobalId": {
    "mainnet_income_call_sol": 17844165.14,
    "mainnet_income_call_marinade": 19786949.73,
    "mainnet_income_call_btc": 15314973.35,
    "mainnet_income_call_sbr": 826771,
    "mainnet_income_call_ftt": 2891198.02,
    "mainnet_income_put_mngo": 428653.05,
    "mainnet_income_call_luna": 3069195.97,
    "mainnet_income_call_socean": 780643,
    "mainnet_income_call_srm": 11604119.57,
    "mainnet_income_call_mngo": 1176707.84,
    "mainnet_income_call_ray": 96163.06,
    "mainnet_income_call_eth": 4540224.38,
    "mainnet_income_put_sol": 10157417.2,
    "mainnet_income_put_btc": 2354377.79
  }
}