{
  "totalTvlUSD": 89456807.28,
  "coinsByCoingeckoId": {
    "solana": 190002.714008812,
    "msol": 163125.958231312,
    "bitcoin": 435.843072,
    "saber": 19999999.92845,
    "ftx-token": 66740.195906,
    "terra-luna": 82346.650605,
    "terrausd": 214674.472397,
    "usd-coin": 14258861.308801,
    "socean-staked-sol": 10999.999764954,
    "serum": 4235344.328247,
    "mango-markets": 7852506.297657,
    "raydium": 21717.055223,
    "ethereum": 1767.889112
  },
  "pricesByCoingeckoId": {
    "BTC": 37055,
    "SOL": 95.21,
    "ETH": 2461.66,
    "mSOL": 98.26,
    "FTT": 36.46,
    "SRM": 2.11,
    "USDC": 1,
    "MNGO": 0.155287,
    "scnSOL": 97.27,
    "SBR": 0.066824,
    "LUNA": 64.22,
    "UST": 1,
    "RAY": 3.6
  },
  "sharePricesByGlobalId": {
    "mainnet_income_call_sol": 1.05252,
    "mainnet_income_call_marinade": 1.03727,
    "mainnet_income_call_btc": 1.0696,
    "mainnet_income_call_sbr": 1.05044,
    "mainnet_income_call_ftt": 1.02696,
    "mainnet_income_call_luna": 1.0374,
    "mainnet_income_put_luna": 1,
    "mainnet_income_put_mngo": 1.00322,
    "mainnet_income_call_socean": 1.02395,
    "mainnet_income_call_srm": 1.02041,
    "mainnet_income_call_mngo": 1.01533,
    "mainnet_income_call_ray": 1.01764,
    "mainnet_income_call_eth": 1.0165,
    "mainnet_income_put_sol": 1.01183,
    "mainnet_income_put_btc": 1.00606
  },
  "depositTokenByGlobalId": {
    "mainnet_income_call_sol": 190002.714008812,
    "mainnet_income_call_marinade": 163125.958231312,
    "mainnet_income_call_btc": 435.843072,
    "mainnet_income_call_sbr": 19999999.92845,
    "mainnet_income_call_ftt": 66740.195906,
    "mainnet_income_call_luna": 82346.650605,
    "mainnet_income_put_luna": 214674.472397,
    "mainnet_income_put_mngo": 249185.27,
    "mainnet_income_call_socean": 10999.999764954,
    "mainnet_income_call_srm": 4235344.328247,
    "mainnet_income_call_mngo": 7852506.297657,
    "mainnet_income_call_ray": 21717.055223,
    "mainnet_income_call_eth": 1767.889112,
    "mainnet_income_put_sol": 12870954.51,
    "mainnet_income_put_btc": 1138721.52
  },
  "usdValueByGlobalId": {
    "mainnet_income_call_sol": 18090158.4,
    "mainnet_income_call_marinade": 16028756.66,
    "mainnet_income_call_btc": 16150165.03,
    "mainnet_income_call_sbr": 1336480,
    "mainnet_income_call_ftt": 2433347.54,
    "mainnet_income_call_luna": 5288301.9,
    "mainnet_income_put_luna": 214674.47,
    "mainnet_income_put_mngo": 249185.27,
    "mainnet_income_call_socean": 1069969.98,
    "mainnet_income_call_srm": 8936576.53,
    "mainnet_income_call_mngo": 1219392.15,
    "mainnet_income_call_ray": 78181.4,
    "mainnet_income_call_eth": 4351941.91,
    "mainnet_income_put_sol": 12870954.51,
    "mainnet_income_put_btc": 1138721.52
  },
  "globalIdToDepositTokenCoingeckoId": {
    "mainnet_income_call_sol": "solana",
    "mainnet_income_call_marinade": "msol",
    "mainnet_income_call_btc": "bitcoin",
    "mainnet_income_call_sbr": "saber",
    "mainnet_income_call_ftt": "ftx-token",
    "mainnet_income_call_luna": "terra-luna",
    "mainnet_income_put_luna": "terrausd",
    "mainnet_income_put_mngo": "usd-coin",
    "mainnet_income_call_socean": "socean-staked-sol",
    "mainnet_income_call_srm": "serum",
    "mainnet_income_call_mngo": "mango-markets",
    "mainnet_income_call_ray": "raydium",
    "mainnet_income_call_eth": "ethereum",
    "mainnet_income_put_sol": "usd-coin",
    "mainnet_income_put_btc": "usd-coin"
  }
}