{
  "totalTvlUSD": 95177145.74,
  "coinsByCoingeckoId": {
    "solana": 132244.640759574,
    "msol": 144785.328494296,
    "bitcoin": 366.33578,
    "saber": 11000000,
    "ftx-token": 76169.786905,
    "usd-coin": 13101337.074307,
    "terra-luna": 56470.926442,
    "socean-staked-sol": 7062.892405674,
    "serum": 3974644.201194,
    "mango-markets": 5999999.159277,
    "raydium": 19199.667605,
    "ethereum": 1479.921175
  },
  "pricesByCoingeckoId": {
    "BTC": 42635,
    "SOL": 140.48,
    "ETH": 3185.97,
    "mSOL": 143.8,
    "FTT": 39.16,
    "SRM": 3.03,
    "USDC": 1,
    "MNGO": 0.204122,
    "scnSOL": 141.47,
    "SBR": 0.07882,
    "LUNA": 73.07,
    "RAY": 5.26
  },
  "sharePricesByGlobalId": {
    "mainnet_income_call_sol": 1.03708,
    "mainnet_income_call_marinade": 1.02581,
    "mainnet_income_call_btc": 1.0644,
    "mainnet_income_call_sbr": 1,
    "mainnet_income_call_ftt": 1.01481,
    "mainnet_income_put_mngo": 1.00062,
    "mainnet_income_call_luna": 1.01873,
    "mainnet_income_call_socean": 1.01266,
    "mainnet_income_call_srm": 1.00834,
    "mainnet_income_call_mngo": 1.01232,
    "mainnet_income_call_ray": 1,
    "mainnet_income_call_eth": 1.01181,
    "mainnet_income_put_sol": 1.00376,
    "mainnet_income_put_btc": 1
  },
  "depositTokenByGlobalId": {
    "mainnet_income_call_sol": 132244.640759574,
    "mainnet_income_call_marinade": 144785.328494296,
    "mainnet_income_call_btc": 366.33578,
    "mainnet_income_call_sbr": 11000000,
    "mainnet_income_call_ftt": 76169.786905,
    "mainnet_income_put_mngo": 429859.76,
    "mainnet_income_call_luna": 56470.926442,
    "mainnet_income_call_socean": 7062.892405674,
    "mainnet_income_call_srm": 3974644.201194,
    "mainnet_income_call_mngo": 5999999.159277,
    "mainnet_income_call_ray": 19199.667605,
    "mainnet_income_call_eth": 1479.921175,
    "mainnet_income_put_sol": 10317099.53,
    "mainnet_income_put_btc": 2354377.79
  },
  "usdValueByGlobalId": {
    "mainnet_income_call_sol": 18577727.13,
    "mainnet_income_call_marinade": 20820130.24,
    "mainnet_income_call_btc": 15618725.98,
    "mainnet_income_call_sbr": 867020,
    "mainnet_income_call_ftt": 2982808.86,
    "mainnet_income_put_mngo": 429859.76,
    "mainnet_income_call_luna": 4126330.6,
    "mainnet_income_call_socean": 999187.39,
    "mainnet_income_call_srm": 12043171.93,
    "mainnet_income_call_mngo": 1224731.83,
    "mainnet_income_call_ray": 100990.25,
    "mainnet_income_call_eth": 4714984.47,
    "mainnet_income_put_sol": 10317099.53,
    "mainnet_income_put_btc": 2354377.79
  }
}