{
  "totalTvlUSD": 91699736.62,
  "coinsByCoingeckoId": {
    "solana": 128909.783350644,
    "msol": 136442.463274246,
    "bitcoin": 355.195506,
    "saber": 11000000,
    "ftx-token": 72683.309225,
    "usd-coin": 12777242.187611,
    "terra-luna": 39999.999397,
    "socean-staked-sol": 5499.990099232,
    "serum": 3966379.6449,
    "mango-markets": 5999999.159277,
    "raydium": 18918.099566,
    "ethereum": 1435.793207
  },
  "pricesByCoingeckoId": {
    "BTC": 42314,
    "SOL": 143.78,
    "ETH": 3168.82,
    "mSOL": 146.76,
    "FTT": 37.15,
    "SRM": 3.07,
    "USDC": 1,
    "MNGO": 0.191675,
    "scnSOL": 144.68,
    "SBR": 0.087208,
    "LUNA": 72.51,
    "RAY": 5.37
  },
  "sharePricesByGlobalId": {
    "mainnet_income_call_sol": 1.03708,
    "mainnet_income_call_marinade": 1.02581,
    "mainnet_income_call_btc": 1.0644,
    "mainnet_income_call_sbr": 1,
    "mainnet_income_call_ftt": 1.01481,
    "mainnet_income_put_mngo": 1,
    "mainnet_income_call_luna": 1.01873,
    "mainnet_income_call_socean": 1.01266,
    "mainnet_income_call_srm": 1.00834,
    "mainnet_income_call_mngo": 1.01232,
    "mainnet_income_call_ray": 1,
    "mainnet_income_call_eth": 1.01181,
    "mainnet_income_put_sol": 1,
    "mainnet_income_put_btc": 1
  },
  "depositTokenByGlobalId": {
    "mainnet_income_call_sol": 128909.783350644,
    "mainnet_income_call_marinade": 136442.463274246,
    "mainnet_income_call_btc": 355.195506,
    "mainnet_income_call_sbr": 11000000,
    "mainnet_income_call_ftt": 72683.309225,
    "mainnet_income_put_mngo": 424933.57,
    "mainnet_income_call_luna": 39999.999397,
    "mainnet_income_call_socean": 5499.990099232,
    "mainnet_income_call_srm": 3966379.6449,
    "mainnet_income_call_mngo": 5999999.159277,
    "mainnet_income_call_ray": 18918.099566,
    "mainnet_income_call_eth": 1435.793207,
    "mainnet_income_put_sol": 9999999.97,
    "mainnet_income_put_btc": 2352308.65
  },
  "usdValueByGlobalId": {
    "mainnet_income_call_sol": 18534648.65,
    "mainnet_income_call_marinade": 20024295.91,
    "mainnet_income_call_btc": 15029742.64,
    "mainnet_income_call_sbr": 959288,
    "mainnet_income_call_ftt": 2700184.94,
    "mainnet_income_put_mngo": 424933.57,
    "mainnet_income_call_luna": 2900399.96,
    "mainnet_income_call_socean": 795738.57,
    "mainnet_income_call_srm": 12176785.51,
    "mainnet_income_call_mngo": 1150049.84,
    "mainnet_income_call_ray": 101590.19,
    "mainnet_income_call_eth": 4549770.23,
    "mainnet_income_put_sol": 9999999.97,
    "mainnet_income_put_btc": 2352308.65
  }
}