{
  "totalTvlUSD": 112889841.98,
  "coinsByCoingeckoId": {
    "solana": 176325.48537887,
    "msol": 165569.077440838,
    "bitcoin": 429.391352,
    "saber": 19999999.760273,
    "ftx-token": 75115.491089,
    "terra-luna": 86463.263915,
    "terrausd": 164717.558158,
    "usd-coin": 13425895.396232,
    "socean-staked-sol": 11000,
    "serum": 4214600.282533,
    "mango-markets": 9041249.268517,
    "raydium": 20609.053884,
    "ethereum": 1797.989255
  },
  "pricesByCoingeckoId": {
    "BTC": 41924,
    "SOL": 136.38,
    "ETH": 3128.19,
    "mSOL": 140.02,
    "FTT": 46.2,
    "SRM": 2.93,
    "USDC": 1,
    "MNGO": 0.200959,
    "scnSOL": 140.36,
    "SBR": 0.113169,
    "LUNA": 79.76,
    "UST": 0.9987,
    "RAY": 5.01
  },
  "sharePricesByGlobalId": {
    "mainnet_income_call_sol": 1.05342,
    "mainnet_income_call_marinade": 1.03017,
    "mainnet_income_call_btc": 1.06976,
    "mainnet_income_call_sbr": 1.04667,
    "mainnet_income_call_ftt": 1.02068,
    "mainnet_income_call_luna": 1.02692,
    "mainnet_income_put_luna": 1,
    "mainnet_income_put_mngo": 1.00201,
    "mainnet_income_call_socean": 1.01629,
    "mainnet_income_call_srm": 1.01304,
    "mainnet_income_call_mngo": 1.01322,
    "mainnet_income_call_ray": 1.00275,
    "mainnet_income_call_eth": 1.01667,
    "mainnet_income_put_sol": 1.00281,
    "mainnet_income_put_btc": 1.00329
  },
  "depositTokenByGlobalId": {
    "mainnet_income_call_sol": 176325.48537887,
    "mainnet_income_call_marinade": 165569.077440838,
    "mainnet_income_call_btc": 429.391352,
    "mainnet_income_call_sbr": 19999999.760273,
    "mainnet_income_call_ftt": 75115.491089,
    "mainnet_income_call_luna": 86463.263915,
    "mainnet_income_put_luna": 164717.558158,
    "mainnet_income_put_mngo": 397710.67,
    "mainnet_income_call_socean": 11000,
    "mainnet_income_call_srm": 4214600.282533,
    "mainnet_income_call_mngo": 9041249.268517,
    "mainnet_income_call_ray": 20609.053884,
    "mainnet_income_call_eth": 1797.989255,
    "mainnet_income_put_sol": 11902370.69,
    "mainnet_income_put_btc": 1125814.04
  },
  "usdValueByGlobalId": {
    "mainnet_income_call_sol": 24047269.7,
    "mainnet_income_call_marinade": 23182982.22,
    "mainnet_income_call_btc": 18001803.04,
    "mainnet_income_call_sbr": 2263379.97,
    "mainnet_income_call_ftt": 3470335.69,
    "mainnet_income_call_luna": 6896309.93,
    "mainnet_income_put_luna": 164503.43,
    "mainnet_income_put_mngo": 397710.67,
    "mainnet_income_call_socean": 1543960,
    "mainnet_income_call_srm": 12348778.83,
    "mainnet_income_call_mngo": 1816920.41,
    "mainnet_income_call_ray": 103251.36,
    "mainnet_income_call_eth": 5624452.01,
    "mainnet_income_put_sol": 11902370.69,
    "mainnet_income_put_btc": 1125814.04
  },
  "globalIdToDepositTokenCoingeckoId": {
    "mainnet_income_call_sol": "solana",
    "mainnet_income_call_marinade": "msol",
    "mainnet_income_call_btc": "bitcoin",
    "mainnet_income_call_sbr": "saber",
    "mainnet_income_call_ftt": "ftx-token",
    "mainnet_income_call_luna": "terra-luna",
    "mainnet_income_put_luna": "terrausd",
    "mainnet_income_put_mngo": "usd-coin",
    "mainnet_income_call_socean": "socean-staked-sol",
    "mainnet_income_call_srm": "serum",
    "mainnet_income_call_mngo": "mango-markets",
    "mainnet_income_call_ray": "raydium",
    "mainnet_income_call_eth": "ethereum",
    "mainnet_income_put_sol": "usd-coin",
    "mainnet_income_put_btc": "usd-coin"
  }
}