{
  "totalTvlUSD": 45440798.77,
  "coinsByCoingeckoId": {
    "solana": 76256.744883664,
    "msol": 84055.049636147,
    "bitcoin": 190.910744,
    "ethereum": 181.206252,
    "ftx-token": 23822.568695,
    "serum": 211115.428382,
    "mango-markets": 964507.398396
  },
  "pricesByCoingeckoId": {
    "BTC": 51408,
    "SOL": 202.22,
    "ETH": 4098.86,
    "mSOL": 205.87,
    "FTT": 42.86,
    "SRM": 4.16,
    "USDC": 1,
    "MNGO": 0.268938
  },
  "sharePricesByGlobalId": {
    "mainnet_income_call_sol": 1.02193,
    "mainnet_income_call_marinade": 1.01091,
    "mainnet_income_call_btc": 1.05125,
    "mainnet_income_call_eth": 1.006,
    "mainnet_income_call_ftt": 1,
    "mainnet_income_call_srm": 1,
    "mainnet_income_call_mngo": 1
  }
}