{
  "totalTvlUSD": 89735804.32,
  "coinsByCoingeckoId": {
    "solana": 128779.567350644,
    "msol": 136381.806883541,
    "bitcoin": 355.172859,
    "saber": 11000000,
    "ftx-token": 72608.659584,
    "usd-coin": 12777012.187611,
    "terra-luna": 39999.999397,
    "socean-staked-sol": 5499.990099232,
    "serum": 3966288.775828,
    "mango-markets": 5999999.159277,
    "raydium": 18918.099566,
    "ethereum": 1433.050421
  },
  "pricesByCoingeckoId": {
    "BTC": 41646,
    "SOL": 139.27,
    "ETH": 3110.76,
    "mSOL": 142.67,
    "FTT": 36.18,
    "SRM": 3,
    "USDC": 1,
    "MNGO": 0.190027,
    "scnSOL": 141.89,
    "SBR": 0.085634,
    "LUNA": 70.71,
    "RAY": 5.28
  },
  "sharePricesByGlobalId": {
    "mainnet_income_call_sol": 1.03708,
    "mainnet_income_call_marinade": 1.02581,
    "mainnet_income_call_btc": 1.0644,
    "mainnet_income_call_sbr": 1,
    "mainnet_income_call_ftt": 1.01481,
    "mainnet_income_put_mngo": 1,
    "mainnet_income_call_luna": 1.01873,
    "mainnet_income_call_socean": 1.01266,
    "mainnet_income_call_srm": 1.00834,
    "mainnet_income_call_mngo": 1.01232,
    "mainnet_income_call_ray": 1,
    "mainnet_income_call_eth": 1.01181,
    "mainnet_income_put_sol": 1,
    "mainnet_income_put_btc": 1
  },
  "depositTokenByGlobalId": {
    "mainnet_income_call_sol": 128779.567350644,
    "mainnet_income_call_marinade": 136381.806883541,
    "mainnet_income_call_btc": 355.172859,
    "mainnet_income_call_sbr": 11000000,
    "mainnet_income_call_ftt": 72608.659584,
    "mainnet_income_put_mngo": 424933.57,
    "mainnet_income_call_luna": 39999.999397,
    "mainnet_income_call_socean": 5499.990099232,
    "mainnet_income_call_srm": 3966288.775828,
    "mainnet_income_call_mngo": 5999999.159277,
    "mainnet_income_call_ray": 18918.099566,
    "mainnet_income_call_eth": 1433.050421,
    "mainnet_income_put_sol": 9999999.97,
    "mainnet_income_put_btc": 2352078.65
  },
  "usdValueByGlobalId": {
    "mainnet_income_call_sol": 17935130.34,
    "mainnet_income_call_marinade": 19457592.39,
    "mainnet_income_call_btc": 14791528.89,
    "mainnet_income_call_sbr": 941974,
    "mainnet_income_call_ftt": 2626981.3,
    "mainnet_income_put_mngo": 424933.57,
    "mainnet_income_call_luna": 2828399.96,
    "mainnet_income_call_socean": 780393.6,
    "mainnet_income_call_srm": 11898866.33,
    "mainnet_income_call_mngo": 1140161.84,
    "mainnet_income_call_ray": 99887.57,
    "mainnet_income_call_eth": 4457875.93,
    "mainnet_income_put_sol": 9999999.97,
    "mainnet_income_put_btc": 2352078.65
  }
}