{
  "totalTvlUSD": 88872324.17,
  "coinsByCoingeckoId": {
    "solana": 129742.566759574,
    "msol": 137940.363789629,
    "bitcoin": 365.642281,
    "saber": 11000000,
    "ftx-token": 72791.540999,
    "usd-coin": 12781105.080565,
    "terra-luna": 39999.999397,
    "socean-staked-sol": 5499.990099232,
    "serum": 3966531.216187,
    "mango-markets": 5999999.159277,
    "raydium": 18928.784889,
    "ethereum": 1468.5432
  },
  "pricesByCoingeckoId": {
    "BTC": 40903,
    "SOL": 135.78,
    "ETH": 3038.56,
    "mSOL": 139.31,
    "FTT": 36.62,
    "SRM": 2.91,
    "USDC": 1,
    "MNGO": 0.193939,
    "scnSOL": 138.44,
    "SBR": 0.0804,
    "LUNA": 68.13,
    "RAY": 5.14
  },
  "sharePricesByGlobalId": {
    "mainnet_income_call_sol": 1.03708,
    "mainnet_income_call_marinade": 1.02581,
    "mainnet_income_call_btc": 1.0644,
    "mainnet_income_call_sbr": 1,
    "mainnet_income_call_ftt": 1.01481,
    "mainnet_income_put_mngo": 1.00062,
    "mainnet_income_call_luna": 1.01873,
    "mainnet_income_call_socean": 1.01266,
    "mainnet_income_call_srm": 1.00834,
    "mainnet_income_call_mngo": 1.01232,
    "mainnet_income_call_ray": 1,
    "mainnet_income_call_eth": 1.01181,
    "mainnet_income_put_sol": 1.00376,
    "mainnet_income_put_btc": 1
  },
  "depositTokenByGlobalId": {
    "mainnet_income_call_sol": 129742.566759574,
    "mainnet_income_call_marinade": 137940.363789629,
    "mainnet_income_call_btc": 365.642281,
    "mainnet_income_call_sbr": 11000000,
    "mainnet_income_call_ftt": 72791.540999,
    "mainnet_income_put_mngo": 426727.29,
    "mainnet_income_call_luna": 39999.999397,
    "mainnet_income_call_socean": 5499.990099232,
    "mainnet_income_call_srm": 3966531.216187,
    "mainnet_income_call_mngo": 5999999.159277,
    "mainnet_income_call_ray": 18928.784889,
    "mainnet_income_call_eth": 1468.5432,
    "mainnet_income_put_sol": 10000000,
    "mainnet_income_put_btc": 2354377.79
  },
  "usdValueByGlobalId": {
    "mainnet_income_call_sol": 17616445.71,
    "mainnet_income_call_marinade": 19216472.08,
    "mainnet_income_call_btc": 14955866.22,
    "mainnet_income_call_sbr": 884400,
    "mainnet_income_call_ftt": 2665626.23,
    "mainnet_income_put_mngo": 426727.29,
    "mainnet_income_call_luna": 2725199.96,
    "mainnet_income_call_socean": 761418.63,
    "mainnet_income_call_srm": 11542605.84,
    "mainnet_income_call_mngo": 1163633.84,
    "mainnet_income_call_ray": 97293.95,
    "mainnet_income_call_eth": 4462256.63,
    "mainnet_income_put_sol": 10000000,
    "mainnet_income_put_btc": 2354377.79
  }
}