{
  "totalTvlUSD": 98145074.34,
  "coinsByCoingeckoId": {
    "solana": 135098.121759574,
    "msol": 145809.309420398,
    "bitcoin": 369.798532,
    "saber": 11000000,
    "ftx-token": 76445.206473,
    "usd-coin": 13410140.422073,
    "terra-luna": 59700.356853,
    "socean-staked-sol": 7345.800171795,
    "serum": 3974874.806404,
    "mango-markets": 5999999.159377,
    "raydium": 19310.493998,
    "ethereum": 1486.524949
  },
  "pricesByCoingeckoId": {
    "BTC": 42829,
    "SOL": 142.69,
    "ETH": 3260.82,
    "mSOL": 145.91,
    "FTT": 39.9,
    "SRM": 3.14,
    "USDC": 1,
    "MNGO": 0.207233,
    "scnSOL": 144.99,
    "SBR": 0.083771,
    "LUNA": 77.5,
    "RAY": 5.42
  },
  "sharePricesByGlobalId": {
    "mainnet_income_call_sol": 1.03708,
    "mainnet_income_call_marinade": 1.02581,
    "mainnet_income_call_btc": 1.0644,
    "mainnet_income_call_sbr": 1,
    "mainnet_income_call_ftt": 1.01481,
    "mainnet_income_put_mngo": 1,
    "mainnet_income_call_luna": 1.01873,
    "mainnet_income_call_socean": 1.01266,
    "mainnet_income_call_srm": 1.00834,
    "mainnet_income_call_mngo": 1.01232,
    "mainnet_income_call_ray": 1,
    "mainnet_income_call_eth": 1.01181,
    "mainnet_income_put_sol": 0.99999,
    "mainnet_income_put_btc": 1
  },
  "depositTokenByGlobalId": {
    "mainnet_income_call_sol": 135098.121759574,
    "mainnet_income_call_marinade": 145809.309420398,
    "mainnet_income_call_btc": 369.798532,
    "mainnet_income_call_sbr": 11000000,
    "mainnet_income_call_ftt": 76445.206473,
    "mainnet_income_put_mngo": 429604.43,
    "mainnet_income_call_luna": 59700.356853,
    "mainnet_income_call_socean": 7345.800171795,
    "mainnet_income_call_srm": 3974874.806404,
    "mainnet_income_call_mngo": 5999999.159377,
    "mainnet_income_call_ray": 19310.493998,
    "mainnet_income_call_eth": 1486.524949,
    "mainnet_income_put_sol": 10626158.2,
    "mainnet_income_put_btc": 2354377.79
  },
  "usdValueByGlobalId": {
    "mainnet_income_call_sol": 19277150.99,
    "mainnet_income_call_marinade": 21275036.34,
    "mainnet_income_call_btc": 15838101.33,
    "mainnet_income_call_sbr": 921481,
    "mainnet_income_call_ftt": 3050163.74,
    "mainnet_income_put_mngo": 429604.43,
    "mainnet_income_call_luna": 4626777.66,
    "mainnet_income_call_socean": 1065067.57,
    "mainnet_income_call_srm": 12481106.89,
    "mainnet_income_call_mngo": 1243397.83,
    "mainnet_income_call_ray": 104662.88,
    "mainnet_income_call_eth": 4851987.7,
    "mainnet_income_put_sol": 10626158.2,
    "mainnet_income_put_btc": 2354377.79
  }
}