{
  "totalTvlUSD": 106495351.45,
  "coinsByCoingeckoId": {
    "solana": 139996.84611187,
    "msol": 158698.364961468,
    "bitcoin": 416.550527,
    "saber": 19964029.943869,
    "ftx-token": 67225.332257,
    "usd-coin": 12000493.023302,
    "terra-luna": 65560.484229,
    "socean-staked-sol": 10999.987641614,
    "serum": 4029967.433144,
    "mango-markets": 8713377.314498,
    "raydium": 16259.175445,
    "ethereum": 1687.722789
  },
  "pricesByCoingeckoId": {
    "BTC": 43138,
    "SOL": 146.91,
    "ETH": 3318.93,
    "mSOL": 150.89,
    "FTT": 45.22,
    "SRM": 3.2,
    "USDC": 1,
    "MNGO": 0.198916,
    "scnSOL": 149.08,
    "SBR": 0.085536,
    "LUNA": 80.95,
    "RAY": 5.39
  },
  "sharePricesByGlobalId": {
    "mainnet_income_call_sol": 1.04444,
    "mainnet_income_call_marinade": 1.03017,
    "mainnet_income_call_btc": 1.06814,
    "mainnet_income_call_sbr": 1.04667,
    "mainnet_income_call_ftt": 1.02068,
    "mainnet_income_put_mngo": 1.00201,
    "mainnet_income_call_luna": 1.02692,
    "mainnet_income_call_socean": 1.01629,
    "mainnet_income_call_srm": 1.01304,
    "mainnet_income_call_mngo": 1.01322,
    "mainnet_income_call_ray": 1.00275,
    "mainnet_income_call_eth": 1.01502,
    "mainnet_income_put_sol": 1.00281,
    "mainnet_income_put_btc": 1.00329
  },
  "depositTokenByGlobalId": {
    "mainnet_income_call_sol": 139996.84611187,
    "mainnet_income_call_marinade": 158698.364961468,
    "mainnet_income_call_btc": 416.550527,
    "mainnet_income_call_sbr": 19964029.943869,
    "mainnet_income_call_ftt": 67225.332257,
    "mainnet_income_put_mngo": 392112.07,
    "mainnet_income_call_luna": 65560.484229,
    "mainnet_income_call_socean": 10999.987641614,
    "mainnet_income_call_srm": 4029967.433144,
    "mainnet_income_call_mngo": 8713377.314498,
    "mainnet_income_call_ray": 16259.175445,
    "mainnet_income_call_eth": 1687.722789,
    "mainnet_income_put_sol": 10483896.82,
    "mainnet_income_put_btc": 1124484.14
  },
  "usdValueByGlobalId": {
    "mainnet_income_call_sol": 20566936.66,
    "mainnet_income_call_marinade": 23945996.29,
    "mainnet_income_call_btc": 17969156.63,
    "mainnet_income_call_sbr": 1707643.27,
    "mainnet_income_call_ftt": 3039929.52,
    "mainnet_income_put_mngo": 392112.07,
    "mainnet_income_call_luna": 5307121.2,
    "mainnet_income_call_socean": 1639878.16,
    "mainnet_income_call_srm": 12895895.79,
    "mainnet_income_call_mngo": 1733230.16,
    "mainnet_income_call_ray": 87636.96,
    "mainnet_income_call_eth": 5601433.8,
    "mainnet_income_put_sol": 10483896.82,
    "mainnet_income_put_btc": 1124484.14
  },
  "globalIdToDepositTokenCoingeckoId": {
    "mainnet_income_call_sol": "solana",
    "mainnet_income_call_marinade": "msol",
    "mainnet_income_call_btc": "bitcoin",
    "mainnet_income_call_sbr": "saber",
    "mainnet_income_call_ftt": "ftx-token",
    "mainnet_income_put_mngo": "usd-coin",
    "mainnet_income_call_luna": "terra-luna",
    "mainnet_income_call_socean": "socean-staked-sol",
    "mainnet_income_call_srm": "serum",
    "mainnet_income_call_mngo": "mango-markets",
    "mainnet_income_call_ray": "raydium",
    "mainnet_income_call_eth": "ethereum",
    "mainnet_income_put_sol": "usd-coin",
    "mainnet_income_put_btc": "usd-coin"
  }
}