{
  "totalTvlUSD": 45002573.88,
  "coinsByCoingeckoId": {
    "solana": 75867.749483664,
    "msol": 84055.049636147,
    "bitcoin": 190.885146,
    "ethereum": 181.08371,
    "ftx-token": 23822.568695,
    "serum": 210971.386184,
    "mango-markets": 964507.398396
  },
  "pricesByCoingeckoId": {
    "BTC": 50812,
    "SOL": 200.46,
    "ETH": 4065.64,
    "mSOL": 204.79,
    "FTT": 42.44,
    "SRM": 4.14,
    "USDC": 1,
    "MNGO": 0.270151
  },
  "sharePricesByGlobalId": {
    "mainnet_income_call_sol": 1.02193,
    "mainnet_income_call_marinade": 1.01091,
    "mainnet_income_call_btc": 1.05125,
    "mainnet_income_call_eth": 1.006,
    "mainnet_income_call_ftt": 1,
    "mainnet_income_call_srm": 1,
    "mainnet_income_call_mngo": 1
  }
}