{
  "totalTvlUSD": 46232336.38,
  "coinsByCoingeckoId": {
    "solana": 83865.563503664,
    "msol": 84999.999902565,
    "bitcoin": 203.643544,
    "ethereum": 362.877792,
    "ftx-token": 24828.702639,
    "serum": 211665.935209,
    "mango-markets": 1562720.193023
  },
  "pricesByCoingeckoId": {
    "BTC": 49791,
    "SOL": 190.07,
    "ETH": 3958.76,
    "mSOL": 193.82,
    "FTT": 41.23,
    "SRM": 3.87,
    "USDC": 1,
    "MNGO": 0.254884
  },
  "sharePricesByGlobalId": {
    "mainnet_income_call_sol": 1.02193,
    "mainnet_income_call_marinade": 1.01091,
    "mainnet_income_call_btc": 1.05125,
    "mainnet_income_call_eth": 1.006,
    "mainnet_income_call_ftt": 1,
    "mainnet_income_call_srm": 1,
    "mainnet_income_call_mngo": 1
  }
}