{
  "totalTvlUSD": 87974184.57,
  "coinsByCoingeckoId": {
    "solana": 186445.071158812,
    "msol": 162304.33098336,
    "bitcoin": 432.194831,
    "saber": 18685997.768787,
    "ftx-token": 66388.891241,
    "terra-luna": 78985.490336,
    "terrausd": 207806.523956,
    "usd-coin": 14048344.919287,
    "socean-staked-sol": 10999.999764954,
    "serum": 4227511.209609,
    "mango-markets": 7794796.909632,
    "raydium": 20953.675782,
    "ethereum": 1762.014934
  },
  "pricesByCoingeckoId": {
    "BTC": 35078,
    "SOL": 95.96,
    "ETH": 2422.25,
    "mSOL": 98.53,
    "FTT": 34.14,
    "SRM": 2.18,
    "USDC": 1,
    "MNGO": 0.15827,
    "scnSOL": 98.87,
    "SBR": 0.071708,
    "LUNA": 65.66,
    "UST": 1,
    "RAY": 3.65
  },
  "sharePricesByGlobalId": {
    "mainnet_income_call_sol": 1.05252,
    "mainnet_income_call_marinade": 1.03727,
    "mainnet_income_call_btc": 1.0696,
    "mainnet_income_call_sbr": 1.05044,
    "mainnet_income_call_ftt": 1.02696,
    "mainnet_income_call_luna": 1.0374,
    "mainnet_income_put_luna": 1,
    "mainnet_income_put_mngo": 1.00322,
    "mainnet_income_call_socean": 1.02395,
    "mainnet_income_call_srm": 1.02041,
    "mainnet_income_call_mngo": 1.01533,
    "mainnet_income_call_ray": 1.01764,
    "mainnet_income_call_eth": 1.0165,
    "mainnet_income_put_sol": 1.01183,
    "mainnet_income_put_btc": 1.00606
  },
  "depositTokenByGlobalId": {
    "mainnet_income_call_sol": 186445.071158812,
    "mainnet_income_call_marinade": 162304.33098336,
    "mainnet_income_call_btc": 432.194831,
    "mainnet_income_call_sbr": 18685997.768787,
    "mainnet_income_call_ftt": 66388.891241,
    "mainnet_income_call_luna": 78985.490336,
    "mainnet_income_put_luna": 207806.523956,
    "mainnet_income_put_mngo": 248683.41,
    "mainnet_income_call_socean": 10999.999764954,
    "mainnet_income_call_srm": 4227511.209609,
    "mainnet_income_call_mngo": 7794796.909632,
    "mainnet_income_call_ray": 20953.675782,
    "mainnet_income_call_eth": 1762.014934,
    "mainnet_income_put_sol": 12661470.67,
    "mainnet_income_put_btc": 1138190.84
  },
  "usdValueByGlobalId": {
    "mainnet_income_call_sol": 17891269.03,
    "mainnet_income_call_marinade": 15991845.73,
    "mainnet_income_call_btc": 15160530.28,
    "mainnet_income_call_sbr": 1339935.53,
    "mainnet_income_call_ftt": 2266516.75,
    "mainnet_income_call_luna": 5186187.3,
    "mainnet_income_put_luna": 207806.52,
    "mainnet_income_put_mngo": 248683.41,
    "mainnet_income_call_socean": 1087569.98,
    "mainnet_income_call_srm": 9215974.44,
    "mainnet_income_call_mngo": 1233682.51,
    "mainnet_income_call_ray": 76480.92,
    "mainnet_income_call_eth": 4268040.67,
    "mainnet_income_put_sol": 12661470.67,
    "mainnet_income_put_btc": 1138190.84
  },
  "globalIdToDepositTokenCoingeckoId": {
    "mainnet_income_call_sol": "solana",
    "mainnet_income_call_marinade": "msol",
    "mainnet_income_call_btc": "bitcoin",
    "mainnet_income_call_sbr": "saber",
    "mainnet_income_call_ftt": "ftx-token",
    "mainnet_income_call_luna": "terra-luna",
    "mainnet_income_put_luna": "terrausd",
    "mainnet_income_put_mngo": "usd-coin",
    "mainnet_income_call_socean": "socean-staked-sol",
    "mainnet_income_call_srm": "serum",
    "mainnet_income_call_mngo": "mango-markets",
    "mainnet_income_call_ray": "raydium",
    "mainnet_income_call_eth": "ethereum",
    "mainnet_income_put_sol": "usd-coin",
    "mainnet_income_put_btc": "usd-coin"
  }
}