{
  "totalTvlUSD": 114992510.38,
  "coinsByCoingeckoId": {
    "solana": 166366.58601187,
    "msol": 161202.562724891,
    "bitcoin": 422.056284,
    "saber": 19999999.492037,
    "ftx-token": 67976.929274,
    "terra-luna": 72670.414042,
    "terrausd": 19523.150425,
    "usd-coin": 12734871.074836,
    "socean-staked-sol": 10999.987641614,
    "serum": 4123012.291865,
    "mango-markets": 8829981.11981,
    "raydium": 18005.027179,
    "ethereum": 1723.165591
  },
  "pricesByCoingeckoId": {
    "BTC": 43269,
    "SOL": 150.49,
    "ETH": 3354.33,
    "mSOL": 154.63,
    "FTT": 46.09,
    "SRM": 3.2,
    "USDC": 1,
    "MNGO": 0.195063,
    "scnSOL": 154.03,
    "SBR": 0.106582,
    "LUNA": 86.13,
    "UST": 1,
    "RAY": 5.48
  },
  "sharePricesByGlobalId": {
    "mainnet_income_call_sol": 1.04444,
    "mainnet_income_call_marinade": 1.03017,
    "mainnet_income_call_btc": 1.06814,
    "mainnet_income_call_sbr": 1.04667,
    "mainnet_income_call_ftt": 1.02068,
    "mainnet_income_call_luna": 1.02692,
    "mainnet_income_put_luna": 1,
    "mainnet_income_put_mngo": 1.00201,
    "mainnet_income_call_socean": 1.01629,
    "mainnet_income_call_srm": 1.01304,
    "mainnet_income_call_mngo": 1.01322,
    "mainnet_income_call_ray": 1.00275,
    "mainnet_income_call_eth": 1.01502,
    "mainnet_income_put_sol": 1.00281,
    "mainnet_income_put_btc": 1.00329
  },
  "depositTokenByGlobalId": {
    "mainnet_income_call_sol": 166366.58601187,
    "mainnet_income_call_marinade": 161202.562724891,
    "mainnet_income_call_btc": 422.056284,
    "mainnet_income_call_sbr": 19999999.492037,
    "mainnet_income_call_ftt": 67976.929274,
    "mainnet_income_call_luna": 72670.414042,
    "mainnet_income_put_luna": 19523.150425,
    "mainnet_income_put_mngo": 392112.07,
    "mainnet_income_call_socean": 10999.987641614,
    "mainnet_income_call_srm": 4123012.291865,
    "mainnet_income_call_mngo": 8829981.11981,
    "mainnet_income_call_ray": 18005.027179,
    "mainnet_income_call_eth": 1723.165591,
    "mainnet_income_put_sol": 11218274.87,
    "mainnet_income_put_btc": 1124484.14
  },
  "usdValueByGlobalId": {
    "mainnet_income_call_sol": 25036507.53,
    "mainnet_income_call_marinade": 24926752.27,
    "mainnet_income_call_btc": 18261953.35,
    "mainnet_income_call_sbr": 2131639.95,
    "mainnet_income_call_ftt": 3133056.67,
    "mainnet_income_call_luna": 6259102.76,
    "mainnet_income_put_luna": 19523.15,
    "mainnet_income_put_mngo": 392112.07,
    "mainnet_income_call_socean": 1694328.1,
    "mainnet_income_call_srm": 13193639.33,
    "mainnet_income_call_mngo": 1722402.61,
    "mainnet_income_call_ray": 98667.55,
    "mainnet_income_call_eth": 5780066.04,
    "mainnet_income_put_sol": 11218274.87,
    "mainnet_income_put_btc": 1124484.14
  },
  "globalIdToDepositTokenCoingeckoId": {
    "mainnet_income_call_sol": "solana",
    "mainnet_income_call_marinade": "msol",
    "mainnet_income_call_btc": "bitcoin",
    "mainnet_income_call_sbr": "saber",
    "mainnet_income_call_ftt": "ftx-token",
    "mainnet_income_call_luna": "terra-luna",
    "mainnet_income_put_luna": "terrausd",
    "mainnet_income_put_mngo": "usd-coin",
    "mainnet_income_call_socean": "socean-staked-sol",
    "mainnet_income_call_srm": "serum",
    "mainnet_income_call_mngo": "mango-markets",
    "mainnet_income_call_ray": "raydium",
    "mainnet_income_call_eth": "ethereum",
    "mainnet_income_put_sol": "usd-coin",
    "mainnet_income_put_btc": "usd-coin"
  }
}