{
  "totalTvlUSD": 116729783.75,
  "coinsByCoingeckoId": {
    "solana": 180154.91377887,
    "msol": 166430.507147481,
    "bitcoin": 433.1308,
    "saber": 19999999.760273,
    "ftx-token": 75331.828785,
    "terra-luna": 87231.125013,
    "terrausd": 191367.729974,
    "usd-coin": 13827131.225344999,
    "socean-staked-sol": 11000,
    "serum": 4217048.614957,
    "mango-markets": 9047121.343669,
    "raydium": 20828.593838,
    "ethereum": 1808.910655
  },
  "pricesByCoingeckoId": {
    "BTC": 42510,
    "SOL": 140.52,
    "ETH": 3196.2,
    "mSOL": 143.94,
    "FTT": 48.83,
    "SRM": 2.98,
    "USDC": 1,
    "MNGO": 0.201012,
    "scnSOL": 143.28,
    "SBR": 0.111563,
    "LUNA": 83.31,
    "UST": 1,
    "RAY": 5.16
  },
  "sharePricesByGlobalId": {
    "mainnet_income_call_sol": 1.05342,
    "mainnet_income_call_marinade": 1.03017,
    "mainnet_income_call_btc": 1.06976,
    "mainnet_income_call_sbr": 1.04667,
    "mainnet_income_call_ftt": 1.02068,
    "mainnet_income_call_luna": 1.02692,
    "mainnet_income_put_luna": 1,
    "mainnet_income_put_mngo": 1.00201,
    "mainnet_income_call_socean": 1.01629,
    "mainnet_income_call_srm": 1.01304,
    "mainnet_income_call_mngo": 1.01322,
    "mainnet_income_call_ray": 1.00275,
    "mainnet_income_call_eth": 1.01667,
    "mainnet_income_put_sol": 1.00281,
    "mainnet_income_put_btc": 1.00329
  },
  "depositTokenByGlobalId": {
    "mainnet_income_call_sol": 180154.91377887,
    "mainnet_income_call_marinade": 166430.507147481,
    "mainnet_income_call_btc": 433.1308,
    "mainnet_income_call_sbr": 19999999.760273,
    "mainnet_income_call_ftt": 75331.828785,
    "mainnet_income_call_luna": 87231.125013,
    "mainnet_income_put_luna": 191367.729974,
    "mainnet_income_put_mngo": 397710.67,
    "mainnet_income_call_socean": 11000,
    "mainnet_income_call_srm": 4217048.614957,
    "mainnet_income_call_mngo": 9047121.343669,
    "mainnet_income_call_ray": 20828.593838,
    "mainnet_income_call_eth": 1808.910655,
    "mainnet_income_put_sol": 12303556.52,
    "mainnet_income_put_btc": 1125864.04
  },
  "usdValueByGlobalId": {
    "mainnet_income_call_sol": 25315368.48,
    "mainnet_income_call_marinade": 23956007.2,
    "mainnet_income_call_btc": 18412390.31,
    "mainnet_income_call_sbr": 2231259.97,
    "mainnet_income_call_ftt": 3678453.2,
    "mainnet_income_call_luna": 7267225.02,
    "mainnet_income_put_luna": 191367.73,
    "mainnet_income_put_mngo": 397710.67,
    "mainnet_income_call_socean": 1576080,
    "mainnet_income_call_srm": 12566804.87,
    "mainnet_income_call_mngo": 1818579.96,
    "mainnet_income_call_ray": 107475.54,
    "mainnet_income_call_eth": 5781640.24,
    "mainnet_income_put_sol": 12303556.52,
    "mainnet_income_put_btc": 1125864.04
  },
  "globalIdToDepositTokenCoingeckoId": {
    "mainnet_income_call_sol": "solana",
    "mainnet_income_call_marinade": "msol",
    "mainnet_income_call_btc": "bitcoin",
    "mainnet_income_call_sbr": "saber",
    "mainnet_income_call_ftt": "ftx-token",
    "mainnet_income_call_luna": "terra-luna",
    "mainnet_income_put_luna": "terrausd",
    "mainnet_income_put_mngo": "usd-coin",
    "mainnet_income_call_socean": "socean-staked-sol",
    "mainnet_income_call_srm": "serum",
    "mainnet_income_call_mngo": "mango-markets",
    "mainnet_income_call_ray": "raydium",
    "mainnet_income_call_eth": "ethereum",
    "mainnet_income_put_sol": "usd-coin",
    "mainnet_income_put_btc": "usd-coin"
  }
}