{
  "totalTvlUSD": 89557773.01,
  "coinsByCoingeckoId": {
    "solana": 124785.425525644,
    "msol": 135667.680106468,
    "bitcoin": 353.758278,
    "saber": 11000000,
    "ftx-token": 71348.902835,
    "usd-coin": 12771672.027406,
    "terra-luna": 39999.989397,
    "socean-staked-sol": 5499.723505502,
    "serum": 3964294.756605,
    "mango-markets": 5999999.148087,
    "raydium": 18915.242615,
    "ethereum": 1403.518304
  },
  "pricesByCoingeckoId": {
    "BTC": 41831,
    "SOL": 138.87,
    "ETH": 3213.6,
    "mSOL": 142.47,
    "FTT": 35.76,
    "SRM": 3.13,
    "USDC": 1,
    "MNGO": 0.193127,
    "scnSOL": 141.57,
    "SBR": 0.089617,
    "LUNA": 70.88,
    "RAY": 5.4
  },
  "sharePricesByGlobalId": {
    "mainnet_income_call_sol": 1.03708,
    "mainnet_income_call_marinade": 1.02581,
    "mainnet_income_call_btc": 1.0644,
    "mainnet_income_call_sbr": 1,
    "mainnet_income_call_ftt": 1.01481,
    "mainnet_income_put_mngo": 1,
    "mainnet_income_call_luna": 1.01873,
    "mainnet_income_call_socean": 1.01266,
    "mainnet_income_call_srm": 1.00834,
    "mainnet_income_call_mngo": 1.01232,
    "mainnet_income_call_ray": 1,
    "mainnet_income_call_eth": 1.01181,
    "mainnet_income_put_sol": 1,
    "mainnet_income_put_btc": 1
  },
  "depositTokenByGlobalId": {
    "mainnet_income_call_sol": 124785.425525644,
    "mainnet_income_call_marinade": 135667.680106468,
    "mainnet_income_call_btc": 353.758278,
    "mainnet_income_call_sbr": 11000000,
    "mainnet_income_call_ftt": 71348.902835,
    "mainnet_income_put_mngo": 420661.09,
    "mainnet_income_call_luna": 39999.989397,
    "mainnet_income_call_socean": 5499.723505502,
    "mainnet_income_call_srm": 3964294.756605,
    "mainnet_income_call_mngo": 5999999.148087,
    "mainnet_income_call_ray": 18915.242615,
    "mainnet_income_call_eth": 1403.518304,
    "mainnet_income_put_sol": 9999999.86,
    "mainnet_income_put_btc": 2351011.08
  },
  "usdValueByGlobalId": {
    "mainnet_income_call_sol": 17328952.04,
    "mainnet_income_call_marinade": 19328574.38,
    "mainnet_income_call_btc": 14798062.53,
    "mainnet_income_call_sbr": 985787,
    "mainnet_income_call_ftt": 2551436.77,
    "mainnet_income_put_mngo": 420661.09,
    "mainnet_income_call_luna": 2835199.25,
    "mainnet_income_call_socean": 778595.86,
    "mainnet_income_call_srm": 12408242.59,
    "mainnet_income_call_mngo": 1158761.84,
    "mainnet_income_call_ray": 102142.31,
    "mainnet_income_call_eth": 4510346.42,
    "mainnet_income_put_sol": 9999999.86,
    "mainnet_income_put_btc": 2351011.08
  }
}