{
  "totalTvlUSD": 110807204.51,
  "coinsByCoingeckoId": {
    "solana": 174076.22847887,
    "msol": 163915.474610715,
    "bitcoin": 428.757717,
    "saber": 19999999.54855,
    "ftx-token": 73716.016683,
    "terra-luna": 85073.445565,
    "terrausd": 146105.819308,
    "usd-coin": 13107932.418654999,
    "socean-staked-sol": 10999.997467117,
    "serum": 4207646.074878,
    "mango-markets": 9018168.55664,
    "raydium": 20340.614628,
    "ethereum": 1765.804235
  },
  "pricesByCoingeckoId": {
    "BTC": 41507,
    "SOL": 136.12,
    "ETH": 3099.6,
    "mSOL": 139.6,
    "FTT": 43.18,
    "SRM": 2.92,
    "USDC": 1,
    "MNGO": 0.199252,
    "scnSOL": 139.71,
    "SBR": 0.110785,
    "LUNA": 77.4,
    "UST": 1,
    "RAY": 5.02
  },
  "sharePricesByGlobalId": {
    "mainnet_income_call_sol": 1.05342,
    "mainnet_income_call_marinade": 1.03017,
    "mainnet_income_call_btc": 1.06976,
    "mainnet_income_call_sbr": 1.04667,
    "mainnet_income_call_ftt": 1.02068,
    "mainnet_income_call_luna": 1.02692,
    "mainnet_income_put_luna": 1,
    "mainnet_income_put_mngo": 1.00201,
    "mainnet_income_call_socean": 1.01629,
    "mainnet_income_call_srm": 1.01304,
    "mainnet_income_call_mngo": 1.01322,
    "mainnet_income_call_ray": 1.00275,
    "mainnet_income_call_eth": 1.01667,
    "mainnet_income_put_sol": 1.00281,
    "mainnet_income_put_btc": 1.00329
  },
  "depositTokenByGlobalId": {
    "mainnet_income_call_sol": 174076.22847887,
    "mainnet_income_call_marinade": 163915.474610715,
    "mainnet_income_call_btc": 428.757717,
    "mainnet_income_call_sbr": 19999999.54855,
    "mainnet_income_call_ftt": 73716.016683,
    "mainnet_income_call_luna": 85073.445565,
    "mainnet_income_put_luna": 146105.819308,
    "mainnet_income_put_mngo": 397677.27,
    "mainnet_income_call_socean": 10999.997467117,
    "mainnet_income_call_srm": 4207646.074878,
    "mainnet_income_call_mngo": 9018168.55664,
    "mainnet_income_call_ray": 20340.614628,
    "mainnet_income_call_eth": 1765.804235,
    "mainnet_income_put_sol": 11584451.11,
    "mainnet_income_put_btc": 1125804.04
  },
  "usdValueByGlobalId": {
    "mainnet_income_call_sol": 23695256.22,
    "mainnet_income_call_marinade": 22882600.26,
    "mainnet_income_call_btc": 17796446.56,
    "mainnet_income_call_sbr": 2215699.95,
    "mainnet_income_call_ftt": 3183057.6,
    "mainnet_income_call_luna": 6584684.69,
    "mainnet_income_put_luna": 146105.82,
    "mainnet_income_put_mngo": 397677.27,
    "mainnet_income_call_socean": 1536809.65,
    "mainnet_income_call_srm": 12286326.54,
    "mainnet_income_call_mngo": 1796888.12,
    "mainnet_income_call_ray": 102109.89,
    "mainnet_income_call_eth": 5473286.81,
    "mainnet_income_put_sol": 11584451.11,
    "mainnet_income_put_btc": 1125804.04
  },
  "globalIdToDepositTokenCoingeckoId": {
    "mainnet_income_call_sol": "solana",
    "mainnet_income_call_marinade": "msol",
    "mainnet_income_call_btc": "bitcoin",
    "mainnet_income_call_sbr": "saber",
    "mainnet_income_call_ftt": "ftx-token",
    "mainnet_income_call_luna": "terra-luna",
    "mainnet_income_put_luna": "terrausd",
    "mainnet_income_put_mngo": "usd-coin",
    "mainnet_income_call_socean": "socean-staked-sol",
    "mainnet_income_call_srm": "serum",
    "mainnet_income_call_mngo": "mango-markets",
    "mainnet_income_call_ray": "raydium",
    "mainnet_income_call_eth": "ethereum",
    "mainnet_income_put_sol": "usd-coin",
    "mainnet_income_put_btc": "usd-coin"
  }
}