{
  "totalTvlUSD": 92899191.38,
  "coinsByCoingeckoId": {
    "solana": 131986.757759574,
    "msol": 142505.873091706,
    "bitcoin": 366.152549,
    "saber": 11000000,
    "ftx-token": 76162.148982,
    "usd-coin": 13061030.842544,
    "terra-luna": 55330.47926,
    "socean-staked-sol": 7009.415481138,
    "serum": 3974334.558091,
    "mango-markets": 5999999.159277,
    "raydium": 19194.149433,
    "ethereum": 1479.616665
  },
  "pricesByCoingeckoId": {
    "BTC": 42012,
    "SOL": 136.44,
    "ETH": 3106.89,
    "mSOL": 140,
    "FTT": 38.41,
    "SRM": 2.98,
    "USDC": 1,
    "MNGO": 0.199229,
    "scnSOL": 140.17,
    "SBR": 0.07517,
    "LUNA": 72.69,
    "RAY": 5.11
  },
  "sharePricesByGlobalId": {
    "mainnet_income_call_sol": 1.03708,
    "mainnet_income_call_marinade": 1.02581,
    "mainnet_income_call_btc": 1.0644,
    "mainnet_income_call_sbr": 1,
    "mainnet_income_call_ftt": 1.01481,
    "mainnet_income_put_mngo": 1.00062,
    "mainnet_income_call_luna": 1.01873,
    "mainnet_income_call_socean": 1.01266,
    "mainnet_income_call_srm": 1.00834,
    "mainnet_income_call_mngo": 1.01232,
    "mainnet_income_call_ray": 1,
    "mainnet_income_call_eth": 1.01181,
    "mainnet_income_put_sol": 1.00376,
    "mainnet_income_put_btc": 1
  },
  "depositTokenByGlobalId": {
    "mainnet_income_call_sol": 131986.757759574,
    "mainnet_income_call_marinade": 142505.873091706,
    "mainnet_income_call_btc": 366.152549,
    "mainnet_income_call_sbr": 11000000,
    "mainnet_income_call_ftt": 76162.148982,
    "mainnet_income_put_mngo": 429058.15,
    "mainnet_income_call_luna": 55330.47926,
    "mainnet_income_call_socean": 7009.415481138,
    "mainnet_income_call_srm": 3974334.558091,
    "mainnet_income_call_mngo": 5999999.159277,
    "mainnet_income_call_ray": 19194.149433,
    "mainnet_income_call_eth": 1479.616665,
    "mainnet_income_put_sol": 10277594.91,
    "mainnet_income_put_btc": 2354377.79
  },
  "usdValueByGlobalId": {
    "mainnet_income_call_sol": 18014872.57,
    "mainnet_income_call_marinade": 19946547.06,
    "mainnet_income_call_btc": 15382800.89,
    "mainnet_income_call_sbr": 826870,
    "mainnet_income_call_ftt": 2925388.14,
    "mainnet_income_put_mngo": 429058.15,
    "mainnet_income_call_luna": 4026398.98,
    "mainnet_income_call_socean": 982509.77,
    "mainnet_income_call_srm": 11843516.98,
    "mainnet_income_call_mngo": 1194167.83,
    "mainnet_income_call_ray": 98082.1,
    "mainnet_income_call_eth": 4597006.22,
    "mainnet_income_put_sol": 10277594.91,
    "mainnet_income_put_btc": 2354377.79
  }
}