{
  "totalTvlUSD": 91179865.11,
  "coinsByCoingeckoId": {
    "solana": 194782.527008812,
    "msol": 165927.264768601,
    "bitcoin": 446.446572,
    "saber": 19999999.398257,
    "ftx-token": 67686.395478,
    "terra-luna": 90626.518322,
    "terrausd": 220968.379823,
    "usd-coin": 15468773.367473999,
    "socean-staked-sol": 11000,
    "serum": 4240742.895569,
    "mango-markets": 7875859.754746,
    "raydium": 23799.230684,
    "ethereum": 1768.61292
  },
  "pricesByCoingeckoId": {
    "BTC": 36871,
    "SOL": 92.81,
    "ETH": 2460.59,
    "mSOL": 94.96,
    "FTT": 37.94,
    "SRM": 2.14,
    "USDC": 1,
    "MNGO": 0.157823,
    "scnSOL": 94.16,
    "SBR": 0.066659,
    "LUNA": 60.73,
    "UST": 1,
    "RAY": 3.54
  },
  "sharePricesByGlobalId": {
    "mainnet_income_call_sol": 1.05252,
    "mainnet_income_call_marinade": 1.03727,
    "mainnet_income_call_btc": 1.0696,
    "mainnet_income_call_sbr": 1.05044,
    "mainnet_income_call_ftt": 1.02696,
    "mainnet_income_call_luna": 1.0374,
    "mainnet_income_put_luna": 1,
    "mainnet_income_put_mngo": 1.00322,
    "mainnet_income_call_socean": 1.02395,
    "mainnet_income_call_srm": 1.02041,
    "mainnet_income_call_mngo": 1.01533,
    "mainnet_income_call_ray": 1.01764,
    "mainnet_income_call_eth": 1.0165,
    "mainnet_income_put_sol": 1.01183,
    "mainnet_income_put_btc": 1.00606
  },
  "depositTokenByGlobalId": {
    "mainnet_income_call_sol": 194782.527008812,
    "mainnet_income_call_marinade": 165927.264768601,
    "mainnet_income_call_btc": 446.446572,
    "mainnet_income_call_sbr": 19999999.398257,
    "mainnet_income_call_ftt": 67686.395478,
    "mainnet_income_call_luna": 90626.518322,
    "mainnet_income_put_luna": 220968.379823,
    "mainnet_income_put_mngo": 249437.27,
    "mainnet_income_call_socean": 11000,
    "mainnet_income_call_srm": 4240742.895569,
    "mainnet_income_call_mngo": 7875859.754746,
    "mainnet_income_call_ray": 23799.230684,
    "mainnet_income_call_eth": 1768.61292,
    "mainnet_income_put_sol": 14080612.57,
    "mainnet_income_put_btc": 1138723.52
  },
  "usdValueByGlobalId": {
    "mainnet_income_call_sol": 18077766.33,
    "mainnet_income_call_marinade": 15756453.06,
    "mainnet_income_call_btc": 16460931.56,
    "mainnet_income_call_sbr": 1333179.96,
    "mainnet_income_call_ftt": 2568021.84,
    "mainnet_income_call_luna": 5503748.46,
    "mainnet_income_put_luna": 220968.38,
    "mainnet_income_put_mngo": 249437.27,
    "mainnet_income_call_socean": 1035760,
    "mainnet_income_call_srm": 9075189.8,
    "mainnet_income_call_mngo": 1242991.81,
    "mainnet_income_call_ray": 84249.28,
    "mainnet_income_call_eth": 4351831.26,
    "mainnet_income_put_sol": 14080612.57,
    "mainnet_income_put_btc": 1138723.52
  },
  "globalIdToDepositTokenCoingeckoId": {
    "mainnet_income_call_sol": "solana",
    "mainnet_income_call_marinade": "msol",
    "mainnet_income_call_btc": "bitcoin",
    "mainnet_income_call_sbr": "saber",
    "mainnet_income_call_ftt": "ftx-token",
    "mainnet_income_call_luna": "terra-luna",
    "mainnet_income_put_luna": "terrausd",
    "mainnet_income_put_mngo": "usd-coin",
    "mainnet_income_call_socean": "socean-staked-sol",
    "mainnet_income_call_srm": "serum",
    "mainnet_income_call_mngo": "mango-markets",
    "mainnet_income_call_ray": "raydium",
    "mainnet_income_call_eth": "ethereum",
    "mainnet_income_put_sol": "usd-coin",
    "mainnet_income_put_btc": "usd-coin"
  }
}