{
  "totalTvlUSD": 109818041.68,
  "coinsByCoingeckoId": {
    "solana": 144800.39621187,
    "msol": 159933.953399841,
    "bitcoin": 422.029802,
    "saber": 19999999.492037,
    "ftx-token": 67888.790333,
    "usd-coin": 12482248.120224997,
    "terra-luna": 70391.144418,
    "terrausd": 6435.699475,
    "socean-staked-sol": 10999.987641614,
    "serum": 4066582.98111,
    "mango-markets": 8821372.022007,
    "raydium": 17508.102345,
    "ethereum": 1722.782993
  },
  "pricesByCoingeckoId": {
    "BTC": 43183,
    "SOL": 147.48,
    "ETH": 3326.99,
    "mSOL": 151.25,
    "FTT": 46.29,
    "SRM": 3.2,
    "USDC": 1,
    "MNGO": 0.193652,
    "scnSOL": 150.25,
    "SBR": 0.108791,
    "LUNA": 85.81,
    "UST": 1,
    "RAY": 5.44
  },
  "sharePricesByGlobalId": {
    "mainnet_income_call_sol": 1.04444,
    "mainnet_income_call_marinade": 1.03017,
    "mainnet_income_call_btc": 1.06814,
    "mainnet_income_call_sbr": 1.04667,
    "mainnet_income_call_ftt": 1.02068,
    "mainnet_income_put_mngo": 1.00201,
    "mainnet_income_call_luna": 1.02692,
    "mainnet_income_put_luna": 1,
    "mainnet_income_call_socean": 1.01629,
    "mainnet_income_call_srm": 1.01304,
    "mainnet_income_call_mngo": 1.01322,
    "mainnet_income_call_ray": 1.00275,
    "mainnet_income_call_eth": 1.01502,
    "mainnet_income_put_sol": 1.00281,
    "mainnet_income_put_btc": 1.00329
  },
  "depositTokenByGlobalId": {
    "mainnet_income_call_sol": 144800.39621187,
    "mainnet_income_call_marinade": 159933.953399841,
    "mainnet_income_call_btc": 422.029802,
    "mainnet_income_call_sbr": 19999999.492037,
    "mainnet_income_call_ftt": 67888.790333,
    "mainnet_income_put_mngo": 392112.07,
    "mainnet_income_call_luna": 70391.144418,
    "mainnet_income_put_luna": 6435.699475,
    "mainnet_income_call_socean": 10999.987641614,
    "mainnet_income_call_srm": 4066582.98111,
    "mainnet_income_call_mngo": 8821372.022007,
    "mainnet_income_call_ray": 17508.102345,
    "mainnet_income_call_eth": 1722.782993,
    "mainnet_income_put_sol": 10965651.91,
    "mainnet_income_put_btc": 1124484.14
  },
  "usdValueByGlobalId": {
    "mainnet_income_call_sol": 21355162.43,
    "mainnet_income_call_marinade": 24190010.45,
    "mainnet_income_call_btc": 18224512.94,
    "mainnet_income_call_sbr": 2175819.94,
    "mainnet_income_call_ftt": 3142572.1,
    "mainnet_income_put_mngo": 392112.07,
    "mainnet_income_call_luna": 6040264.1,
    "mainnet_income_put_luna": 6435.7,
    "mainnet_income_call_socean": 1652748.14,
    "mainnet_income_call_srm": 13013065.54,
    "mainnet_income_call_mngo": 1708276.33,
    "mainnet_income_call_ray": 95244.08,
    "mainnet_income_call_eth": 5731681.79,
    "mainnet_income_put_sol": 10965651.91,
    "mainnet_income_put_btc": 1124484.14
  },
  "globalIdToDepositTokenCoingeckoId": {
    "mainnet_income_call_sol": "solana",
    "mainnet_income_call_marinade": "msol",
    "mainnet_income_call_btc": "bitcoin",
    "mainnet_income_call_sbr": "saber",
    "mainnet_income_call_ftt": "ftx-token",
    "mainnet_income_put_mngo": "usd-coin",
    "mainnet_income_call_luna": "terra-luna",
    "mainnet_income_put_luna": "terrausd",
    "mainnet_income_call_socean": "socean-staked-sol",
    "mainnet_income_call_srm": "serum",
    "mainnet_income_call_mngo": "mango-markets",
    "mainnet_income_call_ray": "raydium",
    "mainnet_income_call_eth": "ethereum",
    "mainnet_income_put_sol": "usd-coin",
    "mainnet_income_put_btc": "usd-coin"
  }
}