{
  "totalTvlUSD": 102443466.67,
  "coinsByCoingeckoId": {
    "solana": 135865.846759574,
    "msol": 145903.526264206,
    "bitcoin": 370.50562,
    "saber": 11000000,
    "ftx-token": 76473.219851,
    "usd-coin": 13655829.251486,
    "terra-luna": 59999.999852,
    "socean-staked-sol": 8442.194591332,
    "serum": 3976384.754153,
    "mango-markets": 5999999.159377,
    "raydium": 19310.493998,
    "ethereum": 1490.861426
  },
  "pricesByCoingeckoId": {
    "BTC": 43714,
    "SOL": 152.19,
    "ETH": 3373.82,
    "mSOL": 155.02,
    "FTT": 41.13,
    "SRM": 3.21,
    "USDC": 1,
    "MNGO": 0.21148,
    "scnSOL": 153.67,
    "SBR": 0.085452,
    "LUNA": 79.05,
    "RAY": 5.56
  },
  "sharePricesByGlobalId": {
    "mainnet_income_call_sol": 1.03708,
    "mainnet_income_call_marinade": 1.02581,
    "mainnet_income_call_btc": 1.0644,
    "mainnet_income_call_sbr": 1,
    "mainnet_income_call_ftt": 1.01481,
    "mainnet_income_put_mngo": 1,
    "mainnet_income_call_luna": 1.01873,
    "mainnet_income_call_socean": 1.01266,
    "mainnet_income_call_srm": 1.00834,
    "mainnet_income_call_mngo": 1.01232,
    "mainnet_income_call_ray": 1,
    "mainnet_income_call_eth": 1.01181,
    "mainnet_income_put_sol": 0.99999,
    "mainnet_income_put_btc": 1
  },
  "depositTokenByGlobalId": {
    "mainnet_income_call_sol": 135865.846759574,
    "mainnet_income_call_marinade": 145903.526264206,
    "mainnet_income_call_btc": 370.50562,
    "mainnet_income_call_sbr": 11000000,
    "mainnet_income_call_ftt": 76473.219851,
    "mainnet_income_put_mngo": 429804.43,
    "mainnet_income_call_luna": 59999.999852,
    "mainnet_income_call_socean": 8442.194591332,
    "mainnet_income_call_srm": 3976384.754153,
    "mainnet_income_call_mngo": 5999999.159377,
    "mainnet_income_call_ray": 19310.493998,
    "mainnet_income_call_eth": 1490.861426,
    "mainnet_income_put_sol": 10871647.03,
    "mainnet_income_put_btc": 2354377.79
  },
  "usdValueByGlobalId": {
    "mainnet_income_call_sol": 20677423.22,
    "mainnet_income_call_marinade": 22617964.64,
    "mainnet_income_call_btc": 16196282.67,
    "mainnet_income_call_sbr": 939972,
    "mainnet_income_call_ftt": 3145343.53,
    "mainnet_income_put_mngo": 429804.43,
    "mainnet_income_call_luna": 4742999.99,
    "mainnet_income_call_socean": 1297312.04,
    "mainnet_income_call_srm": 12764195.06,
    "mainnet_income_call_mngo": 1268879.82,
    "mainnet_income_call_ray": 107366.35,
    "mainnet_income_call_eth": 5029898.1,
    "mainnet_income_put_sol": 10871647.03,
    "mainnet_income_put_btc": 2354377.79
  }
}