{
  "totalTvlUSD": 89941419,
  "coinsByCoingeckoId": {
    "solana": 124835.769450644,
    "msol": 135968.009910147,
    "bitcoin": 354.279198,
    "saber": 11000000,
    "ftx-token": 71367.510645,
    "usd-coin": 12774039.779015,
    "terra-luna": 39999.989397,
    "socean-staked-sol": 5499.723505502,
    "serum": 3965435.351512,
    "mango-markets": 5999999.148087,
    "raydium": 18918.099566,
    "ethereum": 1406.76069
  },
  "pricesByCoingeckoId": {
    "BTC": 41894,
    "SOL": 139.62,
    "ETH": 3213.75,
    "mSOL": 142.92,
    "FTT": 35.94,
    "SRM": 3.16,
    "USDC": 1,
    "MNGO": 0.193187,
    "scnSOL": 141.75,
    "SBR": 0.090305,
    "LUNA": 70.29,
    "RAY": 5.43
  },
  "sharePricesByGlobalId": {
    "mainnet_income_call_sol": 1.03708,
    "mainnet_income_call_marinade": 1.02581,
    "mainnet_income_call_btc": 1.0644,
    "mainnet_income_call_sbr": 1,
    "mainnet_income_call_ftt": 1.01481,
    "mainnet_income_put_mngo": 1,
    "mainnet_income_call_luna": 1.01873,
    "mainnet_income_call_socean": 1.01266,
    "mainnet_income_call_srm": 1.00834,
    "mainnet_income_call_mngo": 1.01232,
    "mainnet_income_call_ray": 1,
    "mainnet_income_call_eth": 1.01181,
    "mainnet_income_put_sol": 1,
    "mainnet_income_put_btc": 1
  },
  "depositTokenByGlobalId": {
    "mainnet_income_call_sol": 124835.769450644,
    "mainnet_income_call_marinade": 135968.009910147,
    "mainnet_income_call_btc": 354.279198,
    "mainnet_income_call_sbr": 11000000,
    "mainnet_income_call_ftt": 71367.510645,
    "mainnet_income_put_mngo": 423015.84,
    "mainnet_income_call_luna": 39999.989397,
    "mainnet_income_call_socean": 5499.723505502,
    "mainnet_income_call_srm": 3965435.351512,
    "mainnet_income_call_mngo": 5999999.148087,
    "mainnet_income_call_ray": 18918.099566,
    "mainnet_income_call_eth": 1406.76069,
    "mainnet_income_put_sol": 9999999.86,
    "mainnet_income_put_btc": 2351024.08
  },
  "usdValueByGlobalId": {
    "mainnet_income_call_sol": 17429570.13,
    "mainnet_income_call_marinade": 19432547.98,
    "mainnet_income_call_btc": 14842172.72,
    "mainnet_income_call_sbr": 993355,
    "mainnet_income_call_ftt": 2564948.33,
    "mainnet_income_put_mngo": 423015.84,
    "mainnet_income_call_luna": 2811599.25,
    "mainnet_income_call_socean": 779585.81,
    "mainnet_income_call_srm": 12530775.71,
    "mainnet_income_call_mngo": 1159121.84,
    "mainnet_income_call_ray": 102725.28,
    "mainnet_income_call_eth": 4520977.17,
    "mainnet_income_put_sol": 9999999.86,
    "mainnet_income_put_btc": 2351024.08
  }
}