{
  "totalTvlUSD": 90147828.77,
  "coinsByCoingeckoId": {
    "solana": 128363.259350644,
    "msol": 136222.968423149,
    "bitcoin": 354.280677,
    "saber": 11000000,
    "ftx-token": 72255.801874,
    "usd-coin": 12774396.253459001,
    "terra-luna": 39999.999397,
    "socean-staked-sol": 5499.990099232,
    "serum": 3965834.743512,
    "mango-markets": 5999999.159277,
    "raydium": 18918.099566,
    "ethereum": 1407.979791
  },
  "pricesByCoingeckoId": {
    "BTC": 41632,
    "SOL": 143.56,
    "ETH": 3079.76,
    "mSOL": 145.99,
    "FTT": 35.03,
    "SRM": 2.99,
    "USDC": 1,
    "MNGO": 0.187139,
    "scnSOL": 142.79,
    "SBR": 0.083644,
    "LUNA": 66.41,
    "RAY": 5.24
  },
  "sharePricesByGlobalId": {
    "mainnet_income_call_sol": 1.03708,
    "mainnet_income_call_marinade": 1.02581,
    "mainnet_income_call_btc": 1.0644,
    "mainnet_income_call_sbr": 1,
    "mainnet_income_call_ftt": 1.01481,
    "mainnet_income_put_mngo": 1,
    "mainnet_income_call_luna": 1.01873,
    "mainnet_income_call_socean": 1.01266,
    "mainnet_income_call_srm": 1.00834,
    "mainnet_income_call_mngo": 1.01232,
    "mainnet_income_call_ray": 1,
    "mainnet_income_call_eth": 1.01181,
    "mainnet_income_put_sol": 1,
    "mainnet_income_put_btc": 1
  },
  "depositTokenByGlobalId": {
    "mainnet_income_call_sol": 128363.259350644,
    "mainnet_income_call_marinade": 136222.968423149,
    "mainnet_income_call_btc": 354.280677,
    "mainnet_income_call_sbr": 11000000,
    "mainnet_income_call_ftt": 72255.801874,
    "mainnet_income_put_mngo": 423329.63,
    "mainnet_income_call_luna": 39999.999397,
    "mainnet_income_call_socean": 5499.990099232,
    "mainnet_income_call_srm": 3965834.743512,
    "mainnet_income_call_mngo": 5999999.159277,
    "mainnet_income_call_ray": 18918.099566,
    "mainnet_income_call_eth": 1407.979791,
    "mainnet_income_put_sol": 9999999.97,
    "mainnet_income_put_btc": 2351066.65
  },
  "usdValueByGlobalId": {
    "mainnet_income_call_sol": 18427829.51,
    "mainnet_income_call_marinade": 19887191.16,
    "mainnet_income_call_btc": 14749413.14,
    "mainnet_income_call_sbr": 920084,
    "mainnet_income_call_ftt": 2531120.74,
    "mainnet_income_put_mngo": 423329.63,
    "mainnet_income_call_luna": 2656399.96,
    "mainnet_income_call_socean": 785343.59,
    "mainnet_income_call_srm": 11857845.88,
    "mainnet_income_call_mngo": 1122833.84,
    "mainnet_income_call_ray": 99130.84,
    "mainnet_income_call_eth": 4336239.84,
    "mainnet_income_put_sol": 9999999.97,
    "mainnet_income_put_btc": 2351066.65
  }
}