{
  "totalTvlUSD": 112073217.62,
  "coinsByCoingeckoId": {
    "solana": 146791.675607243,
    "msol": 160437.084450962,
    "bitcoin": 413.808367,
    "saber": 20000000,
    "ftx-token": 80516.482903,
    "usd-coin": 15466333.451946,
    "terra-luna": 69037.878272,
    "socean-staked-sol": 10526.844361263,
    "serum": 4033017.937429,
    "mango-markets": 8052274.425479,
    "raydium": 19383.995558,
    "ethereum": 1693.743568
  },
  "pricesByCoingeckoId": {
    "BTC": 42882,
    "SOL": 149.22,
    "ETH": 3296.42,
    "mSOL": 153.18,
    "FTT": 42.64,
    "SRM": 3.17,
    "USDC": 1,
    "MNGO": 0.199118,
    "scnSOL": 152.82,
    "SBR": 0.085023,
    "LUNA": 80.59,
    "RAY": 5.39
  },
  "sharePricesByGlobalId": {
    "mainnet_income_call_sol": 1.04513,
    "mainnet_income_call_marinade": 1.03062,
    "mainnet_income_call_btc": 1.06847,
    "mainnet_income_call_sbr": 1.05102,
    "mainnet_income_call_ftt": 1.02095,
    "mainnet_income_put_mngo": 1,
    "mainnet_income_call_luna": 1.02766,
    "mainnet_income_call_socean": 1.01667,
    "mainnet_income_call_srm": 1.01356,
    "mainnet_income_call_mngo": 1.0133,
    "mainnet_income_call_ray": 1.00283,
    "mainnet_income_call_eth": 1.01536,
    "mainnet_income_put_sol": 0.99999,
    "mainnet_income_put_btc": 1
  },
  "depositTokenByGlobalId": {
    "mainnet_income_call_sol": 146791.675607243,
    "mainnet_income_call_marinade": 160437.084450962,
    "mainnet_income_call_btc": 413.808367,
    "mainnet_income_call_sbr": 20000000,
    "mainnet_income_call_ftt": 80516.482903,
    "mainnet_income_put_mngo": 465005.97,
    "mainnet_income_call_luna": 69037.878272,
    "mainnet_income_call_socean": 10526.844361263,
    "mainnet_income_call_srm": 4033017.937429,
    "mainnet_income_call_mngo": 8052274.425479,
    "mainnet_income_call_ray": 19383.995558,
    "mainnet_income_call_eth": 1693.743568,
    "mainnet_income_put_sol": 12635307.7,
    "mainnet_income_put_btc": 2366019.79
  },
  "usdValueByGlobalId": {
    "mainnet_income_call_sol": 21904253.83,
    "mainnet_income_call_marinade": 24575752.6,
    "mainnet_income_call_btc": 17744930.39,
    "mainnet_income_call_sbr": 1700460,
    "mainnet_income_call_ftt": 3433222.83,
    "mainnet_income_put_mngo": 465005.97,
    "mainnet_income_call_luna": 5563762.61,
    "mainnet_income_call_socean": 1608712.36,
    "mainnet_income_call_srm": 12784666.86,
    "mainnet_income_call_mngo": 1603352.78,
    "mainnet_income_call_ray": 104479.74,
    "mainnet_income_call_eth": 5583290.17,
    "mainnet_income_put_sol": 12635307.7,
    "mainnet_income_put_btc": 2366019.79
  },
  "globalIdToDepositTokenCoingeckoId": {
    "mainnet_income_call_sol": "solana",
    "mainnet_income_call_marinade": "msol",
    "mainnet_income_call_btc": "bitcoin",
    "mainnet_income_call_sbr": "saber",
    "mainnet_income_call_ftt": "ftx-token",
    "mainnet_income_put_mngo": "usd-coin",
    "mainnet_income_call_luna": "terra-luna",
    "mainnet_income_call_socean": "socean-staked-sol",
    "mainnet_income_call_srm": "serum",
    "mainnet_income_call_mngo": "mango-markets",
    "mainnet_income_call_ray": "raydium",
    "mainnet_income_call_eth": "ethereum",
    "mainnet_income_put_sol": "usd-coin",
    "mainnet_income_put_btc": "usd-coin"
  }
}