{
  "totalTvlUSD": 96203118.99,
  "coinsByCoingeckoId": {
    "solana": 133372.031759574,
    "msol": 145482.524068569,
    "bitcoin": 369.503559,
    "saber": 11000000,
    "ftx-token": 76427.928336,
    "usd-coin": 13185755.701342002,
    "terra-luna": 57235.21357,
    "socean-staked-sol": 7236.363601505,
    "serum": 3974874.806404,
    "mango-markets": 5999999.159277,
    "raydium": 19310.493998,
    "ethereum": 1481.524668
  },
  "pricesByCoingeckoId": {
    "BTC": 42842,
    "SOL": 140.45,
    "ETH": 3251.07,
    "mSOL": 143.96,
    "FTT": 39.85,
    "SRM": 3.04,
    "USDC": 1,
    "MNGO": 0.208564,
    "scnSOL": 143.42,
    "SBR": 0.087749,
    "LUNA": 73.52,
    "RAY": 5.34
  },
  "sharePricesByGlobalId": {
    "mainnet_income_call_sol": 1.03708,
    "mainnet_income_call_marinade": 1.02581,
    "mainnet_income_call_btc": 1.0644,
    "mainnet_income_call_sbr": 1,
    "mainnet_income_call_ftt": 1.01481,
    "mainnet_income_put_mngo": 1.00062,
    "mainnet_income_call_luna": 1.01873,
    "mainnet_income_call_socean": 1.01266,
    "mainnet_income_call_srm": 1.00834,
    "mainnet_income_call_mngo": 1.01232,
    "mainnet_income_call_ray": 1,
    "mainnet_income_call_eth": 1.01181,
    "mainnet_income_put_sol": 1.00376,
    "mainnet_income_put_btc": 1
  },
  "depositTokenByGlobalId": {
    "mainnet_income_call_sol": 133372.031759574,
    "mainnet_income_call_marinade": 145482.524068569,
    "mainnet_income_call_btc": 369.503559,
    "mainnet_income_call_sbr": 11000000,
    "mainnet_income_call_ftt": 76427.928336,
    "mainnet_income_put_mngo": 429859.76,
    "mainnet_income_call_luna": 57235.21357,
    "mainnet_income_call_socean": 7236.363601505,
    "mainnet_income_call_srm": 3974874.806404,
    "mainnet_income_call_mngo": 5999999.159277,
    "mainnet_income_call_ray": 19310.493998,
    "mainnet_income_call_eth": 1481.524668,
    "mainnet_income_put_sol": 10401518.15,
    "mainnet_income_put_btc": 2354377.79
  },
  "usdValueByGlobalId": {
    "mainnet_income_call_sol": 18732101.86,
    "mainnet_income_call_marinade": 20943664.16,
    "mainnet_income_call_btc": 15830271.47,
    "mainnet_income_call_sbr": 965239,
    "mainnet_income_call_ftt": 3045652.94,
    "mainnet_income_put_mngo": 429859.76,
    "mainnet_income_call_luna": 4207932.9,
    "mainnet_income_call_socean": 1037839.27,
    "mainnet_income_call_srm": 12083619.41,
    "mainnet_income_call_mngo": 1251383.82,
    "mainnet_income_call_ray": 103118.04,
    "mainnet_income_call_eth": 4816540.4,
    "mainnet_income_put_sol": 10401518.15,
    "mainnet_income_put_btc": 2354377.79
  }
}