{
  "totalTvlUSD": 109401043.39,
  "coinsByCoingeckoId": {
    "solana": 182133.10877887,
    "msol": 168396.417900267,
    "bitcoin": 435.119603,
    "saber": 20000000,
    "ftx-token": 76149.541531,
    "terra-luna": 88692.844775,
    "terrausd": 200745.49242,
    "usd-coin": 14652205.415705,
    "socean-staked-sol": 11000,
    "serum": 4249760.505562,
    "mango-markets": 9202781.459156,
    "raydium": 21222.698075,
    "ethereum": 1872.297693
  },
  "pricesByCoingeckoId": {
    "BTC": 39088,
    "SOL": 126.58,
    "ETH": 2880.06,
    "mSOL": 129.56,
    "FTT": 43.76,
    "SRM": 2.69,
    "USDC": 1,
    "MNGO": 0.19477,
    "scnSOL": 129.12,
    "SBR": 0.108573,
    "LUNA": 79.25,
    "UST": 1,
    "RAY": 4.65
  },
  "sharePricesByGlobalId": {
    "mainnet_income_call_sol": 1.05342,
    "mainnet_income_call_marinade": 1.03806,
    "mainnet_income_call_btc": 1.06976,
    "mainnet_income_call_sbr": 1.05086,
    "mainnet_income_call_ftt": 1.02766,
    "mainnet_income_call_luna": 1.03856,
    "mainnet_income_put_luna": 1,
    "mainnet_income_put_mngo": 1.00335,
    "mainnet_income_call_socean": 1.0248,
    "mainnet_income_call_srm": 1.02123,
    "mainnet_income_call_mngo": 1.01556,
    "mainnet_income_call_ray": 1.01929,
    "mainnet_income_call_eth": 1.01667,
    "mainnet_income_put_sol": 1.01284,
    "mainnet_income_put_btc": 1.00637
  },
  "depositTokenByGlobalId": {
    "mainnet_income_call_sol": 182133.10877887,
    "mainnet_income_call_marinade": 168396.417900267,
    "mainnet_income_call_btc": 435.119603,
    "mainnet_income_call_sbr": 20000000,
    "mainnet_income_call_ftt": 76149.541531,
    "mainnet_income_call_luna": 88692.844775,
    "mainnet_income_put_luna": 200745.49242,
    "mainnet_income_put_mngo": 411031.64,
    "mainnet_income_call_socean": 11000,
    "mainnet_income_call_srm": 4249760.505562,
    "mainnet_income_call_mngo": 9202781.459156,
    "mainnet_income_call_ray": 21222.698075,
    "mainnet_income_call_eth": 1872.297693,
    "mainnet_income_put_sol": 13111861.12,
    "mainnet_income_put_btc": 1129312.66
  },
  "usdValueByGlobalId": {
    "mainnet_income_call_sol": 23054408.91,
    "mainnet_income_call_marinade": 21817439.9,
    "mainnet_income_call_btc": 17007955.04,
    "mainnet_income_call_sbr": 2171460,
    "mainnet_income_call_ftt": 3332303.94,
    "mainnet_income_call_luna": 7028907.95,
    "mainnet_income_put_luna": 200745.49,
    "mainnet_income_put_mngo": 411031.64,
    "mainnet_income_call_socean": 1420320,
    "mainnet_income_call_srm": 11431855.76,
    "mainnet_income_call_mngo": 1792425.74,
    "mainnet_income_call_ray": 98685.55,
    "mainnet_income_call_eth": 5392329.69,
    "mainnet_income_put_sol": 13111861.12,
    "mainnet_income_put_btc": 1129312.66
  },
  "globalIdToDepositTokenCoingeckoId": {
    "mainnet_income_call_sol": "solana",
    "mainnet_income_call_marinade": "msol",
    "mainnet_income_call_btc": "bitcoin",
    "mainnet_income_call_sbr": "saber",
    "mainnet_income_call_ftt": "ftx-token",
    "mainnet_income_call_luna": "terra-luna",
    "mainnet_income_put_luna": "terrausd",
    "mainnet_income_put_mngo": "usd-coin",
    "mainnet_income_call_socean": "socean-staked-sol",
    "mainnet_income_call_srm": "serum",
    "mainnet_income_call_mngo": "mango-markets",
    "mainnet_income_call_ray": "raydium",
    "mainnet_income_call_eth": "ethereum",
    "mainnet_income_put_sol": "usd-coin",
    "mainnet_income_put_btc": "usd-coin"
  }
}