{
  "totalTvlUSD": 88232565.7,
  "coinsByCoingeckoId": {
    "solana": 195366.549008812,
    "msol": 166613.339643878,
    "bitcoin": 446.509393,
    "saber": 19999999.398257,
    "ftx-token": 67786.905764,
    "terra-luna": 91299.905463,
    "terrausd": 221093.379823,
    "usd-coin": 15589511.852131,
    "socean-staked-sol": 11000,
    "serum": 4242136.367456,
    "mango-markets": 7875859.754746,
    "raydium": 23840.179952,
    "ethereum": 1775.982632
  },
  "pricesByCoingeckoId": {
    "BTC": 35867,
    "SOL": 88.22,
    "ETH": 2362.02,
    "mSOL": 91.18,
    "FTT": 37.27,
    "SRM": 2.06,
    "USDC": 1,
    "MNGO": 0.154177,
    "scnSOL": 90.63,
    "SBR": 0.065652,
    "LUNA": 53.83,
    "UST": 0.995074,
    "RAY": 3.44
  },
  "sharePricesByGlobalId": {
    "mainnet_income_call_sol": 1.05252,
    "mainnet_income_call_marinade": 1.03727,
    "mainnet_income_call_btc": 1.0696,
    "mainnet_income_call_sbr": 1.05044,
    "mainnet_income_call_ftt": 1.02696,
    "mainnet_income_call_luna": 1.0374,
    "mainnet_income_put_luna": 1,
    "mainnet_income_put_mngo": 1.00322,
    "mainnet_income_call_socean": 1.02395,
    "mainnet_income_call_srm": 1.02041,
    "mainnet_income_call_mngo": 1.01533,
    "mainnet_income_call_ray": 1.01764,
    "mainnet_income_call_eth": 1.0165,
    "mainnet_income_put_sol": 1.01183,
    "mainnet_income_put_btc": 1.00606
  },
  "depositTokenByGlobalId": {
    "mainnet_income_call_sol": 195366.549008812,
    "mainnet_income_call_marinade": 166613.339643878,
    "mainnet_income_call_btc": 446.509393,
    "mainnet_income_call_sbr": 19999999.398257,
    "mainnet_income_call_ftt": 67786.905764,
    "mainnet_income_call_luna": 91299.905463,
    "mainnet_income_put_luna": 221093.379823,
    "mainnet_income_put_mngo": 249437.27,
    "mainnet_income_call_socean": 11000,
    "mainnet_income_call_srm": 4242136.367456,
    "mainnet_income_call_mngo": 7875859.754746,
    "mainnet_income_call_ray": 23840.179952,
    "mainnet_income_call_eth": 1775.982632,
    "mainnet_income_put_sol": 14201351.06,
    "mainnet_income_put_btc": 1138723.52
  },
  "usdValueByGlobalId": {
    "mainnet_income_call_sol": 17235236.95,
    "mainnet_income_call_marinade": 15191804.31,
    "mainnet_income_call_btc": 16014952.4,
    "mainnet_income_call_sbr": 1313039.96,
    "mainnet_income_call_ftt": 2526417.98,
    "mainnet_income_call_luna": 4914673.91,
    "mainnet_income_put_luna": 220004.27,
    "mainnet_income_put_mngo": 249437.27,
    "mainnet_income_call_socean": 996930,
    "mainnet_income_call_srm": 8738800.92,
    "mainnet_income_call_mngo": 1214276.43,
    "mainnet_income_call_ray": 82010.22,
    "mainnet_income_call_eth": 4194906.5,
    "mainnet_income_put_sol": 14201351.06,
    "mainnet_income_put_btc": 1138723.52
  },
  "globalIdToDepositTokenCoingeckoId": {
    "mainnet_income_call_sol": "solana",
    "mainnet_income_call_marinade": "msol",
    "mainnet_income_call_btc": "bitcoin",
    "mainnet_income_call_sbr": "saber",
    "mainnet_income_call_ftt": "ftx-token",
    "mainnet_income_call_luna": "terra-luna",
    "mainnet_income_put_luna": "terrausd",
    "mainnet_income_put_mngo": "usd-coin",
    "mainnet_income_call_socean": "socean-staked-sol",
    "mainnet_income_call_srm": "serum",
    "mainnet_income_call_mngo": "mango-markets",
    "mainnet_income_call_ray": "raydium",
    "mainnet_income_call_eth": "ethereum",
    "mainnet_income_put_sol": "usd-coin",
    "mainnet_income_put_btc": "usd-coin"
  }
}