{
  "totalTvlUSD": 86223892.26,
  "coinsByCoingeckoId": {
    "solana": 189153.207008812,
    "msol": 163009.227820919,
    "bitcoin": 435.584237,
    "saber": 19999254.236111,
    "ftx-token": 66633.57379,
    "terra-luna": 82221.154156,
    "terrausd": 208008.657499,
    "usd-coin": 14307370.929981,
    "socean-staked-sol": 10999.999764954,
    "serum": 4235224.36262,
    "mango-markets": 7840231.792677,
    "raydium": 21625.256316,
    "ethereum": 1767.814036
  },
  "pricesByCoingeckoId": {
    "BTC": 35991,
    "SOL": 89.25,
    "ETH": 2370.78,
    "mSOL": 92.15,
    "FTT": 34.88,
    "SRM": 2.08,
    "USDC": 1,
    "MNGO": 0.14822,
    "scnSOL": 90.75,
    "SBR": 0.064821,
    "LUNA": 64.15,
    "UST": 1,
    "RAY": 3.35
  },
  "sharePricesByGlobalId": {
    "mainnet_income_call_sol": 1.05252,
    "mainnet_income_call_marinade": 1.03727,
    "mainnet_income_call_btc": 1.0696,
    "mainnet_income_call_sbr": 1.05044,
    "mainnet_income_call_ftt": 1.02696,
    "mainnet_income_call_luna": 1.0374,
    "mainnet_income_put_luna": 1,
    "mainnet_income_put_mngo": 1.00322,
    "mainnet_income_call_socean": 1.02395,
    "mainnet_income_call_srm": 1.02041,
    "mainnet_income_call_mngo": 1.01533,
    "mainnet_income_call_ray": 1.01764,
    "mainnet_income_call_eth": 1.0165,
    "mainnet_income_put_sol": 1.01183,
    "mainnet_income_put_btc": 1.00606
  },
  "depositTokenByGlobalId": {
    "mainnet_income_call_sol": 189153.207008812,
    "mainnet_income_call_marinade": 163009.227820919,
    "mainnet_income_call_btc": 435.584237,
    "mainnet_income_call_sbr": 19999254.236111,
    "mainnet_income_call_ftt": 66633.57379,
    "mainnet_income_call_luna": 82221.154156,
    "mainnet_income_put_luna": 208008.657499,
    "mainnet_income_put_mngo": 248683.41,
    "mainnet_income_call_socean": 10999.999764954,
    "mainnet_income_call_srm": 4235224.36262,
    "mainnet_income_call_mngo": 7840231.792677,
    "mainnet_income_call_ray": 21625.256316,
    "mainnet_income_call_eth": 1767.814036,
    "mainnet_income_put_sol": 12920476.59,
    "mainnet_income_put_btc": 1138210.93
  },
  "usdValueByGlobalId": {
    "mainnet_income_call_sol": 16881923.73,
    "mainnet_income_call_marinade": 15021300.34,
    "mainnet_income_call_btc": 15677112.27,
    "mainnet_income_call_sbr": 1296371.66,
    "mainnet_income_call_ftt": 2324179.05,
    "mainnet_income_call_luna": 5274487.04,
    "mainnet_income_put_luna": 208008.66,
    "mainnet_income_put_mngo": 248683.41,
    "mainnet_income_call_socean": 998249.98,
    "mainnet_income_call_srm": 8809266.67,
    "mainnet_income_call_mngo": 1162079.16,
    "mainnet_income_call_ray": 72444.61,
    "mainnet_income_call_eth": 4191098.16,
    "mainnet_income_put_sol": 12920476.59,
    "mainnet_income_put_btc": 1138210.93
  },
  "globalIdToDepositTokenCoingeckoId": {
    "mainnet_income_call_sol": "solana",
    "mainnet_income_call_marinade": "msol",
    "mainnet_income_call_btc": "bitcoin",
    "mainnet_income_call_sbr": "saber",
    "mainnet_income_call_ftt": "ftx-token",
    "mainnet_income_call_luna": "terra-luna",
    "mainnet_income_put_luna": "terrausd",
    "mainnet_income_put_mngo": "usd-coin",
    "mainnet_income_call_socean": "socean-staked-sol",
    "mainnet_income_call_srm": "serum",
    "mainnet_income_call_mngo": "mango-markets",
    "mainnet_income_call_ray": "raydium",
    "mainnet_income_call_eth": "ethereum",
    "mainnet_income_put_sol": "usd-coin",
    "mainnet_income_put_btc": "usd-coin"
  }
}