{
  "totalTvlUSD": 89829918.78,
  "coinsByCoingeckoId": {
    "solana": 195319.090008812,
    "msol": 166600.339215886,
    "bitcoin": 446.509393,
    "saber": 19999999.398257,
    "ftx-token": 67786.905764,
    "terra-luna": 91274.671502,
    "terrausd": 221093.379823,
    "usd-coin": 15589197.289067,
    "socean-staked-sol": 11000,
    "serum": 4241072.803259,
    "mango-markets": 7875859.754746,
    "raydium": 23839.179952,
    "ethereum": 1775.982632
  },
  "pricesByCoingeckoId": {
    "BTC": 36219,
    "SOL": 89.91,
    "ETH": 2447.6,
    "mSOL": 92.35,
    "FTT": 38.29,
    "SRM": 2.12,
    "USDC": 1,
    "MNGO": 0.155247,
    "scnSOL": 92.14,
    "SBR": 0.06596,
    "LUNA": 57.96,
    "UST": 0.996071,
    "RAY": 3.52
  },
  "sharePricesByGlobalId": {
    "mainnet_income_call_sol": 1.05252,
    "mainnet_income_call_marinade": 1.03727,
    "mainnet_income_call_btc": 1.0696,
    "mainnet_income_call_sbr": 1.05044,
    "mainnet_income_call_ftt": 1.02696,
    "mainnet_income_call_luna": 1.0374,
    "mainnet_income_put_luna": 1,
    "mainnet_income_put_mngo": 1.00322,
    "mainnet_income_call_socean": 1.02395,
    "mainnet_income_call_srm": 1.02041,
    "mainnet_income_call_mngo": 1.01533,
    "mainnet_income_call_ray": 1.01764,
    "mainnet_income_call_eth": 1.0165,
    "mainnet_income_put_sol": 1.01183,
    "mainnet_income_put_btc": 1.00606
  },
  "depositTokenByGlobalId": {
    "mainnet_income_call_sol": 195319.090008812,
    "mainnet_income_call_marinade": 166600.339215886,
    "mainnet_income_call_btc": 446.509393,
    "mainnet_income_call_sbr": 19999999.398257,
    "mainnet_income_call_ftt": 67786.905764,
    "mainnet_income_call_luna": 91274.671502,
    "mainnet_income_put_luna": 221093.379823,
    "mainnet_income_put_mngo": 249437.27,
    "mainnet_income_call_socean": 11000,
    "mainnet_income_call_srm": 4241072.803259,
    "mainnet_income_call_mngo": 7875859.754746,
    "mainnet_income_call_ray": 23839.179952,
    "mainnet_income_call_eth": 1775.982632,
    "mainnet_income_put_sol": 14201036.49,
    "mainnet_income_put_btc": 1138723.52
  },
  "usdValueByGlobalId": {
    "mainnet_income_call_sol": 17570905.34,
    "mainnet_income_call_marinade": 15402201.36,
    "mainnet_income_call_btc": 16189984.08,
    "mainnet_income_call_sbr": 1319199.96,
    "mainnet_income_call_ftt": 2598272.1,
    "mainnet_income_call_luna": 5282065.24,
    "mainnet_income_put_luna": 219966.47,
    "mainnet_income_put_mngo": 249437.27,
    "mainnet_income_call_socean": 1013540,
    "mainnet_income_call_srm": 8991074.34,
    "mainnet_income_call_mngo": 1222703.6,
    "mainnet_income_call_ray": 83913.91,
    "mainnet_income_call_eth": 4346895.09,
    "mainnet_income_put_sol": 14201036.49,
    "mainnet_income_put_btc": 1138723.52
  },
  "globalIdToDepositTokenCoingeckoId": {
    "mainnet_income_call_sol": "solana",
    "mainnet_income_call_marinade": "msol",
    "mainnet_income_call_btc": "bitcoin",
    "mainnet_income_call_sbr": "saber",
    "mainnet_income_call_ftt": "ftx-token",
    "mainnet_income_call_luna": "terra-luna",
    "mainnet_income_put_luna": "terrausd",
    "mainnet_income_put_mngo": "usd-coin",
    "mainnet_income_call_socean": "socean-staked-sol",
    "mainnet_income_call_srm": "serum",
    "mainnet_income_call_mngo": "mango-markets",
    "mainnet_income_call_ray": "raydium",
    "mainnet_income_call_eth": "ethereum",
    "mainnet_income_put_sol": "usd-coin",
    "mainnet_income_put_btc": "usd-coin"
  }
}