{
  "totalTvlUSD": 114814880.4,
  "coinsByCoingeckoId": {
    "solana": 166783.19701187,
    "msol": 161422.613679735,
    "bitcoin": 425.556814,
    "saber": 19999999.492037,
    "ftx-token": 68344.985161,
    "terra-luna": 76923.912348,
    "terrausd": 48290.657877,
    "usd-coin": 12791523.830213998,
    "socean-staked-sol": 10999.987641614,
    "serum": 4201218.783831,
    "mango-markets": 8830506.448446,
    "raydium": 18061.60287,
    "ethereum": 1740.083843
  },
  "pricesByCoingeckoId": {
    "BTC": 42989,
    "SOL": 146.99,
    "ETH": 3334.32,
    "mSOL": 150.93,
    "FTT": 46.09,
    "SRM": 3.16,
    "USDC": 1,
    "MNGO": 0.198733,
    "scnSOL": 150.6,
    "SBR": 0.126482,
    "LUNA": 84.96,
    "UST": 1,
    "RAY": 5.39
  },
  "sharePricesByGlobalId": {
    "mainnet_income_call_sol": 1.04444,
    "mainnet_income_call_marinade": 1.03017,
    "mainnet_income_call_btc": 1.06814,
    "mainnet_income_call_sbr": 1.04667,
    "mainnet_income_call_ftt": 1.02068,
    "mainnet_income_call_luna": 1.02692,
    "mainnet_income_put_luna": 1,
    "mainnet_income_put_mngo": 1.00201,
    "mainnet_income_call_socean": 1.01629,
    "mainnet_income_call_srm": 1.01304,
    "mainnet_income_call_mngo": 1.01322,
    "mainnet_income_call_ray": 1.00275,
    "mainnet_income_call_eth": 1.01502,
    "mainnet_income_put_sol": 1.00281,
    "mainnet_income_put_btc": 1.00329
  },
  "depositTokenByGlobalId": {
    "mainnet_income_call_sol": 166783.19701187,
    "mainnet_income_call_marinade": 161422.613679735,
    "mainnet_income_call_btc": 425.556814,
    "mainnet_income_call_sbr": 19999999.492037,
    "mainnet_income_call_ftt": 68344.985161,
    "mainnet_income_call_luna": 76923.912348,
    "mainnet_income_put_luna": 48290.657877,
    "mainnet_income_put_mngo": 392132.07,
    "mainnet_income_call_socean": 10999.987641614,
    "mainnet_income_call_srm": 4201218.783831,
    "mainnet_income_call_mngo": 8830506.448446,
    "mainnet_income_call_ray": 18061.60287,
    "mainnet_income_call_eth": 1740.083843,
    "mainnet_income_put_sol": 11274907.62,
    "mainnet_income_put_btc": 1124484.14
  },
  "usdValueByGlobalId": {
    "mainnet_income_call_sol": 24515462.13,
    "mainnet_income_call_marinade": 24363515.08,
    "mainnet_income_call_btc": 18294261.88,
    "mainnet_income_call_sbr": 2529639.94,
    "mainnet_income_call_ftt": 3150020.37,
    "mainnet_income_call_luna": 6535455.59,
    "mainnet_income_put_luna": 48290.66,
    "mainnet_income_put_mngo": 392132.07,
    "mainnet_income_call_socean": 1656598.14,
    "mainnet_income_call_srm": 13275851.36,
    "mainnet_income_call_mngo": 1754913.04,
    "mainnet_income_call_ray": 97352.04,
    "mainnet_income_call_eth": 5801996.36,
    "mainnet_income_put_sol": 11274907.62,
    "mainnet_income_put_btc": 1124484.14
  },
  "globalIdToDepositTokenCoingeckoId": {
    "mainnet_income_call_sol": "solana",
    "mainnet_income_call_marinade": "msol",
    "mainnet_income_call_btc": "bitcoin",
    "mainnet_income_call_sbr": "saber",
    "mainnet_income_call_ftt": "ftx-token",
    "mainnet_income_call_luna": "terra-luna",
    "mainnet_income_put_luna": "terrausd",
    "mainnet_income_put_mngo": "usd-coin",
    "mainnet_income_call_socean": "socean-staked-sol",
    "mainnet_income_call_srm": "serum",
    "mainnet_income_call_mngo": "mango-markets",
    "mainnet_income_call_ray": "raydium",
    "mainnet_income_call_eth": "ethereum",
    "mainnet_income_put_sol": "usd-coin",
    "mainnet_income_put_btc": "usd-coin"
  }
}