{
  "totalTvlUSD": 112829911.24,
  "coinsByCoingeckoId": {
    "solana": 175757.38847887,
    "msol": 164085.490183704,
    "bitcoin": 428.874902,
    "saber": 19999999.760273,
    "ftx-token": 74894.147136,
    "terra-luna": 85986.903518,
    "terrausd": 157594.185573,
    "usd-coin": 13247739.450761,
    "socean-staked-sol": 10999.999467117,
    "serum": 4210498.933266,
    "mango-markets": 9033249.268517,
    "raydium": 20601.053884,
    "ethereum": 1788.487625
  },
  "pricesByCoingeckoId": {
    "BTC": 42416,
    "SOL": 137.24,
    "ETH": 3143.4,
    "mSOL": 140.49,
    "FTT": 45.53,
    "SRM": 2.94,
    "USDC": 1,
    "MNGO": 0.200418,
    "scnSOL": 140.2,
    "SBR": 0.113946,
    "LUNA": 80.41,
    "UST": 1,
    "RAY": 5.03
  },
  "sharePricesByGlobalId": {
    "mainnet_income_call_sol": 1.05342,
    "mainnet_income_call_marinade": 1.03017,
    "mainnet_income_call_btc": 1.06976,
    "mainnet_income_call_sbr": 1.04667,
    "mainnet_income_call_ftt": 1.02068,
    "mainnet_income_call_luna": 1.02692,
    "mainnet_income_put_luna": 1,
    "mainnet_income_put_mngo": 1.00201,
    "mainnet_income_call_socean": 1.01629,
    "mainnet_income_call_srm": 1.01304,
    "mainnet_income_call_mngo": 1.01322,
    "mainnet_income_call_ray": 1.00275,
    "mainnet_income_call_eth": 1.01667,
    "mainnet_income_put_sol": 1.00281,
    "mainnet_income_put_btc": 1.00329
  },
  "depositTokenByGlobalId": {
    "mainnet_income_call_sol": 175757.38847887,
    "mainnet_income_call_marinade": 164085.490183704,
    "mainnet_income_call_btc": 428.874902,
    "mainnet_income_call_sbr": 19999999.760273,
    "mainnet_income_call_ftt": 74894.147136,
    "mainnet_income_call_luna": 85986.903518,
    "mainnet_income_put_luna": 157594.185573,
    "mainnet_income_put_mngo": 397677.27,
    "mainnet_income_call_socean": 10999.999467117,
    "mainnet_income_call_srm": 4210498.933266,
    "mainnet_income_call_mngo": 9033249.268517,
    "mainnet_income_call_ray": 20601.053884,
    "mainnet_income_call_eth": 1788.487625,
    "mainnet_income_put_sol": 11724258.14,
    "mainnet_income_put_btc": 1125804.04
  },
  "usdValueByGlobalId": {
    "mainnet_income_call_sol": 24120943.99,
    "mainnet_income_call_marinade": 23052370.52,
    "mainnet_income_call_btc": 18191157.84,
    "mainnet_income_call_sbr": 2278919.97,
    "mainnet_income_call_ftt": 3409930.52,
    "mainnet_income_call_luna": 6914206.91,
    "mainnet_income_put_luna": 157594.19,
    "mainnet_income_put_mngo": 397677.27,
    "mainnet_income_call_socean": 1542199.93,
    "mainnet_income_call_srm": 12378866.86,
    "mainnet_income_call_mngo": 1810425.75,
    "mainnet_income_call_ray": 103623.3,
    "mainnet_income_call_eth": 5621932,
    "mainnet_income_put_sol": 11724258.14,
    "mainnet_income_put_btc": 1125804.04
  },
  "globalIdToDepositTokenCoingeckoId": {
    "mainnet_income_call_sol": "solana",
    "mainnet_income_call_marinade": "msol",
    "mainnet_income_call_btc": "bitcoin",
    "mainnet_income_call_sbr": "saber",
    "mainnet_income_call_ftt": "ftx-token",
    "mainnet_income_call_luna": "terra-luna",
    "mainnet_income_put_luna": "terrausd",
    "mainnet_income_put_mngo": "usd-coin",
    "mainnet_income_call_socean": "socean-staked-sol",
    "mainnet_income_call_srm": "serum",
    "mainnet_income_call_mngo": "mango-markets",
    "mainnet_income_call_ray": "raydium",
    "mainnet_income_call_eth": "ethereum",
    "mainnet_income_put_sol": "usd-coin",
    "mainnet_income_put_btc": "usd-coin"
  }
}