{
  "updateTime": 1643870154,
  "totalTvlUSD": 92016627.28,
  "coinsByCoingeckoId": {
    "solana": 226367.211915986,
    "msol": 114906.16089501,
    "bitcoin": 579.914121,
    "saber": 19986623.147796,
    "ftx-token": 70366.52832,
    "terra-luna": 90348.154695,
    "terrausd": 193453.302058,
    "usd-coin": 11532395.261142,
    "socean-staked-sol": 9989.893432656,
    "serum": 4269428.302482,
    "mango-markets": 7946277.914681,
    "raydium": 24143.401783,
    "ethereum": 1744.904765
  },
  "pricesByCoingeckoId": {
    "BTC": 36977,
    "SOL": 98.22,
    "ETH": 2649.18,
    "mSOL": 101.42,
    "FTT": 42.21,
    "SRM": 2.25,
    "USDC": 1,
    "MNGO": 0.142105,
    "scnSOL": 100.39,
    "SBR": 0.059166,
    "LUNA": 48.26,
    "UST": 1,
    "RAY": 3.56
  },
  "sharePricesByGlobalId": {
    "mainnet_income_call_sol": 1.05809,
    "mainnet_income_call_marinade": 1.03941,
    "mainnet_income_call_btc": 1.07191,
    "mainnet_income_call_sbr": 1.05233,
    "mainnet_income_call_ftt": 1.03027,
    "mainnet_income_call_luna": 1.04859,
    "mainnet_income_put_luna": 1,
    "mainnet_income_put_mngo": 0.95525,
    "mainnet_income_call_socean": 1.02638,
    "mainnet_income_call_srm": 1.02466,
    "mainnet_income_call_mngo": 1.01671,
    "mainnet_income_call_ray": 1.02438,
    "mainnet_income_call_eth": 1.01934,
    "mainnet_income_put_sol": 0.93078,
    "mainnet_income_put_btc": 1.0088,
    "mainnet_income_put_eth": 1
  },
  "depositTokenByGlobalId": {
    "mainnet_income_call_sol": 226367.211915986,
    "mainnet_income_call_marinade": 114906.16089501,
    "mainnet_income_call_btc": 579.914121,
    "mainnet_income_call_sbr": 19986623.147796,
    "mainnet_income_call_ftt": 70366.52832,
    "mainnet_income_call_luna": 90348.154695,
    "mainnet_income_put_luna": 193453.302058,
    "mainnet_income_put_mngo": 150149.02,
    "mainnet_income_call_socean": 9989.893432656,
    "mainnet_income_call_srm": 4269428.302482,
    "mainnet_income_call_mngo": 7946277.914681,
    "mainnet_income_call_ray": 24143.401783,
    "mainnet_income_call_eth": 1744.904765,
    "mainnet_income_put_sol": 10061023.63,
    "mainnet_income_put_btc": 1154712.05,
    "mainnet_income_put_eth": 166510.56
  },
  "usdValueByGlobalId": {
    "mainnet_income_call_sol": 22233787.55,
    "mainnet_income_call_marinade": 11653782.84,
    "mainnet_income_call_btc": 21443484.45,
    "mainnet_income_call_sbr": 1182528.55,
    "mainnet_income_call_ftt": 2970171.16,
    "mainnet_income_call_luna": 4360201.95,
    "mainnet_income_put_luna": 193453.3,
    "mainnet_income_put_mngo": 150149.02,
    "mainnet_income_call_socean": 1002885.4,
    "mainnet_income_call_srm": 9606213.68,
    "mainnet_income_call_mngo": 1129205.82,
    "mainnet_income_call_ray": 85950.51,
    "mainnet_income_call_eth": 4622566.81,
    "mainnet_income_put_sol": 10061023.63,
    "mainnet_income_put_btc": 1154712.05,
    "mainnet_income_put_eth": 166510.56
  },
  "globalIdToDepositTokenCoingeckoId": {
    "mainnet_income_call_sol": "solana",
    "mainnet_income_call_marinade": "msol",
    "mainnet_income_call_btc": "bitcoin",
    "mainnet_income_call_sbr": "saber",
    "mainnet_income_call_ftt": "ftx-token",
    "mainnet_income_call_luna": "terra-luna",
    "mainnet_income_put_luna": "terrausd",
    "mainnet_income_put_mngo": "usd-coin",
    "mainnet_income_call_socean": "socean-staked-sol",
    "mainnet_income_call_srm": "serum",
    "mainnet_income_call_mngo": "mango-markets",
    "mainnet_income_call_ray": "raydium",
    "mainnet_income_call_eth": "ethereum",
    "mainnet_income_put_sol": "usd-coin",
    "mainnet_income_put_btc": "usd-coin",
    "mainnet_income_put_eth": "usd-coin"
  },
  "apyByGlobalId": {
    "mainnet_income_call_sol": 47.56698231735526,
    "mainnet_income_call_marinade": 34.52891052312406,
    "mainnet_income_call_btc": 22.51721317589241,
    "mainnet_income_call_sbr": 70.16261395046638,
    "mainnet_income_call_ftt": 54.67731555403599,
    "mainnet_income_call_luna": 75.26968877922639,
    "mainnet_income_put_luna": 37.314707143449446,
    "mainnet_income_put_mngo": 20.859137102827475,
    "mainnet_income_call_socean": 42.97715116053488,
    "mainnet_income_call_srm": 34.21820571774542,
    "mainnet_income_call_mngo": 25.46401966947792,
    "mainnet_income_call_ray": 42.9401428022028,
    "mainnet_income_call_eth": 20.733619294649845,
    "mainnet_income_put_sol": 38.02820535637894,
    "mainnet_income_put_btc": 16.783867146910225,
    "mainnet_income_put_eth": 37.6
  },
  "allMainnetVolts": [
    {
      "globalId": "mainnet_income_call_btc",
      "voltVaultId": "CdZ1Mgo3927bsYdKK5rnzGtwek3NLWdvoTSSm2TJjdqW",
      "quoteMint": "EPjFWdd5AufqSSqeM2qN1xzybapC8G4wEGGkZwyTDt1v",
      "underlyingMint": "9n4nbM75f5Ui33ZbPYXn59EwSgE8CGsHtAeTH5YFeJ9E",
      "depositTokenMint": "9n4nbM75f5Ui33ZbPYXn59EwSgE8CGsHtAeTH5YFeJ9E",
      "shareTokenMint": "3BjcHXvyzMsjmeqE2qFLx45K4XFx3JPiyRnjJiF5MAHt",
      "shareTokenSymbol": "fcBTC",
      "shareTokenDecimals": 6,
      "depositPool": "A57Bn4Sj6o9H3U9wmU9GAvNdyTSS3P1pmkWRkAgNHXLK",
      "premiumPool": "7ULgSWrAaKvK7iWawFVGW6km7hqAfG1Zpb1zsQemfPh6",
      "depositTokenSymbol": "BTC",
      "depositTokenCoingeckoId": "bitcoin",
      "underlyingTokenSymbol": "BTC",
      "underlyingTokenCoingeckoId": "bitcoin",
      "voltType": 1,
      "apy": 22.51721317589241
    },
    {
      "globalId": "mainnet_income_call_sol",
      "voltVaultId": "CbPemKEEe7Y7YgBmYtFaZiECrVTP5sGrYzrrrviSewKY",
      "quoteMint": "EPjFWdd5AufqSSqeM2qN1xzybapC8G4wEGGkZwyTDt1v",
      "underlyingMint": "So11111111111111111111111111111111111111112",
      "depositTokenMint": "So11111111111111111111111111111111111111112",
      "shareTokenMint": "4Hnh1UCC6HLzx9NaGKnTVHR2bANcRrhydumdHCnrT3i2",
      "shareTokenSymbol": "fcSOL",
      "shareTokenDecimals": 9,
      "depositPool": "unrWTSSfz6H7DzYYHRTuTCK3yVzR1YUNqUn7xWwr4Z5",
      "premiumPool": "Dq3ZMPnpXqxqRmMaLKdGphsX7M1bxccaNuWHiqDkceSY",
      "depositTokenSymbol": "SOL",
      "depositTokenCoingeckoId": "solana",
      "underlyingTokenSymbol": "SOL",
      "underlyingTokenCoingeckoId": "solana",
      "voltType": 1,
      "apy": 47.56698231735526
    },
    {
      "globalId": "mainnet_income_call_marinade",
      "voltVaultId": "9RcdLHX8rkfjo4ze2uyvhfQGjX6wAZtbvmBf3aK6wqrG",
      "quoteMint": "EPjFWdd5AufqSSqeM2qN1xzybapC8G4wEGGkZwyTDt1v",
      "underlyingMint": "mSoLzYCxHdYgdzU16g5QSh3i5K3z3KZK7ytfqcJm7So",
      "depositTokenMint": "mSoLzYCxHdYgdzU16g5QSh3i5K3z3KZK7ytfqcJm7So",
      "shareTokenMint": "6UA3yn28XecAHLTwoCtjfzy3WcyQj1x13bxnH8urUiKt",
      "shareTokenSymbol": "fcmSOL",
      "shareTokenDecimals": 9,
      "depositPool": "CeR66gft7PRuaNxUVrekexGt6PQvsWFcLhrYFmzWzqPZ",
      "premiumPool": "6mGFgUHBfaEXWSLn5b9udZbeFcq44nzu17eWnpCD21va",
      "depositTokenSymbol": "mSOL",
      "depositTokenCoingeckoId": "msol",
      "underlyingTokenSymbol": "mSOL",
      "underlyingTokenCoingeckoId": "msol",
      "voltType": 1,
      "apy": 34.52891052312406
    },
    {
      "globalId": "mainnet_income_call_eth",
      "voltVaultId": "A2jbvwftkAzU5hLUmBePdfqZQsop7jydZirLS5NsRVtx",
      "quoteMint": "EPjFWdd5AufqSSqeM2qN1xzybapC8G4wEGGkZwyTDt1v",
      "underlyingMint": "2FPyTwcZLUg1MDrwsyoP4D6s1tM7hAkHYRjkNb5w6Pxk",
      "depositTokenMint": "2FPyTwcZLUg1MDrwsyoP4D6s1tM7hAkHYRjkNb5w6Pxk",
      "shareTokenMint": "GjnoPUjQiEUYWuKAbMax2cM1Eony8Yutc133wuSun9hS",
      "shareTokenSymbol": "fcETH",
      "shareTokenDecimals": 6,
      "depositPool": "6n9UCuP8HAvusfTWET5ck7fmyfSis7ND5BXzme59wJsE",
      "premiumPool": "bQHPBzL8K9jtByXqpcUi4RXU7Nc4XuwLMXLosptAfJX",
      "depositTokenSymbol": "ETH",
      "depositTokenCoingeckoId": "ethereum",
      "underlyingTokenSymbol": "ETH",
      "underlyingTokenCoingeckoId": "ethereum",
      "voltType": 1,
      "apy": 20.733619294649845
    },
    {
      "globalId": "mainnet_income_call_ftt",
      "voltVaultId": "8qjBanq5cxc3FzsaEznKfpsbPwfMVoB6AxLXY7pe3fEX",