{
  "totalTvlUSD": 87182151.01,
  "coinsByCoingeckoId": {
    "solana": 124141.912825644,
    "msol": 134444.083020146,
    "bitcoin": 300.252528,
    "saber": 11000000,
    "ftx-token": 70639.430071,
    "usd-coin": 12653876.097529,
    "terra-luna": 39999.089397,
    "socean-staked-sol": 5367.61096453,
    "serum": 3964059.407073,
    "mango-markets": 5995557.488087,
    "raydium": 18915.242615,
    "ethereum": 1399.448063
  },
  "pricesByCoingeckoId": {
    "BTC": 42283,
    "SOL": 139.28,
    "ETH": 3232.38,
    "mSOL": 142.51,
    "FTT": 36.42,
    "SRM": 3.12,
    "USDC": 1,
    "MNGO": 0.19265,
    "scnSOL": 141.59,
    "SBR": 0.092949,
    "LUNA": 71.94,
    "RAY": 5.47
  },
  "sharePricesByGlobalId": {
    "mainnet_income_call_sol": 1.03708,
    "mainnet_income_call_marinade": 1.02581,
    "mainnet_income_call_btc": 1.0644,
    "mainnet_income_call_sbr": 1,
    "mainnet_income_call_ftt": 1.01481,
    "mainnet_income_put_mngo": 1,
    "mainnet_income_call_luna": 1.01873,
    "mainnet_income_call_socean": 1.01266,
    "mainnet_income_call_srm": 1.00834,
    "mainnet_income_call_mngo": 1.01232,
    "mainnet_income_call_ray": 1,
    "mainnet_income_call_eth": 1.01181,
    "mainnet_income_put_sol": 1,
    "mainnet_income_put_btc": 1
  },
  "depositTokenByGlobalId": {
    "mainnet_income_call_sol": 124141.912825644,
    "mainnet_income_call_marinade": 134444.083020146,
    "mainnet_income_call_btc": 300.252528,
    "mainnet_income_call_sbr": 11000000,
    "mainnet_income_call_ftt": 70639.430071,
    "mainnet_income_put_mngo": 420661.09,
    "mainnet_income_call_luna": 39999.089397,
    "mainnet_income_call_socean": 5367.61096453,
    "mainnet_income_call_srm": 3964059.407073,
    "mainnet_income_call_mngo": 5995557.488087,
    "mainnet_income_call_ray": 18915.242615,
    "mainnet_income_call_eth": 1399.448063,
    "mainnet_income_put_sol": 9882307.27,
    "mainnet_income_put_btc": 2350907.74
  },
  "usdValueByGlobalId": {
    "mainnet_income_call_sol": 17290485.62,
    "mainnet_income_call_marinade": 19159626.27,
    "mainnet_income_call_btc": 12695577.64,
    "mainnet_income_call_sbr": 1022439,
    "mainnet_income_call_ftt": 2572688.04,
    "mainnet_income_put_mngo": 420661.09,
    "mainnet_income_call_luna": 2877534.49,
    "mainnet_income_call_socean": 760000.04,
    "mainnet_income_call_srm": 12367865.35,
    "mainnet_income_call_mngo": 1155044.15,
    "mainnet_income_call_ray": 103466.38,
    "mainnet_income_call_eth": 4523547.93,
    "mainnet_income_put_sol": 9882307.27,
    "mainnet_income_put_btc": 2350907.74
  }
}