{
  "totalTvlUSD": 96177768.98,
  "coinsByCoingeckoId": {
    "solana": 135082.771759574,
    "msol": 145808.092395136,
    "bitcoin": 369.587033,
    "saber": 11000000,
    "ftx-token": 76445.206473,
    "usd-coin": 13351298.118219,
    "terra-luna": 57430.264295,
    "socean-staked-sol": 7344.873943255,
    "serum": 3974874.806404,
    "mango-markets": 5999999.159277,
    "raydium": 19310.493998,
    "ethereum": 1486.524949
  },
  "pricesByCoingeckoId": {
    "BTC": 42568,
    "SOL": 138.76,
    "ETH": 3226.22,
    "mSOL": 142.59,
    "FTT": 39.7,
    "SRM": 3.05,
    "USDC": 1,
    "MNGO": 0.207692,
    "scnSOL": 142.47,
    "SBR": 0.084155,
    "LUNA": 74.59,
    "RAY": 5.33
  },
  "sharePricesByGlobalId": {
    "mainnet_income_call_sol": 1.03708,
    "mainnet_income_call_marinade": 1.02581,
    "mainnet_income_call_btc": 1.0644,
    "mainnet_income_call_sbr": 1,
    "mainnet_income_call_ftt": 1.01481,
    "mainnet_income_put_mngo": 1,
    "mainnet_income_call_luna": 1.01873,
    "mainnet_income_call_socean": 1.01266,
    "mainnet_income_call_srm": 1.00834,
    "mainnet_income_call_mngo": 1.01232,
    "mainnet_income_call_ray": 1,
    "mainnet_income_call_eth": 1.01181,
    "mainnet_income_put_sol": 0.99999,
    "mainnet_income_put_btc": 1
  },
  "depositTokenByGlobalId": {
    "mainnet_income_call_sol": 135082.771759574,
    "mainnet_income_call_marinade": 145808.092395136,
    "mainnet_income_call_btc": 369.587033,
    "mainnet_income_call_sbr": 11000000,
    "mainnet_income_call_ftt": 76445.206473,
    "mainnet_income_put_mngo": 429604.43,
    "mainnet_income_call_luna": 57430.264295,
    "mainnet_income_call_socean": 7344.873943255,
    "mainnet_income_call_srm": 3974874.806404,
    "mainnet_income_call_mngo": 5999999.159277,
    "mainnet_income_call_ray": 19310.493998,
    "mainnet_income_call_eth": 1486.524949,
    "mainnet_income_put_sol": 10567315.9,
    "mainnet_income_put_btc": 2354377.79
  },
  "usdValueByGlobalId": {
    "mainnet_income_call_sol": 18744085.41,
    "mainnet_income_call_marinade": 20790775.89,
    "mainnet_income_call_btc": 15732580.82,
    "mainnet_income_call_sbr": 925705,
    "mainnet_income_call_ftt": 3034874.7,
    "mainnet_income_put_mngo": 429604.43,
    "mainnet_income_call_luna": 4283723.41,
    "mainnet_income_call_socean": 1046424.19,
    "mainnet_income_call_srm": 12123368.16,
    "mainnet_income_call_mngo": 1246151.83,
    "mainnet_income_call_ray": 102924.93,
    "mainnet_income_call_eth": 4795856.52,
    "mainnet_income_put_sol": 10567315.9,
    "mainnet_income_put_btc": 2354377.79
  }
}