{
  "totalTvlUSD": 85327343.71,
  "coinsByCoingeckoId": {
    "solana": 188291.206158812,
    "msol": 162310.108597576,
    "bitcoin": 432.209407,
    "saber": 18801906.501584,
    "ftx-token": 66478.416909,
    "terra-luna": 82762.32551,
    "terrausd": 207818.654299,
    "usd-coin": 14062851.470973,
    "socean-staked-sol": 10999.999764954,
    "serum": 4235069.805075,
    "mango-markets": 7820363.780532,
    "raydium": 21181.224006,
    "ethereum": 1762.055973
  },
  "pricesByCoingeckoId": {
    "BTC": 35347,
    "SOL": 87.98,
    "ETH": 2428.91,
    "mSOL": 90.77,
    "FTT": 34.79,
    "SRM": 2.11,
    "USDC": 1,
    "MNGO": 0.15198,
    "scnSOL": 90.53,
    "SBR": 0.070806,
    "LUNA": 64.79,
    "UST": 1,
    "RAY": 3.5
  },
  "sharePricesByGlobalId": {
    "mainnet_income_call_sol": 1.05252,
    "mainnet_income_call_marinade": 1.03727,
    "mainnet_income_call_btc": 1.0696,
    "mainnet_income_call_sbr": 1.05044,
    "mainnet_income_call_ftt": 1.02696,
    "mainnet_income_call_luna": 1.0374,
    "mainnet_income_put_luna": 1,
    "mainnet_income_put_mngo": 1.00322,
    "mainnet_income_call_socean": 1.02395,
    "mainnet_income_call_srm": 1.02041,
    "mainnet_income_call_mngo": 1.01533,
    "mainnet_income_call_ray": 1.01764,
    "mainnet_income_call_eth": 1.0165,
    "mainnet_income_put_sol": 1.01183,
    "mainnet_income_put_btc": 1.00606
  },
  "depositTokenByGlobalId": {
    "mainnet_income_call_sol": 188291.206158812,
    "mainnet_income_call_marinade": 162310.108597576,
    "mainnet_income_call_btc": 432.209407,
    "mainnet_income_call_sbr": 18801906.501584,
    "mainnet_income_call_ftt": 66478.416909,
    "mainnet_income_call_luna": 82762.32551,
    "mainnet_income_put_luna": 207818.654299,
    "mainnet_income_put_mngo": 248683.41,
    "mainnet_income_call_socean": 10999.999764954,
    "mainnet_income_call_srm": 4235069.805075,
    "mainnet_income_call_mngo": 7820363.780532,
    "mainnet_income_call_ray": 21181.224006,
    "mainnet_income_call_eth": 1762.055973,
    "mainnet_income_put_sol": 12675957.23,
    "mainnet_income_put_btc": 1138210.83
  },
  "usdValueByGlobalId": {
    "mainnet_income_call_sol": 16565860.32,
    "mainnet_income_call_marinade": 14732888.56,
    "mainnet_income_call_btc": 15277305.91,
    "mainnet_income_call_sbr": 1331287.79,
    "mainnet_income_call_ftt": 2312784.12,
    "mainnet_income_call_luna": 5362171.07,
    "mainnet_income_put_luna": 207818.65,
    "mainnet_income_put_mngo": 248683.41,
    "mainnet_income_call_socean": 995829.98,
    "mainnet_income_call_srm": 8935997.29,
    "mainnet_income_call_mngo": 1188538.89,
    "mainnet_income_call_ray": 74134.28,
    "mainnet_income_call_eth": 4279875.37,
    "mainnet_income_put_sol": 12675957.23,
    "mainnet_income_put_btc": 1138210.83
  },
  "globalIdToDepositTokenCoingeckoId": {
    "mainnet_income_call_sol": "solana",
    "mainnet_income_call_marinade": "msol",
    "mainnet_income_call_btc": "bitcoin",
    "mainnet_income_call_sbr": "saber",
    "mainnet_income_call_ftt": "ftx-token",
    "mainnet_income_call_luna": "terra-luna",
    "mainnet_income_put_luna": "terrausd",
    "mainnet_income_put_mngo": "usd-coin",
    "mainnet_income_call_socean": "socean-staked-sol",
    "mainnet_income_call_srm": "serum",
    "mainnet_income_call_mngo": "mango-markets",
    "mainnet_income_call_ray": "raydium",
    "mainnet_income_call_eth": "ethereum",
    "mainnet_income_put_sol": "usd-coin",
    "mainnet_income_put_btc": "usd-coin"
  }
}