{
  "totalTvlUSD": 93031824.57,
  "coinsByCoingeckoId": {
    "solana": 193355.368008812,
    "msol": 164129.445198735,
    "bitcoin": 443.236057,
    "saber": 19999998.066329,
    "ftx-token": 67414.245904,
    "terra-luna": 87704.745871,
    "terrausd": 215162.229866,
    "usd-coin": 14308721.268130999,
    "socean-staked-sol": 11000,
    "serum": 4239464.637998,
    "mango-markets": 7874157.260761,
    "raydium": 23338.825086,
    "ethereum": 1768.191515
  },
  "pricesByCoingeckoId": {
    "BTC": 38049,
    "SOL": 98.73,
    "ETH": 2611.2,
    "mSOL": 101.26,
    "FTT": 37.7,
    "SRM": 2.21,
    "USDC": 1,
    "MNGO": 0.157184,
    "scnSOL": 104.22,
    "SBR": 0.06822,
    "LUNA": 63.51,
    "UST": 1,
    "RAY": 3.73
  },
  "sharePricesByGlobalId": {
    "mainnet_income_call_sol": 1.05252,
    "mainnet_income_call_marinade": 1.03727,
    "mainnet_income_call_btc": 1.0696,
    "mainnet_income_call_sbr": 1.05044,
    "mainnet_income_call_ftt": 1.02696,
    "mainnet_income_call_luna": 1.0374,
    "mainnet_income_put_luna": 1,
    "mainnet_income_put_mngo": 1.00322,
    "mainnet_income_call_socean": 1.02395,
    "mainnet_income_call_srm": 1.02041,
    "mainnet_income_call_mngo": 1.01533,
    "mainnet_income_call_ray": 1.01764,
    "mainnet_income_call_eth": 1.0165,
    "mainnet_income_put_sol": 1.01183,
    "mainnet_income_put_btc": 1.00606
  },
  "depositTokenByGlobalId": {
    "mainnet_income_call_sol": 193355.368008812,
    "mainnet_income_call_marinade": 164129.445198735,
    "mainnet_income_call_btc": 443.236057,
    "mainnet_income_call_sbr": 19999998.066329,
    "mainnet_income_call_ftt": 67414.245904,
    "mainnet_income_call_luna": 87704.745871,
    "mainnet_income_put_luna": 215162.229866,
    "mainnet_income_put_mngo": 249435.27,
    "mainnet_income_call_socean": 11000,
    "mainnet_income_call_srm": 4239464.637998,
    "mainnet_income_call_mngo": 7874157.260761,
    "mainnet_income_call_ray": 23338.825086,
    "mainnet_income_call_eth": 1768.191515,
    "mainnet_income_put_sol": 12920564.47,
    "mainnet_income_put_btc": 1138721.52
  },
  "usdValueByGlobalId": {
    "mainnet_income_call_sol": 19089975.48,
    "mainnet_income_call_marinade": 16619747.62,
    "mainnet_income_call_btc": 16864688.73,
    "mainnet_income_call_sbr": 1364399.87,
    "mainnet_income_call_ftt": 2541517.07,
    "mainnet_income_call_luna": 5570128.41,
    "mainnet_income_put_luna": 215162.23,
    "mainnet_income_put_mngo": 249435.27,
    "mainnet_income_call_socean": 1146420,
    "mainnet_income_call_srm": 9369216.85,
    "mainnet_income_call_mngo": 1237691.53,
    "mainnet_income_call_ray": 87053.82,
    "mainnet_income_call_eth": 4617101.68,
    "mainnet_income_put_sol": 12920564.47,
    "mainnet_income_put_btc": 1138721.52
  },
  "globalIdToDepositTokenCoingeckoId": {
    "mainnet_income_call_sol": "solana",
    "mainnet_income_call_marinade": "msol",
    "mainnet_income_call_btc": "bitcoin",
    "mainnet_income_call_sbr": "saber",
    "mainnet_income_call_ftt": "ftx-token",
    "mainnet_income_call_luna": "terra-luna",
    "mainnet_income_put_luna": "terrausd",
    "mainnet_income_put_mngo": "usd-coin",
    "mainnet_income_call_socean": "socean-staked-sol",
    "mainnet_income_call_srm": "serum",
    "mainnet_income_call_mngo": "mango-markets",
    "mainnet_income_call_ray": "raydium",
    "mainnet_income_call_eth": "ethereum",
    "mainnet_income_put_sol": "usd-coin",
    "mainnet_income_put_btc": "usd-coin"
  }
}