{
  "totalTvlUSD": 86261395.43,
  "coinsByCoingeckoId": {
    "solana": 188921.630008812,
    "msol": 162965.208628163,
    "bitcoin": 435.584237,
    "saber": 19995312.19705,
    "ftx-token": 66594.389206,
    "terra-luna": 83183.803964,
    "terrausd": 207899.657499,
    "usd-coin": 14275218.511102,
    "socean-staked-sol": 10999.999764954,
    "serum": 4235493.955661,
    "mango-markets": 7840231.792677,
    "raydium": 21625.256316,
    "ethereum": 1772.494941
  },
  "pricesByCoingeckoId": {
    "BTC": 36239,
    "SOL": 88.82,
    "ETH": 2395.46,
    "mSOL": 91.44,
    "FTT": 35.22,
    "SRM": 2.1,
    "USDC": 1,
    "MNGO": 0.150408,
    "scnSOL": 90.54,
    "SBR": 0.064933,
    "LUNA": 63.47,
    "UST": 1,
    "RAY": 3.35
  },
  "sharePricesByGlobalId": {
    "mainnet_income_call_sol": 1.05252,
    "mainnet_income_call_marinade": 1.03727,
    "mainnet_income_call_btc": 1.0696,
    "mainnet_income_call_sbr": 1.05044,
    "mainnet_income_call_ftt": 1.02696,
    "mainnet_income_call_luna": 1.0374,
    "mainnet_income_put_luna": 1,
    "mainnet_income_put_mngo": 1.00322,
    "mainnet_income_call_socean": 1.02395,
    "mainnet_income_call_srm": 1.02041,
    "mainnet_income_call_mngo": 1.01533,
    "mainnet_income_call_ray": 1.01764,
    "mainnet_income_call_eth": 1.0165,
    "mainnet_income_put_sol": 1.01183,
    "mainnet_income_put_btc": 1.00606
  },
  "depositTokenByGlobalId": {
    "mainnet_income_call_sol": 188921.630008812,
    "mainnet_income_call_marinade": 162965.208628163,
    "mainnet_income_call_btc": 435.584237,
    "mainnet_income_call_sbr": 19995312.19705,
    "mainnet_income_call_ftt": 66594.389206,
    "mainnet_income_call_luna": 83183.803964,
    "mainnet_income_put_luna": 207899.657499,
    "mainnet_income_put_mngo": 248683.41,
    "mainnet_income_call_socean": 10999.999764954,
    "mainnet_income_call_srm": 4235493.955661,
    "mainnet_income_call_mngo": 7840231.792677,
    "mainnet_income_call_ray": 21625.256316,
    "mainnet_income_call_eth": 1772.494941,
    "mainnet_income_put_sol": 12888324.17,
    "mainnet_income_put_btc": 1138210.93
  },
  "usdValueByGlobalId": {
    "mainnet_income_call_sol": 16780019.18,
    "mainnet_income_call_marinade": 14901538.68,
    "mainnet_income_call_btc": 15785137.16,
    "mainnet_income_call_sbr": 1298355.61,
    "mainnet_income_call_ftt": 2345454.39,
    "mainnet_income_call_luna": 5279676.04,
    "mainnet_income_put_luna": 207899.66,
    "mainnet_income_put_mngo": 248683.41,
    "mainnet_income_call_socean": 995939.98,
    "mainnet_income_call_srm": 8894537.31,
    "mainnet_income_call_mngo": 1179233.58,
    "mainnet_income_call_ray": 72444.61,
    "mainnet_income_call_eth": 4245940.73,
    "mainnet_income_put_sol": 12888324.17,
    "mainnet_income_put_btc": 1138210.93
  },
  "globalIdToDepositTokenCoingeckoId": {
    "mainnet_income_call_sol": "solana",
    "mainnet_income_call_marinade": "msol",
    "mainnet_income_call_btc": "bitcoin",
    "mainnet_income_call_sbr": "saber",
    "mainnet_income_call_ftt": "ftx-token",
    "mainnet_income_call_luna": "terra-luna",
    "mainnet_income_put_luna": "terrausd",
    "mainnet_income_put_mngo": "usd-coin",
    "mainnet_income_call_socean": "socean-staked-sol",
    "mainnet_income_call_srm": "serum",
    "mainnet_income_call_mngo": "mango-markets",
    "mainnet_income_call_ray": "raydium",
    "mainnet_income_call_eth": "ethereum",
    "mainnet_income_put_sol": "usd-coin",
    "mainnet_income_put_btc": "usd-coin"
  }
}