{
  "totalTvlUSD": 107742091.58,
  "coinsByCoingeckoId": {
    "solana": 181596.84277887,
    "msol": 168345.81974652,
    "bitcoin": 433.962727,
    "saber": 20000000,
    "ftx-token": 75651.34919,
    "terra-luna": 88508.776194,
    "terrausd": 193430.303934,
    "usd-coin": 14464074.14139,
    "socean-staked-sol": 11000,
    "serum": 4249760.505562,
    "mango-markets": 9184388.459156,
    "raydium": 20944.198635,
    "ethereum": 1866.276605
  },
  "pricesByCoingeckoId": {
    "BTC": 39783,
    "SOL": 122.7,
    "ETH": 2912.12,
    "mSOL": 124.84,
    "FTT": 44.07,
    "SRM": 2.7,
    "USDC": 1,
    "MNGO": 0.199532,
    "scnSOL": 126.08,
    "SBR": 0.107483,
    "LUNA": 76.98,
    "UST": 0.995799,
    "RAY": 4.64
  },
  "sharePricesByGlobalId": {
    "mainnet_income_call_sol": 1.05342,
    "mainnet_income_call_marinade": 1.03806,
    "mainnet_income_call_btc": 1.06976,
    "mainnet_income_call_sbr": 1.05086,
    "mainnet_income_call_ftt": 1.02068,
    "mainnet_income_call_luna": 1.03856,
    "mainnet_income_put_luna": 1,
    "mainnet_income_put_mngo": 1.00201,
    "mainnet_income_call_socean": 1.0248,
    "mainnet_income_call_srm": 1.02123,
    "mainnet_income_call_mngo": 1.01322,
    "mainnet_income_call_ray": 1.00275,
    "mainnet_income_call_eth": 1.01667,
    "mainnet_income_put_sol": 1.00281,
    "mainnet_income_put_btc": 1.00329
  },
  "depositTokenByGlobalId": {
    "mainnet_income_call_sol": 181596.84277887,
    "mainnet_income_call_marinade": 168345.81974652,
    "mainnet_income_call_btc": 433.962727,
    "mainnet_income_call_sbr": 20000000,
    "mainnet_income_call_ftt": 75651.34919,
    "mainnet_income_call_luna": 88508.776194,
    "mainnet_income_put_luna": 193430.303934,
    "mainnet_income_put_mngo": 410509.79,
    "mainnet_income_call_socean": 11000,
    "mainnet_income_call_srm": 4249760.505562,
    "mainnet_income_call_mngo": 9184388.459156,
    "mainnet_income_call_ray": 20944.198635,
    "mainnet_income_call_eth": 1866.276605,
    "mainnet_income_put_sol": 12927700.31,
    "mainnet_income_put_btc": 1125864.04
  },
  "usdValueByGlobalId": {
    "mainnet_income_call_sol": 22281932.61,
    "mainnet_income_call_marinade": 21016292.14,
    "mainnet_income_call_btc": 17264339.17,
    "mainnet_income_call_sbr": 2149660,
    "mainnet_income_call_ftt": 3333954.96,
    "mainnet_income_call_luna": 6813405.59,
    "mainnet_income_put_luna": 192617.7,
    "mainnet_income_put_mngo": 410509.79,
    "mainnet_income_call_socean": 1386880,
    "mainnet_income_call_srm": 11474353.37,
    "mainnet_income_call_mngo": 1832579.4,
    "mainnet_income_call_ray": 97181.08,
    "mainnet_income_call_eth": 5434821.43,
    "mainnet_income_put_sol": 12927700.31,
    "mainnet_income_put_btc": 1125864.04
  },
  "globalIdToDepositTokenCoingeckoId": {
    "mainnet_income_call_sol": "solana",
    "mainnet_income_call_marinade": "msol",
    "mainnet_income_call_btc": "bitcoin",
    "mainnet_income_call_sbr": "saber",
    "mainnet_income_call_ftt": "ftx-token",
    "mainnet_income_call_luna": "terra-luna",
    "mainnet_income_put_luna": "terrausd",
    "mainnet_income_put_mngo": "usd-coin",
    "mainnet_income_call_socean": "socean-staked-sol",
    "mainnet_income_call_srm": "serum",
    "mainnet_income_call_mngo": "mango-markets",
    "mainnet_income_call_ray": "raydium",
    "mainnet_income_call_eth": "ethereum",
    "mainnet_income_put_sol": "usd-coin",
    "mainnet_income_put_btc": "usd-coin"
  }
}