{
  "totalTvlUSD": 93959974.39,
  "coinsByCoingeckoId": {
    "solana": 193378.757008812,
    "msol": 164129.947992759,
    "bitcoin": 443.236057,
    "saber": 19999998.066329,
    "ftx-token": 67422.418101,
    "terra-luna": 87708.602307,
    "terrausd": 215162.229866,
    "usd-coin": 14839793.475891,
    "socean-staked-sol": 11000,
    "serum": 4239464.637998,
    "mango-markets": 7874157.260761,
    "raydium": 23338.825086,
    "ethereum": 1768.191515
  },
  "pricesByCoingeckoId": {
    "BTC": 38278,
    "SOL": 99.27,
    "ETH": 2620.6,
    "mSOL": 101.92,
    "FTT": 37.99,
    "SRM": 2.21,
    "USDC": 1,
    "MNGO": 0.154992,
    "scnSOL": 101.96,
    "SBR": 0.068096,
    "LUNA": 64.03,
    "UST": 0.998127,
    "RAY": 3.73
  },
  "sharePricesByGlobalId": {
    "mainnet_income_call_sol": 1.05252,
    "mainnet_income_call_marinade": 1.03727,
    "mainnet_income_call_btc": 1.0696,
    "mainnet_income_call_sbr": 1.05044,
    "mainnet_income_call_ftt": 1.02696,
    "mainnet_income_call_luna": 1.0374,
    "mainnet_income_put_luna": 1,
    "mainnet_income_put_mngo": 1.00322,
    "mainnet_income_call_socean": 1.02395,
    "mainnet_income_call_srm": 1.02041,
    "mainnet_income_call_mngo": 1.01533,
    "mainnet_income_call_ray": 1.01764,
    "mainnet_income_call_eth": 1.0165,
    "mainnet_income_put_sol": 1.01183,
    "mainnet_income_put_btc": 1.00606
  },
  "depositTokenByGlobalId": {
    "mainnet_income_call_sol": 193378.757008812,
    "mainnet_income_call_marinade": 164129.947992759,
    "mainnet_income_call_btc": 443.236057,
    "mainnet_income_call_sbr": 19999998.066329,
    "mainnet_income_call_ftt": 67422.418101,
    "mainnet_income_call_luna": 87708.602307,
    "mainnet_income_put_luna": 215162.229866,
    "mainnet_income_put_mngo": 249435.27,
    "mainnet_income_call_socean": 11000,
    "mainnet_income_call_srm": 4239464.637998,
    "mainnet_income_call_mngo": 7874157.260761,
    "mainnet_income_call_ray": 23338.825086,
    "mainnet_income_call_eth": 1768.191515,
    "mainnet_income_put_sol": 13451636.68,
    "mainnet_income_put_btc": 1138721.52
  },
  "usdValueByGlobalId": {
    "mainnet_income_call_sol": 19214113.3,
    "mainnet_income_call_marinade": 16739613.4,
    "mainnet_income_call_btc": 16966189.79,
    "mainnet_income_call_sbr": 1361919.87,
    "mainnet_income_call_ftt": 2562726.11,
    "mainnet_income_call_luna": 5620367.24,
    "mainnet_income_put_luna": 214926.63,
    "mainnet_income_put_mngo": 249435.27,
    "mainnet_income_call_socean": 1122440,
    "mainnet_income_call_srm": 9369216.85,
    "mainnet_income_call_mngo": 1221455.02,
    "mainnet_income_call_ray": 87053.82,
    "mainnet_income_call_eth": 4640158.9,
    "mainnet_income_put_sol": 13451636.68,
    "mainnet_income_put_btc": 1138721.52
  },
  "globalIdToDepositTokenCoingeckoId": {
    "mainnet_income_call_sol": "solana",
    "mainnet_income_call_marinade": "msol",
    "mainnet_income_call_btc": "bitcoin",
    "mainnet_income_call_sbr": "saber",
    "mainnet_income_call_ftt": "ftx-token",
    "mainnet_income_call_luna": "terra-luna",
    "mainnet_income_put_luna": "terrausd",
    "mainnet_income_put_mngo": "usd-coin",
    "mainnet_income_call_socean": "socean-staked-sol",
    "mainnet_income_call_srm": "serum",
    "mainnet_income_call_mngo": "mango-markets",
    "mainnet_income_call_ray": "raydium",
    "mainnet_income_call_eth": "ethereum",
    "mainnet_income_put_sol": "usd-coin",
    "mainnet_income_put_btc": "usd-coin"
  }
}