{
  "totalTvlUSD": 102057811.28,
  "coinsByCoingeckoId": {
    "solana": 135856.726759574,
    "msol": 145902.724529852,
    "bitcoin": 370.480259,
    "saber": 11000000,
    "ftx-token": 76447.223827,
    "usd-coin": 13642370.619578,
    "terra-luna": 59999.999852,
    "socean-staked-sol": 8408.473228453,
    "serum": 3976375.328066,
    "mango-markets": 5999999.159377,
    "raydium": 19310.493998,
    "ethereum": 1490.531714
  },
  "pricesByCoingeckoId": {
    "BTC": 43720,
    "SOL": 150.65,
    "ETH": 3368.61,
    "mSOL": 154.19,
    "FTT": 41.05,
    "SRM": 3.21,
    "USDC": 1,
    "MNGO": 0.211319,
    "scnSOL": 152.4,
    "SBR": 0.084855,
    "LUNA": 79.02,
    "RAY": 5.55
  },
  "sharePricesByGlobalId": {
    "mainnet_income_call_sol": 1.03708,
    "mainnet_income_call_marinade": 1.02581,
    "mainnet_income_call_btc": 1.0644,
    "mainnet_income_call_sbr": 1,
    "mainnet_income_call_ftt": 1.01481,
    "mainnet_income_put_mngo": 1,
    "mainnet_income_call_luna": 1.01873,
    "mainnet_income_call_socean": 1.01266,
    "mainnet_income_call_srm": 1.00834,
    "mainnet_income_call_mngo": 1.01232,
    "mainnet_income_call_ray": 1,
    "mainnet_income_call_eth": 1.01181,
    "mainnet_income_put_sol": 0.99999,
    "mainnet_income_put_btc": 1
  },
  "depositTokenByGlobalId": {
    "mainnet_income_call_sol": 135856.726759574,
    "mainnet_income_call_marinade": 145902.724529852,
    "mainnet_income_call_btc": 370.480259,
    "mainnet_income_call_sbr": 11000000,
    "mainnet_income_call_ftt": 76447.223827,
    "mainnet_income_put_mngo": 429804.43,
    "mainnet_income_call_luna": 59999.999852,
    "mainnet_income_call_socean": 8408.473228453,
    "mainnet_income_call_srm": 3976375.328066,
    "mainnet_income_call_mngo": 5999999.159377,
    "mainnet_income_call_ray": 19310.493998,
    "mainnet_income_call_eth": 1490.531714,
    "mainnet_income_put_sol": 10858188.4,
    "mainnet_income_put_btc": 2354377.79
  },
  "usdValueByGlobalId": {
    "mainnet_income_call_sol": 20466815.89,
    "mainnet_income_call_marinade": 22496741.1,
    "mainnet_income_call_btc": 16197396.92,
    "mainnet_income_call_sbr": 933405,
    "mainnet_income_call_ftt": 3138158.54,
    "mainnet_income_put_mngo": 429804.43,
    "mainnet_income_call_luna": 4741199.99,
    "mainnet_income_call_socean": 1281451.32,
    "mainnet_income_call_srm": 12764164.8,
    "mainnet_income_call_mngo": 1267913.82,
    "mainnet_income_call_ray": 107173.24,
    "mainnet_income_call_eth": 5021020.04,
    "mainnet_income_put_sol": 10858188.4,
    "mainnet_income_put_btc": 2354377.79
  }
}