{
  "totalTvlUSD": 88764077.29,
  "coinsByCoingeckoId": {
    "solana": 187450.786158812,
    "msol": 162304.33098336,
    "bitcoin": 432.197839,
    "saber": 18780013.595862,
    "ftx-token": 66388.891241,
    "terra-luna": 82520.234584,
    "terrausd": 207806.523956,
    "usd-coin": 14049364.912581999,
    "socean-staked-sol": 10999.999764954,
    "serum": 4234569.805075,
    "mango-markets": 7794796.909632,
    "raydium": 20953.675782,
    "ethereum": 1762.014934
  },
  "pricesByCoingeckoId": {
    "BTC": 35293,
    "SOL": 96.57,
    "ETH": 2424.21,
    "mSOL": 99,
    "FTT": 34.65,
    "SRM": 2.19,
    "USDC": 1,
    "MNGO": 0.157399,
    "scnSOL": 98.24,
    "SBR": 0.072325,
    "LUNA": 66.57,
    "UST": 1.01,
    "RAY": 3.64
  },
  "sharePricesByGlobalId": {
    "mainnet_income_call_sol": 1.05252,
    "mainnet_income_call_marinade": 1.03727,
    "mainnet_income_call_btc": 1.0696,
    "mainnet_income_call_sbr": 1.05044,
    "mainnet_income_call_ftt": 1.02696,
    "mainnet_income_call_luna": 1.0374,
    "mainnet_income_put_luna": 1,
    "mainnet_income_put_mngo": 1.00322,
    "mainnet_income_call_socean": 1.02395,
    "mainnet_income_call_srm": 1.02041,
    "mainnet_income_call_mngo": 1.01533,
    "mainnet_income_call_ray": 1.01764,
    "mainnet_income_call_eth": 1.0165,
    "mainnet_income_put_sol": 1.01183,
    "mainnet_income_put_btc": 1.00606
  },
  "depositTokenByGlobalId": {
    "mainnet_income_call_sol": 187450.786158812,
    "mainnet_income_call_marinade": 162304.33098336,
    "mainnet_income_call_btc": 432.197839,
    "mainnet_income_call_sbr": 18780013.595862,
    "mainnet_income_call_ftt": 66388.891241,
    "mainnet_income_call_luna": 82520.234584,
    "mainnet_income_put_luna": 207806.523956,
    "mainnet_income_put_mngo": 248683.41,
    "mainnet_income_call_socean": 10999.999764954,
    "mainnet_income_call_srm": 4234569.805075,
    "mainnet_income_call_mngo": 7794796.909632,
    "mainnet_income_call_ray": 20953.675782,
    "mainnet_income_call_eth": 1762.014934,
    "mainnet_income_put_sol": 12662470.67,
    "mainnet_income_put_btc": 1138210.83
  },
  "usdValueByGlobalId": {
    "mainnet_income_call_sol": 18102122.42,
    "mainnet_income_call_marinade": 16068128.77,
    "mainnet_income_call_btc": 15253558.33,
    "mainnet_income_call_sbr": 1358264.48,
    "mainnet_income_call_ftt": 2300375.08,
    "mainnet_income_call_luna": 5493372.02,
    "mainnet_income_put_luna": 209884.59,
    "mainnet_income_put_mngo": 248683.41,
    "mainnet_income_call_socean": 1080639.98,
    "mainnet_income_call_srm": 9273707.87,
    "mainnet_income_call_mngo": 1226893.24,
    "mainnet_income_call_ray": 76271.38,
    "mainnet_income_call_eth": 4271494.22,
    "mainnet_income_put_sol": 12662470.67,
    "mainnet_income_put_btc": 1138210.83
  },
  "globalIdToDepositTokenCoingeckoId": {
    "mainnet_income_call_sol": "solana",
    "mainnet_income_call_marinade": "msol",
    "mainnet_income_call_btc": "bitcoin",
    "mainnet_income_call_sbr": "saber",
    "mainnet_income_call_ftt": "ftx-token",
    "mainnet_income_call_luna": "terra-luna",
    "mainnet_income_put_luna": "terrausd",
    "mainnet_income_put_mngo": "usd-coin",
    "mainnet_income_call_socean": "socean-staked-sol",
    "mainnet_income_call_srm": "serum",
    "mainnet_income_call_mngo": "mango-markets",
    "mainnet_income_call_ray": "raydium",
    "mainnet_income_call_eth": "ethereum",
    "mainnet_income_put_sol": "usd-coin",
    "mainnet_income_put_btc": "usd-coin"
  }
}