{
  "totalTvlUSD": 109836824.23,
  "coinsByCoingeckoId": {
    "solana": 181598.74277887,
    "msol": 168345.81974652,
    "bitcoin": 433.962727,
    "saber": 20000000,
    "ftx-token": 76079.44919,
    "terra-luna": 88579.010645,
    "terrausd": 193430.303934,
    "usd-coin": 14464235.14139,
    "socean-staked-sol": 11000,
    "serum": 4249760.505562,
    "mango-markets": 9184388.459156,
    "raydium": 20944.198635,
    "ethereum": 1866.276605
  },
  "pricesByCoingeckoId": {
    "BTC": 40231,
    "SOL": 126.99,
    "ETH": 2940.94,
    "mSOL": 129.84,
    "FTT": 43.91,
    "SRM": 2.71,
    "USDC": 1,
    "MNGO": 0.199783,
    "scnSOL": 129.09,
    "SBR": 0.108813,
    "LUNA": 78.16,
    "UST": 1.01,
    "RAY": 4.71
  },
  "sharePricesByGlobalId": {
    "mainnet_income_call_sol": 1.05342,
    "mainnet_income_call_marinade": 1.03806,
    "mainnet_income_call_btc": 1.06976,
    "mainnet_income_call_sbr": 1.05086,
    "mainnet_income_call_ftt": 1.02766,
    "mainnet_income_call_luna": 1.03856,
    "mainnet_income_put_luna": 1,
    "mainnet_income_put_mngo": 1.00201,
    "mainnet_income_call_socean": 1.0248,
    "mainnet_income_call_srm": 1.02123,
    "mainnet_income_call_mngo": 1.01322,
    "mainnet_income_call_ray": 1.00275,
    "mainnet_income_call_eth": 1.01667,
    "mainnet_income_put_sol": 1.00281,
    "mainnet_income_put_btc": 1.00329
  },
  "depositTokenByGlobalId": {
    "mainnet_income_call_sol": 181598.74277887,
    "mainnet_income_call_marinade": 168345.81974652,
    "mainnet_income_call_btc": 433.962727,
    "mainnet_income_call_sbr": 20000000,
    "mainnet_income_call_ftt": 76079.44919,
    "mainnet_income_call_luna": 88579.010645,
    "mainnet_income_put_luna": 193430.303934,
    "mainnet_income_put_mngo": 410509.79,
    "mainnet_income_call_socean": 11000,
    "mainnet_income_call_srm": 4249760.505562,
    "mainnet_income_call_mngo": 9184388.459156,
    "mainnet_income_call_ray": 20944.198635,
    "mainnet_income_call_eth": 1866.276605,
    "mainnet_income_put_sol": 12927861.31,
    "mainnet_income_put_btc": 1125864.04
  },
  "usdValueByGlobalId": {
    "mainnet_income_call_sol": 23061224.35,
    "mainnet_income_call_marinade": 21858021.24,
    "mainnet_income_call_btc": 17458754.47,
    "mainnet_income_call_sbr": 2176260,
    "mainnet_income_call_ftt": 3340648.61,
    "mainnet_income_call_luna": 6923335.47,
    "mainnet_income_put_luna": 195364.61,
    "mainnet_income_put_mngo": 410509.79,
    "mainnet_income_call_socean": 1419990,
    "mainnet_income_call_srm": 11516850.97,
    "mainnet_income_call_mngo": 1834884.68,
    "mainnet_income_call_ray": 98647.18,
    "mainnet_income_call_eth": 5488607.52,
    "mainnet_income_put_sol": 12927861.31,
    "mainnet_income_put_btc": 1125864.04
  },
  "globalIdToDepositTokenCoingeckoId": {
    "mainnet_income_call_sol": "solana",
    "mainnet_income_call_marinade": "msol",
    "mainnet_income_call_btc": "bitcoin",
    "mainnet_income_call_sbr": "saber",
    "mainnet_income_call_ftt": "ftx-token",
    "mainnet_income_call_luna": "terra-luna",
    "mainnet_income_put_luna": "terrausd",
    "mainnet_income_put_mngo": "usd-coin",
    "mainnet_income_call_socean": "socean-staked-sol",
    "mainnet_income_call_srm": "serum",
    "mainnet_income_call_mngo": "mango-markets",
    "mainnet_income_call_ray": "raydium",
    "mainnet_income_call_eth": "ethereum",
    "mainnet_income_put_sol": "usd-coin",
    "mainnet_income_put_btc": "usd-coin"
  }
}