{
  "totalTvlUSD": 112800736.56,
  "coinsByCoingeckoId": {
    "solana": 175505.89847887,
    "msol": 164029.6718726,
    "bitcoin": 428.86518,
    "saber": 19999999.54855,
    "ftx-token": 74870.103098,
    "terra-luna": 85385.836062,
    "terrausd": 157484.315573,
    "usd-coin": 13189251.620909998,
    "socean-staked-sol": 10999.999467117,
    "serum": 4208041.220583,
    "mango-markets": 9032849.268517,
    "raydium": 20342.033591,
    "ethereum": 1769.487625
  },
  "pricesByCoingeckoId": {
    "BTC": 41829,
    "SOL": 139.03,
    "ETH": 3116.15,
    "mSOL": 142.46,
    "FTT": 44.43,
    "SRM": 2.96,
    "USDC": 1,
    "MNGO": 0.201406,
    "scnSOL": 142,
    "SBR": 0.112295,
    "LUNA": 78.66,
    "UST": 1,
    "RAY": 5.09
  },
  "sharePricesByGlobalId": {
    "mainnet_income_call_sol": 1.05342,
    "mainnet_income_call_marinade": 1.03017,
    "mainnet_income_call_btc": 1.06976,
    "mainnet_income_call_sbr": 1.04667,
    "mainnet_income_call_ftt": 1.02068,
    "mainnet_income_call_luna": 1.02692,
    "mainnet_income_put_luna": 1,
    "mainnet_income_put_mngo": 1.00201,
    "mainnet_income_call_socean": 1.01629,
    "mainnet_income_call_srm": 1.01304,
    "mainnet_income_call_mngo": 1.01322,
    "mainnet_income_call_ray": 1.00275,
    "mainnet_income_call_eth": 1.01667,
    "mainnet_income_put_sol": 1.00281,
    "mainnet_income_put_btc": 1.00329
  },
  "depositTokenByGlobalId": {
    "mainnet_income_call_sol": 175505.89847887,
    "mainnet_income_call_marinade": 164029.6718726,
    "mainnet_income_call_btc": 428.86518,
    "mainnet_income_call_sbr": 19999999.54855,
    "mainnet_income_call_ftt": 74870.103098,
    "mainnet_income_call_luna": 85385.836062,
    "mainnet_income_put_luna": 157484.315573,
    "mainnet_income_put_mngo": 397677.27,
    "mainnet_income_call_socean": 10999.999467117,
    "mainnet_income_call_srm": 4208041.220583,
    "mainnet_income_call_mngo": 9032849.268517,
    "mainnet_income_call_ray": 20342.033591,
    "mainnet_income_call_eth": 1769.487625,
    "mainnet_income_put_sol": 11665770.31,
    "mainnet_income_put_btc": 1125804.04
  },
  "usdValueByGlobalId": {
    "mainnet_income_call_sol": 24402340.12,
    "mainnet_income_call_marinade": 23367667.05,
    "mainnet_income_call_btc": 17939001.61,
    "mainnet_income_call_sbr": 2245899.95,
    "mainnet_income_call_ftt": 3326478.68,
    "mainnet_income_call_luna": 6719011.44,
    "mainnet_income_put_luna": 157484.32,
    "mainnet_income_put_mngo": 397677.27,
    "mainnet_income_call_socean": 1561229.92,
    "mainnet_income_call_srm": 12455802.01,
    "mainnet_income_call_mngo": 1819270.04,
    "mainnet_income_call_ray": 103540.95,
    "mainnet_income_call_eth": 5513758.83,
    "mainnet_income_put_sol": 11665770.31,
    "mainnet_income_put_btc": 1125804.04
  },
  "globalIdToDepositTokenCoingeckoId": {
    "mainnet_income_call_sol": "solana",
    "mainnet_income_call_marinade": "msol",
    "mainnet_income_call_btc": "bitcoin",
    "mainnet_income_call_sbr": "saber",
    "mainnet_income_call_ftt": "ftx-token",
    "mainnet_income_call_luna": "terra-luna",
    "mainnet_income_put_luna": "terrausd",
    "mainnet_income_put_mngo": "usd-coin",
    "mainnet_income_call_socean": "socean-staked-sol",
    "mainnet_income_call_srm": "serum",
    "mainnet_income_call_mngo": "mango-markets",
    "mainnet_income_call_ray": "raydium",
    "mainnet_income_call_eth": "ethereum",
    "mainnet_income_put_sol": "usd-coin",
    "mainnet_income_put_btc": "usd-coin"
  }
}