{
  "totalTvlUSD": 88397594.27,
  "coinsByCoingeckoId": {
    "solana": 124800.805925644,
    "msol": 135671.680106468,
    "bitcoin": 353.768278,
    "saber": 11000000,
    "ftx-token": 71348.902835,
    "usd-coin": 12771672.027406,
    "terra-luna": 39999.989397,
    "socean-staked-sol": 5499.723505502,
    "serum": 3964295.756605,
    "mango-markets": 5999999.148087,
    "raydium": 18917.242615,
    "ethereum": 1404.518868
  },
  "pricesByCoingeckoId": {
    "BTC": 41387,
    "SOL": 136.59,
    "ETH": 3176.61,
    "mSOL": 139.78,
    "FTT": 35.46,
    "SRM": 3.09,
    "USDC": 1,
    "MNGO": 0.191118,
    "scnSOL": 139.28,
    "SBR": 0.087702,
    "LUNA": 68.86,
    "RAY": 5.32
  },
  "sharePricesByGlobalId": {
    "mainnet_income_call_sol": 1.03708,
    "mainnet_income_call_marinade": 1.02581,
    "mainnet_income_call_btc": 1.0644,
    "mainnet_income_call_sbr": 1,
    "mainnet_income_call_ftt": 1.01481,
    "mainnet_income_put_mngo": 1,
    "mainnet_income_call_luna": 1.01873,
    "mainnet_income_call_socean": 1.01266,
    "mainnet_income_call_srm": 1.00834,
    "mainnet_income_call_mngo": 1.01232,
    "mainnet_income_call_ray": 1,
    "mainnet_income_call_eth": 1.01181,
    "mainnet_income_put_sol": 1,
    "mainnet_income_put_btc": 1
  },
  "depositTokenByGlobalId": {
    "mainnet_income_call_sol": 124800.805925644,
    "mainnet_income_call_marinade": 135671.680106468,
    "mainnet_income_call_btc": 353.768278,
    "mainnet_income_call_sbr": 11000000,
    "mainnet_income_call_ftt": 71348.902835,
    "mainnet_income_put_mngo": 420661.09,
    "mainnet_income_call_luna": 39999.989397,
    "mainnet_income_call_socean": 5499.723505502,
    "mainnet_income_call_srm": 3964295.756605,
    "mainnet_income_call_mngo": 5999999.148087,
    "mainnet_income_call_ray": 18917.242615,
    "mainnet_income_call_eth": 1404.518868,
    "mainnet_income_put_sol": 9999999.86,
    "mainnet_income_put_btc": 2351011.08
  },
  "usdValueByGlobalId": {
    "mainnet_income_call_sol": 17046542.08,
    "mainnet_income_call_marinade": 18964187.45,
    "mainnet_income_call_btc": 14641407.72,
    "mainnet_income_call_sbr": 964722,
    "mainnet_income_call_ftt": 2530032.09,
    "mainnet_income_put_mngo": 420661.09,
    "mainnet_income_call_luna": 2754399.27,
    "mainnet_income_call_socean": 766001.49,
    "mainnet_income_call_srm": 12249673.89,
    "mainnet_income_call_mngo": 1146707.84,
    "mainnet_income_call_ray": 100639.73,
    "mainnet_income_call_eth": 4461608.68,
    "mainnet_income_put_sol": 9999999.86,
    "mainnet_income_put_btc": 2351011.08
  }
}