{
  "totalTvlUSD": 87732307.15,
  "coinsByCoingeckoId": {
    "solana": 124412.748525644,
    "msol": 134857.982796099,
    "bitcoin": 353.746714,
    "saber": 11000000,
    "ftx-token": 71321.130075,
    "usd-coin": 12771480.689995,
    "terra-luna": 39999.989397,
    "socean-staked-sol": 5472.223505502,
    "serum": 3964294.756605,
    "mango-markets": 5999999.148087,
    "raydium": 18915.242615,
    "ethereum": 1403.518304
  },
  "pricesByCoingeckoId": {
    "BTC": 41116,
    "SOL": 135.25,
    "ETH": 3114.76,
    "mSOL": 139.06,
    "FTT": 35.14,
    "SRM": 3.08,
    "USDC": 1,
    "MNGO": 0.188876,
    "scnSOL": 139.65,
    "SBR": 0.090186,
    "LUNA": 68.95,
    "RAY": 5.32
  },
  "sharePricesByGlobalId": {
    "mainnet_income_call_sol": 1.03708,
    "mainnet_income_call_marinade": 1.02581,
    "mainnet_income_call_btc": 1.0644,
    "mainnet_income_call_sbr": 1,
    "mainnet_income_call_ftt": 1.01481,
    "mainnet_income_put_mngo": 1,
    "mainnet_income_call_luna": 1.01873,
    "mainnet_income_call_socean": 1.01266,
    "mainnet_income_call_srm": 1.00834,
    "mainnet_income_call_mngo": 1.01232,
    "mainnet_income_call_ray": 1,
    "mainnet_income_call_eth": 1.01181,
    "mainnet_income_put_sol": 1,
    "mainnet_income_put_btc": 1
  },
  "depositTokenByGlobalId": {
    "mainnet_income_call_sol": 124412.748525644,
    "mainnet_income_call_marinade": 134857.982796099,
    "mainnet_income_call_btc": 353.746714,
    "mainnet_income_call_sbr": 11000000,
    "mainnet_income_call_ftt": 71321.130075,
    "mainnet_income_put_mngo": 420661.09,
    "mainnet_income_call_luna": 39999.989397,
    "mainnet_income_call_socean": 5472.223505502,
    "mainnet_income_call_srm": 3964294.756605,
    "mainnet_income_call_mngo": 5999999.148087,
    "mainnet_income_call_ray": 18915.242615,
    "mainnet_income_call_eth": 1403.518304,
    "mainnet_income_put_sol": 9999911.86,
    "mainnet_income_put_btc": 2350907.74
  },
  "usdValueByGlobalId": {
    "mainnet_income_call_sol": 16826824.24,
    "mainnet_income_call_marinade": 18753351.09,
    "mainnet_income_call_btc": 14544649.89,
    "mainnet_income_call_sbr": 992046,
    "mainnet_income_call_ftt": 2506224.51,
    "mainnet_income_put_mngo": 420661.09,
    "mainnet_income_call_luna": 2757999.27,
    "mainnet_income_call_socean": 764196.01,
    "mainnet_income_call_srm": 12210027.85,
    "mainnet_income_call_mngo": 1133255.84,
    "mainnet_income_call_ray": 100629.09,
    "mainnet_income_call_eth": 4371622.67,
    "mainnet_income_put_sol": 9999911.86,
    "mainnet_income_put_btc": 2350907.74
  }
}