{
  "totalTvlUSD": 104925229.2,
  "coinsByCoingeckoId": {
    "solana": 138859.35431187,
    "msol": 158491.76622785,
    "bitcoin": 410.454493,
    "saber": 18083187.806736,
    "ftx-token": 66920.809349,
    "usd-coin": 11931801,
    "terra-luna": 64845.931254,
    "socean-staked-sol": 10999.987641614,
    "serum": 4028258.58196,
    "mango-markets": 8705996.907382,
    "raydium": 16185.11108,
    "ethereum": 1687.603386
  },
  "pricesByCoingeckoId": {
    "BTC": 42892,
    "SOL": 146.21,
    "ETH": 3282.42,
    "mSOL": 149.88,
    "FTT": 43.62,
    "SRM": 3.12,
    "USDC": 1,
    "MNGO": 0.198189,
    "scnSOL": 150.73,
    "SBR": 0.089282,
    "LUNA": 80.5,
    "RAY": 5.32
  },
  "sharePricesByGlobalId": {
    "mainnet_income_call_sol": 1.04444,
    "mainnet_income_call_marinade": 1.03017,
    "mainnet_income_call_btc": 1.06814,
    "mainnet_income_call_sbr": 1.04667,
    "mainnet_income_call_ftt": 1.02068,
    "mainnet_income_put_mngo": 1.00201,
    "mainnet_income_call_luna": 1.02692,
    "mainnet_income_call_socean": 1.01629,
    "mainnet_income_call_srm": 1.01304,
    "mainnet_income_call_mngo": 1.01322,
    "mainnet_income_call_ray": 1.00275,
    "mainnet_income_call_eth": 1.01502,
    "mainnet_income_put_sol": 1.00281,
    "mainnet_income_put_btc": 1.00329
  },
  "depositTokenByGlobalId": {
    "mainnet_income_call_sol": 138859.35431187,
    "mainnet_income_call_marinade": 158491.76622785,
    "mainnet_income_call_btc": 410.454493,
    "mainnet_income_call_sbr": 18083187.806736,
    "mainnet_income_call_ftt": 66920.809349,
    "mainnet_income_put_mngo": 391820.22,
    "mainnet_income_call_luna": 64845.931254,
    "mainnet_income_call_socean": 10999.987641614,
    "mainnet_income_call_srm": 4028258.58196,
    "mainnet_income_call_mngo": 8705996.907382,
    "mainnet_income_call_ray": 16185.11108,
    "mainnet_income_call_eth": 1687.603386,
    "mainnet_income_put_sol": 10415788.44,
    "mainnet_income_put_btc": 1124192.33
  },
  "usdValueByGlobalId": {
    "mainnet_income_call_sol": 20302626.19,
    "mainnet_income_call_marinade": 23754745.92,
    "mainnet_income_call_btc": 17605214.11,
    "mainnet_income_call_sbr": 1614503.17,
    "mainnet_income_call_ftt": 2919085.7,
    "mainnet_income_put_mngo": 391820.22,
    "mainnet_income_call_luna": 5220097.47,
    "mainnet_income_call_socean": 1658028.14,
    "mainnet_income_call_srm": 12568166.78,
    "mainnet_income_call_mngo": 1725432.82,
    "mainnet_income_call_ray": 86104.79,
    "mainnet_income_call_eth": 5539423.11,
    "mainnet_income_put_sol": 10415788.44,
    "mainnet_income_put_btc": 1124192.33
  },
  "globalIdToDepositTokenCoingeckoId": {
    "mainnet_income_call_sol": "solana",
    "mainnet_income_call_marinade": "msol",
    "mainnet_income_call_btc": "bitcoin",
    "mainnet_income_call_sbr": "saber",
    "mainnet_income_call_ftt": "ftx-token",
    "mainnet_income_put_mngo": "usd-coin",
    "mainnet_income_call_luna": "terra-luna",
    "mainnet_income_call_socean": "socean-staked-sol",
    "mainnet_income_call_srm": "serum",
    "mainnet_income_call_mngo": "mango-markets",
    "mainnet_income_call_ray": "raydium",
    "mainnet_income_call_eth": "ethereum",
    "mainnet_income_put_sol": "usd-coin",
    "mainnet_income_put_btc": "usd-coin"
  }
}