{
  "totalTvlUSD": 113733806.47,
  "coinsByCoingeckoId": {
    "solana": 179216.13757887,
    "msol": 166160.042498494,
    "bitcoin": 431.750459,
    "saber": 19999999.760273,
    "ftx-token": 75145.317536,
    "terra-luna": 86934.651625,
    "terrausd": 175809.402127,
    "usd-coin": 13637365.177950999,
    "socean-staked-sol": 11000,
    "serum": 4216620.936545,
    "mango-markets": 9045687.358508,
    "raydium": 20609.053884,
    "ethereum": 1798.811372
  },
  "pricesByCoingeckoId": {
    "BTC": 42041,
    "SOL": 136.21,
    "ETH": 3131.15,
    "mSOL": 139.6,
    "FTT": 47.59,
    "SRM": 2.9,
    "USDC": 1,
    "MNGO": 0.200281,
    "scnSOL": 138.9,
    "SBR": 0.113591,
    "LUNA": 80.65,
    "UST": 1,
    "RAY": 5
  },
  "sharePricesByGlobalId": {
    "mainnet_income_call_sol": 1.05342,
    "mainnet_income_call_marinade": 1.03017,
    "mainnet_income_call_btc": 1.06976,
    "mainnet_income_call_sbr": 1.04667,
    "mainnet_income_call_ftt": 1.02068,
    "mainnet_income_call_luna": 1.02692,
    "mainnet_income_put_luna": 1,
    "mainnet_income_put_mngo": 1.00201,
    "mainnet_income_call_socean": 1.01629,
    "mainnet_income_call_srm": 1.01304,
    "mainnet_income_call_mngo": 1.01322,
    "mainnet_income_call_ray": 1.00275,
    "mainnet_income_call_eth": 1.01667,
    "mainnet_income_put_sol": 1.00281,
    "mainnet_income_put_btc": 1.00329
  },
  "depositTokenByGlobalId": {
    "mainnet_income_call_sol": 179216.13757887,
    "mainnet_income_call_marinade": 166160.042498494,
    "mainnet_income_call_btc": 431.750459,
    "mainnet_income_call_sbr": 19999999.760273,
    "mainnet_income_call_ftt": 75145.317536,
    "mainnet_income_call_luna": 86934.651625,
    "mainnet_income_put_luna": 175809.402127,
    "mainnet_income_put_mngo": 397710.67,
    "mainnet_income_call_socean": 11000,
    "mainnet_income_call_srm": 4216620.936545,
    "mainnet_income_call_mngo": 9045687.358508,
    "mainnet_income_call_ray": 20609.053884,
    "mainnet_income_call_eth": 1798.811372,
    "mainnet_income_put_sol": 12113790.47,
    "mainnet_income_put_btc": 1125864.04
  },
  "usdValueByGlobalId": {
    "mainnet_income_call_sol": 24411030.1,
    "mainnet_income_call_marinade": 23195941.93,
    "mainnet_income_call_btc": 18151221.05,
    "mainnet_income_call_sbr": 2271819.97,
    "mainnet_income_call_ftt": 3576165.66,
    "mainnet_income_call_luna": 7011279.65,
    "mainnet_income_put_luna": 175809.4,
    "mainnet_income_put_mngo": 397710.67,
    "mainnet_income_call_socean": 1527900,
    "mainnet_income_call_srm": 12228200.72,
    "mainnet_income_call_mngo": 1811679.31,
    "mainnet_income_call_ray": 103045.27,
    "mainnet_income_call_eth": 5632348.23,
    "mainnet_income_put_sol": 12113790.47,
    "mainnet_income_put_btc": 1125864.04
  },
  "globalIdToDepositTokenCoingeckoId": {
    "mainnet_income_call_sol": "solana",
    "mainnet_income_call_marinade": "msol",
    "mainnet_income_call_btc": "bitcoin",
    "mainnet_income_call_sbr": "saber",
    "mainnet_income_call_ftt": "ftx-token",
    "mainnet_income_call_luna": "terra-luna",
    "mainnet_income_put_luna": "terrausd",
    "mainnet_income_put_mngo": "usd-coin",
    "mainnet_income_call_socean": "socean-staked-sol",
    "mainnet_income_call_srm": "serum",
    "mainnet_income_call_mngo": "mango-markets",
    "mainnet_income_call_ray": "raydium",
    "mainnet_income_call_eth": "ethereum",
    "mainnet_income_put_sol": "usd-coin",
    "mainnet_income_put_btc": "usd-coin"
  }
}