{
  "totalTvlUSD": 30027576.66,
  "coinsByCoingeckoId": {
    "solana": 59967.352403664,
    "msol": 53451.545299661,
    "bitcoin": 142.40224,
    "ethereum": 29.913236,
    "ftx-token": 4078.783635,
    "serum": 48485.478376,
    "mango-markets": 20007.893618
  }
}