{
  "totalTvlUSD": 87437456.25,
  "coinsByCoingeckoId": {
    "solana": 189612.278008812,
    "msol": 163056.564980971,
    "bitcoin": 435.586795,
    "saber": 19999972.92845,
    "ftx-token": 66634.77379,
    "terra-luna": 82259.845494,
    "terrausd": 211840.021503,
    "usd-coin": 14317932.002443,
    "socean-staked-sol": 10999.999764954,
    "serum": 4235224.36262,
    "mango-markets": 7847633.676601,
    "raydium": 21625.256316,
    "ethereum": 1767.890112
  },
  "pricesByCoingeckoId": {
    "BTC": 36401,
    "SOL": 91.33,
    "ETH": 2426.44,
    "mSOL": 94.03,
    "FTT": 35.69,
    "SRM": 2.08,
    "USDC": 1,
    "MNGO": 0.152229,
    "scnSOL": 93.85,
    "SBR": 0.06453,
    "LUNA": 64.83,
    "UST": 0.996632,
    "RAY": 3.49
  },
  "sharePricesByGlobalId": {
    "mainnet_income_call_sol": 1.05252,
    "mainnet_income_call_marinade": 1.03727,
    "mainnet_income_call_btc": 1.0696,
    "mainnet_income_call_sbr": 1.05044,
    "mainnet_income_call_ftt": 1.02696,
    "mainnet_income_call_luna": 1.0374,
    "mainnet_income_put_luna": 1,
    "mainnet_income_put_mngo": 1.00322,
    "mainnet_income_call_socean": 1.02395,
    "mainnet_income_call_srm": 1.02041,
    "mainnet_income_call_mngo": 1.01533,
    "mainnet_income_call_ray": 1.01764,
    "mainnet_income_call_eth": 1.0165,
    "mainnet_income_put_sol": 1.01183,
    "mainnet_income_put_btc": 1.00606
  },
  "depositTokenByGlobalId": {
    "mainnet_income_call_sol": 189612.278008812,
    "mainnet_income_call_marinade": 163056.564980971,
    "mainnet_income_call_btc": 435.586795,
    "mainnet_income_call_sbr": 19999972.92845,
    "mainnet_income_call_ftt": 66634.77379,
    "mainnet_income_call_luna": 82259.845494,
    "mainnet_income_put_luna": 211840.021503,
    "mainnet_income_put_mngo": 248684.41,
    "mainnet_income_call_socean": 10999.999764954,
    "mainnet_income_call_srm": 4235224.36262,
    "mainnet_income_call_mngo": 7847633.676601,
    "mainnet_income_call_ray": 21625.256316,
    "mainnet_income_call_eth": 1767.890112,
    "mainnet_income_put_sol": 12931036.66,
    "mainnet_income_put_btc": 1138210.93
  },
  "usdValueByGlobalId": {
    "mainnet_income_call_sol": 17317289.35,
    "mainnet_income_call_marinade": 15332208.81,
    "mainnet_income_call_btc": 15855794.92,
    "mainnet_income_call_sbr": 1290598.25,
    "mainnet_income_call_ftt": 2378195.08,
    "mainnet_income_call_luna": 5332905.78,
    "mainnet_income_put_luna": 211126.54,
    "mainnet_income_put_mngo": 248684.41,
    "mainnet_income_call_socean": 1032349.98,
    "mainnet_income_call_srm": 8809266.67,
    "mainnet_income_call_mngo": 1194637.43,
    "mainnet_income_call_ray": 75472.14,
    "mainnet_income_call_eth": 4289679.28,
    "mainnet_income_put_sol": 12931036.66,
    "mainnet_income_put_btc": 1138210.93
  },
  "globalIdToDepositTokenCoingeckoId": {
    "mainnet_income_call_sol": "solana",
    "mainnet_income_call_marinade": "msol",
    "mainnet_income_call_btc": "bitcoin",
    "mainnet_income_call_sbr": "saber",
    "mainnet_income_call_ftt": "ftx-token",
    "mainnet_income_call_luna": "terra-luna",
    "mainnet_income_put_luna": "terrausd",
    "mainnet_income_put_mngo": "usd-coin",
    "mainnet_income_call_socean": "socean-staked-sol",
    "mainnet_income_call_srm": "serum",
    "mainnet_income_call_mngo": "mango-markets",
    "mainnet_income_call_ray": "raydium",
    "mainnet_income_call_eth": "ethereum",
    "mainnet_income_put_sol": "usd-coin",
    "mainnet_income_put_btc": "usd-coin"
  }
}