{
  "totalTvlUSD": 111227332.31,
  "coinsByCoingeckoId": {
    "solana": 174127.36047887,
    "msol": 163932.714610715,
    "bitcoin": 428.757717,
    "saber": 19999999.54855,
    "ftx-token": 73716.016683,
    "terra-luna": 85073.445565,
    "terrausd": 146478.359387,
    "usd-coin": 13107932.418654999,
    "socean-staked-sol": 10999.997467117,
    "serum": 4207646.074878,
    "mango-markets": 9018168.55664,
    "raydium": 20340.614628,
    "ethereum": 1766.572235
  },
  "pricesByCoingeckoId": {
    "BTC": 41733,
    "SOL": 136.35,
    "ETH": 3115.71,
    "mSOL": 139.89,
    "FTT": 43.4,
    "SRM": 2.94,
    "USDC": 1,
    "MNGO": 0.199375,
    "scnSOL": 139.83,
    "SBR": 0.110964,
    "LUNA": 78.44,
    "UST": 1,
    "RAY": 5.03
  },
  "sharePricesByGlobalId": {
    "mainnet_income_call_sol": 1.05342,
    "mainnet_income_call_marinade": 1.03017,
    "mainnet_income_call_btc": 1.06976,
    "mainnet_income_call_sbr": 1.04667,
    "mainnet_income_call_ftt": 1.02068,
    "mainnet_income_call_luna": 1.02692,
    "mainnet_income_put_luna": 1,
    "mainnet_income_put_mngo": 1.00201,
    "mainnet_income_call_socean": 1.01629,
    "mainnet_income_call_srm": 1.01304,
    "mainnet_income_call_mngo": 1.01322,
    "mainnet_income_call_ray": 1.00275,
    "mainnet_income_call_eth": 1.01667,
    "mainnet_income_put_sol": 1.00281,
    "mainnet_income_put_btc": 1.00329
  },
  "depositTokenByGlobalId": {
    "mainnet_income_call_sol": 174127.36047887,
    "mainnet_income_call_marinade": 163932.714610715,
    "mainnet_income_call_btc": 428.757717,
    "mainnet_income_call_sbr": 19999999.54855,
    "mainnet_income_call_ftt": 73716.016683,
    "mainnet_income_call_luna": 85073.445565,
    "mainnet_income_put_luna": 146478.359387,
    "mainnet_income_put_mngo": 397677.27,
    "mainnet_income_call_socean": 10999.997467117,
    "mainnet_income_call_srm": 4207646.074878,
    "mainnet_income_call_mngo": 9018168.55664,
    "mainnet_income_call_ray": 20340.614628,
    "mainnet_income_call_eth": 1766.572235,
    "mainnet_income_put_sol": 11584451.11,
    "mainnet_income_put_btc": 1125804.04
  },
  "usdValueByGlobalId": {
    "mainnet_income_call_sol": 23742265.6,
    "mainnet_income_call_marinade": 22932547.45,
    "mainnet_income_call_btc": 17893345.8,
    "mainnet_income_call_sbr": 2219279.95,
    "mainnet_income_call_ftt": 3199275.12,
    "mainnet_income_call_luna": 6673161.07,
    "mainnet_income_put_luna": 146478.36,
    "mainnet_income_put_mngo": 397677.27,
    "mainnet_income_call_socean": 1538129.65,
    "mainnet_income_call_srm": 12370479.46,
    "mainnet_income_call_mngo": 1797997.36,
    "mainnet_income_call_ray": 102313.29,
    "mainnet_income_call_eth": 5504126.78,
    "mainnet_income_put_sol": 11584451.11,
    "mainnet_income_put_btc": 1125804.04
  },
  "globalIdToDepositTokenCoingeckoId": {
    "mainnet_income_call_sol": "solana",
    "mainnet_income_call_marinade": "msol",
    "mainnet_income_call_btc": "bitcoin",
    "mainnet_income_call_sbr": "saber",
    "mainnet_income_call_ftt": "ftx-token",
    "mainnet_income_call_luna": "terra-luna",
    "mainnet_income_put_luna": "terrausd",
    "mainnet_income_put_mngo": "usd-coin",
    "mainnet_income_call_socean": "socean-staked-sol",
    "mainnet_income_call_srm": "serum",
    "mainnet_income_call_mngo": "mango-markets",
    "mainnet_income_call_ray": "raydium",
    "mainnet_income_call_eth": "ethereum",
    "mainnet_income_put_sol": "usd-coin",
    "mainnet_income_put_btc": "usd-coin"
  }
}