{
  "totalTvlUSD": 104724568.73,
  "coinsByCoingeckoId": {
    "solana": 137423.731759574,
    "msol": 148730.583670701,
    "bitcoin": 371.551058,
    "saber": 12685520.681601,
    "ftx-token": 76883.955564,
    "usd-coin": 14087328.244228,
    "terra-luna": 62502.900762,
    "socean-staked-sol": 8612.619566561,
    "serum": 3997375.671827,
    "mango-markets": 6839786.748458,
    "raydium": 19310.493998,
    "ethereum": 1501.37258
  },
  "pricesByCoingeckoId": {
    "BTC": 43849,
    "SOL": 152.64,
    "ETH": 3370.72,
    "mSOL": 156.21,
    "FTT": 41.87,
    "SRM": 3.22,
    "USDC": 1,
    "MNGO": 0.199752,
    "scnSOL": 154.44,
    "SBR": 0.083405,
    "LUNA": 81.96,
    "RAY": 5.54
  },
  "sharePricesByGlobalId": {
    "mainnet_income_call_sol": 1.03708,
    "mainnet_income_call_marinade": 1.02581,
    "mainnet_income_call_btc": 1.0644,
    "mainnet_income_call_sbr": 1,
    "mainnet_income_call_ftt": 1.01481,
    "mainnet_income_put_mngo": 1,
    "mainnet_income_call_luna": 1.01873,
    "mainnet_income_call_socean": 1.01266,
    "mainnet_income_call_srm": 1.00834,
    "mainnet_income_call_mngo": 1.01232,
    "mainnet_income_call_ray": 1,
    "mainnet_income_call_eth": 1.01181,
    "mainnet_income_put_sol": 0.99999,
    "mainnet_income_put_btc": 1
  },
  "depositTokenByGlobalId": {
    "mainnet_income_call_sol": 137423.731759574,
    "mainnet_income_call_marinade": 148730.583670701,
    "mainnet_income_call_btc": 371.551058,
    "mainnet_income_call_sbr": 12685520.681601,
    "mainnet_income_call_ftt": 76883.955564,
    "mainnet_income_put_mngo": 429804.43,
    "mainnet_income_call_luna": 62502.900762,
    "mainnet_income_call_socean": 8612.619566561,
    "mainnet_income_call_srm": 3997375.671827,
    "mainnet_income_call_mngo": 6839786.748458,
    "mainnet_income_call_ray": 19310.493998,
    "mainnet_income_call_eth": 1501.37258,
    "mainnet_income_put_sol": 11303036.02,
    "mainnet_income_put_btc": 2354487.79
  },
  "usdValueByGlobalId": {
    "mainnet_income_call_sol": 20976358.42,
    "mainnet_income_call_marinade": 23233204.48,
    "mainnet_income_call_btc": 16292142.34,
    "mainnet_income_call_sbr": 1058035.85,
    "mainnet_income_call_ftt": 3219131.22,
    "mainnet_income_put_mngo": 429804.43,
    "mainnet_income_call_luna": 5122737.75,
    "mainnet_income_call_socean": 1330132.97,
    "mainnet_income_call_srm": 12871549.66,
    "mainnet_income_call_mngo": 1366261.08,
    "mainnet_income_call_ray": 106980.14,
    "mainnet_income_call_eth": 5060706.58,
    "mainnet_income_put_sol": 11303036.02,
    "mainnet_income_put_btc": 2354487.79
  },
  "globalIdToDepositTokenCoingeckoId": {
    "mainnet_income_call_sol": "solana",
    "mainnet_income_call_marinade": "msol",
    "mainnet_income_call_btc": "bitcoin",
    "mainnet_income_call_sbr": "saber",
    "mainnet_income_call_ftt": "ftx-token",
    "mainnet_income_put_mngo": "usd-coin",
    "mainnet_income_call_luna": "terra-luna",
    "mainnet_income_call_socean": "socean-staked-sol",
    "mainnet_income_call_srm": "serum",
    "mainnet_income_call_mngo": "mango-markets",
    "mainnet_income_call_ray": "raydium",
    "mainnet_income_call_eth": "ethereum",
    "mainnet_income_put_sol": "usd-coin",
    "mainnet_income_put_btc": "usd-coin"
  }
}