{
  "totalTvlUSD": 87866417.55,
  "coinsByCoingeckoId": {
    "solana": 124097.807825644,
    "msol": 134405.811836115,
    "bitcoin": 300.145065,
    "raydium": 18915.242615,
    "ethereum": 1398.526442,
    "ftx-token": 70507.191888,
    "usd-coin": 12642859.662124,
    "saber": 11000000,
    "terra-luna": 39989.079397,
    "socean-staked-sol": 5343.426144381,
    "serum": 3943692.513562,
    "mango-markets": 5985846.174019
  },
  "pricesByCoingeckoId": {
    "BTC": 42428,
    "SOL": 141.18,
    "ETH": 3259.17,
    "mSOL": 144.26,
    "FTT": 36.56,
    "SRM": 3.16,
    "USDC": 1,
    "MNGO": 0.192981,
    "scnSOL": 143.7,
    "SBR": 0.092953,
    "LUNA": 73.29,
    "RAY": 5.57
  },
  "sharePricesByGlobalId": {
    "mainnet_income_call_sol": 1.03708,
    "mainnet_income_call_marinade": 1.02581,
    "mainnet_income_call_btc": 1.0644,
    "mainnet_income_call_ray": 1,
    "mainnet_income_call_eth": 1.01181,
    "mainnet_income_call_ftt": 1.01481,
    "mainnet_income_put_mngo": 1,
    "mainnet_income_call_sbr": 1,
    "mainnet_income_call_luna": 1.01873,
    "mainnet_income_call_socean": 1.01266,
    "mainnet_income_call_srm": 1.00834,
    "mainnet_income_call_mngo": 1.01232,
    "mainnet_income_put_sol": 1,
    "mainnet_income_put_btc": 1
  },
  "depositTokenByGlobalId": {
    "mainnet_income_call_sol": 124097.807825644,
    "mainnet_income_call_marinade": 134405.811836115,
    "mainnet_income_call_btc": 300.145065,
    "mainnet_income_call_ray": 18915.242615,
    "mainnet_income_call_eth": 1398.526442,
    "mainnet_income_call_ftt": 70507.191888,
    "mainnet_income_put_mngo": 420661.09,
    "mainnet_income_call_sbr": 11000000,
    "mainnet_income_call_luna": 39989.079397,
    "mainnet_income_call_socean": 5343.426144381,
    "mainnet_income_call_srm": 3943692.513562,
    "mainnet_income_call_mngo": 5985846.174019,
    "mainnet_income_put_sol": 9871290.83,
    "mainnet_income_put_btc": 2350907.74
  },
  "usdValueByGlobalId": {
    "mainnet_income_call_sol": 17520128.51,
    "mainnet_income_call_marinade": 19389382.42,
    "mainnet_income_call_btc": 12734554.82,
    "mainnet_income_call_ray": 105357.9,
    "mainnet_income_call_eth": 4558035.42,
    "mainnet_income_call_ftt": 2577742.94,
    "mainnet_income_put_mngo": 420661.09,
    "mainnet_income_call_sbr": 1022483,
    "mainnet_income_call_luna": 2930799.63,
    "mainnet_income_call_socean": 767850.34,
    "mainnet_income_call_srm": 12462068.34,
    "mainnet_income_call_mngo": 1155154.58,
    "mainnet_income_put_sol": 9871290.83,
    "mainnet_income_put_btc": 2350907.74
  }
}