{
  "totalTvlUSD": 91849694.8,
  "coinsByCoingeckoId": {
    "solana": 128910.977350644,
    "msol": 136447.463274246,
    "bitcoin": 355.195506,
    "saber": 11000000,
    "ftx-token": 72683.309225,
    "usd-coin": 12777342.187611,
    "terra-luna": 39999.999397,
    "socean-staked-sol": 5499.990099232,
    "serum": 3966379.6449,
    "mango-markets": 5999999.159277,
    "raydium": 18918.099566,
    "ethereum": 1467.167941
  },
  "pricesByCoingeckoId": {
    "BTC": 42223,
    "SOL": 144.09,
    "ETH": 3174.01,
    "mSOL": 147.26,
    "FTT": 37,
    "SRM": 3.06,
    "USDC": 1,
    "MNGO": 0.191566,
    "scnSOL": 146.29,
    "SBR": 0.086938,
    "LUNA": 72.79,
    "RAY": 5.38
  },
  "sharePricesByGlobalId": {
    "mainnet_income_call_sol": 1.03708,
    "mainnet_income_call_marinade": 1.02581,
    "mainnet_income_call_btc": 1.0644,
    "mainnet_income_call_sbr": 1,
    "mainnet_income_call_ftt": 1.01481,
    "mainnet_income_put_mngo": 1,
    "mainnet_income_call_luna": 1.01873,
    "mainnet_income_call_socean": 1.01266,
    "mainnet_income_call_srm": 1.00834,
    "mainnet_income_call_mngo": 1.01232,
    "mainnet_income_call_ray": 1,
    "mainnet_income_call_eth": 1.01181,
    "mainnet_income_put_sol": 1,
    "mainnet_income_put_btc": 1
  },
  "depositTokenByGlobalId": {
    "mainnet_income_call_sol": 128910.977350644,
    "mainnet_income_call_marinade": 136447.463274246,
    "mainnet_income_call_btc": 355.195506,
    "mainnet_income_call_sbr": 11000000,
    "mainnet_income_call_ftt": 72683.309225,
    "mainnet_income_put_mngo": 425033.57,
    "mainnet_income_call_luna": 39999.999397,
    "mainnet_income_call_socean": 5499.990099232,
    "mainnet_income_call_srm": 3966379.6449,
    "mainnet_income_call_mngo": 5999999.159277,
    "mainnet_income_call_ray": 18918.099566,
    "mainnet_income_call_eth": 1467.167941,
    "mainnet_income_put_sol": 9999999.97,
    "mainnet_income_put_btc": 2352308.65
  },
  "usdValueByGlobalId": {
    "mainnet_income_call_sol": 18574782.73,
    "mainnet_income_call_marinade": 20093253.44,
    "mainnet_income_call_btc": 14997419.85,
    "mainnet_income_call_sbr": 956318,
    "mainnet_income_call_ftt": 2689282.44,
    "mainnet_income_put_mngo": 425033.57,
    "mainnet_income_call_luna": 2911599.96,
    "mainnet_income_call_socean": 804593.55,
    "mainnet_income_call_srm": 12137121.71,
    "mainnet_income_call_mngo": 1149395.84,
    "mainnet_income_call_ray": 101779.38,
    "mainnet_income_call_eth": 4656805.72,
    "mainnet_income_put_sol": 9999999.97,
    "mainnet_income_put_btc": 2352308.65
  }
}