{
  "totalTvlUSD": 89557472.23,
  "coinsByCoingeckoId": {
    "solana": 124835.769450644,
    "msol": 135967.154826237,
    "bitcoin": 354.276398,
    "saber": 11000000,
    "ftx-token": 71367.510645,
    "usd-coin": 12774039.779015,
    "terra-luna": 39999.989397,
    "socean-staked-sol": 5499.723505502,
    "serum": 3965435.351512,
    "mango-markets": 5999999.148087,
    "raydium": 18918.099566,
    "ethereum": 1406.76069
  },
  "pricesByCoingeckoId": {
    "BTC": 41765,
    "SOL": 138.79,
    "ETH": 3201.9,
    "mSOL": 142.35,
    "FTT": 35.77,
    "SRM": 3.14,
    "USDC": 1,
    "MNGO": 0.192561,
    "scnSOL": 141.69,
    "SBR": 0.08864,
    "LUNA": 69.64,
    "RAY": 5.41
  },
  "sharePricesByGlobalId": {
    "mainnet_income_call_sol": 1.03708,
    "mainnet_income_call_marinade": 1.02581,
    "mainnet_income_call_btc": 1.0644,
    "mainnet_income_call_sbr": 1,
    "mainnet_income_call_ftt": 1.01481,
    "mainnet_income_put_mngo": 1,
    "mainnet_income_call_luna": 1.01873,
    "mainnet_income_call_socean": 1.01266,
    "mainnet_income_call_srm": 1.00834,
    "mainnet_income_call_mngo": 1.01232,
    "mainnet_income_call_ray": 1,
    "mainnet_income_call_eth": 1.01181,
    "mainnet_income_put_sol": 1,
    "mainnet_income_put_btc": 1
  },
  "depositTokenByGlobalId": {
    "mainnet_income_call_sol": 124835.769450644,
    "mainnet_income_call_marinade": 135967.154826237,
    "mainnet_income_call_btc": 354.276398,
    "mainnet_income_call_sbr": 11000000,
    "mainnet_income_call_ftt": 71367.510645,
    "mainnet_income_put_mngo": 423015.84,
    "mainnet_income_call_luna": 39999.989397,
    "mainnet_income_call_socean": 5499.723505502,
    "mainnet_income_call_srm": 3965435.351512,
    "mainnet_income_call_mngo": 5999999.148087,
    "mainnet_income_call_ray": 18918.099566,
    "mainnet_income_call_eth": 1406.76069,
    "mainnet_income_put_sol": 9999999.86,
    "mainnet_income_put_btc": 2351024.08
  },
  "usdValueByGlobalId": {
    "mainnet_income_call_sol": 17325956.44,
    "mainnet_income_call_marinade": 19354924.49,
    "mainnet_income_call_btc": 14796353.76,
    "mainnet_income_call_sbr": 975040,
    "mainnet_income_call_ftt": 2552815.86,
    "mainnet_income_put_mngo": 423015.84,
    "mainnet_income_call_luna": 2785599.26,
    "mainnet_income_call_socean": 779255.82,
    "mainnet_income_call_srm": 12451467,
    "mainnet_income_call_mngo": 1155365.84,
    "mainnet_income_call_ray": 102346.92,
    "mainnet_income_call_eth": 4504307.05,
    "mainnet_income_put_sol": 9999999.86,
    "mainnet_income_put_btc": 2351024.08
  }
}