{
  "totalTvlUSD": 98555642.33,
  "coinsByCoingeckoId": {
    "solana": 135688.421759574,
    "msol": 145823.597197434,
    "bitcoin": 369.798532,
    "saber": 11000000,
    "ftx-token": 76445.468392,
    "usd-coin": 13420398.982647,
    "terra-luna": 59999.999852,
    "socean-staked-sol": 7346.786028251,
    "serum": 3974874.806404,
    "mango-markets": 5999999.159377,
    "raydium": 19310.493998,
    "ethereum": 1486.524949
  },
  "pricesByCoingeckoId": {
    "BTC": 43153,
    "SOL": 142.48,
    "ETH": 3283.45,
    "mSOL": 145.67,
    "FTT": 40.42,
    "SRM": 3.16,
    "USDC": 1,
    "MNGO": 0.20741,
    "scnSOL": 144.62,
    "SBR": 0.085459,
    "LUNA": 78.65,
    "RAY": 5.43
  },
  "sharePricesByGlobalId": {
    "mainnet_income_call_sol": 1.03708,
    "mainnet_income_call_marinade": 1.02581,
    "mainnet_income_call_btc": 1.0644,
    "mainnet_income_call_sbr": 1,
    "mainnet_income_call_ftt": 1.01481,
    "mainnet_income_put_mngo": 1,
    "mainnet_income_call_luna": 1.01873,
    "mainnet_income_call_socean": 1.01266,
    "mainnet_income_call_srm": 1.00834,
    "mainnet_income_call_mngo": 1.01232,
    "mainnet_income_call_ray": 1,
    "mainnet_income_call_eth": 1.01181,
    "mainnet_income_put_sol": 0.99999,
    "mainnet_income_put_btc": 1
  },
  "depositTokenByGlobalId": {
    "mainnet_income_call_sol": 135688.421759574,
    "mainnet_income_call_marinade": 145823.597197434,
    "mainnet_income_call_btc": 369.798532,
    "mainnet_income_call_sbr": 11000000,
    "mainnet_income_call_ftt": 76445.468392,
    "mainnet_income_put_mngo": 429604.43,
    "mainnet_income_call_luna": 59999.999852,
    "mainnet_income_call_socean": 7346.786028251,
    "mainnet_income_call_srm": 3974874.806404,
    "mainnet_income_call_mngo": 5999999.159377,
    "mainnet_income_call_ray": 19310.493998,
    "mainnet_income_call_eth": 1486.524949,
    "mainnet_income_put_sol": 10636416.76,
    "mainnet_income_put_btc": 2354377.79
  },
  "usdValueByGlobalId": {
    "mainnet_income_call_sol": 19332886.33,
    "mainnet_income_call_marinade": 21242123.4,
    "mainnet_income_call_btc": 15957916.05,
    "mainnet_income_call_sbr": 940049,
    "mainnet_income_call_ftt": 3089925.83,
    "mainnet_income_put_mngo": 429604.43,
    "mainnet_income_call_luna": 4718999.99,
    "mainnet_income_call_socean": 1062492.2,
    "mainnet_income_call_srm": 12560604.39,
    "mainnet_income_call_mngo": 1244459.83,
    "mainnet_income_call_ray": 104855.98,
    "mainnet_income_call_eth": 4880930.34,
    "mainnet_income_put_sol": 10636416.76,
    "mainnet_income_put_btc": 2354377.79
  }
}