{
  "totalTvlUSD": 108880104.71,
  "coinsByCoingeckoId": {
    "solana": 184055.68877887,
    "msol": 168447.060536165,
    "bitcoin": 435.126767,
    "saber": 20000000,
    "ftx-token": 76156.013569,
    "terra-luna": 89738.876273,
    "terrausd": 200745.49242,
    "usd-coin": 14663523.714282,
    "socean-staked-sol": 11000,
    "serum": 4249760.505562,
    "mango-markets": 9203434.886866,
    "raydium": 21222.698075,
    "ethereum": 1873.30234
  },
  "pricesByCoingeckoId": {
    "BTC": 38988,
    "SOL": 125.49,
    "ETH": 2870.19,
    "mSOL": 128.65,
    "FTT": 43.57,
    "SRM": 2.66,
    "USDC": 1,
    "MNGO": 0.194311,
    "scnSOL": 127.88,
    "SBR": 0.100676,
    "LUNA": 77.74,
    "UST": 1.01,
    "RAY": 4.58
  },
  "sharePricesByGlobalId": {
    "mainnet_income_call_sol": 1.05342,
    "mainnet_income_call_marinade": 1.03806,
    "mainnet_income_call_btc": 1.06976,
    "mainnet_income_call_sbr": 1.05086,
    "mainnet_income_call_ftt": 1.02766,
    "mainnet_income_call_luna": 1.03856,
    "mainnet_income_put_luna": 1,
    "mainnet_income_put_mngo": 1.00335,
    "mainnet_income_call_socean": 1.0248,
    "mainnet_income_call_srm": 1.02123,
    "mainnet_income_call_mngo": 1.01556,
    "mainnet_income_call_ray": 1.01929,
    "mainnet_income_call_eth": 1.01667,
    "mainnet_income_put_sol": 1.01284,
    "mainnet_income_put_btc": 1.00637
  },
  "depositTokenByGlobalId": {
    "mainnet_income_call_sol": 184055.68877887,
    "mainnet_income_call_marinade": 168447.060536165,
    "mainnet_income_call_btc": 435.126767,
    "mainnet_income_call_sbr": 20000000,
    "mainnet_income_call_ftt": 76156.013569,
    "mainnet_income_call_luna": 89738.876273,
    "mainnet_income_put_luna": 200745.49242,
    "mainnet_income_put_mngo": 411031.64,
    "mainnet_income_call_socean": 11000,
    "mainnet_income_call_srm": 4249760.505562,
    "mainnet_income_call_mngo": 9203434.886866,
    "mainnet_income_call_ray": 21222.698075,
    "mainnet_income_call_eth": 1873.30234,
    "mainnet_income_put_sol": 13123135.43,
    "mainnet_income_put_btc": 1129356.64
  },
  "usdValueByGlobalId": {
    "mainnet_income_call_sol": 23097148.38,
    "mainnet_income_call_marinade": 21670714.34,
    "mainnet_income_call_btc": 16964722.39,
    "mainnet_income_call_sbr": 2013520,
    "mainnet_income_call_ftt": 3318117.51,
    "mainnet_income_call_luna": 6976300.24,
    "mainnet_income_put_luna": 202752.95,
    "mainnet_income_put_mngo": 411031.64,
    "mainnet_income_call_socean": 1406680,
    "mainnet_income_call_srm": 11304362.94,
    "mainnet_income_call_mngo": 1788328.64,
    "mainnet_income_call_ray": 97199.96,
    "mainnet_income_call_eth": 5376733.64,
    "mainnet_income_put_sol": 13123135.43,
    "mainnet_income_put_btc": 1129356.64
  },
  "globalIdToDepositTokenCoingeckoId": {
    "mainnet_income_call_sol": "solana",
    "mainnet_income_call_marinade": "msol",
    "mainnet_income_call_btc": "bitcoin",
    "mainnet_income_call_sbr": "saber",
    "mainnet_income_call_ftt": "ftx-token",
    "mainnet_income_call_luna": "terra-luna",
    "mainnet_income_put_luna": "terrausd",
    "mainnet_income_put_mngo": "usd-coin",
    "mainnet_income_call_socean": "socean-staked-sol",
    "mainnet_income_call_srm": "serum",
    "mainnet_income_call_mngo": "mango-markets",
    "mainnet_income_call_ray": "raydium",
    "mainnet_income_call_eth": "ethereum",
    "mainnet_income_put_sol": "usd-coin",
    "mainnet_income_put_btc": "usd-coin"
  }
}