{
  "totalTvlUSD": 93398798.55,
  "coinsByCoingeckoId": {
    "solana": 194355.123008812,
    "msol": 164380.083149532,
    "bitcoin": 443.236214,
    "saber": 19999998.066329,
    "ftx-token": 67457.420685,
    "terra-luna": 88194.120075,
    "terrausd": 215068.379823,
    "usd-coin": 14836448.696303999,
    "socean-staked-sol": 11000,
    "serum": 4240641.347577,
    "mango-markets": 7874157.36687,
    "raydium": 23764.560698,
    "ethereum": 1768.191515
  },
  "pricesByCoingeckoId": {
    "BTC": 37713,
    "SOL": 98.89,
    "ETH": 2589.65,
    "mSOL": 101.33,
    "FTT": 37.22,
    "SRM": 2.19,
    "USDC": 1,
    "MNGO": 0.154658,
    "scnSOL": 101.69,
    "SBR": 0.068873,
    "LUNA": 63.13,
    "UST": 0.995359,
    "RAY": 3.75
  },
  "sharePricesByGlobalId": {
    "mainnet_income_call_sol": 1.05252,
    "mainnet_income_call_marinade": 1.03727,
    "mainnet_income_call_btc": 1.0696,
    "mainnet_income_call_sbr": 1.05044,
    "mainnet_income_call_ftt": 1.02696,
    "mainnet_income_call_luna": 1.0374,
    "mainnet_income_put_luna": 1,
    "mainnet_income_put_mngo": 1.00322,
    "mainnet_income_call_socean": 1.02395,
    "mainnet_income_call_srm": 1.02041,
    "mainnet_income_call_mngo": 1.01533,
    "mainnet_income_call_ray": 1.01764,
    "mainnet_income_call_eth": 1.0165,
    "mainnet_income_put_sol": 1.01183,
    "mainnet_income_put_btc": 1.00606
  },
  "depositTokenByGlobalId": {
    "mainnet_income_call_sol": 194355.123008812,
    "mainnet_income_call_marinade": 164380.083149532,
    "mainnet_income_call_btc": 443.236214,
    "mainnet_income_call_sbr": 19999998.066329,
    "mainnet_income_call_ftt": 67457.420685,
    "mainnet_income_call_luna": 88194.120075,
    "mainnet_income_put_luna": 215068.379823,
    "mainnet_income_put_mngo": 249437.27,
    "mainnet_income_call_socean": 11000,
    "mainnet_income_call_srm": 4240641.347577,
    "mainnet_income_call_mngo": 7874157.36687,
    "mainnet_income_call_ray": 23764.560698,
    "mainnet_income_call_eth": 1768.191515,
    "mainnet_income_put_sol": 13448287.9,
    "mainnet_income_put_btc": 1138723.52
  },
  "usdValueByGlobalId": {
    "mainnet_income_call_sol": 19219778.11,
    "mainnet_income_call_marinade": 16656633.83,
    "mainnet_income_call_btc": 16724632.06,
    "mainnet_income_call_sbr": 1377459.87,
    "mainnet_income_call_ftt": 2510765.2,
    "mainnet_income_call_luna": 5567694.8,
    "mainnet_income_put_luna": 214070.25,
    "mainnet_income_put_mngo": 249437.27,
    "mainnet_income_call_socean": 1118590,
    "mainnet_income_call_srm": 9287004.55,
    "mainnet_income_call_mngo": 1217801.43,
    "mainnet_income_call_ray": 89117.1,
    "mainnet_income_call_eth": 4578802.66,
    "mainnet_income_put_sol": 13448287.9,
    "mainnet_income_put_btc": 1138723.52
  },
  "globalIdToDepositTokenCoingeckoId": {
    "mainnet_income_call_sol": "solana",
    "mainnet_income_call_marinade": "msol",
    "mainnet_income_call_btc": "bitcoin",
    "mainnet_income_call_sbr": "saber",
    "mainnet_income_call_ftt": "ftx-token",
    "mainnet_income_call_luna": "terra-luna",
    "mainnet_income_put_luna": "terrausd",
    "mainnet_income_put_mngo": "usd-coin",
    "mainnet_income_call_socean": "socean-staked-sol",
    "mainnet_income_call_srm": "serum",
    "mainnet_income_call_mngo": "mango-markets",
    "mainnet_income_call_ray": "raydium",
    "mainnet_income_call_eth": "ethereum",
    "mainnet_income_put_sol": "usd-coin",
    "mainnet_income_put_btc": "usd-coin"
  }
}