{
  "totalTvlUSD": 102961447.84,
  "coinsByCoingeckoId": {
    "solana": 135952.208759574,
    "msol": 145916.238354874,
    "bitcoin": 370.50562,
    "saber": 11000000,
    "ftx-token": 76473.262338,
    "usd-coin": 13912201.653509,
    "terra-luna": 59999.999852,
    "socean-staked-sol": 8447.372950758,
    "serum": 3976416.754153,
    "mango-markets": 5999999.159377,
    "raydium": 19310.493998,
    "ethereum": 1490.861426
  },
  "pricesByCoingeckoId": {
    "BTC": 43949,
    "SOL": 151.88,
    "ETH": 3389.17,
    "mSOL": 155.89,
    "FTT": 41.29,
    "SRM": 3.21,
    "USDC": 1,
    "MNGO": 0.211971,
    "scnSOL": 154.6,
    "SBR": 0.086417,
    "LUNA": 79.33,
    "RAY": 5.58
  },
  "sharePricesByGlobalId": {
    "mainnet_income_call_sol": 1.03708,
    "mainnet_income_call_marinade": 1.02581,
    "mainnet_income_call_btc": 1.0644,
    "mainnet_income_call_sbr": 1,
    "mainnet_income_call_ftt": 1.01481,
    "mainnet_income_put_mngo": 1,
    "mainnet_income_call_luna": 1.01873,
    "mainnet_income_call_socean": 1.01266,
    "mainnet_income_call_srm": 1.00834,
    "mainnet_income_call_mngo": 1.01232,
    "mainnet_income_call_ray": 1,
    "mainnet_income_call_eth": 1.01181,
    "mainnet_income_put_sol": 0.99999,
    "mainnet_income_put_btc": 1
  },
  "depositTokenByGlobalId": {
    "mainnet_income_call_sol": 135952.208759574,
    "mainnet_income_call_marinade": 145916.238354874,
    "mainnet_income_call_btc": 370.50562,
    "mainnet_income_call_sbr": 11000000,
    "mainnet_income_call_ftt": 76473.262338,
    "mainnet_income_put_mngo": 429804.43,
    "mainnet_income_call_luna": 59999.999852,
    "mainnet_income_call_socean": 8447.372950758,
    "mainnet_income_call_srm": 3976416.754153,
    "mainnet_income_call_mngo": 5999999.159377,
    "mainnet_income_call_ray": 19310.493998,
    "mainnet_income_call_eth": 1490.861426,
    "mainnet_income_put_sol": 11128019.43,
    "mainnet_income_put_btc": 2354377.79
  },
  "usdValueByGlobalId": {
    "mainnet_income_call_sol": 20648421.47,
    "mainnet_income_call_marinade": 22746882.4,
    "mainnet_income_call_btc": 16283351.49,
    "mainnet_income_call_sbr": 950587,
    "mainnet_income_call_ftt": 3157581,
    "mainnet_income_put_mngo": 429804.43,
    "mainnet_income_call_luna": 4759799.99,
    "mainnet_income_call_socean": 1305963.86,
    "mainnet_income_call_srm": 12764297.78,
    "mainnet_income_call_mngo": 1271825.82,
    "mainnet_income_call_ray": 107752.56,
    "mainnet_income_call_eth": 5052782.82,
    "mainnet_income_put_sol": 11128019.43,
    "mainnet_income_put_btc": 2354377.79
  }
}