{
  "totalTvlUSD": 82522211.47,
  "coinsByCoingeckoId": {
    "solana": 188367.313158812,
    "msol": 162331.124084819,
    "bitcoin": 432.214407,
    "saber": 18803407.999589,
    "ftx-token": 66478.416909,
    "terra-luna": 82762.32551,
    "terrausd": 207818.654299,
    "usd-coin": 14063391.470973,
    "socean-staked-sol": 10999.999764954,
    "serum": 4235069.805075,
    "mango-markets": 7820363.780532,
    "raydium": 21526.462503,
    "ethereum": 1762.055973
  },
  "pricesByCoingeckoId": {
    "BTC": 34433,
    "SOL": 84.57,
    "ETH": 2332.09,
    "mSOL": 86.11,
    "FTT": 33.54,
    "SRM": 2.03,
    "USDC": 1,
    "MNGO": 0.146866,
    "scnSOL": 86.43,
    "SBR": 0.066721,
    "LUNA": 61.62,
    "UST": 0.989673,
    "RAY": 3.36
  },
  "sharePricesByGlobalId": {
    "mainnet_income_call_sol": 1.05252,
    "mainnet_income_call_marinade": 1.03727,
    "mainnet_income_call_btc": 1.0696,
    "mainnet_income_call_sbr": 1.05044,
    "mainnet_income_call_ftt": 1.02696,
    "mainnet_income_call_luna": 1.0374,
    "mainnet_income_put_luna": 1,
    "mainnet_income_put_mngo": 1.00322,
    "mainnet_income_call_socean": 1.02395,
    "mainnet_income_call_srm": 1.02041,
    "mainnet_income_call_mngo": 1.01533,
    "mainnet_income_call_ray": 1.01764,
    "mainnet_income_call_eth": 1.0165,
    "mainnet_income_put_sol": 1.01183,
    "mainnet_income_put_btc": 1.00606
  },
  "depositTokenByGlobalId": {
    "mainnet_income_call_sol": 188367.313158812,
    "mainnet_income_call_marinade": 162331.124084819,
    "mainnet_income_call_btc": 432.214407,
    "mainnet_income_call_sbr": 18803407.999589,
    "mainnet_income_call_ftt": 66478.416909,
    "mainnet_income_call_luna": 82762.32551,
    "mainnet_income_put_luna": 207818.654299,
    "mainnet_income_put_mngo": 248683.41,
    "mainnet_income_call_socean": 10999.999764954,
    "mainnet_income_call_srm": 4235069.805075,
    "mainnet_income_call_mngo": 7820363.780532,
    "mainnet_income_call_ray": 21526.462503,
    "mainnet_income_call_eth": 1762.055973,
    "mainnet_income_put_sol": 12676497.23,
    "mainnet_income_put_btc": 1138210.83
  },
  "usdValueByGlobalId": {
    "mainnet_income_call_sol": 15930223.67,
    "mainnet_income_call_marinade": 13978333.09,
    "mainnet_income_call_btc": 14882438.68,
    "mainnet_income_call_sbr": 1254582.19,
    "mainnet_income_call_ftt": 2229686.1,
    "mainnet_income_call_luna": 5099814.5,
    "mainnet_income_put_luna": 205672.51,
    "mainnet_income_put_mngo": 248683.41,
    "mainnet_income_call_socean": 950729.98,
    "mainnet_income_call_srm": 8597191.7,
    "mainnet_income_call_mngo": 1148545.55,
    "mainnet_income_call_ray": 72328.91,
    "mainnet_income_call_eth": 4109273.11,
    "mainnet_income_put_sol": 12676497.23,
    "mainnet_income_put_btc": 1138210.83
  },
  "globalIdToDepositTokenCoingeckoId": {
    "mainnet_income_call_sol": "solana",
    "mainnet_income_call_marinade": "msol",
    "mainnet_income_call_btc": "bitcoin",
    "mainnet_income_call_sbr": "saber",
    "mainnet_income_call_ftt": "ftx-token",
    "mainnet_income_call_luna": "terra-luna",
    "mainnet_income_put_luna": "terrausd",
    "mainnet_income_put_mngo": "usd-coin",
    "mainnet_income_call_socean": "socean-staked-sol",
    "mainnet_income_call_srm": "serum",
    "mainnet_income_call_mngo": "mango-markets",
    "mainnet_income_call_ray": "raydium",
    "mainnet_income_call_eth": "ethereum",
    "mainnet_income_put_sol": "usd-coin",
    "mainnet_income_put_btc": "usd-coin"
  }
}