{
  "totalTvlUSD": 104141805.16,
  "coinsByCoingeckoId": {
    "solana": 137328.150759574,
    "msol": 146414.807373749,
    "bitcoin": 371.542369,
    "saber": 11852589.466436,
    "ftx-token": 76883.955564,
    "usd-coin": 14063163.401395999,
    "terra-luna": 60650.160762,
    "socean-staked-sol": 8612.619566561,
    "serum": 3979569.968643,
    "mango-markets": 6609338.386109,
    "raydium": 19310.493998,
    "ethereum": 1501.37258
  },
  "pricesByCoingeckoId": {
    "BTC": 43880,
    "SOL": 152.37,
    "ETH": 3374.16,
    "mSOL": 156.5,
    "FTT": 42.15,
    "SRM": 3.24,
    "USDC": 1,
    "MNGO": 0.199216,
    "scnSOL": 155.35,
    "SBR": 0.082484,
    "LUNA": 82.38,
    "RAY": 5.58
  },
  "sharePricesByGlobalId": {
    "mainnet_income_call_sol": 1.03708,
    "mainnet_income_call_marinade": 1.02581,
    "mainnet_income_call_btc": 1.0644,
    "mainnet_income_call_sbr": 1,
    "mainnet_income_call_ftt": 1.01481,
    "mainnet_income_put_mngo": 1,
    "mainnet_income_call_luna": 1.01873,
    "mainnet_income_call_socean": 1.01266,
    "mainnet_income_call_srm": 1.00834,
    "mainnet_income_call_mngo": 1.01232,
    "mainnet_income_call_ray": 1,
    "mainnet_income_call_eth": 1.01181,
    "mainnet_income_put_sol": 0.99999,
    "mainnet_income_put_btc": 1
  },
  "depositTokenByGlobalId": {
    "mainnet_income_call_sol": 137328.150759574,
    "mainnet_income_call_marinade": 146414.807373749,
    "mainnet_income_call_btc": 371.542369,
    "mainnet_income_call_sbr": 11852589.466436,
    "mainnet_income_call_ftt": 76883.955564,
    "mainnet_income_put_mngo": 429804.43,
    "mainnet_income_call_luna": 60650.160762,
    "mainnet_income_call_socean": 8612.619566561,
    "mainnet_income_call_srm": 3979569.968643,
    "mainnet_income_call_mngo": 6609338.386109,
    "mainnet_income_call_ray": 19310.493998,
    "mainnet_income_call_eth": 1501.37258,
    "mainnet_income_put_sol": 11278971.18,
    "mainnet_income_put_btc": 2354387.79
  },
  "usdValueByGlobalId": {
    "mainnet_income_call_sol": 20924690.33,
    "mainnet_income_call_marinade": 22913917.35,
    "mainnet_income_call_btc": 16303279.15,
    "mainnet_income_call_sbr": 977648.99,
    "mainnet_income_call_ftt": 3240658.73,
    "mainnet_income_put_mngo": 429804.43,
    "mainnet_income_call_luna": 4996360.24,
    "mainnet_income_call_socean": 1337970.45,
    "mainnet_income_call_srm": 12893806.7,
    "mainnet_income_call_mngo": 1316685.96,
    "mainnet_income_call_ray": 107752.56,
    "mainnet_income_call_eth": 5065871.3,
    "mainnet_income_put_sol": 11278971.18,
    "mainnet_income_put_btc": 2354387.79
  },
  "globalIdToDepositTokenCoingeckoId": {
    "mainnet_income_call_sol": "solana",
    "mainnet_income_call_marinade": "msol",
    "mainnet_income_call_btc": "bitcoin",
    "mainnet_income_call_sbr": "saber",
    "mainnet_income_call_ftt": "ftx-token",
    "mainnet_income_put_mngo": "usd-coin",
    "mainnet_income_call_luna": "terra-luna",
    "mainnet_income_call_socean": "socean-staked-sol",
    "mainnet_income_call_srm": "serum",
    "mainnet_income_call_mngo": "mango-markets",
    "mainnet_income_call_ray": "raydium",
    "mainnet_income_call_eth": "ethereum",
    "mainnet_income_put_sol": "usd-coin",
    "mainnet_income_put_btc": "usd-coin"
  }
}