{
  "totalTvlUSD": 96509671.45,
  "coinsByCoingeckoId": {
    "solana": 133620.746759574,
    "msol": 145671.673166328,
    "bitcoin": 369.587033,
    "saber": 11000000,
    "ftx-token": 76445.206473,
    "usd-coin": 13351288.118219,
    "terra-luna": 57425.934295,
    "socean-staked-sol": 7243.403789689,
    "serum": 3974874.806404,
    "mango-markets": 5999999.159277,
    "raydium": 19310.493998,
    "ethereum": 1481.524668
  },
  "pricesByCoingeckoId": {
    "BTC": 42798,
    "SOL": 140.48,
    "ETH": 3237.59,
    "mSOL": 143.9,
    "FTT": 39.83,
    "SRM": 3.08,
    "USDC": 1,
    "MNGO": 0.208621,
    "scnSOL": 142.62,
    "SBR": 0.085176,
    "LUNA": 73.1,
    "RAY": 5.37
  },
  "sharePricesByGlobalId": {
    "mainnet_income_call_sol": 1.03708,
    "mainnet_income_call_marinade": 1.02581,
    "mainnet_income_call_btc": 1.0644,
    "mainnet_income_call_sbr": 1,
    "mainnet_income_call_ftt": 1.01481,
    "mainnet_income_put_mngo": 1,
    "mainnet_income_call_luna": 1.01873,
    "mainnet_income_call_socean": 1.01266,
    "mainnet_income_call_srm": 1.00834,
    "mainnet_income_call_mngo": 1.01232,
    "mainnet_income_call_ray": 1,
    "mainnet_income_call_eth": 1.01181,
    "mainnet_income_put_sol": 0.99999,
    "mainnet_income_put_btc": 1
  },
  "depositTokenByGlobalId": {
    "mainnet_income_call_sol": 133620.746759574,
    "mainnet_income_call_marinade": 145671.673166328,
    "mainnet_income_call_btc": 369.587033,
    "mainnet_income_call_sbr": 11000000,
    "mainnet_income_call_ftt": 76445.206473,
    "mainnet_income_put_mngo": 429604.43,
    "mainnet_income_call_luna": 57425.934295,
    "mainnet_income_call_socean": 7243.403789689,
    "mainnet_income_call_srm": 3974874.806404,
    "mainnet_income_call_mngo": 5999999.159277,
    "mainnet_income_call_ray": 19310.493998,
    "mainnet_income_call_eth": 1481.524668,
    "mainnet_income_put_sol": 10567305.9,
    "mainnet_income_put_btc": 2354377.79
  },
  "usdValueByGlobalId": {
    "mainnet_income_call_sol": 18771042.5,
    "mainnet_income_call_marinade": 20962153.77,
    "mainnet_income_call_btc": 15817585.84,
    "mainnet_income_call_sbr": 936936,
    "mainnet_income_call_ftt": 3044812.57,
    "mainnet_income_put_mngo": 429604.43,
    "mainnet_income_call_luna": 4197835.8,
    "mainnet_income_call_socean": 1033054.25,
    "mainnet_income_call_srm": 12242614.4,
    "mainnet_income_call_mngo": 1251725.82,
    "mainnet_income_call_ray": 103697.35,
    "mainnet_income_call_eth": 4796925.02,
    "mainnet_income_put_sol": 10567305.9,
    "mainnet_income_put_btc": 2354377.79
  }
}