{
  "totalTvlUSD": 91862818.36,
  "coinsByCoingeckoId": {
    "solana": 129616.297759574,
    "msol": 137418.105962895,
    "bitcoin": 355.630356,
    "saber": 11000000,
    "ftx-token": 72791.540999,
    "usd-coin": 12780819.795019,
    "terra-luna": 39999.999397,
    "socean-staked-sol": 5499.990099232,
    "serum": 3966425.602591,
    "mango-markets": 5999999.159277,
    "raydium": 18928.784889,
    "ethereum": 1467.434192
  },
  "pricesByCoingeckoId": {
    "BTC": 42042,
    "SOL": 142.9,
    "ETH": 3171.66,
    "mSOL": 146.69,
    "FTT": 38.13,
    "SRM": 3.04,
    "USDC": 1,
    "MNGO": 0.196648,
    "scnSOL": 145.3,
    "SBR": 0.08683,
    "LUNA": 72.11,
    "RAY": 5.4
  },
  "sharePricesByGlobalId": {
    "mainnet_income_call_sol": 1.03708,
    "mainnet_income_call_marinade": 1.02581,
    "mainnet_income_call_btc": 1.0644,
    "mainnet_income_call_sbr": 1,
    "mainnet_income_call_ftt": 1.01481,
    "mainnet_income_put_mngo": 1.00062,
    "mainnet_income_call_luna": 1.01873,
    "mainnet_income_call_socean": 1.01266,
    "mainnet_income_call_srm": 1.00834,
    "mainnet_income_call_mngo": 1.01232,
    "mainnet_income_call_ray": 1,
    "mainnet_income_call_eth": 1.01181,
    "mainnet_income_put_sol": 1.00376,
    "mainnet_income_put_btc": 1
  },
  "depositTokenByGlobalId": {
    "mainnet_income_call_sol": 129616.297759574,
    "mainnet_income_call_marinade": 137418.105962895,
    "mainnet_income_call_btc": 355.630356,
    "mainnet_income_call_sbr": 11000000,
    "mainnet_income_call_ftt": 72791.540999,
    "mainnet_income_put_mngo": 426442,
    "mainnet_income_call_luna": 39999.999397,
    "mainnet_income_call_socean": 5499.990099232,
    "mainnet_income_call_srm": 3966425.602591,
    "mainnet_income_call_mngo": 5999999.159277,
    "mainnet_income_call_ray": 18928.784889,
    "mainnet_income_call_eth": 1467.434192,
    "mainnet_income_put_sol": 10000000,
    "mainnet_income_put_btc": 2354377.79
  },
  "usdValueByGlobalId": {
    "mainnet_income_call_sol": 18522168.95,
    "mainnet_income_call_marinade": 20157861.96,
    "mainnet_income_call_btc": 14989108.24,
    "mainnet_income_call_sbr": 955130,
    "mainnet_income_call_ftt": 2775541.46,
    "mainnet_income_put_mngo": 426442,
    "mainnet_income_call_luna": 2888799.96,
    "mainnet_income_call_socean": 799148.56,
    "mainnet_income_call_srm": 12057933.83,
    "mainnet_income_call_mngo": 1179887.83,
    "mainnet_income_call_ray": 102215.44,
    "mainnet_income_call_eth": 4654202.33,
    "mainnet_income_put_sol": 10000000,
    "mainnet_income_put_btc": 2354377.79
  }
}