{
  "totalTvlUSD": 86143000.31,
  "coinsByCoingeckoId": {
    "solana": 188291.006158812,
    "msol": 162310.108597576,
    "bitcoin": 432.197839,
    "saber": 18801906.501584,
    "ftx-token": 66478.416909,
    "terra-luna": 82762.32551,
    "terrausd": 207818.654299,
    "usd-coin": 14062851.470973,
    "socean-staked-sol": 10999.999764954,
    "serum": 4235069.805075,
    "mango-markets": 7820363.780532,
    "raydium": 21181.224006,
    "ethereum": 1762.055973
  },
  "pricesByCoingeckoId": {
    "BTC": 35415,
    "SOL": 89.73,
    "ETH": 2452.4,
    "mSOL": 92.11,
    "FTT": 35.02,
    "SRM": 2.13,
    "USDC": 1,
    "MNGO": 0.153027,
    "scnSOL": 91.38,
    "SBR": 0.070875,
    "LUNA": 65.74,
    "UST": 1,
    "RAY": 3.54
  },
  "sharePricesByGlobalId": {
    "mainnet_income_call_sol": 1.05252,
    "mainnet_income_call_marinade": 1.03727,
    "mainnet_income_call_btc": 1.0696,
    "mainnet_income_call_sbr": 1.05044,
    "mainnet_income_call_ftt": 1.02696,
    "mainnet_income_call_luna": 1.0374,
    "mainnet_income_put_luna": 1,
    "mainnet_income_put_mngo": 1.00322,
    "mainnet_income_call_socean": 1.02395,
    "mainnet_income_call_srm": 1.02041,
    "mainnet_income_call_mngo": 1.01533,
    "mainnet_income_call_ray": 1.01764,
    "mainnet_income_call_eth": 1.0165,
    "mainnet_income_put_sol": 1.01183,
    "mainnet_income_put_btc": 1.00606
  },
  "depositTokenByGlobalId": {
    "mainnet_income_call_sol": 188291.006158812,
    "mainnet_income_call_marinade": 162310.108597576,
    "mainnet_income_call_btc": 432.197839,
    "mainnet_income_call_sbr": 18801906.501584,
    "mainnet_income_call_ftt": 66478.416909,
    "mainnet_income_call_luna": 82762.32551,
    "mainnet_income_put_luna": 207818.654299,
    "mainnet_income_put_mngo": 248683.41,
    "mainnet_income_call_socean": 10999.999764954,
    "mainnet_income_call_srm": 4235069.805075,
    "mainnet_income_call_mngo": 7820363.780532,
    "mainnet_income_call_ray": 21181.224006,
    "mainnet_income_call_eth": 1762.055973,
    "mainnet_income_put_sol": 12675957.23,
    "mainnet_income_put_btc": 1138210.83
  },
  "usdValueByGlobalId": {
    "mainnet_income_call_sol": 16895351.98,
    "mainnet_income_call_marinade": 14950384.1,
    "mainnet_income_call_btc": 15306286.47,
    "mainnet_income_call_sbr": 1332585.12,
    "mainnet_income_call_ftt": 2328074.16,
    "mainnet_income_call_luna": 5440795.28,
    "mainnet_income_put_luna": 207818.65,
    "mainnet_income_put_mngo": 248683.41,
    "mainnet_income_call_socean": 1005179.98,
    "mainnet_income_call_srm": 9020698.68,
    "mainnet_income_call_mngo": 1196726.81,
    "mainnet_income_call_ray": 74981.53,
    "mainnet_income_call_eth": 4321266.07,
    "mainnet_income_put_sol": 12675957.23,
    "mainnet_income_put_btc": 1138210.83
  },
  "globalIdToDepositTokenCoingeckoId": {
    "mainnet_income_call_sol": "solana",
    "mainnet_income_call_marinade": "msol",
    "mainnet_income_call_btc": "bitcoin",
    "mainnet_income_call_sbr": "saber",
    "mainnet_income_call_ftt": "ftx-token",
    "mainnet_income_call_luna": "terra-luna",
    "mainnet_income_put_luna": "terrausd",
    "mainnet_income_put_mngo": "usd-coin",
    "mainnet_income_call_socean": "socean-staked-sol",
    "mainnet_income_call_srm": "serum",
    "mainnet_income_call_mngo": "mango-markets",
    "mainnet_income_call_ray": "raydium",
    "mainnet_income_call_eth": "ethereum",
    "mainnet_income_put_sol": "usd-coin",
    "mainnet_income_put_btc": "usd-coin"
  }
}