{
  "totalTvlUSD": 90448681.14,
  "coinsByCoingeckoId": {
    "solana": 124871.969450644,
    "msol": 135968.131922292,
    "bitcoin": 354.279198,
    "saber": 11000000,
    "ftx-token": 71563.701874,
    "usd-coin": 12774039.779015,
    "terra-luna": 39999.989397,
    "socean-staked-sol": 5499.870099232,
    "serum": 3965494.011937,
    "mango-markets": 5999999.148087,
    "raydium": 18918.099566,
    "ethereum": 1406.7607
  },
  "pricesByCoingeckoId": {
    "BTC": 41990,
    "SOL": 141.21,
    "ETH": 3226.67,
    "mSOL": 144.32,
    "FTT": 36.22,
    "SRM": 3.17,
    "USDC": 1,
    "MNGO": 0.19212,
    "scnSOL": 142.6,
    "SBR": 0.089297,
    "LUNA": 70.45,
    "RAY": 5.46
  },
  "sharePricesByGlobalId": {
    "mainnet_income_call_sol": 1.03708,
    "mainnet_income_call_marinade": 1.02581,
    "mainnet_income_call_btc": 1.0644,
    "mainnet_income_call_sbr": 1,
    "mainnet_income_call_ftt": 1.01481,
    "mainnet_income_put_mngo": 1,
    "mainnet_income_call_luna": 1.01873,
    "mainnet_income_call_socean": 1.01266,
    "mainnet_income_call_srm": 1.00834,
    "mainnet_income_call_mngo": 1.01232,
    "mainnet_income_call_ray": 1,
    "mainnet_income_call_eth": 1.01181,
    "mainnet_income_put_sol": 1,
    "mainnet_income_put_btc": 1
  },
  "depositTokenByGlobalId": {
    "mainnet_income_call_sol": 124871.969450644,
    "mainnet_income_call_marinade": 135968.131922292,
    "mainnet_income_call_btc": 354.279198,
    "mainnet_income_call_sbr": 11000000,
    "mainnet_income_call_ftt": 71563.701874,
    "mainnet_income_put_mngo": 423015.84,
    "mainnet_income_call_luna": 39999.989397,
    "mainnet_income_call_socean": 5499.870099232,
    "mainnet_income_call_srm": 3965494.011937,
    "mainnet_income_call_mngo": 5999999.148087,
    "mainnet_income_call_ray": 18918.099566,
    "mainnet_income_call_eth": 1406.7607,
    "mainnet_income_put_sol": 9999999.86,
    "mainnet_income_put_btc": 2351024.08
  },
  "usdValueByGlobalId": {
    "mainnet_income_call_sol": 17633170.81,
    "mainnet_income_call_marinade": 19622920.8,
    "mainnet_income_call_btc": 14876183.52,
    "mainnet_income_call_sbr": 982267,
    "mainnet_income_call_ftt": 2592037.28,
    "mainnet_income_put_mngo": 423015.84,
    "mainnet_income_call_luna": 2817999.25,
    "mainnet_income_call_socean": 784281.48,
    "mainnet_income_call_srm": 12570616.02,
    "mainnet_income_call_mngo": 1152719.84,
    "mainnet_income_call_ray": 103292.82,
    "mainnet_income_call_eth": 4539152.55,
    "mainnet_income_put_sol": 9999999.86,
    "mainnet_income_put_btc": 2351024.08
  }
}