{
  "totalTvlUSD": 90443181.94,
  "coinsByCoingeckoId": {
    "solana": 124878.612350644,
    "msol": 135968.131922292,
    "bitcoin": 354.279198,
    "saber": 11000000,
    "ftx-token": 71563.701874,
    "usd-coin": 12774039.779015,
    "terra-luna": 39999.989397,
    "socean-staked-sol": 5499.870099232,
    "serum": 3965494.011937,
    "mango-markets": 5999999.148087,
    "raydium": 18918.099566,
    "ethereum": 1406.76071
  },
  "pricesByCoingeckoId": {
    "BTC": 41966,
    "SOL": 141.35,
    "ETH": 3222.05,
    "mSOL": 144.62,
    "FTT": 36.18,
    "SRM": 3.16,
    "USDC": 1,
    "MNGO": 0.192122,
    "scnSOL": 143.56,
    "SBR": 0.089343,
    "LUNA": 70.13,
    "RAY": 5.45
  },
  "sharePricesByGlobalId": {
    "mainnet_income_call_sol": 1.03708,
    "mainnet_income_call_marinade": 1.02581,
    "mainnet_income_call_btc": 1.0644,
    "mainnet_income_call_sbr": 1,
    "mainnet_income_call_ftt": 1.01481,
    "mainnet_income_put_mngo": 1,
    "mainnet_income_call_luna": 1.01873,
    "mainnet_income_call_socean": 1.01266,
    "mainnet_income_call_srm": 1.00834,
    "mainnet_income_call_mngo": 1.01232,
    "mainnet_income_call_ray": 1,
    "mainnet_income_call_eth": 1.01181,
    "mainnet_income_put_sol": 1,
    "mainnet_income_put_btc": 1
  },
  "depositTokenByGlobalId": {
    "mainnet_income_call_sol": 124878.612350644,
    "mainnet_income_call_marinade": 135968.131922292,
    "mainnet_income_call_btc": 354.279198,
    "mainnet_income_call_sbr": 11000000,
    "mainnet_income_call_ftt": 71563.701874,
    "mainnet_income_put_mngo": 423015.84,
    "mainnet_income_call_luna": 39999.989397,
    "mainnet_income_call_socean": 5499.870099232,
    "mainnet_income_call_srm": 3965494.011937,
    "mainnet_income_call_mngo": 5999999.148087,
    "mainnet_income_call_ray": 18918.099566,
    "mainnet_income_call_eth": 1406.76071,
    "mainnet_income_put_sol": 9999999.86,
    "mainnet_income_put_btc": 2351024.08
  },
  "usdValueByGlobalId": {
    "mainnet_income_call_sol": 17651591.86,
    "mainnet_income_call_marinade": 19663711.24,
    "mainnet_income_call_btc": 14867680.82,
    "mainnet_income_call_sbr": 982773,
    "mainnet_income_call_ftt": 2589174.73,
    "mainnet_income_put_mngo": 423015.84,
    "mainnet_income_call_luna": 2805199.26,
    "mainnet_income_call_socean": 789561.35,
    "mainnet_income_call_srm": 12530961.08,
    "mainnet_income_call_mngo": 1152731.84,
    "mainnet_income_call_ray": 103103.64,
    "mainnet_income_call_eth": 4532653.35,
    "mainnet_income_put_sol": 9999999.86,
    "mainnet_income_put_btc": 2351024.08
  }
}