{
  "totalTvlUSD": 110695405.97,
  "coinsByCoingeckoId": {
    "solana": 145102.78501187,
    "msol": 161069.829761956,
    "bitcoin": 422.044855,
    "saber": 19999999.492037,
    "ftx-token": 67969.399326,
    "terra-luna": 72242.298988,
    "terrausd": 18250.03477,
    "usd-coin": 12501234.305714998,
    "socean-staked-sol": 10999.987641614,
    "serum": 4067034.816475,
    "mango-markets": 8829881.11981,
    "raydium": 17787.884087,
    "ethereum": 1723.012003
  },
  "pricesByCoingeckoId": {
    "BTC": 43077,
    "SOL": 148.65,
    "ETH": 3319.19,
    "mSOL": 152.36,
    "FTT": 46.04,
    "SRM": 3.19,
    "USDC": 1,
    "MNGO": 0.194127,
    "scnSOL": 151.55,
    "SBR": 0.116527,
    "LUNA": 86.58,
    "UST": 1,
    "RAY": 5.44
  },
  "sharePricesByGlobalId": {
    "mainnet_income_call_sol": 1.04444,
    "mainnet_income_call_marinade": 1.03017,
    "mainnet_income_call_btc": 1.06814,
    "mainnet_income_call_sbr": 1.04667,
    "mainnet_income_call_ftt": 1.02068,
    "mainnet_income_call_luna": 1.02692,
    "mainnet_income_put_luna": 1,
    "mainnet_income_put_mngo": 1.00201,
    "mainnet_income_call_socean": 1.01629,
    "mainnet_income_call_srm": 1.01304,
    "mainnet_income_call_mngo": 1.01322,
    "mainnet_income_call_ray": 1.00275,
    "mainnet_income_call_eth": 1.01502,
    "mainnet_income_put_sol": 1.00281,
    "mainnet_income_put_btc": 1.00329
  },
  "depositTokenByGlobalId": {
    "mainnet_income_call_sol": 145102.78501187,
    "mainnet_income_call_marinade": 161069.829761956,
    "mainnet_income_call_btc": 422.044855,
    "mainnet_income_call_sbr": 19999999.492037,
    "mainnet_income_call_ftt": 67969.399326,
    "mainnet_income_call_luna": 72242.298988,
    "mainnet_income_put_luna": 18250.03477,
    "mainnet_income_put_mngo": 392112.07,
    "mainnet_income_call_socean": 10999.987641614,
    "mainnet_income_call_srm": 4067034.816475,
    "mainnet_income_call_mngo": 8829881.11981,
    "mainnet_income_call_ray": 17787.884087,
    "mainnet_income_call_eth": 1723.012003,
    "mainnet_income_put_sol": 10984638.1,
    "mainnet_income_put_btc": 1124484.14
  },
  "usdValueByGlobalId": {
    "mainnet_income_call_sol": 21569528.99,
    "mainnet_income_call_marinade": 24540599.26,
    "mainnet_income_call_btc": 18180426.22,
    "mainnet_income_call_sbr": 2330539.94,
    "mainnet_income_call_ftt": 3129311.14,
    "mainnet_income_call_luna": 6254738.25,
    "mainnet_income_put_luna": 18250.03,
    "mainnet_income_put_mngo": 392112.07,
    "mainnet_income_call_socean": 1667048.13,
    "mainnet_income_call_srm": 12973841.06,
    "mainnet_income_call_mngo": 1714118.33,
    "mainnet_income_call_ray": 96766.09,
    "mainnet_income_call_eth": 5719004.21,
    "mainnet_income_put_sol": 10984638.1,
    "mainnet_income_put_btc": 1124484.14
  },
  "globalIdToDepositTokenCoingeckoId": {
    "mainnet_income_call_sol": "solana",
    "mainnet_income_call_marinade": "msol",
    "mainnet_income_call_btc": "bitcoin",
    "mainnet_income_call_sbr": "saber",
    "mainnet_income_call_ftt": "ftx-token",
    "mainnet_income_call_luna": "terra-luna",
    "mainnet_income_put_luna": "terrausd",
    "mainnet_income_put_mngo": "usd-coin",
    "mainnet_income_call_socean": "socean-staked-sol",
    "mainnet_income_call_srm": "serum",
    "mainnet_income_call_mngo": "mango-markets",
    "mainnet_income_call_ray": "raydium",
    "mainnet_income_call_eth": "ethereum",
    "mainnet_income_put_sol": "usd-coin",
    "mainnet_income_put_btc": "usd-coin"
  }
}