{
  "totalTvlUSD": 87199164.27,
  "coinsByCoingeckoId": {
    "solana": 128358.739350644,
    "msol": 136220.817288248,
    "bitcoin": 354.280677,
    "saber": 11000000,
    "ftx-token": 72255.801874,
    "usd-coin": 12774396.253459001,
    "terra-luna": 39999.999397,
    "socean-staked-sol": 5499.990099232,
    "serum": 3965834.743512,
    "mango-markets": 5999999.159277,
    "raydium": 18918.099566,
    "ethereum": 1407.979761
  },
  "pricesByCoingeckoId": {
    "BTC": 40763,
    "SOL": 135.04,
    "ETH": 3031.93,
    "mSOL": 138.17,
    "FTT": 34.26,
    "SRM": 2.94,
    "USDC": 1,
    "MNGO": 0.185022,
    "scnSOL": 137.47,
    "SBR": 0.083421,
    "LUNA": 63.58,
    "RAY": 5.13
  },
  "sharePricesByGlobalId": {
    "mainnet_income_call_sol": 1.03708,
    "mainnet_income_call_marinade": 1.02581,
    "mainnet_income_call_btc": 1.0644,
    "mainnet_income_call_sbr": 1,
    "mainnet_income_call_ftt": 1.01481,
    "mainnet_income_put_mngo": 1,
    "mainnet_income_call_luna": 1.01873,
    "mainnet_income_call_socean": 1.01266,
    "mainnet_income_call_srm": 1.00834,
    "mainnet_income_call_mngo": 1.01232,
    "mainnet_income_call_ray": 1,
    "mainnet_income_call_eth": 1.01181,
    "mainnet_income_put_sol": 1,
    "mainnet_income_put_btc": 1
  },
  "depositTokenByGlobalId": {
    "mainnet_income_call_sol": 128358.739350644,
    "mainnet_income_call_marinade": 136220.817288248,
    "mainnet_income_call_btc": 354.280677,
    "mainnet_income_call_sbr": 11000000,
    "mainnet_income_call_ftt": 72255.801874,
    "mainnet_income_put_mngo": 423329.63,
    "mainnet_income_call_luna": 39999.999397,
    "mainnet_income_call_socean": 5499.990099232,
    "mainnet_income_call_srm": 3965834.743512,
    "mainnet_income_call_mngo": 5999999.159277,
    "mainnet_income_call_ray": 18918.099566,
    "mainnet_income_call_eth": 1407.979761,
    "mainnet_income_put_sol": 9999999.97,
    "mainnet_income_put_btc": 2351066.65
  },
  "usdValueByGlobalId": {
    "mainnet_income_call_sol": 17333564.16,
    "mainnet_income_call_marinade": 18821630.32,
    "mainnet_income_call_btc": 14441543.24,
    "mainnet_income_call_sbr": 917631,
    "mainnet_income_call_ftt": 2475483.77,
    "mainnet_income_put_mngo": 423329.63,
    "mainnet_income_call_luna": 2543199.96,
    "mainnet_income_call_socean": 756083.64,
    "mainnet_income_call_srm": 11659554.15,
    "mainnet_income_call_mngo": 1110131.84,
    "mainnet_income_call_ray": 97049.85,
    "mainnet_income_call_eth": 4268896.08,
    "mainnet_income_put_sol": 9999999.97,
    "mainnet_income_put_btc": 2351066.65
  }
}