{
  "totalTvlUSD": 93178502.01,
  "coinsByCoingeckoId": {
    "solana": 132093.450759574,
    "msol": 142521.812678534,
    "bitcoin": 366.154647,
    "saber": 11000000,
    "ftx-token": 76162.148982,
    "usd-coin": 13061030.842544,
    "terra-luna": 55330.47926,
    "socean-staked-sol": 7046.301964905,
    "serum": 3974334.558091,
    "mango-markets": 5999999.159277,
    "raydium": 19199.467605,
    "ethereum": 1479.616665
  },
  "pricesByCoingeckoId": {
    "BTC": 42218,
    "SOL": 136.88,
    "ETH": 3135.7,
    "mSOL": 140.05,
    "FTT": 38.71,
    "SRM": 2.99,
    "USDC": 1,
    "MNGO": 0.20012,
    "scnSOL": 139.24,
    "SBR": 0.07512,
    "LUNA": 73.02,
    "RAY": 5.13
  },
  "sharePricesByGlobalId": {
    "mainnet_income_call_sol": 1.03708,
    "mainnet_income_call_marinade": 1.02581,
    "mainnet_income_call_btc": 1.0644,
    "mainnet_income_call_sbr": 1,
    "mainnet_income_call_ftt": 1.01481,
    "mainnet_income_put_mngo": 1.00062,
    "mainnet_income_call_luna": 1.01873,
    "mainnet_income_call_socean": 1.01266,
    "mainnet_income_call_srm": 1.00834,
    "mainnet_income_call_mngo": 1.01232,
    "mainnet_income_call_ray": 1,
    "mainnet_income_call_eth": 1.01181,
    "mainnet_income_put_sol": 1.00376,
    "mainnet_income_put_btc": 1
  },
  "depositTokenByGlobalId": {
    "mainnet_income_call_sol": 132093.450759574,
    "mainnet_income_call_marinade": 142521.812678534,
    "mainnet_income_call_btc": 366.154647,
    "mainnet_income_call_sbr": 11000000,
    "mainnet_income_call_ftt": 76162.148982,
    "mainnet_income_put_mngo": 429058.15,
    "mainnet_income_call_luna": 55330.47926,
    "mainnet_income_call_socean": 7046.301964905,
    "mainnet_income_call_srm": 3974334.558091,
    "mainnet_income_call_mngo": 5999999.159277,
    "mainnet_income_call_ray": 19199.467605,
    "mainnet_income_call_eth": 1479.616665,
    "mainnet_income_put_sol": 10277594.91,
    "mainnet_income_put_btc": 2354377.79
  },
  "usdValueByGlobalId": {
    "mainnet_income_call_sol": 18080951.54,
    "mainnet_income_call_marinade": 19960179.87,
    "mainnet_income_call_btc": 15458316.89,
    "mainnet_income_call_sbr": 826320,
    "mainnet_income_call_ftt": 2948236.79,
    "mainnet_income_put_mngo": 429058.15,
    "mainnet_income_call_luna": 4040231.6,
    "mainnet_income_call_socean": 981127.09,
    "mainnet_income_call_srm": 11883260.33,
    "mainnet_income_call_mngo": 1200719.83,
    "mainnet_income_call_ray": 98493.27,
    "mainnet_income_call_eth": 4639633.98,
    "mainnet_income_put_sol": 10277594.91,
    "mainnet_income_put_btc": 2354377.79
  }
}