{
  "totalTvlUSD": 112412201.6,
  "coinsByCoingeckoId": {
    "solana": 175757.38847887,
    "msol": 164085.490183704,
    "bitcoin": 428.874902,
    "saber": 19999999.760273,
    "ftx-token": 74872.21972,
    "terra-luna": 85977.253518,
    "terrausd": 157594.185573,
    "usd-coin": 13247739.450761,
    "socean-staked-sol": 10999.999467117,
    "serum": 4208232.150581,
    "mango-markets": 9033249.268517,
    "raydium": 20598.053884,
    "ethereum": 1788.487625
  },
  "pricesByCoingeckoId": {
    "BTC": 42198,
    "SOL": 136.5,
    "ETH": 3129.35,
    "mSOL": 140.16,
    "FTT": 45.22,
    "SRM": 2.93,
    "USDC": 1,
    "MNGO": 0.200295,
    "scnSOL": 140.09,
    "SBR": 0.113455,
    "LUNA": 80.08,
    "UST": 1,
    "RAY": 5
  },
  "sharePricesByGlobalId": {
    "mainnet_income_call_sol": 1.05342,
    "mainnet_income_call_marinade": 1.03017,
    "mainnet_income_call_btc": 1.06976,
    "mainnet_income_call_sbr": 1.04667,
    "mainnet_income_call_ftt": 1.02068,
    "mainnet_income_call_luna": 1.02692,
    "mainnet_income_put_luna": 1,
    "mainnet_income_put_mngo": 1.00201,
    "mainnet_income_call_socean": 1.01629,
    "mainnet_income_call_srm": 1.01304,
    "mainnet_income_call_mngo": 1.01322,
    "mainnet_income_call_ray": 1.00275,
    "mainnet_income_call_eth": 1.01667,
    "mainnet_income_put_sol": 1.00281,
    "mainnet_income_put_btc": 1.00329
  },
  "depositTokenByGlobalId": {
    "mainnet_income_call_sol": 175757.38847887,
    "mainnet_income_call_marinade": 164085.490183704,
    "mainnet_income_call_btc": 428.874902,
    "mainnet_income_call_sbr": 19999999.760273,
    "mainnet_income_call_ftt": 74872.21972,
    "mainnet_income_call_luna": 85977.253518,
    "mainnet_income_put_luna": 157594.185573,
    "mainnet_income_put_mngo": 397677.27,
    "mainnet_income_call_socean": 10999.999467117,
    "mainnet_income_call_srm": 4208232.150581,
    "mainnet_income_call_mngo": 9033249.268517,
    "mainnet_income_call_ray": 20598.053884,
    "mainnet_income_call_eth": 1788.487625,
    "mainnet_income_put_sol": 11724258.14,
    "mainnet_income_put_btc": 1125804.04
  },
  "usdValueByGlobalId": {
    "mainnet_income_call_sol": 23990883.53,
    "mainnet_income_call_marinade": 22998222.3,
    "mainnet_income_call_btc": 18097663.11,
    "mainnet_income_call_sbr": 2269099.97,
    "mainnet_income_call_ftt": 3385721.78,
    "mainnet_income_call_luna": 6885058.46,
    "mainnet_income_put_luna": 157594.19,
    "mainnet_income_put_mngo": 397677.27,
    "mainnet_income_call_socean": 1540989.93,
    "mainnet_income_call_srm": 12330120.2,
    "mainnet_income_call_mngo": 1809314.66,
    "mainnet_income_call_ray": 102990.27,
    "mainnet_income_call_eth": 5596803.75,
    "mainnet_income_put_sol": 11724258.14,
    "mainnet_income_put_btc": 1125804.04
  },
  "globalIdToDepositTokenCoingeckoId": {
    "mainnet_income_call_sol": "solana",
    "mainnet_income_call_marinade": "msol",
    "mainnet_income_call_btc": "bitcoin",
    "mainnet_income_call_sbr": "saber",
    "mainnet_income_call_ftt": "ftx-token",
    "mainnet_income_call_luna": "terra-luna",
    "mainnet_income_put_luna": "terrausd",
    "mainnet_income_put_mngo": "usd-coin",
    "mainnet_income_call_socean": "socean-staked-sol",
    "mainnet_income_call_srm": "serum",
    "mainnet_income_call_mngo": "mango-markets",
    "mainnet_income_call_ray": "raydium",
    "mainnet_income_call_eth": "ethereum",
    "mainnet_income_put_sol": "usd-coin",
    "mainnet_income_put_btc": "usd-coin"
  }
}