{
  "totalTvlUSD": 103365902.2,
  "coinsByCoingeckoId": {
    "solana": 136368.912759574,
    "msol": 146191.263511575,
    "bitcoin": 370.60848,
    "saber": 11000000,
    "ftx-token": 76673.262338,
    "usd-coin": 13964200.327119,
    "terra-luna": 59999.999852,
    "socean-staked-sol": 8490.268682184,
    "serum": 3976433.073675,
    "mango-markets": 5999999.159377,
    "raydium": 19310.493998,
    "ethereum": 1492.861426
  },
  "pricesByCoingeckoId": {
    "BTC": 43921,
    "SOL": 152.97,
    "ETH": 3386.5,
    "mSOL": 156.55,
    "FTT": 41.46,
    "SRM": 3.2,
    "USDC": 1,
    "MNGO": 0.21406,
    "scnSOL": 155.05,
    "SBR": 0.086022,
    "LUNA": 79.4,
    "RAY": 5.57
  },
  "sharePricesByGlobalId": {
    "mainnet_income_call_sol": 1.03708,
    "mainnet_income_call_marinade": 1.02581,
    "mainnet_income_call_btc": 1.0644,
    "mainnet_income_call_sbr": 1,
    "mainnet_income_call_ftt": 1.01481,
    "mainnet_income_put_mngo": 1,
    "mainnet_income_call_luna": 1.01873,
    "mainnet_income_call_socean": 1.01266,
    "mainnet_income_call_srm": 1.00834,
    "mainnet_income_call_mngo": 1.01232,
    "mainnet_income_call_ray": 1,
    "mainnet_income_call_eth": 1.01181,
    "mainnet_income_put_sol": 0.99999,
    "mainnet_income_put_btc": 1
  },
  "depositTokenByGlobalId": {
    "mainnet_income_call_sol": 136368.912759574,
    "mainnet_income_call_marinade": 146191.263511575,
    "mainnet_income_call_btc": 370.60848,
    "mainnet_income_call_sbr": 11000000,
    "mainnet_income_call_ftt": 76673.262338,
    "mainnet_income_put_mngo": 429804.43,
    "mainnet_income_call_luna": 59999.999852,
    "mainnet_income_call_socean": 8490.268682184,
    "mainnet_income_call_srm": 3976433.073675,
    "mainnet_income_call_mngo": 5999999.159377,
    "mainnet_income_call_ray": 19310.493998,
    "mainnet_income_call_eth": 1492.861426,
    "mainnet_income_put_sol": 11180008.1,
    "mainnet_income_put_btc": 2354387.79
  },
  "usdValueByGlobalId": {
    "mainnet_income_call_sol": 20860352.58,
    "mainnet_income_call_marinade": 22886242.3,
    "mainnet_income_call_btc": 16277495.05,
    "mainnet_income_call_sbr": 946242,
    "mainnet_income_call_ftt": 3178873.46,
    "mainnet_income_put_mngo": 429804.43,
    "mainnet_income_call_luna": 4763999.99,
    "mainnet_income_call_socean": 1316416.16,
    "mainnet_income_call_srm": 12724585.84,
    "mainnet_income_call_mngo": 1284359.82,
    "mainnet_income_call_ray": 107559.45,
    "mainnet_income_call_eth": 5055575.22,
    "mainnet_income_put_sol": 11180008.1,
    "mainnet_income_put_btc": 2354387.79
  }
}