{
  "totalTvlUSD": 93639527.88,
  "coinsByCoingeckoId": {
    "solana": 182780.426958812,
    "msol": 159627.800964005,
    "bitcoin": 424.008948,
    "saber": 18342205.554632,
    "ftx-token": 65574.702527,
    "terra-luna": 75712.617915,
    "terrausd": 205355.385439,
    "usd-coin": 13962278.584259,
    "socean-staked-sol": 10999.999764954,
    "serum": 4226626.15645,
    "mango-markets": 7781534.236132,
    "raydium": 20933.234226,
    "ethereum": 1737.777492
  },
  "pricesByCoingeckoId": {
    "BTC": 35932,
    "SOL": 109.7,
    "ETH": 2553.33,
    "mSOL": 113.28,
    "FTT": 38.59,
    "SRM": 2.37,
    "USDC": 1,
    "MNGO": 0.180179,
    "scnSOL": 116.55,
    "SBR": 0.090296,
    "LUNA": 62.08,
    "UST": 0.95905,
    "RAY": 4.1
  },
  "sharePricesByGlobalId": {
    "mainnet_income_call_sol": 1.05252,
    "mainnet_income_call_marinade": 1.03727,
    "mainnet_income_call_btc": 1.0696,
    "mainnet_income_call_sbr": 1.05044,
    "mainnet_income_call_ftt": 1.02696,
    "mainnet_income_call_luna": 1.0374,
    "mainnet_income_put_luna": 1,
    "mainnet_income_put_mngo": 1.00322,
    "mainnet_income_call_socean": 1.02395,
    "mainnet_income_call_srm": 1.02041,
    "mainnet_income_call_mngo": 1.01533,
    "mainnet_income_call_ray": 1.01764,
    "mainnet_income_call_eth": 1.0165,
    "mainnet_income_put_sol": 1.01183,
    "mainnet_income_put_btc": 1.00606
  },
  "depositTokenByGlobalId": {
    "mainnet_income_call_sol": 182780.426958812,
    "mainnet_income_call_marinade": 159627.800964005,
    "mainnet_income_call_btc": 424.008948,
    "mainnet_income_call_sbr": 18342205.554632,
    "mainnet_income_call_ftt": 65574.702527,
    "mainnet_income_call_luna": 75712.617915,
    "mainnet_income_put_luna": 205355.385439,
    "mainnet_income_put_mngo": 248683.41,
    "mainnet_income_call_socean": 10999.999764954,
    "mainnet_income_call_srm": 4226626.15645,
    "mainnet_income_call_mngo": 7781534.236132,
    "mainnet_income_call_ray": 20933.234226,
    "mainnet_income_call_eth": 1737.777492,
    "mainnet_income_put_sol": 12577432.72,
    "mainnet_income_put_btc": 1136162.46
  },
  "usdValueByGlobalId": {
    "mainnet_income_call_sol": 20051012.84,
    "mainnet_income_call_marinade": 18082637.29,
    "mainnet_income_call_btc": 15235489.52,
    "mainnet_income_call_sbr": 1656227.79,
    "mainnet_income_call_ftt": 2530527.77,
    "mainnet_income_call_luna": 4700239.32,
    "mainnet_income_put_luna": 196946.08,
    "mainnet_income_put_mngo": 248683.41,
    "mainnet_income_call_socean": 1282049.97,
    "mainnet_income_call_srm": 10017103.99,
    "mainnet_income_call_mngo": 1402069.06,
    "mainnet_income_call_ray": 85826.26,
    "mainnet_income_call_eth": 4437119.4,
    "mainnet_income_put_sol": 12577432.72,
    "mainnet_income_put_btc": 1136162.46
  },
  "globalIdToDepositTokenCoingeckoId": {
    "mainnet_income_call_sol": "solana",
    "mainnet_income_call_marinade": "msol",
    "mainnet_income_call_btc": "bitcoin",
    "mainnet_income_call_sbr": "saber",
    "mainnet_income_call_ftt": "ftx-token",
    "mainnet_income_call_luna": "terra-luna",
    "mainnet_income_put_luna": "terrausd",
    "mainnet_income_put_mngo": "usd-coin",
    "mainnet_income_call_socean": "socean-staked-sol",
    "mainnet_income_call_srm": "serum",
    "mainnet_income_call_mngo": "mango-markets",
    "mainnet_income_call_ray": "raydium",
    "mainnet_income_call_eth": "ethereum",
    "mainnet_income_put_sol": "usd-coin",
    "mainnet_income_put_btc": "usd-coin"
  }
}