{
  "totalTvlUSD": 104103182.91,
  "coinsByCoingeckoId": {
    "solana": 137626.723759574,
    "msol": 148793.81737002,
    "bitcoin": 373.557891,
    "saber": 13528328.055959,
    "ftx-token": 76922.427465,
    "usd-coin": 14152927.672571,
    "terra-luna": 62873.549201,
    "socean-staked-sol": 8646.189499537,
    "serum": 3997404.178085,
    "mango-markets": 6866377.538262,
    "raydium": 19310.493998,
    "ethereum": 1501.77258
  },
  "pricesByCoingeckoId": {
    "BTC": 43108,
    "SOL": 152.72,
    "ETH": 3307.55,
    "mSOL": 155.64,
    "FTT": 41.35,
    "SRM": 3.14,
    "USDC": 1,
    "MNGO": 0.195263,
    "scnSOL": 156.08,
    "SBR": 0.08093,
    "LUNA": 80.8,
    "RAY": 5.45
  },
  "sharePricesByGlobalId": {
    "mainnet_income_call_sol": 1.03708,
    "mainnet_income_call_marinade": 1.02581,
    "mainnet_income_call_btc": 1.0644,
    "mainnet_income_call_sbr": 1,
    "mainnet_income_call_ftt": 1.01481,
    "mainnet_income_put_mngo": 1,
    "mainnet_income_call_luna": 1.01873,
    "mainnet_income_call_socean": 1.01266,
    "mainnet_income_call_srm": 1.00834,
    "mainnet_income_call_mngo": 1.01232,
    "mainnet_income_call_ray": 1,
    "mainnet_income_call_eth": 1.01181,
    "mainnet_income_put_sol": 0.99999,
    "mainnet_income_put_btc": 1
  },
  "depositTokenByGlobalId": {
    "mainnet_income_call_sol": 137626.723759574,
    "mainnet_income_call_marinade": 148793.81737002,
    "mainnet_income_call_btc": 373.557891,
    "mainnet_income_call_sbr": 13528328.055959,
    "mainnet_income_call_ftt": 76922.427465,
    "mainnet_income_put_mngo": 454804.43,
    "mainnet_income_call_luna": 62873.549201,
    "mainnet_income_call_socean": 8646.189499537,
    "mainnet_income_call_srm": 3997404.178085,
    "mainnet_income_call_mngo": 6866377.538262,
    "mainnet_income_call_ray": 19310.493998,
    "mainnet_income_call_eth": 1501.77258,
    "mainnet_income_put_sol": 11343635.45,
    "mainnet_income_put_btc": 2354487.79
  },
  "usdValueByGlobalId": {
    "mainnet_income_call_sol": 21018353.25,
    "mainnet_income_call_marinade": 23158269.74,
    "mainnet_income_call_btc": 16103333.57,
    "mainnet_income_call_sbr": 1094847.59,
    "mainnet_income_call_ftt": 3180742.38,
    "mainnet_income_put_mngo": 454804.43,
    "mainnet_income_call_luna": 5080182.78,
    "mainnet_income_call_socean": 1349497.26,
    "mainnet_income_call_srm": 12551849.12,
    "mainnet_income_call_mngo": 1340749.48,
    "mainnet_income_call_ray": 105242.19,
    "mainnet_income_call_eth": 4967187.9,
    "mainnet_income_put_sol": 11343635.45,
    "mainnet_income_put_btc": 2354487.79
  },
  "globalIdToDepositTokenCoingeckoId": {
    "mainnet_income_call_sol": "solana",
    "mainnet_income_call_marinade": "msol",
    "mainnet_income_call_btc": "bitcoin",
    "mainnet_income_call_sbr": "saber",
    "mainnet_income_call_ftt": "ftx-token",
    "mainnet_income_put_mngo": "usd-coin",
    "mainnet_income_call_luna": "terra-luna",
    "mainnet_income_call_socean": "socean-staked-sol",
    "mainnet_income_call_srm": "serum",
    "mainnet_income_call_mngo": "mango-markets",
    "mainnet_income_call_ray": "raydium",
    "mainnet_income_call_eth": "ethereum",
    "mainnet_income_put_sol": "usd-coin",
    "mainnet_income_put_btc": "usd-coin"
  }
}