{
  "totalTvlUSD": 41623678.58,
  "coinsByCoingeckoId": {
    "solana": 67005.254833664,
    "msol": 79999.957612259,
    "bitcoin": 187.164721,
    "ethereum": 126.734727,
    "ftx-token": 22538.731831,
    "serum": 209918.963689,
    "mango-markets": 920452.399665
  },
  "pricesByCoingeckoId": {
    "BTC": 50860,
    "SOL": 198.11,
    "ETH": 4075.89,
    "mSOL": 203.13,
    "FTT": 42.69,
    "SRM": 4.06,
    "USDC": 1,
    "MNGO": 0.270163
  },
  "sharePricesByGlobalId": {
    "mainnet_income_call_sol": 1.02193,
    "mainnet_income_call_marinade": 1.01091,
    "mainnet_income_call_btc": 1.05125,
    "mainnet_income_call_eth": 1.006,
    "mainnet_income_call_ftt": 1,
    "mainnet_income_call_srm": 1,
    "mainnet_income_call_mngo": 1
  }
}