{
  "totalTvlUSD": 88891897.08,
  "coinsByCoingeckoId": {
    "solana": 130870.893759574,
    "msol": 139025.969061368,
    "bitcoin": 365.926469,
    "saber": 11000000,
    "ftx-token": 72925.868942,
    "usd-coin": 12820011.510538,
    "terra-luna": 39999.999397,
    "socean-staked-sol": 5499.990099232,
    "serum": 3966619.586914,
    "mango-markets": 5999999.159277,
    "raydium": 18928.784889,
    "ethereum": 1468.6432
  },
  "pricesByCoingeckoId": {
    "BTC": 41475,
    "SOL": 133.68,
    "ETH": 3035.99,
    "mSOL": 137.54,
    "FTT": 36.96,
    "SRM": 2.88,
    "USDC": 1,
    "MNGO": 0.193306,
    "scnSOL": 136.19,
    "SBR": 0.082052,
    "LUNA": 69.84,
    "RAY": 5.05
  },
  "sharePricesByGlobalId": {
    "mainnet_income_call_sol": 1.03708,
    "mainnet_income_call_marinade": 1.02581,
    "mainnet_income_call_btc": 1.0644,
    "mainnet_income_call_sbr": 1,
    "mainnet_income_call_ftt": 1.01481,
    "mainnet_income_put_mngo": 1.00062,
    "mainnet_income_call_luna": 1.01873,
    "mainnet_income_call_socean": 1.01266,
    "mainnet_income_call_srm": 1.00834,
    "mainnet_income_call_mngo": 1.01232,
    "mainnet_income_call_ray": 1,
    "mainnet_income_call_eth": 1.01181,
    "mainnet_income_put_sol": 1.00376,
    "mainnet_income_put_btc": 1
  },
  "depositTokenByGlobalId": {
    "mainnet_income_call_sol": 130870.893759574,
    "mainnet_income_call_marinade": 139025.969061368,
    "mainnet_income_call_btc": 365.926469,
    "mainnet_income_call_sbr": 11000000,
    "mainnet_income_call_ftt": 72925.868942,
    "mainnet_income_put_mngo": 428507.75,
    "mainnet_income_call_luna": 39999.999397,
    "mainnet_income_call_socean": 5499.990099232,
    "mainnet_income_call_srm": 3966619.586914,
    "mainnet_income_call_mngo": 5999999.159277,
    "mainnet_income_call_ray": 18928.784889,
    "mainnet_income_call_eth": 1468.6432,
    "mainnet_income_put_sol": 10037125.97,
    "mainnet_income_put_btc": 2354377.79
  },
  "usdValueByGlobalId": {
    "mainnet_income_call_sol": 17494821.08,
    "mainnet_income_call_marinade": 19121631.78,
    "mainnet_income_call_btc": 15176800.3,
    "mainnet_income_call_sbr": 902572,
    "mainnet_income_call_ftt": 2695340.12,
    "mainnet_income_put_mngo": 428507.75,
    "mainnet_income_call_luna": 2793599.96,
    "mainnet_income_call_socean": 749043.65,
    "mainnet_income_call_srm": 11423864.41,
    "mainnet_income_call_mngo": 1159835.84,
    "mainnet_income_call_ray": 95590.36,
    "mainnet_income_call_eth": 4458786.07,
    "mainnet_income_put_sol": 10037125.97,
    "mainnet_income_put_btc": 2354377.79
  }
}