{
  "totalTvlUSD": 88104773.71,
  "coinsByCoingeckoId": {
    "solana": 124350.808425644,
    "msol": 134544.083020937,
    "bitcoin": 300.454016,
    "saber": 11000000,
    "ftx-token": 70639.430071,
    "usd-coin": 12663982.685099,
    "terra-luna": 39999.989397,
    "socean-staked-sol": 5373.03332387,
    "serum": 3964192.957073,
    "mango-markets": 5999999.148087,
    "raydium": 18915.242615,
    "ethereum": 1399.448063
  },
  "pricesByCoingeckoId": {
    "BTC": 42522,
    "SOL": 141.26,
    "ETH": 3255.71,
    "mSOL": 144.9,
    "FTT": 36.88,
    "SRM": 3.15,
    "USDC": 1,
    "MNGO": 0.192559,
    "scnSOL": 142.87,
    "SBR": 0.092805,
    "LUNA": 72.67,
    "RAY": 5.52
  },
  "sharePricesByGlobalId": {
    "mainnet_income_call_sol": 1.03708,
    "mainnet_income_call_marinade": 1.02581,
    "mainnet_income_call_btc": 1.0644,
    "mainnet_income_call_sbr": 1,
    "mainnet_income_call_ftt": 1.01481,
    "mainnet_income_put_mngo": 1,
    "mainnet_income_call_luna": 1.01873,
    "mainnet_income_call_socean": 1.01266,
    "mainnet_income_call_srm": 1.00834,
    "mainnet_income_call_mngo": 1.01232,
    "mainnet_income_call_ray": 1,
    "mainnet_income_call_eth": 1.01181,
    "mainnet_income_put_sol": 1,
    "mainnet_income_put_btc": 1
  },
  "depositTokenByGlobalId": {
    "mainnet_income_call_sol": 124350.808425644,
    "mainnet_income_call_marinade": 134544.083020937,
    "mainnet_income_call_btc": 300.454016,
    "mainnet_income_call_sbr": 11000000,
    "mainnet_income_call_ftt": 70639.430071,
    "mainnet_income_put_mngo": 420661.09,
    "mainnet_income_call_luna": 39999.989397,
    "mainnet_income_call_socean": 5373.03332387,
    "mainnet_income_call_srm": 3964192.957073,
    "mainnet_income_call_mngo": 5999999.148087,
    "mainnet_income_call_ray": 18915.242615,
    "mainnet_income_call_eth": 1399.448063,
    "mainnet_income_put_sol": 9892413.86,
    "mainnet_income_put_btc": 2350907.74
  },
  "usdValueByGlobalId": {
    "mainnet_income_call_sol": 17565795.2,
    "mainnet_income_call_marinade": 19495437.63,
    "mainnet_income_call_btc": 12775905.67,
    "mainnet_income_call_sbr": 1020855,
    "mainnet_income_call_ftt": 2605182.18,
    "mainnet_income_put_mngo": 420661.09,
    "mainnet_income_call_luna": 2906799.23,
    "mainnet_income_call_socean": 767645.27,
    "mainnet_income_call_srm": 12487207.81,
    "mainnet_income_call_mngo": 1155353.84,
    "mainnet_income_call_ray": 104412.14,
    "mainnet_income_call_eth": 4556197.05,
    "mainnet_income_put_sol": 9892413.86,
    "mainnet_income_put_btc": 2350907.74
  }
}