{
  "totalTvlUSD": 96036249.94,
  "coinsByCoingeckoId": {
    "solana": 182785.026958812,
    "msol": 159628.183452622,
    "bitcoin": 424.020325,
    "saber": 18383808.169025,
    "ftx-token": 65574.702527,
    "terra-luna": 75721.166687,
    "terrausd": 205355.385439,
    "usd-coin": 13967976.321222,
    "socean-staked-sol": 10999.999764954,
    "serum": 4226626.15645,
    "mango-markets": 7781534.236132,
    "raydium": 20933.234226,
    "ethereum": 1738.166166
  },
  "pricesByCoingeckoId": {
    "BTC": 37060,
    "SOL": 113.53,
    "ETH": 2601.93,
    "mSOL": 115.24,
    "FTT": 39.11,
    "SRM": 2.47,
    "USDC": 1,
    "MNGO": 0.184724,
    "scnSOL": 113.08,
    "SBR": 0.091083,
    "LUNA": 65.57,
    "UST": 1.02,
    "RAY": 4.27
  },
  "sharePricesByGlobalId": {
    "mainnet_income_call_sol": 1.05252,
    "mainnet_income_call_marinade": 1.03727,
    "mainnet_income_call_btc": 1.0696,
    "mainnet_income_call_sbr": 1.05044,
    "mainnet_income_call_ftt": 1.02696,
    "mainnet_income_call_luna": 1.0374,
    "mainnet_income_put_luna": 1,
    "mainnet_income_put_mngo": 1.00322,
    "mainnet_income_call_socean": 1.02395,
    "mainnet_income_call_srm": 1.02041,
    "mainnet_income_call_mngo": 1.01533,
    "mainnet_income_call_ray": 1.01764,
    "mainnet_income_call_eth": 1.0165,
    "mainnet_income_put_sol": 1.01183,
    "mainnet_income_put_btc": 1.00606
  },
  "depositTokenByGlobalId": {
    "mainnet_income_call_sol": 182785.026958812,
    "mainnet_income_call_marinade": 159628.183452622,
    "mainnet_income_call_btc": 424.020325,
    "mainnet_income_call_sbr": 18383808.169025,
    "mainnet_income_call_ftt": 65574.702527,
    "mainnet_income_call_luna": 75721.166687,
    "mainnet_income_put_luna": 205355.385439,
    "mainnet_income_put_mngo": 248683.41,
    "mainnet_income_call_socean": 10999.999764954,
    "mainnet_income_call_srm": 4226626.15645,
    "mainnet_income_call_mngo": 7781534.236132,
    "mainnet_income_call_ray": 20933.234226,
    "mainnet_income_call_eth": 1738.166166,
    "mainnet_income_put_sol": 12583130.45,
    "mainnet_income_put_btc": 1136162.46
  },
  "usdValueByGlobalId": {
    "mainnet_income_call_sol": 20753411.96,
    "mainnet_income_call_marinade": 18382781.61,
    "mainnet_income_call_btc": 15725217.77,
    "mainnet_income_call_sbr": 1694656.2,
    "mainnet_income_call_ftt": 2564626.62,
    "mainnet_income_call_luna": 4962765.26,
    "mainnet_income_put_luna": 209462.49,
    "mainnet_income_put_mngo": 248683.41,
    "mainnet_income_call_socean": 1243879.97,
    "mainnet_income_call_srm": 10482032.87,
    "mainnet_income_call_mngo": 1437467.26,
    "mainnet_income_call_ray": 89384.91,
    "mainnet_income_call_eth": 4522586.69,
    "mainnet_income_put_sol": 12583130.45,
    "mainnet_income_put_btc": 1136162.46
  },
  "globalIdToDepositTokenCoingeckoId": {
    "mainnet_income_call_sol": "solana",
    "mainnet_income_call_marinade": "msol",
    "mainnet_income_call_btc": "bitcoin",
    "mainnet_income_call_sbr": "saber",
    "mainnet_income_call_ftt": "ftx-token",
    "mainnet_income_call_luna": "terra-luna",
    "mainnet_income_put_luna": "terrausd",
    "mainnet_income_put_mngo": "usd-coin",
    "mainnet_income_call_socean": "socean-staked-sol",
    "mainnet_income_call_srm": "serum",
    "mainnet_income_call_mngo": "mango-markets",
    "mainnet_income_call_ray": "raydium",
    "mainnet_income_call_eth": "ethereum",
    "mainnet_income_put_sol": "usd-coin",
    "mainnet_income_put_btc": "usd-coin"
  }
}