{
  "totalTvlUSD": 107375913.54,
  "coinsByCoingeckoId": {
    "solana": 181602.74377887,
    "msol": 168345.81974652,
    "bitcoin": 434.221672,
    "saber": 20000000,
    "ftx-token": 76099.493909,
    "terra-luna": 88579.069336,
    "terrausd": 193436.496075,
    "usd-coin": 14464235.14139,
    "socean-staked-sol": 11000,
    "serum": 4249760.505562,
    "mango-markets": 9202781.459156,
    "raydium": 21211.198635,
    "ethereum": 1872.297683
  },
  "pricesByCoingeckoId": {
    "BTC": 38715,
    "SOL": 125.09,
    "ETH": 2831.24,
    "mSOL": 125.73,
    "FTT": 43.12,
    "SRM": 2.66,
    "USDC": 1,
    "MNGO": 0.195033,
    "scnSOL": 127.7,
    "SBR": 0.106029,
    "LUNA": 75.87,
    "UST": 0.998211,
    "RAY": 4.6
  },
  "sharePricesByGlobalId": {
    "mainnet_income_call_sol": 1.05342,
    "mainnet_income_call_marinade": 1.03806,
    "mainnet_income_call_btc": 1.06976,
    "mainnet_income_call_sbr": 1.05086,
    "mainnet_income_call_ftt": 1.02766,
    "mainnet_income_call_luna": 1.03856,
    "mainnet_income_put_luna": 1,
    "mainnet_income_put_mngo": 1.00201,
    "mainnet_income_call_socean": 1.0248,
    "mainnet_income_call_srm": 1.02123,
    "mainnet_income_call_mngo": 1.01556,
    "mainnet_income_call_ray": 1.01929,
    "mainnet_income_call_eth": 1.01667,
    "mainnet_income_put_sol": 1.00281,
    "mainnet_income_put_btc": 1.00329
  },
  "depositTokenByGlobalId": {
    "mainnet_income_call_sol": 181602.74377887,
    "mainnet_income_call_marinade": 168345.81974652,
    "mainnet_income_call_btc": 434.221672,
    "mainnet_income_call_sbr": 20000000,
    "mainnet_income_call_ftt": 76099.493909,
    "mainnet_income_call_luna": 88579.069336,
    "mainnet_income_put_luna": 193436.496075,
    "mainnet_income_put_mngo": 410509.79,
    "mainnet_income_call_socean": 11000,
    "mainnet_income_call_srm": 4249760.505562,
    "mainnet_income_call_mngo": 9202781.459156,
    "mainnet_income_call_ray": 21211.198635,
    "mainnet_income_call_eth": 1872.297683,
    "mainnet_income_put_sol": 12927861.31,
    "mainnet_income_put_btc": 1125864.04
  },
  "usdValueByGlobalId": {
    "mainnet_income_call_sol": 22716687.22,
    "mainnet_income_call_marinade": 21166119.92,
    "mainnet_income_call_btc": 16810892.03,
    "mainnet_income_call_sbr": 2120580,
    "mainnet_income_call_ftt": 3281410.18,
    "mainnet_income_call_luna": 6720493.99,
    "mainnet_income_put_luna": 193090.44,
    "mainnet_income_put_mngo": 410509.79,
    "mainnet_income_call_socean": 1404700,
    "mainnet_income_call_srm": 11304362.94,
    "mainnet_income_call_mngo": 1794846.08,
    "mainnet_income_call_ray": 97571.51,
    "mainnet_income_call_eth": 5300924.09,
    "mainnet_income_put_sol": 12927861.31,
    "mainnet_income_put_btc": 1125864.04
  },
  "globalIdToDepositTokenCoingeckoId": {
    "mainnet_income_call_sol": "solana",
    "mainnet_income_call_marinade": "msol",
    "mainnet_income_call_btc": "bitcoin",
    "mainnet_income_call_sbr": "saber",
    "mainnet_income_call_ftt": "ftx-token",
    "mainnet_income_call_luna": "terra-luna",
    "mainnet_income_put_luna": "terrausd",
    "mainnet_income_put_mngo": "usd-coin",
    "mainnet_income_call_socean": "socean-staked-sol",
    "mainnet_income_call_srm": "serum",
    "mainnet_income_call_mngo": "mango-markets",
    "mainnet_income_call_ray": "raydium",
    "mainnet_income_call_eth": "ethereum",
    "mainnet_income_put_sol": "usd-coin",
    "mainnet_income_put_btc": "usd-coin"
  }
}