{
  "totalTvlUSD": 89769953.77,
  "coinsByCoingeckoId": {
    "solana": 194647.377008812,
    "msol": 165924.985768601,
    "bitcoin": 446.423572,
    "saber": 19999999.398257,
    "ftx-token": 67639.126149,
    "terra-luna": 89894.773014,
    "terrausd": 215068.379823,
    "usd-coin": 15268642.231552,
    "socean-staked-sol": 11000,
    "serum": 4240742.895569,
    "mango-markets": 7875859.754746,
    "raydium": 23789.230684,
    "ethereum": 1768.61292
  },
  "pricesByCoingeckoId": {
    "BTC": 36713,
    "SOL": 90.87,
    "ETH": 2451.21,
    "mSOL": 93.12,
    "FTT": 36.72,
    "SRM": 2.1,
    "USDC": 1,
    "MNGO": 0.151594,
    "scnSOL": 92.93,
    "SBR": 0.066544,
    "LUNA": 60.11,
    "UST": 1,
    "RAY": 3.49
  },
  "sharePricesByGlobalId": {
    "mainnet_income_call_sol": 1.05252,
    "mainnet_income_call_marinade": 1.03727,
    "mainnet_income_call_btc": 1.0696,
    "mainnet_income_call_sbr": 1.05044,
    "mainnet_income_call_ftt": 1.02696,
    "mainnet_income_call_luna": 1.0374,
    "mainnet_income_put_luna": 1,
    "mainnet_income_put_mngo": 1.00322,
    "mainnet_income_call_socean": 1.02395,
    "mainnet_income_call_srm": 1.02041,
    "mainnet_income_call_mngo": 1.01533,
    "mainnet_income_call_ray": 1.01764,
    "mainnet_income_call_eth": 1.0165,
    "mainnet_income_put_sol": 1.01183,
    "mainnet_income_put_btc": 1.00606
  },
  "depositTokenByGlobalId": {
    "mainnet_income_call_sol": 194647.377008812,
    "mainnet_income_call_marinade": 165924.985768601,
    "mainnet_income_call_btc": 446.423572,
    "mainnet_income_call_sbr": 19999999.398257,
    "mainnet_income_call_ftt": 67639.126149,
    "mainnet_income_call_luna": 89894.773014,
    "mainnet_income_put_luna": 215068.379823,
    "mainnet_income_put_mngo": 249437.27,
    "mainnet_income_call_socean": 11000,
    "mainnet_income_call_srm": 4240742.895569,
    "mainnet_income_call_mngo": 7875859.754746,
    "mainnet_income_call_ray": 23789.230684,
    "mainnet_income_call_eth": 1768.61292,
    "mainnet_income_put_sol": 13880481.43,
    "mainnet_income_put_btc": 1138723.52
  },
  "usdValueByGlobalId": {
    "mainnet_income_call_sol": 17687607.15,
    "mainnet_income_call_marinade": 15450934.67,
    "mainnet_income_call_btc": 16389548.6,
    "mainnet_income_call_sbr": 1330879.96,
    "mainnet_income_call_ftt": 2483708.71,
    "mainnet_income_call_luna": 5403574.81,
    "mainnet_income_put_luna": 215068.38,
    "mainnet_income_put_mngo": 249437.27,
    "mainnet_income_call_socean": 1022230,
    "mainnet_income_call_srm": 8905560.08,
    "mainnet_income_call_mngo": 1193933.08,
    "mainnet_income_call_ray": 83024.42,
    "mainnet_income_call_eth": 4335241.68,
    "mainnet_income_put_sol": 13880481.43,
    "mainnet_income_put_btc": 1138723.52
  },
  "globalIdToDepositTokenCoingeckoId": {
    "mainnet_income_call_sol": "solana",
    "mainnet_income_call_marinade": "msol",
    "mainnet_income_call_btc": "bitcoin",
    "mainnet_income_call_sbr": "saber",
    "mainnet_income_call_ftt": "ftx-token",
    "mainnet_income_call_luna": "terra-luna",
    "mainnet_income_put_luna": "terrausd",
    "mainnet_income_put_mngo": "usd-coin",
    "mainnet_income_call_socean": "socean-staked-sol",
    "mainnet_income_call_srm": "serum",
    "mainnet_income_call_mngo": "mango-markets",
    "mainnet_income_call_ray": "raydium",
    "mainnet_income_call_eth": "ethereum",
    "mainnet_income_put_sol": "usd-coin",
    "mainnet_income_put_btc": "usd-coin"
  }
}