{
  "totalTvlUSD": 96153972.91,
  "coinsByCoingeckoId": {
    "solana": 133249.331759574,
    "msol": 145470.575043947,
    "bitcoin": 369.503559,
    "saber": 11000000,
    "ftx-token": 76302.928336,
    "usd-coin": 13181185.941089,
    "terra-luna": 57182.863706,
    "socean-staked-sol": 7119.956940297,
    "serum": 3974851.538313,
    "mango-markets": 5999999.159277,
    "raydium": 19310.493998,
    "ethereum": 1480.273128
  },
  "pricesByCoingeckoId": {
    "BTC": 42741,
    "SOL": 140.95,
    "ETH": 3236.88,
    "mSOL": 144.79,
    "FTT": 39.63,
    "SRM": 3.04,
    "USDC": 1,
    "MNGO": 0.204486,
    "scnSOL": 144.22,
    "SBR": 0.084348,
    "LUNA": 72.6,
    "RAY": 5.37
  },
  "sharePricesByGlobalId": {
    "mainnet_income_call_sol": 1.03708,
    "mainnet_income_call_marinade": 1.02581,
    "mainnet_income_call_btc": 1.0644,
    "mainnet_income_call_sbr": 1,
    "mainnet_income_call_ftt": 1.01481,
    "mainnet_income_put_mngo": 1.00062,
    "mainnet_income_call_luna": 1.01873,
    "mainnet_income_call_socean": 1.01266,
    "mainnet_income_call_srm": 1.00834,
    "mainnet_income_call_mngo": 1.01232,
    "mainnet_income_call_ray": 1,
    "mainnet_income_call_eth": 1.01181,
    "mainnet_income_put_sol": 1.00376,
    "mainnet_income_put_btc": 1
  },
  "depositTokenByGlobalId": {
    "mainnet_income_call_sol": 133249.331759574,
    "mainnet_income_call_marinade": 145470.575043947,
    "mainnet_income_call_btc": 369.503559,
    "mainnet_income_call_sbr": 11000000,
    "mainnet_income_call_ftt": 76302.928336,
    "mainnet_income_put_mngo": 429859.76,
    "mainnet_income_call_luna": 57182.863706,
    "mainnet_income_call_socean": 7119.956940297,
    "mainnet_income_call_srm": 3974851.538313,
    "mainnet_income_call_mngo": 5999999.159277,
    "mainnet_income_call_ray": 19310.493998,
    "mainnet_income_call_eth": 1480.273128,
    "mainnet_income_put_sol": 10396948.39,
    "mainnet_income_put_btc": 2354377.79
  },
  "usdValueByGlobalId": {
    "mainnet_income_call_sol": 18781493.31,
    "mainnet_income_call_marinade": 21062684.56,
    "mainnet_income_call_btc": 15792951.62,
    "mainnet_income_call_sbr": 927828,
    "mainnet_income_call_ftt": 3023885.05,
    "mainnet_income_put_mngo": 429859.76,
    "mainnet_income_call_luna": 4151475.91,
    "mainnet_income_call_socean": 1026840.19,
    "mainnet_income_call_srm": 12083548.68,
    "mainnet_income_call_mngo": 1226915.83,
    "mainnet_income_call_ray": 103697.35,
    "mainnet_income_call_eth": 4791466.48,
    "mainnet_income_put_sol": 10396948.39,
    "mainnet_income_put_btc": 2354377.79
  }
}