{
  "totalTvlUSD": 90510918.71,
  "coinsByCoingeckoId": {
    "solana": 190271.587008812,
    "msol": 163966.326241257,
    "bitcoin": 435.853472,
    "saber": 19999998.066329,
    "ftx-token": 67014.245904,
    "terra-luna": 84081.444786,
    "terrausd": 214767.422522,
    "usd-coin": 14307421.068129,
    "socean-staked-sol": 10999.999764954,
    "serum": 4236230.33355,
    "mango-markets": 7874157.260761,
    "raydium": 21896.294011,
    "ethereum": 1768.087562
  },
  "pricesByCoingeckoId": {
    "BTC": 37730,
    "SOL": 95.82,
    "ETH": 2493.12,
    "mSOL": 98.15,
    "FTT": 37.15,
    "SRM": 2.19,
    "USDC": 1,
    "MNGO": 0.154,
    "scnSOL": 97.18,
    "SBR": 0.068091,
    "LUNA": 63.28,
    "UST": 0.99938,
    "RAY": 3.65
  },
  "sharePricesByGlobalId": {
    "mainnet_income_call_sol": 1.05252,
    "mainnet_income_call_marinade": 1.03727,
    "mainnet_income_call_btc": 1.0696,
    "mainnet_income_call_sbr": 1.05044,
    "mainnet_income_call_ftt": 1.02696,
    "mainnet_income_call_luna": 1.0374,
    "mainnet_income_put_luna": 1,
    "mainnet_income_put_mngo": 1.00322,
    "mainnet_income_call_socean": 1.02395,
    "mainnet_income_call_srm": 1.02041,
    "mainnet_income_call_mngo": 1.01533,
    "mainnet_income_call_ray": 1.01764,
    "mainnet_income_call_eth": 1.0165,
    "mainnet_income_put_sol": 1.01183,
    "mainnet_income_put_btc": 1.00606
  },
  "depositTokenByGlobalId": {
    "mainnet_income_call_sol": 190271.587008812,
    "mainnet_income_call_marinade": 163966.326241257,
    "mainnet_income_call_btc": 435.853472,
    "mainnet_income_call_sbr": 19999998.066329,
    "mainnet_income_call_ftt": 67014.245904,
    "mainnet_income_call_luna": 84081.444786,
    "mainnet_income_put_luna": 214767.422522,
    "mainnet_income_put_mngo": 249435.27,
    "mainnet_income_call_socean": 10999.999764954,
    "mainnet_income_call_srm": 4236230.33355,
    "mainnet_income_call_mngo": 7874157.260761,
    "mainnet_income_call_ray": 21896.294011,
    "mainnet_income_call_eth": 1768.087562,
    "mainnet_income_put_sol": 12919264.27,
    "mainnet_income_put_btc": 1138721.52
  },
  "usdValueByGlobalId": {
    "mainnet_income_call_sol": 18231823.47,
    "mainnet_income_call_marinade": 16093294.92,
    "mainnet_income_call_btc": 16444751.5,
    "mainnet_income_call_sbr": 1361819.87,
    "mainnet_income_call_ftt": 2489579.24,
    "mainnet_income_call_luna": 5320673.83,
    "mainnet_income_put_luna": 214634.27,
    "mainnet_income_put_mngo": 249435.27,
    "mainnet_income_call_socean": 1068979.98,
    "mainnet_income_call_srm": 9277344.43,
    "mainnet_income_call_mngo": 1212620.22,
    "mainnet_income_call_ray": 79921.47,
    "mainnet_income_call_eth": 4408054.46,
    "mainnet_income_put_sol": 12919264.27,
    "mainnet_income_put_btc": 1138721.52
  },
  "globalIdToDepositTokenCoingeckoId": {
    "mainnet_income_call_sol": "solana",
    "mainnet_income_call_marinade": "msol",
    "mainnet_income_call_btc": "bitcoin",
    "mainnet_income_call_sbr": "saber",
    "mainnet_income_call_ftt": "ftx-token",
    "mainnet_income_call_luna": "terra-luna",
    "mainnet_income_put_luna": "terrausd",
    "mainnet_income_put_mngo": "usd-coin",
    "mainnet_income_call_socean": "socean-staked-sol",
    "mainnet_income_call_srm": "serum",
    "mainnet_income_call_mngo": "mango-markets",
    "mainnet_income_call_ray": "raydium",
    "mainnet_income_call_eth": "ethereum",
    "mainnet_income_put_sol": "usd-coin",
    "mainnet_income_put_btc": "usd-coin"
  }
}