{
  "totalTvlUSD": 88008409.34,
  "coinsByCoingeckoId": {
    "solana": 189236.513008812,
    "msol": 163046.627198455,
    "bitcoin": 435.584237,
    "saber": 19999254.236111,
    "ftx-token": 66633.57379,
    "terra-luna": 82221.889939,
    "terrausd": 210492.417272,
    "usd-coin": 14314175.729719,
    "socean-staked-sol": 10999.999764954,
    "serum": 4235224.36262,
    "mango-markets": 7840231.792677,
    "raydium": 21625.256316,
    "ethereum": 1767.814046
  },
  "pricesByCoingeckoId": {
    "BTC": 36525,
    "SOL": 92.35,
    "ETH": 2427.31,
    "mSOL": 95.07,
    "FTT": 35.76,
    "SRM": 2.11,
    "USDC": 1,
    "MNGO": 0.149635,
    "scnSOL": 93.73,
    "SBR": 0.065384,
    "LUNA": 65.66,
    "UST": 1.01,
    "RAY": 3.44
  },
  "sharePricesByGlobalId": {
    "mainnet_income_call_sol": 1.05252,
    "mainnet_income_call_marinade": 1.03727,
    "mainnet_income_call_btc": 1.0696,
    "mainnet_income_call_sbr": 1.05044,
    "mainnet_income_call_ftt": 1.02696,
    "mainnet_income_call_luna": 1.0374,
    "mainnet_income_put_luna": 1,
    "mainnet_income_put_mngo": 1.00322,
    "mainnet_income_call_socean": 1.02395,
    "mainnet_income_call_srm": 1.02041,
    "mainnet_income_call_mngo": 1.01533,
    "mainnet_income_call_ray": 1.01764,
    "mainnet_income_call_eth": 1.0165,
    "mainnet_income_put_sol": 1.01183,
    "mainnet_income_put_btc": 1.00606
  },
  "depositTokenByGlobalId": {
    "mainnet_income_call_sol": 189236.513008812,
    "mainnet_income_call_marinade": 163046.627198455,
    "mainnet_income_call_btc": 435.584237,
    "mainnet_income_call_sbr": 19999254.236111,
    "mainnet_income_call_ftt": 66633.57379,
    "mainnet_income_call_luna": 82221.889939,
    "mainnet_income_put_luna": 210492.417272,
    "mainnet_income_put_mngo": 248683.41,
    "mainnet_income_call_socean": 10999.999764954,
    "mainnet_income_call_srm": 4235224.36262,
    "mainnet_income_call_mngo": 7840231.792677,
    "mainnet_income_call_ray": 21625.256316,
    "mainnet_income_call_eth": 1767.814046,
    "mainnet_income_put_sol": 12927281.39,
    "mainnet_income_put_btc": 1138210.93
  },
  "usdValueByGlobalId": {
    "mainnet_income_call_sol": 17475991.98,
    "mainnet_income_call_marinade": 15500842.85,
    "mainnet_income_call_btc": 15909714.26,
    "mainnet_income_call_sbr": 1307631.24,
    "mainnet_income_call_ftt": 2382816.6,
    "mainnet_income_call_luna": 5398689.29,
    "mainnet_income_put_luna": 212597.34,
    "mainnet_income_put_mngo": 248683.41,
    "mainnet_income_call_socean": 1031029.98,
    "mainnet_income_call_srm": 8936323.41,
    "mainnet_income_call_mngo": 1173173.08,
    "mainnet_income_call_ray": 74390.88,
    "mainnet_income_call_eth": 4291032.71,
    "mainnet_income_put_sol": 12927281.39,
    "mainnet_income_put_btc": 1138210.93
  },
  "globalIdToDepositTokenCoingeckoId": {
    "mainnet_income_call_sol": "solana",
    "mainnet_income_call_marinade": "msol",
    "mainnet_income_call_btc": "bitcoin",
    "mainnet_income_call_sbr": "saber",
    "mainnet_income_call_ftt": "ftx-token",
    "mainnet_income_call_luna": "terra-luna",
    "mainnet_income_put_luna": "terrausd",
    "mainnet_income_put_mngo": "usd-coin",
    "mainnet_income_call_socean": "socean-staked-sol",
    "mainnet_income_call_srm": "serum",
    "mainnet_income_call_mngo": "mango-markets",
    "mainnet_income_call_ray": "raydium",
    "mainnet_income_call_eth": "ethereum",
    "mainnet_income_put_sol": "usd-coin",
    "mainnet_income_put_btc": "usd-coin"
  }
}