{
  "totalTvlUSD": 88655633.78,
  "coinsByCoingeckoId": {
    "solana": 185889.598158812,
    "msol": 161863.199953721,
    "bitcoin": 429.992838,
    "saber": 18646252.561099,
    "ftx-token": 65604.390991,
    "terra-luna": 77977.654989,
    "terrausd": 207664.935428,
    "usd-coin": 14015153.555635,
    "socean-staked-sol": 10999.999764954,
    "serum": 4227126.229733,
    "mango-markets": 7786453.188122,
    "raydium": 20953.675782,
    "ethereum": 1755.995973
  },
  "pricesByCoingeckoId": {
    "BTC": 35395,
    "SOL": 97.02,
    "ETH": 2466.17,
    "mSOL": 99.8,
    "FTT": 34.71,
    "SRM": 2.22,
    "USDC": 1,
    "MNGO": 0.159519,
    "scnSOL": 99.57,
    "SBR": 0.07029,
    "LUNA": 68.05,
    "UST": 1,
    "RAY": 3.72
  },
  "sharePricesByGlobalId": {
    "mainnet_income_call_sol": 1.05252,
    "mainnet_income_call_marinade": 1.03727,
    "mainnet_income_call_btc": 1.0696,
    "mainnet_income_call_sbr": 1.05044,
    "mainnet_income_call_ftt": 1.02696,
    "mainnet_income_call_luna": 1.0374,
    "mainnet_income_put_luna": 1,
    "mainnet_income_put_mngo": 1.00322,
    "mainnet_income_call_socean": 1.02395,
    "mainnet_income_call_srm": 1.02041,
    "mainnet_income_call_mngo": 1.01533,
    "mainnet_income_call_ray": 1.01764,
    "mainnet_income_call_eth": 1.0165,
    "mainnet_income_put_sol": 1.01183,
    "mainnet_income_put_btc": 1.00606
  },
  "depositTokenByGlobalId": {
    "mainnet_income_call_sol": 185889.598158812,
    "mainnet_income_call_marinade": 161863.199953721,
    "mainnet_income_call_btc": 429.992838,
    "mainnet_income_call_sbr": 18646252.561099,
    "mainnet_income_call_ftt": 65604.390991,
    "mainnet_income_call_luna": 77977.654989,
    "mainnet_income_put_luna": 207664.935428,
    "mainnet_income_put_mngo": 248683.41,
    "mainnet_income_call_socean": 10999.999764954,
    "mainnet_income_call_srm": 4227126.229733,
    "mainnet_income_call_mngo": 7786453.188122,
    "mainnet_income_call_ray": 20953.675782,
    "mainnet_income_call_eth": 1755.995973,
    "mainnet_income_put_sol": 12628279.31,
    "mainnet_income_put_btc": 1138190.84
  },
  "usdValueByGlobalId": {
    "mainnet_income_call_sol": 18035008.81,
    "mainnet_income_call_marinade": 16153947.36,
    "mainnet_income_call_btc": 15219596.5,
    "mainnet_income_call_sbr": 1310645.09,
    "mainnet_income_call_ftt": 2277128.41,
    "mainnet_income_call_luna": 5306379.42,
    "mainnet_income_put_luna": 207664.94,
    "mainnet_income_put_mngo": 248683.41,
    "mainnet_income_call_socean": 1095269.98,
    "mainnet_income_call_srm": 9384220.23,
    "mainnet_income_call_mngo": 1242087.23,
    "mainnet_income_call_ray": 77947.67,
    "mainnet_income_call_eth": 4330584.59,
    "mainnet_income_put_sol": 12628279.31,
    "mainnet_income_put_btc": 1138190.84
  },
  "globalIdToDepositTokenCoingeckoId": {
    "mainnet_income_call_sol": "solana",
    "mainnet_income_call_marinade": "msol",
    "mainnet_income_call_btc": "bitcoin",
    "mainnet_income_call_sbr": "saber",
    "mainnet_income_call_ftt": "ftx-token",
    "mainnet_income_call_luna": "terra-luna",
    "mainnet_income_put_luna": "terrausd",
    "mainnet_income_put_mngo": "usd-coin",
    "mainnet_income_call_socean": "socean-staked-sol",
    "mainnet_income_call_srm": "serum",
    "mainnet_income_call_mngo": "mango-markets",
    "mainnet_income_call_ray": "raydium",
    "mainnet_income_call_eth": "ethereum",
    "mainnet_income_put_sol": "usd-coin",
    "mainnet_income_put_btc": "usd-coin"
  }
}