{
  "totalTvlUSD": 87700364.93,
  "coinsByCoingeckoId": {
    "solana": 188899.630558812,
    "msol": 162425.621058475,
    "bitcoin": 433.594951,
    "saber": 19993597.170833,
    "ftx-token": 66538.916909,
    "terra-luna": 83173.239087,
    "terrausd": 207897.657499,
    "usd-coin": 14273707.556421,
    "socean-staked-sol": 10999.999764954,
    "serum": 4235490.022642,
    "mango-markets": 7840231.792677,
    "raydium": 21611.09062,
    "ethereum": 1772.494931
  },
  "pricesByCoingeckoId": {
    "BTC": 36456,
    "SOL": 91.91,
    "ETH": 2420.76,
    "mSOL": 94.78,
    "FTT": 35.26,
    "SRM": 2.12,
    "USDC": 1,
    "MNGO": 0.151083,
    "scnSOL": 94.27,
    "SBR": 0.065348,
    "LUNA": 65.38,
    "UST": 0.999065,
    "RAY": 3.39
  },
  "sharePricesByGlobalId": {
    "mainnet_income_call_sol": 1.05252,
    "mainnet_income_call_marinade": 1.03727,
    "mainnet_income_call_btc": 1.0696,
    "mainnet_income_call_sbr": 1.05044,
    "mainnet_income_call_ftt": 1.02696,
    "mainnet_income_call_luna": 1.0374,
    "mainnet_income_put_luna": 1,
    "mainnet_income_put_mngo": 1.00322,
    "mainnet_income_call_socean": 1.02395,
    "mainnet_income_call_srm": 1.02041,
    "mainnet_income_call_mngo": 1.01533,
    "mainnet_income_call_ray": 1.01764,
    "mainnet_income_call_eth": 1.0165,
    "mainnet_income_put_sol": 1.01183,
    "mainnet_income_put_btc": 1.00606
  },
  "depositTokenByGlobalId": {
    "mainnet_income_call_sol": 188899.630558812,
    "mainnet_income_call_marinade": 162425.621058475,
    "mainnet_income_call_btc": 433.594951,
    "mainnet_income_call_sbr": 19993597.170833,
    "mainnet_income_call_ftt": 66538.916909,
    "mainnet_income_call_luna": 83173.239087,
    "mainnet_income_put_luna": 207897.657499,
    "mainnet_income_put_mngo": 248683.41,
    "mainnet_income_call_socean": 10999.999764954,
    "mainnet_income_call_srm": 4235490.022642,
    "mainnet_income_call_mngo": 7840231.792677,
    "mainnet_income_call_ray": 21611.09062,
    "mainnet_income_call_eth": 1772.494931,
    "mainnet_income_put_sol": 12886813.31,
    "mainnet_income_put_btc": 1138210.83
  },
  "usdValueByGlobalId": {
    "mainnet_income_call_sol": 17361765.04,
    "mainnet_income_call_marinade": 15394700.36,
    "mainnet_income_call_btc": 15807137.53,
    "mainnet_income_call_sbr": 1306541.59,
    "mainnet_income_call_ftt": 2346162.21,
    "mainnet_income_call_luna": 5437866.37,
    "mainnet_income_put_luna": 207703.27,
    "mainnet_income_put_mngo": 248683.41,
    "mainnet_income_call_socean": 1036969.98,
    "mainnet_income_call_srm": 8979238.85,
    "mainnet_income_call_mngo": 1184525.74,
    "mainnet_income_call_ray": 73261.6,
    "mainnet_income_call_eth": 4290784.83,
    "mainnet_income_put_sol": 12886813.31,
    "mainnet_income_put_btc": 1138210.83
  },
  "globalIdToDepositTokenCoingeckoId": {
    "mainnet_income_call_sol": "solana",
    "mainnet_income_call_marinade": "msol",
    "mainnet_income_call_btc": "bitcoin",
    "mainnet_income_call_sbr": "saber",
    "mainnet_income_call_ftt": "ftx-token",
    "mainnet_income_call_luna": "terra-luna",
    "mainnet_income_put_luna": "terrausd",
    "mainnet_income_put_mngo": "usd-coin",
    "mainnet_income_call_socean": "socean-staked-sol",
    "mainnet_income_call_srm": "serum",
    "mainnet_income_call_mngo": "mango-markets",
    "mainnet_income_call_ray": "raydium",
    "mainnet_income_call_eth": "ethereum",
    "mainnet_income_put_sol": "usd-coin",
    "mainnet_income_put_btc": "usd-coin"
  }
}