{
  "totalTvlUSD": 100263007.2,
  "coinsByCoingeckoId": {
    "solana": 182673.816958812,
    "msol": 159627.800964005,
    "bitcoin": 424.008948,
    "saber": 18332973.341792,
    "ftx-token": 65574.702527,
    "terra-luna": 75712.617915,
    "terrausd": 205355.385439,
    "usd-coin": 13938822.714652,
    "socean-staked-sol": 10999.999764954,
    "serum": 4226626.15645,
    "mango-markets": 7781534.236132,
    "raydium": 20933.234226,
    "ethereum": 1737.777482
  },
  "pricesByCoingeckoId": {
    "BTC": 38346,
    "SOL": 120.43,
    "ETH": 2750.96,
    "mSOL": 123.66,
    "FTT": 41.81,
    "SRM": 2.55,
    "USDC": 1,
    "MNGO": 0.187199,
    "scnSOL": 121.91,
    "SBR": 0.095313,
    "LUNA": 68.43,
    "UST": 1.01,
    "RAY": 4.42
  },
  "sharePricesByGlobalId": {
    "mainnet_income_call_sol": 1.05252,
    "mainnet_income_call_marinade": 1.03727,
    "mainnet_income_call_btc": 1.0696,
    "mainnet_income_call_sbr": 1.05044,
    "mainnet_income_call_ftt": 1.02696,
    "mainnet_income_call_luna": 1.0374,
    "mainnet_income_put_luna": 1,
    "mainnet_income_put_mngo": 1.00322,
    "mainnet_income_call_socean": 1.02395,
    "mainnet_income_call_srm": 1.02041,
    "mainnet_income_call_mngo": 1.01533,
    "mainnet_income_call_ray": 1.01764,
    "mainnet_income_call_eth": 1.0165,
    "mainnet_income_put_sol": 1.01183,
    "mainnet_income_put_btc": 1.00606
  },
  "depositTokenByGlobalId": {
    "mainnet_income_call_sol": 182673.816958812,
    "mainnet_income_call_marinade": 159627.800964005,
    "mainnet_income_call_btc": 424.008948,
    "mainnet_income_call_sbr": 18332973.341792,
    "mainnet_income_call_ftt": 65574.702527,
    "mainnet_income_call_luna": 75712.617915,
    "mainnet_income_put_luna": 205355.385439,
    "mainnet_income_put_mngo": 248683.41,
    "mainnet_income_call_socean": 10999.999764954,
    "mainnet_income_call_srm": 4226626.15645,
    "mainnet_income_call_mngo": 7781534.236132,
    "mainnet_income_call_ray": 20933.234226,
    "mainnet_income_call_eth": 1737.777482,
    "mainnet_income_put_sol": 12553976.85,
    "mainnet_income_put_btc": 1136162.46
  },
  "usdValueByGlobalId": {
    "mainnet_income_call_sol": 21999407.78,
    "mainnet_income_call_marinade": 19739573.87,
    "mainnet_income_call_btc": 16259047.12,
    "mainnet_income_call_sbr": 1747370.69,
    "mainnet_income_call_ftt": 2741678.31,
    "mainnet_income_call_luna": 5181014.44,
    "mainnet_income_put_luna": 207408.94,
    "mainnet_income_put_mngo": 248683.41,
    "mainnet_income_call_socean": 1341009.97,
    "mainnet_income_call_srm": 10777896.7,
    "mainnet_income_call_mngo": 1456695.43,
    "mainnet_income_call_ray": 92524.9,
    "mainnet_income_call_eth": 4780556.34,
    "mainnet_income_put_sol": 12553976.85,
    "mainnet_income_put_btc": 1136162.46
  },
  "globalIdToDepositTokenCoingeckoId": {
    "mainnet_income_call_sol": "solana",
    "mainnet_income_call_marinade": "msol",
    "mainnet_income_call_btc": "bitcoin",
    "mainnet_income_call_sbr": "saber",
    "mainnet_income_call_ftt": "ftx-token",
    "mainnet_income_call_luna": "terra-luna",
    "mainnet_income_put_luna": "terrausd",
    "mainnet_income_put_mngo": "usd-coin",
    "mainnet_income_call_socean": "socean-staked-sol",
    "mainnet_income_call_srm": "serum",
    "mainnet_income_call_mngo": "mango-markets",
    "mainnet_income_call_ray": "raydium",
    "mainnet_income_call_eth": "ethereum",
    "mainnet_income_put_sol": "usd-coin",
    "mainnet_income_put_btc": "usd-coin"
  }
}