{
  "totalTvlUSD": 107549545.59,
  "coinsByCoingeckoId": {
    "solana": 144321.239759574,
    "msol": 149483.782595413,
    "bitcoin": 411.413962,
    "saber": 19999999.829711,
    "ftx-token": 78264.950144,
    "usd-coin": 15224270.816776,
    "terra-luna": 65402.393007,
    "socean-staked-sol": 10244.864585572,
    "serum": 4008005.141656,
    "mango-markets": 8005888.41438,
    "raydium": 19329.593057,
    "ethereum": 1607.443718
  },
  "pricesByCoingeckoId": {
    "BTC": 42736,
    "SOL": 147.37,
    "ETH": 3260.36,
    "mSOL": 150.93,
    "FTT": 41.04,
    "SRM": 3.12,
    "USDC": 1,
    "MNGO": 0.198842,
    "scnSOL": 150.97,
    "SBR": 0.078207,
    "LUNA": 78.73,
    "RAY": 5.34
  },
  "sharePricesByGlobalId": {
    "mainnet_income_call_sol": 1.03708,
    "mainnet_income_call_marinade": 1.02581,
    "mainnet_income_call_btc": 1.0644,
    "mainnet_income_call_sbr": 1,
    "mainnet_income_call_ftt": 1.01481,
    "mainnet_income_put_mngo": 1,
    "mainnet_income_call_luna": 1.01873,
    "mainnet_income_call_socean": 1.01266,
    "mainnet_income_call_srm": 1.00834,
    "mainnet_income_call_mngo": 1.01232,
    "mainnet_income_call_ray": 1,
    "mainnet_income_call_eth": 1.01181,
    "mainnet_income_put_sol": 0.99999,
    "mainnet_income_put_btc": 1
  },
  "depositTokenByGlobalId": {
    "mainnet_income_call_sol": 144321.239759574,
    "mainnet_income_call_marinade": 149483.782595413,
    "mainnet_income_call_btc": 411.413962,
    "mainnet_income_call_sbr": 19999999.829711,
    "mainnet_income_call_ftt": 78264.950144,
    "mainnet_income_put_mngo": 454804.43,
    "mainnet_income_call_luna": 65402.393007,
    "mainnet_income_call_socean": 10244.864585572,
    "mainnet_income_call_srm": 4008005.141656,
    "mainnet_income_call_mngo": 8005888.41438,
    "mainnet_income_call_ray": 19329.593057,
    "mainnet_income_call_eth": 1607.443718,
    "mainnet_income_put_sol": 12413546.6,
    "mainnet_income_put_btc": 2355919.79
  },
  "usdValueByGlobalId": {
    "mainnet_income_call_sol": 21268621.1,
    "mainnet_income_call_marinade": 22561587.31,
    "mainnet_income_call_btc": 17582187.08,
    "mainnet_income_call_sbr": 1564139.99,
    "mainnet_income_call_ftt": 3211993.55,
    "mainnet_income_put_mngo": 454804.43,
    "mainnet_income_call_luna": 5149130.4,
    "mainnet_income_call_socean": 1546667.21,
    "mainnet_income_call_srm": 12504976.04,
    "mainnet_income_call_mngo": 1591906.86,
    "mainnet_income_call_ray": 103220.03,
    "mainnet_income_call_eth": 5240845.2,
    "mainnet_income_put_sol": 12413546.6,
    "mainnet_income_put_btc": 2355919.79
  },
  "globalIdToDepositTokenCoingeckoId": {
    "mainnet_income_call_sol": "solana",
    "mainnet_income_call_marinade": "msol",
    "mainnet_income_call_btc": "bitcoin",
    "mainnet_income_call_sbr": "saber",
    "mainnet_income_call_ftt": "ftx-token",
    "mainnet_income_put_mngo": "usd-coin",
    "mainnet_income_call_luna": "terra-luna",
    "mainnet_income_call_socean": "socean-staked-sol",
    "mainnet_income_call_srm": "serum",
    "mainnet_income_call_mngo": "mango-markets",
    "mainnet_income_call_ray": "raydium",
    "mainnet_income_call_eth": "ethereum",
    "mainnet_income_put_sol": "usd-coin",
    "mainnet_income_put_btc": "usd-coin"
  }
}