{
  "totalTvlUSD": 88486103.44,
  "coinsByCoingeckoId": {
    "solana": 124800.805925644,
    "msol": 135671.680106468,
    "bitcoin": 353.768278,
    "saber": 11000000,
    "ftx-token": 71348.902835,
    "usd-coin": 12771685.027406,
    "terra-luna": 39999.989397,
    "socean-staked-sol": 5499.723505502,
    "serum": 3964295.756605,
    "mango-markets": 5999999.148087,
    "raydium": 18917.242615,
    "ethereum": 1406.518868
  },
  "pricesByCoingeckoId": {
    "BTC": 41413,
    "SOL": 136.8,
    "ETH": 3181.33,
    "mSOL": 139.81,
    "FTT": 35.52,
    "SRM": 3.1,
    "USDC": 1,
    "MNGO": 0.191548,
    "scnSOL": 139.28,
    "SBR": 0.087586,
    "LUNA": 68.63,
    "RAY": 5.32
  },
  "sharePricesByGlobalId": {
    "mainnet_income_call_sol": 1.03708,
    "mainnet_income_call_marinade": 1.02581,
    "mainnet_income_call_btc": 1.0644,
    "mainnet_income_call_sbr": 1,
    "mainnet_income_call_ftt": 1.01481,
    "mainnet_income_put_mngo": 1,
    "mainnet_income_call_luna": 1.01873,
    "mainnet_income_call_socean": 1.01266,
    "mainnet_income_call_srm": 1.00834,
    "mainnet_income_call_mngo": 1.01232,
    "mainnet_income_call_ray": 1,
    "mainnet_income_call_eth": 1.01181,
    "mainnet_income_put_sol": 1,
    "mainnet_income_put_btc": 1
  },
  "depositTokenByGlobalId": {
    "mainnet_income_call_sol": 124800.805925644,
    "mainnet_income_call_marinade": 135671.680106468,
    "mainnet_income_call_btc": 353.768278,
    "mainnet_income_call_sbr": 11000000,
    "mainnet_income_call_ftt": 71348.902835,
    "mainnet_income_put_mngo": 420661.09,
    "mainnet_income_call_luna": 39999.989397,
    "mainnet_income_call_socean": 5499.723505502,
    "mainnet_income_call_srm": 3964295.756605,
    "mainnet_income_call_mngo": 5999999.148087,
    "mainnet_income_call_ray": 18917.242615,
    "mainnet_income_call_eth": 1406.518868,
    "mainnet_income_put_sol": 9999999.86,
    "mainnet_income_put_btc": 2351024.08
  },
  "usdValueByGlobalId": {
    "mainnet_income_call_sol": 17072750.25,
    "mainnet_income_call_marinade": 18968257.6,
    "mainnet_income_call_btc": 14650605.7,
    "mainnet_income_call_sbr": 963446,
    "mainnet_income_call_ftt": 2534313.03,
    "mainnet_income_put_mngo": 420661.09,
    "mainnet_income_call_luna": 2745199.27,
    "mainnet_income_call_socean": 766001.49,
    "mainnet_income_call_srm": 12289316.85,
    "mainnet_income_call_mngo": 1149287.84,
    "mainnet_income_call_ray": 100639.73,
    "mainnet_income_call_eth": 4474600.67,
    "mainnet_income_put_sol": 9999999.86,
    "mainnet_income_put_btc": 2351024.08
  }
}