{
  "totalTvlUSD": 115460962.43,
  "coinsByCoingeckoId": {
    "solana": 166733.09701187,
    "msol": 161394.12522528,
    "bitcoin": 425.556814,
    "saber": 19999999.492037,
    "ftx-token": 68338.645616,
    "terra-luna": 76906.449251,
    "terrausd": 48290.657877,
    "usd-coin": 12788001.77445,
    "socean-staked-sol": 10999.987641614,
    "serum": 4201136.481194,
    "mango-markets": 8830306.448446,
    "raydium": 18007.15737,
    "ethereum": 1739.634919
  },
  "pricesByCoingeckoId": {
    "BTC": 43164,
    "SOL": 148.45,
    "ETH": 3342.14,
    "mSOL": 152.3,
    "FTT": 46.26,
    "SRM": 3.18,
    "USDC": 1,
    "MNGO": 0.199055,
    "scnSOL": 151.58,
    "SBR": 0.125118,
    "LUNA": 85.35,
    "UST": 1,
    "RAY": 5.42
  },
  "sharePricesByGlobalId": {
    "mainnet_income_call_sol": 1.04444,
    "mainnet_income_call_marinade": 1.03017,
    "mainnet_income_call_btc": 1.06814,
    "mainnet_income_call_sbr": 1.04667,
    "mainnet_income_call_ftt": 1.02068,
    "mainnet_income_call_luna": 1.02692,
    "mainnet_income_put_luna": 1,
    "mainnet_income_put_mngo": 1.00201,
    "mainnet_income_call_socean": 1.01629,
    "mainnet_income_call_srm": 1.01304,
    "mainnet_income_call_mngo": 1.01322,
    "mainnet_income_call_ray": 1.00275,
    "mainnet_income_call_eth": 1.01502,
    "mainnet_income_put_sol": 1.00281,
    "mainnet_income_put_btc": 1.00329
  },
  "depositTokenByGlobalId": {
    "mainnet_income_call_sol": 166733.09701187,
    "mainnet_income_call_marinade": 161394.12522528,
    "mainnet_income_call_btc": 425.556814,
    "mainnet_income_call_sbr": 19999999.492037,
    "mainnet_income_call_ftt": 68338.645616,
    "mainnet_income_call_luna": 76906.449251,
    "mainnet_income_put_luna": 48290.657877,
    "mainnet_income_put_mngo": 392132.07,
    "mainnet_income_call_socean": 10999.987641614,
    "mainnet_income_call_srm": 4201136.481194,
    "mainnet_income_call_mngo": 8830306.448446,
    "mainnet_income_call_ray": 18007.15737,
    "mainnet_income_call_eth": 1739.634919,
    "mainnet_income_put_sol": 11271385.57,
    "mainnet_income_put_btc": 1124484.14
  },
  "usdValueByGlobalId": {
    "mainnet_income_call_sol": 24751528.25,
    "mainnet_income_call_marinade": 24580325.27,
    "mainnet_income_call_btc": 18368734.32,
    "mainnet_income_call_sbr": 2502359.94,
    "mainnet_income_call_ftt": 3161345.75,
    "mainnet_income_call_luna": 6563965.44,
    "mainnet_income_put_luna": 48290.66,
    "mainnet_income_put_mngo": 392132.07,
    "mainnet_income_call_socean": 1667378.13,
    "mainnet_income_call_srm": 13359614.01,
    "mainnet_income_call_mngo": 1757716.65,
    "mainnet_income_call_ray": 97598.79,
    "mainnet_income_call_eth": 5814103.45,
    "mainnet_income_put_sol": 11271385.57,
    "mainnet_income_put_btc": 1124484.14
  },
  "globalIdToDepositTokenCoingeckoId": {
    "mainnet_income_call_sol": "solana",
    "mainnet_income_call_marinade": "msol",
    "mainnet_income_call_btc": "bitcoin",
    "mainnet_income_call_sbr": "saber",
    "mainnet_income_call_ftt": "ftx-token",
    "mainnet_income_call_luna": "terra-luna",
    "mainnet_income_put_luna": "terrausd",
    "mainnet_income_put_mngo": "usd-coin",
    "mainnet_income_call_socean": "socean-staked-sol",
    "mainnet_income_call_srm": "serum",
    "mainnet_income_call_mngo": "mango-markets",
    "mainnet_income_call_ray": "raydium",
    "mainnet_income_call_eth": "ethereum",
    "mainnet_income_put_sol": "usd-coin",
    "mainnet_income_put_btc": "usd-coin"
  }
}