{
  "totalTvlUSD": 31556819.66,
  "coinsByCoingeckoId": {
    "solana": 61122.772603664,
    "msol": 57618.308913759,
    "bitcoin": 147.513799,
    "ethereum": 30.272243,
    "ftx-token": 14436.62251,
    "serum": 68360.729748,
    "mango-markets": 228831.3778
  }
}