{
  "totalTvlUSD": 98189379.37,
  "coinsByCoingeckoId": {
    "solana": 135399.121759574,
    "msol": 145818.597197434,
    "bitcoin": 369.798532,
    "saber": 11000000,
    "ftx-token": 76445.206473,
    "usd-coin": 13419164.333633,
    "terra-luna": 59999.999852,
    "socean-staked-sol": 7345.800171795,
    "serum": 3974874.806404,
    "mango-markets": 5999999.159377,
    "raydium": 19310.493998,
    "ethereum": 1486.524949
  },
  "pricesByCoingeckoId": {
    "BTC": 43031,
    "SOL": 142.09,
    "ETH": 3271.72,
    "mSOL": 145.46,
    "FTT": 40.09,
    "SRM": 3.14,
    "USDC": 1,
    "MNGO": 0.207291,
    "scnSOL": 144.38,
    "SBR": 0.083973,
    "LUNA": 77.76,
    "RAY": 5.43
  },
  "sharePricesByGlobalId": {
    "mainnet_income_call_sol": 1.03708,
    "mainnet_income_call_marinade": 1.02581,
    "mainnet_income_call_btc": 1.0644,
    "mainnet_income_call_sbr": 1,
    "mainnet_income_call_ftt": 1.01481,
    "mainnet_income_put_mngo": 1,
    "mainnet_income_call_luna": 1.01873,
    "mainnet_income_call_socean": 1.01266,
    "mainnet_income_call_srm": 1.00834,
    "mainnet_income_call_mngo": 1.01232,
    "mainnet_income_call_ray": 1,
    "mainnet_income_call_eth": 1.01181,
    "mainnet_income_put_sol": 0.99999,
    "mainnet_income_put_btc": 1
  },
  "depositTokenByGlobalId": {
    "mainnet_income_call_sol": 135399.121759574,
    "mainnet_income_call_marinade": 145818.597197434,
    "mainnet_income_call_btc": 369.798532,
    "mainnet_income_call_sbr": 11000000,
    "mainnet_income_call_ftt": 76445.206473,
    "mainnet_income_put_mngo": 429604.43,
    "mainnet_income_call_luna": 59999.999852,
    "mainnet_income_call_socean": 7345.800171795,
    "mainnet_income_call_srm": 3974874.806404,
    "mainnet_income_call_mngo": 5999999.159377,
    "mainnet_income_call_ray": 19310.493998,
    "mainnet_income_call_eth": 1486.524949,
    "mainnet_income_put_sol": 10635182.11,
    "mainnet_income_put_btc": 2354377.79
  },
  "usdValueByGlobalId": {
    "mainnet_income_call_sol": 19238861.21,
    "mainnet_income_call_marinade": 21210773.15,
    "mainnet_income_call_btc": 15912800.63,
    "mainnet_income_call_sbr": 923703,
    "mainnet_income_call_ftt": 3064688.33,
    "mainnet_income_put_mngo": 429604.43,
    "mainnet_income_call_luna": 4665599.99,
    "mainnet_income_call_socean": 1060586.63,
    "mainnet_income_call_srm": 12481106.89,
    "mainnet_income_call_mngo": 1243745.83,
    "mainnet_income_call_ray": 104855.98,
    "mainnet_income_call_eth": 4863493.41,
    "mainnet_income_put_sol": 10635182.11,
    "mainnet_income_put_btc": 2354377.79
  }
}