{
  "totalTvlUSD": 112181014.29,
  "coinsByCoingeckoId": {
    "solana": 169500.70737887,
    "msol": 162309.206112987,
    "bitcoin": 426.517033,
    "saber": 19999999.49755,
    "ftx-token": 73187.212692,
    "terra-luna": 83030.618163,
    "terrausd": 94851.30825,
    "usd-coin": 12976418.534026999,
    "socean-staked-sol": 10999.997467117,
    "serum": 4206028.372125,
    "mango-markets": 9011579.496596,
    "raydium": 19590.804604,
    "ethereum": 1745.385409
  },
  "pricesByCoingeckoId": {
    "BTC": 42337,
    "SOL": 139.95,
    "ETH": 3229.47,
    "mSOL": 143.62,
    "FTT": 45.07,
    "SRM": 3.01,
    "USDC": 1,
    "MNGO": 0.198963,
    "scnSOL": 142.54,
    "SBR": 0.115534,
    "LUNA": 80.11,
    "UST": 1,
    "RAY": 5.17
  },
  "sharePricesByGlobalId": {
    "mainnet_income_call_sol": 1.04444,
    "mainnet_income_call_marinade": 1.03017,
    "mainnet_income_call_btc": 1.06814,
    "mainnet_income_call_sbr": 1.04667,
    "mainnet_income_call_ftt": 1.02068,
    "mainnet_income_call_luna": 1.02692,
    "mainnet_income_put_luna": 1,
    "mainnet_income_put_mngo": 1.00201,
    "mainnet_income_call_socean": 1.01629,
    "mainnet_income_call_srm": 1.01304,
    "mainnet_income_call_mngo": 1.01322,
    "mainnet_income_call_ray": 1.00275,
    "mainnet_income_call_eth": 1.01502,
    "mainnet_income_put_sol": 1.00281,
    "mainnet_income_put_btc": 1.00329
  },
  "depositTokenByGlobalId": {
    "mainnet_income_call_sol": 169500.70737887,
    "mainnet_income_call_marinade": 162309.206112987,
    "mainnet_income_call_btc": 426.517033,
    "mainnet_income_call_sbr": 19999999.49755,
    "mainnet_income_call_ftt": 73187.212692,
    "mainnet_income_call_luna": 83030.618163,
    "mainnet_income_put_luna": 94851.30825,
    "mainnet_income_put_mngo": 397676.27,
    "mainnet_income_call_socean": 10999.997467117,
    "mainnet_income_call_srm": 4206028.372125,
    "mainnet_income_call_mngo": 9011579.496596,
    "mainnet_income_call_ray": 19590.804604,
    "mainnet_income_call_eth": 1745.385409,
    "mainnet_income_put_sol": 11452966.23,
    "mainnet_income_put_btc": 1125776.04
  },
  "usdValueByGlobalId": {
    "mainnet_income_call_sol": 23721624,
    "mainnet_income_call_marinade": 23310848.18,
    "mainnet_income_call_btc": 18057451.63,
    "mainnet_income_call_sbr": 2310679.94,
    "mainnet_income_call_ftt": 3298547.68,
    "mainnet_income_call_luna": 6651582.82,
    "mainnet_income_put_luna": 94851.31,
    "mainnet_income_put_mngo": 397676.27,
    "mainnet_income_call_socean": 1567939.64,
    "mainnet_income_call_srm": 12660145.4,
    "mainnet_income_call_mngo": 1792970.89,
    "mainnet_income_call_ray": 101284.46,
    "mainnet_income_call_eth": 5636669.82,
    "mainnet_income_put_sol": 11452966.23,
    "mainnet_income_put_btc": 1125776.04
  },
  "globalIdToDepositTokenCoingeckoId": {
    "mainnet_income_call_sol": "solana",
    "mainnet_income_call_marinade": "msol",
    "mainnet_income_call_btc": "bitcoin",
    "mainnet_income_call_sbr": "saber",
    "mainnet_income_call_ftt": "ftx-token",
    "mainnet_income_call_luna": "terra-luna",
    "mainnet_income_put_luna": "terrausd",
    "mainnet_income_put_mngo": "usd-coin",
    "mainnet_income_call_socean": "socean-staked-sol",
    "mainnet_income_call_srm": "serum",
    "mainnet_income_call_mngo": "mango-markets",
    "mainnet_income_call_ray": "raydium",
    "mainnet_income_call_eth": "ethereum",
    "mainnet_income_put_sol": "usd-coin",
    "mainnet_income_put_btc": "usd-coin"
  }
}