{
  "totalTvlUSD": 90988638.42,
  "coinsByCoingeckoId": {
    "solana": 129658.167759574,
    "msol": 137432.763539851,
    "bitcoin": 365.640484,
    "saber": 11000000,
    "ftx-token": 72791.540999,
    "usd-coin": 12781061.270213,
    "terra-luna": 39999.999397,
    "socean-staked-sol": 5499.990099232,
    "serum": 3966438.966876,
    "mango-markets": 5999999.159277,
    "raydium": 18928.784889,
    "ethereum": 1468.434191
  },
  "pricesByCoingeckoId": {
    "BTC": 41682,
    "SOL": 140.55,
    "ETH": 3123.55,
    "mSOL": 144.08,
    "FTT": 37.62,
    "SRM": 2.98,
    "USDC": 1,
    "MNGO": 0.195323,
    "scnSOL": 143.11,
    "SBR": 0.085135,
    "LUNA": 70.03,
    "RAY": 5.3
  },
  "sharePricesByGlobalId": {
    "mainnet_income_call_sol": 1.03708,
    "mainnet_income_call_marinade": 1.02581,
    "mainnet_income_call_btc": 1.0644,
    "mainnet_income_call_sbr": 1,
    "mainnet_income_call_ftt": 1.01481,
    "mainnet_income_put_mngo": 1.00062,
    "mainnet_income_call_luna": 1.01873,
    "mainnet_income_call_socean": 1.01266,
    "mainnet_income_call_srm": 1.00834,
    "mainnet_income_call_mngo": 1.01232,
    "mainnet_income_call_ray": 1,
    "mainnet_income_call_eth": 1.01181,
    "mainnet_income_put_sol": 1.00376,
    "mainnet_income_put_btc": 1
  },
  "depositTokenByGlobalId": {
    "mainnet_income_call_sol": 129658.167759574,
    "mainnet_income_call_marinade": 137432.763539851,
    "mainnet_income_call_btc": 365.640484,
    "mainnet_income_call_sbr": 11000000,
    "mainnet_income_call_ftt": 72791.540999,
    "mainnet_income_put_mngo": 426683.48,
    "mainnet_income_call_luna": 39999.999397,
    "mainnet_income_call_socean": 5499.990099232,
    "mainnet_income_call_srm": 3966438.966876,
    "mainnet_income_call_mngo": 5999999.159277,
    "mainnet_income_call_ray": 18928.784889,
    "mainnet_income_call_eth": 1468.434191,
    "mainnet_income_put_sol": 10000000,
    "mainnet_income_put_btc": 2354377.79
  },
  "usdValueByGlobalId": {
    "mainnet_income_call_sol": 18223455.48,
    "mainnet_income_call_marinade": 19801312.57,
    "mainnet_income_call_btc": 15240626.65,
    "mainnet_income_call_sbr": 936485,
    "mainnet_income_call_ftt": 2738417.77,
    "mainnet_income_put_mngo": 426683.48,
    "mainnet_income_call_luna": 2801199.96,
    "mainnet_income_call_socean": 787103.58,
    "mainnet_income_call_srm": 11819988.12,
    "mainnet_income_call_mngo": 1171937.84,
    "mainnet_income_call_ray": 100322.56,
    "mainnet_income_call_eth": 4586727.62,
    "mainnet_income_put_sol": 10000000,
    "mainnet_income_put_btc": 2354377.79
  }
}