{
  "totalTvlUSD": 86895303.25,
  "coinsByCoingeckoId": {
    "solana": 183574.198158812,
    "msol": 159719.183452622,
    "bitcoin": 427.526689,
    "saber": 18403582.135887,
    "ftx-token": 65590.449226,
    "terra-luna": 77735.658357,
    "terrausd": 205434.622707,
    "usd-coin": 13991279.672895,
    "socean-staked-sol": 10999.999764954,
    "serum": 4226672.705572,
    "mango-markets": 7784756.149321,
    "raydium": 20933.234226,
    "ethereum": 1740.177651
  },
  "pricesByCoingeckoId": {
    "BTC": 34671,
    "SOL": 97.89,
    "ETH": 2396.39,
    "mSOL": 101.21,
    "FTT": 32.96,
    "SRM": 2.16,
    "USDC": 1,
    "MNGO": 0.165471,
    "scnSOL": 102.22,
    "SBR": 0.079141,
    "LUNA": 55.73,
    "UST": 0.984793,
    "RAY": 3.86
  },
  "sharePricesByGlobalId": {
    "mainnet_income_call_sol": 1.05252,
    "mainnet_income_call_marinade": 1.03727,
    "mainnet_income_call_btc": 1.0696,
    "mainnet_income_call_sbr": 1.05044,
    "mainnet_income_call_ftt": 1.02696,
    "mainnet_income_call_luna": 1.0374,
    "mainnet_income_put_luna": 1,
    "mainnet_income_put_mngo": 1.00322,
    "mainnet_income_call_socean": 1.02395,
    "mainnet_income_call_srm": 1.02041,
    "mainnet_income_call_mngo": 1.01533,
    "mainnet_income_call_ray": 1.01764,
    "mainnet_income_call_eth": 1.0165,
    "mainnet_income_put_sol": 1.01183,
    "mainnet_income_put_btc": 1.00606
  },
  "depositTokenByGlobalId": {
    "mainnet_income_call_sol": 183574.198158812,
    "mainnet_income_call_marinade": 159719.183452622,
    "mainnet_income_call_btc": 427.526689,
    "mainnet_income_call_sbr": 18403582.135887,
    "mainnet_income_call_ftt": 65590.449226,
    "mainnet_income_call_luna": 77735.658357,
    "mainnet_income_put_luna": 205434.622707,
    "mainnet_income_put_mngo": 248683.41,
    "mainnet_income_call_socean": 10999.999764954,
    "mainnet_income_call_srm": 4226672.705572,
    "mainnet_income_call_mngo": 7784756.149321,
    "mainnet_income_call_ray": 20933.234226,
    "mainnet_income_call_eth": 1740.177651,
    "mainnet_income_put_sol": 12605404.42,
    "mainnet_income_put_btc": 1137191.84
  },
  "usdValueByGlobalId": {
    "mainnet_income_call_sol": 17970078.26,
    "mainnet_income_call_marinade": 16165178.56,
    "mainnet_income_call_btc": 14822777.83,
    "mainnet_income_call_sbr": 1456477.89,
    "mainnet_income_call_ftt": 2161861.21,
    "mainnet_income_call_luna": 4332208.24,
    "mainnet_income_put_luna": 202310.58,
    "mainnet_income_put_mngo": 248683.41,
    "mainnet_income_call_socean": 1124419.98,
    "mainnet_income_call_srm": 9129613.04,
    "mainnet_income_call_mngo": 1288151.38,
    "mainnet_income_call_ray": 80802.28,
    "mainnet_income_call_eth": 4170144.32,
    "mainnet_income_put_sol": 12605404.42,
    "mainnet_income_put_btc": 1137191.84
  },
  "globalIdToDepositTokenCoingeckoId": {
    "mainnet_income_call_sol": "solana",
    "mainnet_income_call_marinade": "msol",
    "mainnet_income_call_btc": "bitcoin",
    "mainnet_income_call_sbr": "saber",
    "mainnet_income_call_ftt": "ftx-token",
    "mainnet_income_call_luna": "terra-luna",
    "mainnet_income_put_luna": "terrausd",
    "mainnet_income_put_mngo": "usd-coin",
    "mainnet_income_call_socean": "socean-staked-sol",
    "mainnet_income_call_srm": "serum",
    "mainnet_income_call_mngo": "mango-markets",
    "mainnet_income_call_ray": "raydium",
    "mainnet_income_call_eth": "ethereum",
    "mainnet_income_put_sol": "usd-coin",
    "mainnet_income_put_btc": "usd-coin"
  }
}