{
  "totalTvlUSD": 111992911.4,
  "coinsByCoingeckoId": {
    "solana": 172065.91777887,
    "msol": 162688.65807452,
    "bitcoin": 427.525376,
    "saber": 19999999.49755,
    "ftx-token": 73563.452592,
    "terra-luna": 84474.848681,
    "terrausd": 95476.528858,
    "usd-coin": 13027394.73441,
    "socean-staked-sol": 10999.997467117,
    "serum": 4206187.748997,
    "mango-markets": 9017414.639675,
    "raydium": 19967.02804,
    "ethereum": 1749.767132
  },
  "pricesByCoingeckoId": {
    "BTC": 42229,
    "SOL": 139.43,
    "ETH": 3186.1,
    "mSOL": 143.04,
    "FTT": 43.82,
    "SRM": 2.98,
    "USDC": 1,
    "MNGO": 0.198709,
    "scnSOL": 141.92,
    "SBR": 0.114002,
    "LUNA": 76.78,
    "UST": 1,
    "RAY": 5.11
  },
  "sharePricesByGlobalId": {
    "mainnet_income_call_sol": 1.04444,
    "mainnet_income_call_marinade": 1.03017,
    "mainnet_income_call_btc": 1.06976,
    "mainnet_income_call_sbr": 1.04667,
    "mainnet_income_call_ftt": 1.02068,
    "mainnet_income_call_luna": 1.02692,
    "mainnet_income_put_luna": 1,
    "mainnet_income_put_mngo": 1.00201,
    "mainnet_income_call_socean": 1.01629,
    "mainnet_income_call_srm": 1.01304,
    "mainnet_income_call_mngo": 1.01322,
    "mainnet_income_call_ray": 1.00275,
    "mainnet_income_call_eth": 1.01502,
    "mainnet_income_put_sol": 1.00281,
    "mainnet_income_put_btc": 1.00329
  },
  "depositTokenByGlobalId": {
    "mainnet_income_call_sol": 172065.91777887,
    "mainnet_income_call_marinade": 162688.65807452,
    "mainnet_income_call_btc": 427.525376,
    "mainnet_income_call_sbr": 19999999.49755,
    "mainnet_income_call_ftt": 73563.452592,
    "mainnet_income_call_luna": 84474.848681,
    "mainnet_income_put_luna": 95476.528858,
    "mainnet_income_put_mngo": 397676.27,
    "mainnet_income_call_socean": 10999.997467117,
    "mainnet_income_call_srm": 4206187.748997,
    "mainnet_income_call_mngo": 9017414.639675,
    "mainnet_income_call_ray": 19967.02804,
    "mainnet_income_call_eth": 1749.767132,
    "mainnet_income_put_sol": 11503942.43,
    "mainnet_income_put_btc": 1125776.04
  },
  "usdValueByGlobalId": {
    "mainnet_income_call_sol": 23991150.92,
    "mainnet_income_call_marinade": 23270985.65,
    "mainnet_income_call_btc": 18053969.1,
    "mainnet_income_call_sbr": 2280039.94,
    "mainnet_income_call_ftt": 3223550.49,
    "mainnet_income_call_luna": 6485978.88,
    "mainnet_income_put_luna": 95476.53,
    "mainnet_income_put_mngo": 397676.27,
    "mainnet_income_call_socean": 1561119.64,
    "mainnet_income_call_srm": 12534439.49,
    "mainnet_income_call_mngo": 1791841.45,
    "mainnet_income_call_ray": 102031.51,
    "mainnet_income_call_eth": 5574933.06,
    "mainnet_income_put_sol": 11503942.43,
    "mainnet_income_put_btc": 1125776.04
  },
  "globalIdToDepositTokenCoingeckoId": {
    "mainnet_income_call_sol": "solana",
    "mainnet_income_call_marinade": "msol",
    "mainnet_income_call_btc": "bitcoin",
    "mainnet_income_call_sbr": "saber",
    "mainnet_income_call_ftt": "ftx-token",
    "mainnet_income_call_luna": "terra-luna",
    "mainnet_income_put_luna": "terrausd",
    "mainnet_income_put_mngo": "usd-coin",
    "mainnet_income_call_socean": "socean-staked-sol",
    "mainnet_income_call_srm": "serum",
    "mainnet_income_call_mngo": "mango-markets",
    "mainnet_income_call_ray": "raydium",
    "mainnet_income_call_eth": "ethereum",
    "mainnet_income_put_sol": "usd-coin",
    "mainnet_income_put_btc": "usd-coin"
  }
}