{
  "totalTvlUSD": 91175291.69,
  "coinsByCoingeckoId": {
    "solana": 125013.412350644,
    "msol": 135968.818628195,
    "bitcoin": 354.279327,
    "saber": 11000000,
    "ftx-token": 71563.701874,
    "usd-coin": 12774039.779015,
    "terra-luna": 39999.989397,
    "socean-staked-sol": 5499.870099232,
    "serum": 3965494.011937,
    "mango-markets": 5999999.148087,
    "raydium": 18918.099566,
    "ethereum": 1406.76078
  },
  "pricesByCoingeckoId": {
    "BTC": 41946,
    "SOL": 144.25,
    "ETH": 3221.17,
    "mSOL": 147.3,
    "FTT": 36.27,
    "SRM": 3.15,
    "USDC": 1,
    "MNGO": 0.192425,
    "scnSOL": 145.93,
    "SBR": 0.090846,
    "LUNA": 70.02,
    "RAY": 5.48
  },
  "sharePricesByGlobalId": {
    "mainnet_income_call_sol": 1.03708,
    "mainnet_income_call_marinade": 1.02581,
    "mainnet_income_call_btc": 1.0644,
    "mainnet_income_call_sbr": 1,
    "mainnet_income_call_ftt": 1.01481,
    "mainnet_income_put_mngo": 1,
    "mainnet_income_call_luna": 1.01873,
    "mainnet_income_call_socean": 1.01266,
    "mainnet_income_call_srm": 1.00834,
    "mainnet_income_call_mngo": 1.01232,
    "mainnet_income_call_ray": 1,
    "mainnet_income_call_eth": 1.01181,
    "mainnet_income_put_sol": 1,
    "mainnet_income_put_btc": 1
  },
  "depositTokenByGlobalId": {
    "mainnet_income_call_sol": 125013.412350644,
    "mainnet_income_call_marinade": 135968.818628195,
    "mainnet_income_call_btc": 354.279327,
    "mainnet_income_call_sbr": 11000000,
    "mainnet_income_call_ftt": 71563.701874,
    "mainnet_income_put_mngo": 423015.84,
    "mainnet_income_call_luna": 39999.989397,
    "mainnet_income_call_socean": 5499.870099232,
    "mainnet_income_call_srm": 3965494.011937,
    "mainnet_income_call_mngo": 5999999.148087,
    "mainnet_income_call_ray": 18918.099566,
    "mainnet_income_call_eth": 1406.76078,
    "mainnet_income_put_sol": 9999999.86,
    "mainnet_income_put_btc": 2351024.08
  },
  "usdValueByGlobalId": {
    "mainnet_income_call_sol": 18033184.73,
    "mainnet_income_call_marinade": 20028206.98,
    "mainnet_income_call_btc": 14860600.65,
    "mainnet_income_call_sbr": 999306,
    "mainnet_income_call_ftt": 2595615.47,
    "mainnet_income_put_mngo": 423015.84,
    "mainnet_income_call_luna": 2800799.26,
    "mainnet_income_call_socean": 802596.04,
    "mainnet_income_call_srm": 12491306.14,
    "mainnet_income_call_mngo": 1154549.84,
    "mainnet_income_call_ray": 103671.19,
    "mainnet_income_call_eth": 4531415.62,
    "mainnet_income_put_sol": 9999999.86,
    "mainnet_income_put_btc": 2351024.08
  }
}