{
  "totalTvlUSD": 106053603.02,
  "coinsByCoingeckoId": {
    "solana": 138982.62531187,
    "msol": 158498.467872724,
    "bitcoin": 410.52996,
    "saber": 18105828.986213,
    "ftx-token": 67004.225849,
    "usd-coin": 11942285.860698,
    "terra-luna": 65237.347456,
    "socean-staked-sol": 10999.987641614,
    "serum": 4029871.180157,
    "mango-markets": 8705996.907382,
    "raydium": 16185.11108,
    "ethereum": 1687.64339
  },
  "pricesByCoingeckoId": {
    "BTC": 43191,
    "SOL": 148.32,
    "ETH": 3308.61,
    "mSOL": 151.97,
    "FTT": 44.31,
    "SRM": 3.14,
    "USDC": 1,
    "MNGO": 0.199917,
    "scnSOL": 151.49,
    "SBR": 0.091005,
    "LUNA": 81.72,
    "RAY": 5.37
  },
  "sharePricesByGlobalId": {
    "mainnet_income_call_sol": 1.04444,
    "mainnet_income_call_marinade": 1.03017,
    "mainnet_income_call_btc": 1.06814,
    "mainnet_income_call_sbr": 1.04667,
    "mainnet_income_call_ftt": 1.02068,
    "mainnet_income_put_mngo": 1.00201,
    "mainnet_income_call_luna": 1.02692,
    "mainnet_income_call_socean": 1.01629,
    "mainnet_income_call_srm": 1.01304,
    "mainnet_income_call_mngo": 1.01322,
    "mainnet_income_call_ray": 1.00275,
    "mainnet_income_call_eth": 1.01502,
    "mainnet_income_put_sol": 1.00281,
    "mainnet_income_put_btc": 1.00329
  },
  "depositTokenByGlobalId": {
    "mainnet_income_call_sol": 138982.62531187,
    "mainnet_income_call_marinade": 158498.467872724,
    "mainnet_income_call_btc": 410.52996,
    "mainnet_income_call_sbr": 18105828.986213,
    "mainnet_income_call_ftt": 67004.225849,
    "mainnet_income_put_mngo": 391820.22,
    "mainnet_income_call_luna": 65237.347456,
    "mainnet_income_call_socean": 10999.987641614,
    "mainnet_income_call_srm": 4029871.180157,
    "mainnet_income_call_mngo": 8705996.907382,
    "mainnet_income_call_ray": 16185.11108,
    "mainnet_income_call_eth": 1687.64339,
    "mainnet_income_put_sol": 10426273.3,
    "mainnet_income_put_btc": 1124192.33
  },
  "usdValueByGlobalId": {
    "mainnet_income_call_sol": 20613902.99,
    "mainnet_income_call_marinade": 24087012.16,
    "mainnet_income_call_btc": 17731199.5,
    "mainnet_income_call_sbr": 1647720.97,
    "mainnet_income_call_ftt": 2968957.25,
    "mainnet_income_put_mngo": 391820.22,
    "mainnet_income_call_luna": 5331196.03,
    "mainnet_income_call_socean": 1666388.13,
    "mainnet_income_call_srm": 12653795.51,
    "mainnet_income_call_mngo": 1740476.78,
    "mainnet_income_call_ray": 86914.05,
    "mainnet_income_call_eth": 5583753.8,
    "mainnet_income_put_sol": 10426273.3,
    "mainnet_income_put_btc": 1124192.33
  },
  "globalIdToDepositTokenCoingeckoId": {
    "mainnet_income_call_sol": "solana",
    "mainnet_income_call_marinade": "msol",
    "mainnet_income_call_btc": "bitcoin",
    "mainnet_income_call_sbr": "saber",
    "mainnet_income_call_ftt": "ftx-token",
    "mainnet_income_put_mngo": "usd-coin",
    "mainnet_income_call_luna": "terra-luna",
    "mainnet_income_call_socean": "socean-staked-sol",
    "mainnet_income_call_srm": "serum",
    "mainnet_income_call_mngo": "mango-markets",
    "mainnet_income_call_ray": "raydium",
    "mainnet_income_call_eth": "ethereum",
    "mainnet_income_put_sol": "usd-coin",
    "mainnet_income_put_btc": "usd-coin"
  }
}