{
  "totalTvlUSD": 91944989.84,
  "coinsByCoingeckoId": {
    "solana": 193127.350008812,
    "msol": 164025.105458055,
    "bitcoin": 435.903715,
    "saber": 19999998.066329,
    "ftx-token": 67014.245904,
    "terra-luna": 87546.849711,
    "terrausd": 214767.422522,
    "usd-coin": 14307923.024624,
    "socean-staked-sol": 11000,
    "serum": 4239274.16329,
    "mango-markets": 7874157.260761,
    "raydium": 21896.319326,
    "ethereum": 1768.087562
  },
  "pricesByCoingeckoId": {
    "BTC": 38002,
    "SOL": 97.23,
    "ETH": 2536.25,
    "mSOL": 99.88,
    "FTT": 37.75,
    "SRM": 2.2,
    "USDC": 1,
    "MNGO": 0.15378,
    "scnSOL": 98.08,
    "SBR": 0.068541,
    "LUNA": 64.13,
    "UST": 1,
    "RAY": 3.7
  },
  "sharePricesByGlobalId": {
    "mainnet_income_call_sol": 1.05252,
    "mainnet_income_call_marinade": 1.03727,
    "mainnet_income_call_btc": 1.0696,
    "mainnet_income_call_sbr": 1.05044,
    "mainnet_income_call_ftt": 1.02696,
    "mainnet_income_call_luna": 1.0374,
    "mainnet_income_put_luna": 1,
    "mainnet_income_put_mngo": 1.00322,
    "mainnet_income_call_socean": 1.02395,
    "mainnet_income_call_srm": 1.02041,
    "mainnet_income_call_mngo": 1.01533,
    "mainnet_income_call_ray": 1.01764,
    "mainnet_income_call_eth": 1.0165,
    "mainnet_income_put_sol": 1.01183,
    "mainnet_income_put_btc": 1.00606
  },
  "depositTokenByGlobalId": {
    "mainnet_income_call_sol": 193127.350008812,
    "mainnet_income_call_marinade": 164025.105458055,
    "mainnet_income_call_btc": 435.903715,
    "mainnet_income_call_sbr": 19999998.066329,
    "mainnet_income_call_ftt": 67014.245904,
    "mainnet_income_call_luna": 87546.849711,
    "mainnet_income_put_luna": 214767.422522,
    "mainnet_income_put_mngo": 249435.27,
    "mainnet_income_call_socean": 11000,
    "mainnet_income_call_srm": 4239274.16329,
    "mainnet_income_call_mngo": 7874157.260761,
    "mainnet_income_call_ray": 21896.319326,
    "mainnet_income_call_eth": 1768.087562,
    "mainnet_income_put_sol": 12919766.23,
    "mainnet_income_put_btc": 1138721.52
  },
  "usdValueByGlobalId": {
    "mainnet_income_call_sol": 18777772.24,
    "mainnet_income_call_marinade": 16382827.53,
    "mainnet_income_call_btc": 16565212.98,
    "mainnet_income_call_sbr": 1370819.87,
    "mainnet_income_call_ftt": 2529787.78,
    "mainnet_income_call_luna": 5614379.47,
    "mainnet_income_put_luna": 214767.42,
    "mainnet_income_put_mngo": 249435.27,
    "mainnet_income_call_socean": 1078880,
    "mainnet_income_call_srm": 9326403.16,
    "mainnet_income_call_mngo": 1210887.9,
    "mainnet_income_call_ray": 81016.38,
    "mainnet_income_call_eth": 4484312.08,
    "mainnet_income_put_sol": 12919766.23,
    "mainnet_income_put_btc": 1138721.52
  },
  "globalIdToDepositTokenCoingeckoId": {
    "mainnet_income_call_sol": "solana",
    "mainnet_income_call_marinade": "msol",
    "mainnet_income_call_btc": "bitcoin",
    "mainnet_income_call_sbr": "saber",
    "mainnet_income_call_ftt": "ftx-token",
    "mainnet_income_call_luna": "terra-luna",
    "mainnet_income_put_luna": "terrausd",
    "mainnet_income_put_mngo": "usd-coin",
    "mainnet_income_call_socean": "socean-staked-sol",
    "mainnet_income_call_srm": "serum",
    "mainnet_income_call_mngo": "mango-markets",
    "mainnet_income_call_ray": "raydium",
    "mainnet_income_call_eth": "ethereum",
    "mainnet_income_put_sol": "usd-coin",
    "mainnet_income_put_btc": "usd-coin"
  }
}