{
  "totalTvlUSD": 31311262.58,
  "coinsByCoingeckoId": {
    "solana": 61117.552403664,
    "msol": 56005.846613755,
    "bitcoin": 147.5118,
    "ethereum": 30.013254,
    "ftx-token": 14218.582967,
    "serum": 67960.729748,
    "mango-markets": 228331.3778
  }
}