{
  "totalTvlUSD": 113472409.3,
  "coinsByCoingeckoId": {
    "solana": 168524.39537887,
    "msol": 162080.118744506,
    "bitcoin": 425.628259,
    "saber": 19999999.492037,
    "ftx-token": 72823.73046,
    "terra-luna": 81804.681863,
    "terrausd": 90791.088791,
    "usd-coin": 12974281.398098,
    "socean-staked-sol": 10999.997467117,
    "serum": 4201305.234487,
    "mango-markets": 8999662.230881,
    "raydium": 18471.394788,
    "ethereum": 1743.385009
  },
  "pricesByCoingeckoId": {
    "BTC": 42672,
    "SOL": 142.99,
    "ETH": 3270.56,
    "mSOL": 146.61,
    "FTT": 45.68,
    "SRM": 3.05,
    "USDC": 1,
    "MNGO": 0.198611,
    "scnSOL": 145.69,
    "SBR": 0.118097,
    "LUNA": 81.83,
    "UST": 1,
    "RAY": 5.23
  },
  "sharePricesByGlobalId": {
    "mainnet_income_call_sol": 1.04444,
    "mainnet_income_call_marinade": 1.03017,
    "mainnet_income_call_btc": 1.06814,
    "mainnet_income_call_sbr": 1.04667,
    "mainnet_income_call_ftt": 1.02068,
    "mainnet_income_call_luna": 1.02692,
    "mainnet_income_put_luna": 1,
    "mainnet_income_put_mngo": 1.00201,
    "mainnet_income_call_socean": 1.01629,
    "mainnet_income_call_srm": 1.01304,
    "mainnet_income_call_mngo": 1.01322,
    "mainnet_income_call_ray": 1.00275,
    "mainnet_income_call_eth": 1.01502,
    "mainnet_income_put_sol": 1.00281,
    "mainnet_income_put_btc": 1.00329
  },
  "depositTokenByGlobalId": {
    "mainnet_income_call_sol": 168524.39537887,
    "mainnet_income_call_marinade": 162080.118744506,
    "mainnet_income_call_btc": 425.628259,
    "mainnet_income_call_sbr": 19999999.492037,
    "mainnet_income_call_ftt": 72823.73046,
    "mainnet_income_call_luna": 81804.681863,
    "mainnet_income_put_luna": 90791.088791,
    "mainnet_income_put_mngo": 397676.27,
    "mainnet_income_call_socean": 10999.997467117,
    "mainnet_income_call_srm": 4201305.234487,
    "mainnet_income_call_mngo": 8999662.230881,
    "mainnet_income_call_ray": 18471.394788,
    "mainnet_income_call_eth": 1743.385009,
    "mainnet_income_put_sol": 11451329.59,
    "mainnet_income_put_btc": 1125275.54
  },
  "usdValueByGlobalId": {
    "mainnet_income_call_sol": 24097303.3,
    "mainnet_income_call_marinade": 23762566.21,
    "mainnet_income_call_btc": 18162409.07,
    "mainnet_income_call_sbr": 2361939.94,
    "mainnet_income_call_ftt": 3326588.01,
    "mainnet_income_call_luna": 6694077.12,
    "mainnet_income_put_luna": 90791.09,
    "mainnet_income_put_mngo": 397676.27,
    "mainnet_income_call_socean": 1602589.63,
    "mainnet_income_call_srm": 12813980.97,
    "mainnet_income_call_mngo": 1787431.92,
    "mainnet_income_call_ray": 96605.39,
    "mainnet_income_call_eth": 5701845.28,
    "mainnet_income_put_sol": 11451329.59,
    "mainnet_income_put_btc": 1125275.54
  },
  "globalIdToDepositTokenCoingeckoId": {
    "mainnet_income_call_sol": "solana",
    "mainnet_income_call_marinade": "msol",
    "mainnet_income_call_btc": "bitcoin",
    "mainnet_income_call_sbr": "saber",
    "mainnet_income_call_ftt": "ftx-token",
    "mainnet_income_call_luna": "terra-luna",
    "mainnet_income_put_luna": "terrausd",
    "mainnet_income_put_mngo": "usd-coin",
    "mainnet_income_call_socean": "socean-staked-sol",
    "mainnet_income_call_srm": "serum",
    "mainnet_income_call_mngo": "mango-markets",
    "mainnet_income_call_ray": "raydium",
    "mainnet_income_call_eth": "ethereum",
    "mainnet_income_put_sol": "usd-coin",
    "mainnet_income_put_btc": "usd-coin"
  }
}