{
  "totalTvlUSD": 108177318.28,
  "coinsByCoingeckoId": {
    "solana": 184738.53387887,
    "msol": 168456.336237578,
    "bitcoin": 415.546658,
    "saber": 20000000,
    "ftx-token": 76355.013339,
    "terra-luna": 89840.066873,
    "terrausd": 200745.49242,
    "usd-coin": 14071831.433221,
    "socean-staked-sol": 11000,
    "serum": 4249786.585524,
    "mango-markets": 9223517.922299,
    "raydium": 21462.430799,
    "ethereum": 1873.30235
  },
  "pricesByCoingeckoId": {
    "BTC": 39172,
    "SOL": 126.11,
    "ETH": 2891.86,
    "mSOL": 129.51,
    "FTT": 43.83,
    "SRM": 2.67,
    "USDC": 1,
    "MNGO": 0.19467,
    "scnSOL": 130.06,
    "SBR": 0.100182,
    "LUNA": 78.73,
    "UST": 1,
    "RAY": 4.61
  },
  "sharePricesByGlobalId": {
    "mainnet_income_call_sol": 1.05342,
    "mainnet_income_call_marinade": 1.03806,
    "mainnet_income_call_btc": 1.0696,
    "mainnet_income_call_sbr": 1.05086,
    "mainnet_income_call_ftt": 1.02766,
    "mainnet_income_call_luna": 1.03856,
    "mainnet_income_put_luna": 1,
    "mainnet_income_put_mngo": 1.00335,
    "mainnet_income_call_socean": 1.0248,
    "mainnet_income_call_srm": 1.02123,
    "mainnet_income_call_mngo": 1.01556,
    "mainnet_income_call_ray": 1.01929,
    "mainnet_income_call_eth": 1.01667,
    "mainnet_income_put_sol": 1.01183,
    "mainnet_income_put_btc": 1.00637
  },
  "depositTokenByGlobalId": {
    "mainnet_income_call_sol": 184738.53387887,
    "mainnet_income_call_marinade": 168456.336237578,
    "mainnet_income_call_btc": 415.546658,
    "mainnet_income_call_sbr": 20000000,
    "mainnet_income_call_ftt": 76355.013339,
    "mainnet_income_call_luna": 89840.066873,
    "mainnet_income_put_luna": 200745.49242,
    "mainnet_income_put_mngo": 411031.64,
    "mainnet_income_call_socean": 11000,
    "mainnet_income_call_srm": 4249786.585524,
    "mainnet_income_call_mngo": 9223517.922299,
    "mainnet_income_call_ray": 21462.430799,
    "mainnet_income_call_eth": 1873.30235,
    "mainnet_income_put_sol": 12511344.15,
    "mainnet_income_put_btc": 1149455.64
  },
  "usdValueByGlobalId": {
    "mainnet_income_call_sol": 23297376.51,
    "mainnet_income_call_marinade": 21816780.11,
    "mainnet_income_call_btc": 16277793.69,
    "mainnet_income_call_sbr": 2003640,
    "mainnet_income_call_ftt": 3346640.23,
    "mainnet_income_call_luna": 7073108.46,
    "mainnet_income_put_luna": 200745.49,
    "mainnet_income_put_mngo": 411031.64,
    "mainnet_income_call_socean": 1430660,
    "mainnet_income_call_srm": 11346930.18,
    "mainnet_income_call_mngo": 1795542.23,
    "mainnet_income_call_ray": 98941.81,
    "mainnet_income_call_eth": 5417328.13,
    "mainnet_income_put_sol": 12511344.15,
    "mainnet_income_put_btc": 1149455.64
  },
  "globalIdToDepositTokenCoingeckoId": {
    "mainnet_income_call_sol": "solana",
    "mainnet_income_call_marinade": "msol",
    "mainnet_income_call_btc": "bitcoin",
    "mainnet_income_call_sbr": "saber",
    "mainnet_income_call_ftt": "ftx-token",
    "mainnet_income_call_luna": "terra-luna",
    "mainnet_income_put_luna": "terrausd",
    "mainnet_income_put_mngo": "usd-coin",
    "mainnet_income_call_socean": "socean-staked-sol",
    "mainnet_income_call_srm": "serum",
    "mainnet_income_call_mngo": "mango-markets",
    "mainnet_income_call_ray": "raydium",
    "mainnet_income_call_eth": "ethereum",
    "mainnet_income_put_sol": "usd-coin",
    "mainnet_income_put_btc": "usd-coin"
  }
}