{
  "totalTvlUSD": 95616360.51,
  "coinsByCoingeckoId": {
    "solana": 193937.948008812,
    "msol": 164129.947992759,
    "bitcoin": 443.236057,
    "saber": 19999998.066329,
    "ftx-token": 67457.392391,
    "terra-luna": 87708.602307,
    "terrausd": 215067.880156,
    "usd-coin": 14842074.899566,
    "socean-staked-sol": 11000,
    "serum": 4239570.299336,
    "mango-markets": 7874157.260761,
    "raydium": 23773.486155,
    "ethereum": 1768.191515
  },
  "pricesByCoingeckoId": {
    "BTC": 38719,
    "SOL": 101.28,
    "ETH": 2695.34,
    "mSOL": 105.72,
    "FTT": 38.14,
    "SRM": 2.26,
    "USDC": 1,
    "MNGO": 0.156435,
    "scnSOL": 104.54,
    "SBR": 0.068126,
    "LUNA": 64.39,
    "UST": 1,
    "RAY": 3.86
  },
  "sharePricesByGlobalId": {
    "mainnet_income_call_sol": 1.05252,
    "mainnet_income_call_marinade": 1.03727,
    "mainnet_income_call_btc": 1.0696,
    "mainnet_income_call_sbr": 1.05044,
    "mainnet_income_call_ftt": 1.02696,
    "mainnet_income_call_luna": 1.0374,
    "mainnet_income_put_luna": 1,
    "mainnet_income_put_mngo": 1.00322,
    "mainnet_income_call_socean": 1.02395,
    "mainnet_income_call_srm": 1.02041,
    "mainnet_income_call_mngo": 1.01533,
    "mainnet_income_call_ray": 1.01764,
    "mainnet_income_call_eth": 1.0165,
    "mainnet_income_put_sol": 1.01183,
    "mainnet_income_put_btc": 1.00606
  },
  "depositTokenByGlobalId": {
    "mainnet_income_call_sol": 193937.948008812,
    "mainnet_income_call_marinade": 164129.947992759,
    "mainnet_income_call_btc": 443.236057,
    "mainnet_income_call_sbr": 19999998.066329,
    "mainnet_income_call_ftt": 67457.392391,
    "mainnet_income_call_luna": 87708.602307,
    "mainnet_income_put_luna": 215067.880156,
    "mainnet_income_put_mngo": 249435.27,
    "mainnet_income_call_socean": 11000,
    "mainnet_income_call_srm": 4239570.299336,
    "mainnet_income_call_mngo": 7874157.260761,
    "mainnet_income_call_ray": 23773.486155,
    "mainnet_income_call_eth": 1768.191515,
    "mainnet_income_put_sol": 13453918.1,
    "mainnet_income_put_btc": 1138721.52
  },
  "usdValueByGlobalId": {
    "mainnet_income_call_sol": 19642035.37,
    "mainnet_income_call_marinade": 17351818.1,
    "mainnet_income_call_btc": 17161656.89,
    "mainnet_income_call_sbr": 1362519.87,
    "mainnet_income_call_ftt": 2572824.95,
    "mainnet_income_call_luna": 5647556.9,
    "mainnet_income_put_luna": 215067.88,
    "mainnet_income_put_mngo": 249435.27,
    "mainnet_income_call_socean": 1149940,
    "mainnet_income_call_srm": 9581428.88,
    "mainnet_income_call_mngo": 1231793.79,
    "mainnet_income_call_ray": 91765.66,
    "mainnet_income_call_eth": 4765877.32,
    "mainnet_income_put_sol": 13453918.1,
    "mainnet_income_put_btc": 1138721.52
  },
  "globalIdToDepositTokenCoingeckoId": {
    "mainnet_income_call_sol": "solana",
    "mainnet_income_call_marinade": "msol",
    "mainnet_income_call_btc": "bitcoin",
    "mainnet_income_call_sbr": "saber",
    "mainnet_income_call_ftt": "ftx-token",
    "mainnet_income_call_luna": "terra-luna",
    "mainnet_income_put_luna": "terrausd",
    "mainnet_income_put_mngo": "usd-coin",
    "mainnet_income_call_socean": "socean-staked-sol",
    "mainnet_income_call_srm": "serum",
    "mainnet_income_call_mngo": "mango-markets",
    "mainnet_income_call_ray": "raydium",
    "mainnet_income_call_eth": "ethereum",
    "mainnet_income_put_sol": "usd-coin",
    "mainnet_income_put_btc": "usd-coin"
  }
}