{
  "totalTvlUSD": 30996599.58,
  "coinsByCoingeckoId": {
    "solana": 60988.232403664,
    "msol": 54806.966382963,
    "bitcoin": 147.402242,
    "ethereum": 29.913253,
    "ftx-token": 13121.025776,
    "serum": 67675.683401,
    "mango-markets": 21354.780805
  }
}