{
  "totalTvlUSD": 90040960.38,
  "coinsByCoingeckoId": {
    "solana": 128667.516350644,
    "msol": 136342.513629119,
    "bitcoin": 355.172859,
    "saber": 11000000,
    "ftx-token": 72608.659584,
    "usd-coin": 12776908.253459001,
    "terra-luna": 39999.999397,
    "socean-staked-sol": 5499.990099232,
    "serum": 3966288.775828,
    "mango-markets": 5999999.159277,
    "raydium": 18918.099566,
    "ethereum": 1433.050421
  },
  "pricesByCoingeckoId": {
    "BTC": 41798,
    "SOL": 139.86,
    "ETH": 3127.72,
    "mSOL": 143.58,
    "FTT": 36.17,
    "SRM": 3.01,
    "USDC": 1,
    "MNGO": 0.190014,
    "scnSOL": 142.89,
    "SBR": 0.088911,
    "LUNA": 69.9,
    "RAY": 5.29
  },
  "sharePricesByGlobalId": {
    "mainnet_income_call_sol": 1.03708,
    "mainnet_income_call_marinade": 1.02581,
    "mainnet_income_call_btc": 1.0644,
    "mainnet_income_call_sbr": 1,
    "mainnet_income_call_ftt": 1.01481,
    "mainnet_income_put_mngo": 1,
    "mainnet_income_call_luna": 1.01873,
    "mainnet_income_call_socean": 1.01266,
    "mainnet_income_call_srm": 1.00834,
    "mainnet_income_call_mngo": 1.01232,
    "mainnet_income_call_ray": 1,
    "mainnet_income_call_eth": 1.01181,
    "mainnet_income_put_sol": 1,
    "mainnet_income_put_btc": 1
  },
  "depositTokenByGlobalId": {
    "mainnet_income_call_sol": 128667.516350644,
    "mainnet_income_call_marinade": 136342.513629119,
    "mainnet_income_call_btc": 355.172859,
    "mainnet_income_call_sbr": 11000000,
    "mainnet_income_call_ftt": 72608.659584,
    "mainnet_income_put_mngo": 424829.63,
    "mainnet_income_call_luna": 39999.999397,
    "mainnet_income_call_socean": 5499.990099232,
    "mainnet_income_call_srm": 3966288.775828,
    "mainnet_income_call_mngo": 5999999.159277,
    "mainnet_income_call_ray": 18918.099566,
    "mainnet_income_call_eth": 1433.050421,
    "mainnet_income_put_sol": 9999999.97,
    "mainnet_income_put_btc": 2352078.65
  },
  "usdValueByGlobalId": {
    "mainnet_income_call_sol": 17995438.84,
    "mainnet_income_call_marinade": 19576058.11,
    "mainnet_income_call_btc": 14845515.16,
    "mainnet_income_call_sbr": 978021,
    "mainnet_income_call_ftt": 2626255.22,
    "mainnet_income_put_mngo": 424829.63,
    "mainnet_income_call_luna": 2795999.96,
    "mainnet_income_call_socean": 785893.59,
    "mainnet_income_call_srm": 11938529.22,
    "mainnet_income_call_mngo": 1140083.84,
    "mainnet_income_call_ray": 100076.75,
    "mainnet_income_call_eth": 4482180.46,
    "mainnet_income_put_sol": 9999999.97,
    "mainnet_income_put_btc": 2352078.65
  }
}