{
  "totalTvlUSD": 42974094.94,
  "coinsByCoingeckoId": {
    "solana": 67349.752723664,
    "msol": 84055.049636147,
    "bitcoin": 187.192492,
    "ethereum": 152.346234,
    "ftx-token": 23811.427617,
    "serum": 210073.213288,
    "mango-markets": 931551.27549
  },
  "pricesByCoingeckoId": {
    "BTC": 51167,
    "SOL": 199.96,
    "ETH": 4093.27,
    "mSOL": 204.42,
    "FTT": 42.79,
    "SRM": 4.06,
    "USDC": 1,
    "MNGO": 0.269276
  },
  "sharePricesByGlobalId": {
    "mainnet_income_call_sol": 1.02193,
    "mainnet_income_call_marinade": 1.01091,
    "mainnet_income_call_btc": 1.05125,
    "mainnet_income_call_eth": 1.006,
    "mainnet_income_call_ftt": 1,
    "mainnet_income_call_srm": 1,
    "mainnet_income_call_mngo": 1
  }
}