{
  "totalTvlUSD": 91522905.22,
  "coinsByCoingeckoId": {
    "solana": 128512.285350644,
    "msol": 136284.779588571,
    "bitcoin": 354.287743,
    "saber": 11000000,
    "ftx-token": 72580.224761,
    "usd-coin": 12776908.253459001,
    "terra-luna": 39999.999397,
    "socean-staked-sol": 5499.990099232,
    "serum": 3965834.743512,
    "mango-markets": 5999999.159277,
    "raydium": 18918.099566,
    "ethereum": 1432.980113
  },
  "pricesByCoingeckoId": {
    "BTC": 42286,
    "SOL": 144.61,
    "ETH": 3153.04,
    "mSOL": 147.28,
    "FTT": 36.01,
    "SRM": 3.07,
    "USDC": 1,
    "MNGO": 0.189506,
    "scnSOL": 145.69,
    "SBR": 0.090191,
    "LUNA": 69.24,
    "RAY": 5.36
  },
  "sharePricesByGlobalId": {
    "mainnet_income_call_sol": 1.03708,
    "mainnet_income_call_marinade": 1.02581,
    "mainnet_income_call_btc": 1.0644,
    "mainnet_income_call_sbr": 1,
    "mainnet_income_call_ftt": 1.01481,
    "mainnet_income_put_mngo": 1,
    "mainnet_income_call_luna": 1.01873,
    "mainnet_income_call_socean": 1.01266,
    "mainnet_income_call_srm": 1.00834,
    "mainnet_income_call_mngo": 1.01232,
    "mainnet_income_call_ray": 1,
    "mainnet_income_call_eth": 1.01181,
    "mainnet_income_put_sol": 1,
    "mainnet_income_put_btc": 1
  },
  "depositTokenByGlobalId": {
    "mainnet_income_call_sol": 128512.285350644,
    "mainnet_income_call_marinade": 136284.779588571,
    "mainnet_income_call_btc": 354.287743,
    "mainnet_income_call_sbr": 11000000,
    "mainnet_income_call_ftt": 72580.224761,
    "mainnet_income_put_mngo": 424829.63,
    "mainnet_income_call_luna": 39999.999397,
    "mainnet_income_call_socean": 5499.990099232,
    "mainnet_income_call_srm": 3965834.743512,
    "mainnet_income_call_mngo": 5999999.159277,
    "mainnet_income_call_ray": 18918.099566,
    "mainnet_income_call_eth": 1432.980113,
    "mainnet_income_put_sol": 9999999.97,
    "mainnet_income_put_btc": 2352078.65
  },
  "usdValueByGlobalId": {
    "mainnet_income_call_sol": 18584161.58,
    "mainnet_income_call_marinade": 20072022.34,
    "mainnet_income_call_btc": 14981411.5,
    "mainnet_income_call_sbr": 992101,
    "mainnet_income_call_ftt": 2613613.89,
    "mainnet_income_put_mngo": 424829.63,
    "mainnet_income_call_luna": 2769599.96,
    "mainnet_income_call_socean": 801293.56,
    "mainnet_income_call_srm": 12175112.66,
    "mainnet_income_call_mngo": 1137035.84,
    "mainnet_income_call_ray": 101401.01,
    "mainnet_income_call_eth": 4518243.62,
    "mainnet_income_put_sol": 9999999.97,
    "mainnet_income_put_btc": 2352078.65
  }
}