{
  "totalTvlUSD": 91302405.48,
  "coinsByCoingeckoId": {
    "solana": 129621.614759574,
    "msol": 137418.20796976,
    "bitcoin": 355.634856,
    "saber": 11000000,
    "ftx-token": 72791.540999,
    "usd-coin": 12780914.795019,
    "terra-luna": 39999.999397,
    "socean-staked-sol": 5499.990099232,
    "serum": 3966425.602591,
    "mango-markets": 5999999.159277,
    "raydium": 18928.784889,
    "ethereum": 1467.434192
  },
  "pricesByCoingeckoId": {
    "BTC": 41882,
    "SOL": 141.5,
    "ETH": 3154.84,
    "mSOL": 145.76,
    "FTT": 37.85,
    "SRM": 3.02,
    "USDC": 1,
    "MNGO": 0.195799,
    "scnSOL": 145.46,
    "SBR": 0.0861,
    "LUNA": 71.71,
    "RAY": 5.37
  },
  "sharePricesByGlobalId": {
    "mainnet_income_call_sol": 1.03708,
    "mainnet_income_call_marinade": 1.02581,
    "mainnet_income_call_btc": 1.0644,
    "mainnet_income_call_sbr": 1,
    "mainnet_income_call_ftt": 1.01481,
    "mainnet_income_put_mngo": 1.00062,
    "mainnet_income_call_luna": 1.01873,
    "mainnet_income_call_socean": 1.01266,
    "mainnet_income_call_srm": 1.00834,
    "mainnet_income_call_mngo": 1.01232,
    "mainnet_income_call_ray": 1,
    "mainnet_income_call_eth": 1.01181,
    "mainnet_income_put_sol": 1.00376,
    "mainnet_income_put_btc": 1
  },
  "depositTokenByGlobalId": {
    "mainnet_income_call_sol": 129621.614759574,
    "mainnet_income_call_marinade": 137418.20796976,
    "mainnet_income_call_btc": 355.634856,
    "mainnet_income_call_sbr": 11000000,
    "mainnet_income_call_ftt": 72791.540999,
    "mainnet_income_put_mngo": 426537,
    "mainnet_income_call_luna": 39999.999397,
    "mainnet_income_call_socean": 5499.990099232,
    "mainnet_income_call_srm": 3966425.602591,
    "mainnet_income_call_mngo": 5999999.159277,
    "mainnet_income_call_ray": 18928.784889,
    "mainnet_income_call_eth": 1467.434192,
    "mainnet_income_put_sol": 10000000,
    "mainnet_income_put_btc": 2354377.79
  },
  "usdValueByGlobalId": {
    "mainnet_income_call_sol": 18341458.49,
    "mainnet_income_call_marinade": 20030077.99,
    "mainnet_income_call_btc": 14894699.04,
    "mainnet_income_call_sbr": 947100,
    "mainnet_income_call_ftt": 2755159.83,
    "mainnet_income_put_mngo": 426537,
    "mainnet_income_call_luna": 2868399.96,
    "mainnet_income_call_socean": 800028.56,
    "mainnet_income_call_srm": 11978605.32,
    "mainnet_income_call_mngo": 1174793.84,
    "mainnet_income_call_ray": 101647.57,
    "mainnet_income_call_eth": 4629520.09,
    "mainnet_income_put_sol": 10000000,
    "mainnet_income_put_btc": 2354377.79
  }
}