{
  "totalTvlUSD": 108283501.21,
  "coinsByCoingeckoId": {
    "solana": 142685.39521187,
    "msol": 159842.655823367,
    "bitcoin": 417.029802,
    "saber": 19999999.492037,
    "ftx-token": 67888.790333,
    "usd-coin": 12225326.038408998,
    "terra-luna": 70125.494418,
    "socean-staked-sol": 10999.987641614,
    "serum": 4064978.055918,
    "mango-markets": 8821372.022007,
    "raydium": 17488.102345,
    "ethereum": 1697.802116
  },
  "pricesByCoingeckoId": {
    "BTC": 42953,
    "SOL": 146.7,
    "ETH": 3314.22,
    "mSOL": 150.66,
    "FTT": 45.25,
    "SRM": 3.18,
    "USDC": 1,
    "MNGO": 0.193838,
    "scnSOL": 150.46,
    "SBR": 0.101587,
    "LUNA": 85.77,
    "RAY": 5.42
  },
  "sharePricesByGlobalId": {
    "mainnet_income_call_sol": 1.04444,
    "mainnet_income_call_marinade": 1.03017,
    "mainnet_income_call_btc": 1.06814,
    "mainnet_income_call_sbr": 1.04667,
    "mainnet_income_call_ftt": 1.02068,
    "mainnet_income_put_mngo": 1.00201,
    "mainnet_income_call_luna": 1.02692,
    "mainnet_income_call_socean": 1.01629,
    "mainnet_income_call_srm": 1.01304,
    "mainnet_income_call_mngo": 1.01322,
    "mainnet_income_call_ray": 1.00275,
    "mainnet_income_call_eth": 1.01502,
    "mainnet_income_put_sol": 1.00281,
    "mainnet_income_put_btc": 1.00329
  },
  "depositTokenByGlobalId": {
    "mainnet_income_call_sol": 142685.39521187,
    "mainnet_income_call_marinade": 159842.655823367,
    "mainnet_income_call_btc": 417.029802,
    "mainnet_income_call_sbr": 19999999.492037,
    "mainnet_income_call_ftt": 67888.790333,
    "mainnet_income_put_mngo": 392112.07,
    "mainnet_income_call_luna": 70125.494418,
    "mainnet_income_call_socean": 10999.987641614,
    "mainnet_income_call_srm": 4064978.055918,
    "mainnet_income_call_mngo": 8821372.022007,
    "mainnet_income_call_ray": 17488.102345,
    "mainnet_income_call_eth": 1697.802116,
    "mainnet_income_put_sol": 10708729.83,
    "mainnet_income_put_btc": 1124484.14
  },
  "usdValueByGlobalId": {
    "mainnet_income_call_sol": 20931947.48,
    "mainnet_income_call_marinade": 24081894.53,
    "mainnet_income_call_btc": 17912681.09,
    "mainnet_income_call_sbr": 2031739.95,
    "mainnet_income_call_ftt": 3071967.76,
    "mainnet_income_put_mngo": 392112.07,
    "mainnet_income_call_luna": 6014663.66,
    "mainnet_income_call_socean": 1655058.14,
    "mainnet_income_call_srm": 12926630.22,
    "mainnet_income_call_mngo": 1709917.11,
    "mainnet_income_call_ray": 94785.51,
    "mainnet_income_call_eth": 5626889.73,
    "mainnet_income_put_sol": 10708729.83,
    "mainnet_income_put_btc": 1124484.14
  },
  "globalIdToDepositTokenCoingeckoId": {
    "mainnet_income_call_sol": "solana",
    "mainnet_income_call_marinade": "msol",
    "mainnet_income_call_btc": "bitcoin",
    "mainnet_income_call_sbr": "saber",
    "mainnet_income_call_ftt": "ftx-token",
    "mainnet_income_put_mngo": "usd-coin",
    "mainnet_income_call_luna": "terra-luna",
    "mainnet_income_call_socean": "socean-staked-sol",
    "mainnet_income_call_srm": "serum",
    "mainnet_income_call_mngo": "mango-markets",
    "mainnet_income_call_ray": "raydium",
    "mainnet_income_call_eth": "ethereum",
    "mainnet_income_put_sol": "usd-coin",
    "mainnet_income_put_btc": "usd-coin"
  }
}