{
  "totalTvlUSD": 113329204.66,
  "coinsByCoingeckoId": {
    "solana": 168274.94437887,
    "msol": 162072.057380819,
    "bitcoin": 425.595559,
    "saber": 19999999.492037,
    "ftx-token": 72821.69046,
    "terra-luna": 78197.852723,
    "terrausd": 90786.270196,
    "usd-coin": 12967466.515335,
    "socean-staked-sol": 10999.997467117,
    "serum": 4201285.234487,
    "mango-markets": 8991662.180881,
    "raydium": 18263.960532,
    "ethereum": 1743.385009
  },
  "pricesByCoingeckoId": {
    "BTC": 42824,
    "SOL": 143.04,
    "ETH": 3270.03,
    "mSOL": 146.91,
    "FTT": 45.7,
    "SRM": 3.08,
    "USDC": 1,
    "MNGO": 0.19959,
    "scnSOL": 146.64,
    "SBR": 0.114233,
    "LUNA": 81.95,
    "UST": 1,
    "RAY": 5.24
  },
  "sharePricesByGlobalId": {
    "mainnet_income_call_sol": 1.04444,
    "mainnet_income_call_marinade": 1.03017,
    "mainnet_income_call_btc": 1.06814,
    "mainnet_income_call_sbr": 1.04667,
    "mainnet_income_call_ftt": 1.02068,
    "mainnet_income_call_luna": 1.02692,
    "mainnet_income_put_luna": 1,
    "mainnet_income_put_mngo": 1.00201,
    "mainnet_income_call_socean": 1.01629,
    "mainnet_income_call_srm": 1.01304,
    "mainnet_income_call_mngo": 1.01322,
    "mainnet_income_call_ray": 1.00275,
    "mainnet_income_call_eth": 1.01502,
    "mainnet_income_put_sol": 1.00281,
    "mainnet_income_put_btc": 1.00329
  },
  "depositTokenByGlobalId": {
    "mainnet_income_call_sol": 168274.94437887,
    "mainnet_income_call_marinade": 162072.057380819,
    "mainnet_income_call_btc": 425.595559,
    "mainnet_income_call_sbr": 19999999.492037,
    "mainnet_income_call_ftt": 72821.69046,
    "mainnet_income_call_luna": 78197.852723,
    "mainnet_income_put_luna": 90786.270196,
    "mainnet_income_put_mngo": 397676.27,
    "mainnet_income_call_socean": 10999.997467117,
    "mainnet_income_call_srm": 4201285.234487,
    "mainnet_income_call_mngo": 8991662.180881,
    "mainnet_income_call_ray": 18263.960532,
    "mainnet_income_call_eth": 1743.385009,
    "mainnet_income_put_sol": 11444514.71,
    "mainnet_income_put_btc": 1125275.54
  },
  "usdValueByGlobalId": {
    "mainnet_income_call_sol": 24070048.04,
    "mainnet_income_call_marinade": 23810005.95,
    "mainnet_income_call_btc": 18225704.22,
    "mainnet_income_call_sbr": 2284659.94,
    "mainnet_income_call_ftt": 3327951.25,
    "mainnet_income_call_luna": 6408314.03,
    "mainnet_income_put_luna": 90786.27,
    "mainnet_income_put_mngo": 397676.27,
    "mainnet_income_call_socean": 1613039.63,
    "mainnet_income_call_srm": 12939958.52,
    "mainnet_income_call_mngo": 1794645.85,
    "mainnet_income_call_ray": 95703.15,
    "mainnet_income_call_eth": 5700921.28,
    "mainnet_income_put_sol": 11444514.71,
    "mainnet_income_put_btc": 1125275.54
  },
  "globalIdToDepositTokenCoingeckoId": {
    "mainnet_income_call_sol": "solana",
    "mainnet_income_call_marinade": "msol",
    "mainnet_income_call_btc": "bitcoin",
    "mainnet_income_call_sbr": "saber",
    "mainnet_income_call_ftt": "ftx-token",
    "mainnet_income_call_luna": "terra-luna",
    "mainnet_income_put_luna": "terrausd",
    "mainnet_income_put_mngo": "usd-coin",
    "mainnet_income_call_socean": "socean-staked-sol",
    "mainnet_income_call_srm": "serum",
    "mainnet_income_call_mngo": "mango-markets",
    "mainnet_income_call_ray": "raydium",
    "mainnet_income_call_eth": "ethereum",
    "mainnet_income_put_sol": "usd-coin",
    "mainnet_income_put_btc": "usd-coin"
  }
}