{
  "totalTvlUSD": 90503719.39,
  "coinsByCoingeckoId": {
    "solana": 189792.731008812,
    "msol": 163072.25516877,
    "bitcoin": 435.843072,
    "saber": 19999999.92845,
    "ftx-token": 66720.697665,
    "terra-luna": 82349.951966,
    "terrausd": 214584.392701,
    "usd-coin": 14267519.741143,
    "socean-staked-sol": 10999.999764954,
    "serum": 4235344.328247,
    "mango-markets": 7849137.621646,
    "raydium": 21700.213178,
    "ethereum": 1767.889112
  },
  "pricesByCoingeckoId": {
    "BTC": 37418,
    "SOL": 97.14,
    "ETH": 2478.1,
    "mSOL": 99.64,
    "FTT": 36.93,
    "SRM": 2.14,
    "USDC": 1,
    "MNGO": 0.155907,
    "scnSOL": 96.95,
    "SBR": 0.06505,
    "LUNA": 66.19,
    "UST": 1,
    "RAY": 3.58
  },
  "sharePricesByGlobalId": {
    "mainnet_income_call_sol": 1.05252,
    "mainnet_income_call_marinade": 1.03727,
    "mainnet_income_call_btc": 1.0696,
    "mainnet_income_call_sbr": 1.05044,
    "mainnet_income_call_ftt": 1.02696,
    "mainnet_income_call_luna": 1.0374,
    "mainnet_income_put_luna": 1,
    "mainnet_income_put_mngo": 1.00322,
    "mainnet_income_call_socean": 1.02395,
    "mainnet_income_call_srm": 1.02041,
    "mainnet_income_call_mngo": 1.01533,
    "mainnet_income_call_ray": 1.01764,
    "mainnet_income_call_eth": 1.0165,
    "mainnet_income_put_sol": 1.01183,
    "mainnet_income_put_btc": 1.00606
  },
  "depositTokenByGlobalId": {
    "mainnet_income_call_sol": 189792.731008812,
    "mainnet_income_call_marinade": 163072.25516877,
    "mainnet_income_call_btc": 435.843072,
    "mainnet_income_call_sbr": 19999999.92845,
    "mainnet_income_call_ftt": 66720.697665,
    "mainnet_income_call_luna": 82349.951966,
    "mainnet_income_put_luna": 214584.392701,
    "mainnet_income_put_mngo": 249184.41,
    "mainnet_income_call_socean": 10999.999764954,
    "mainnet_income_call_srm": 4235344.328247,
    "mainnet_income_call_mngo": 7849137.621646,
    "mainnet_income_call_ray": 21700.213178,
    "mainnet_income_call_eth": 1767.889112,
    "mainnet_income_put_sol": 12879613.81,
    "mainnet_income_put_btc": 1138721.52
  },
  "usdValueByGlobalId": {
    "mainnet_income_call_sol": 18436465.89,
    "mainnet_income_call_marinade": 16248519.51,
    "mainnet_income_call_btc": 16308376.07,
    "mainnet_income_call_sbr": 1301000,
    "mainnet_income_call_ftt": 2463995.36,
    "mainnet_income_call_luna": 5450743.32,
    "mainnet_income_put_luna": 214584.39,
    "mainnet_income_put_mngo": 249184.41,
    "mainnet_income_call_socean": 1066449.98,
    "mainnet_income_call_srm": 9063636.86,
    "mainnet_income_call_mngo": 1223735.5,
    "mainnet_income_call_ray": 77686.76,
    "mainnet_income_call_eth": 4381006.01,
    "mainnet_income_put_sol": 12879613.81,
    "mainnet_income_put_btc": 1138721.52
  },
  "globalIdToDepositTokenCoingeckoId": {
    "mainnet_income_call_sol": "solana",
    "mainnet_income_call_marinade": "msol",
    "mainnet_income_call_btc": "bitcoin",
    "mainnet_income_call_sbr": "saber",
    "mainnet_income_call_ftt": "ftx-token",
    "mainnet_income_call_luna": "terra-luna",
    "mainnet_income_put_luna": "terrausd",
    "mainnet_income_put_mngo": "usd-coin",
    "mainnet_income_call_socean": "socean-staked-sol",
    "mainnet_income_call_srm": "serum",
    "mainnet_income_call_mngo": "mango-markets",
    "mainnet_income_call_ray": "raydium",
    "mainnet_income_call_eth": "ethereum",
    "mainnet_income_put_sol": "usd-coin",
    "mainnet_income_put_btc": "usd-coin"
  }
}