{
  "totalTvlUSD": 108515983.12,
  "coinsByCoingeckoId": {
    "solana": 144259.033759574,
    "msol": 149408.968912518,
    "bitcoin": 409.911073,
    "saber": 19999999.829711,
    "ftx-token": 78034.091776,
    "usd-coin": 15191678.117606,
    "terra-luna": 64922.149297,
    "socean-staked-sol": 10216.600669062,
    "serum": 4007979.619401,
    "mango-markets": 7951416.575331,
    "raydium": 19329.593057,
    "ethereum": 1607.170993
  },
  "pricesByCoingeckoId": {
    "BTC": 42908,
    "SOL": 150.04,
    "ETH": 3290.28,
    "mSOL": 153.6,
    "FTT": 41.26,
    "SRM": 3.14,
    "USDC": 1,
    "MNGO": 0.200167,
    "scnSOL": 152.78,
    "SBR": 0.079126,
    "LUNA": 80.25,
    "RAY": 5.39
  },
  "sharePricesByGlobalId": {
    "mainnet_income_call_sol": 1.03708,
    "mainnet_income_call_marinade": 1.02581,
    "mainnet_income_call_btc": 1.0644,
    "mainnet_income_call_sbr": 1,
    "mainnet_income_call_ftt": 1.01481,
    "mainnet_income_put_mngo": 1,
    "mainnet_income_call_luna": 1.01873,
    "mainnet_income_call_socean": 1.01266,
    "mainnet_income_call_srm": 1.00834,
    "mainnet_income_call_mngo": 1.01232,
    "mainnet_income_call_ray": 1,
    "mainnet_income_call_eth": 1.01181,
    "mainnet_income_put_sol": 0.99999,
    "mainnet_income_put_btc": 1
  },
  "depositTokenByGlobalId": {
    "mainnet_income_call_sol": 144259.033759574,
    "mainnet_income_call_marinade": 149408.968912518,
    "mainnet_income_call_btc": 409.911073,
    "mainnet_income_call_sbr": 19999999.829711,
    "mainnet_income_call_ftt": 78034.091776,
    "mainnet_income_put_mngo": 454804.43,
    "mainnet_income_call_luna": 64922.149297,
    "mainnet_income_call_socean": 10216.600669062,
    "mainnet_income_call_srm": 4007979.619401,
    "mainnet_income_call_mngo": 7951416.575331,
    "mainnet_income_call_ray": 19329.593057,
    "mainnet_income_call_eth": 1607.170993,
    "mainnet_income_put_sol": 12380983.9,
    "mainnet_income_put_btc": 2355889.79
  },
  "usdValueByGlobalId": {
    "mainnet_income_call_sol": 21644625.43,
    "mainnet_income_call_marinade": 22949217.62,
    "mainnet_income_call_btc": 17588464.32,
    "mainnet_income_call_sbr": 1582519.99,
    "mainnet_income_call_ftt": 3219686.63,
    "mainnet_income_put_mngo": 454804.43,
    "mainnet_income_call_luna": 5210002.48,
    "mainnet_income_call_socean": 1560892.25,
    "mainnet_income_call_srm": 12585056,
    "mainnet_income_call_mngo": 1591611.2,
    "mainnet_income_call_ray": 104186.51,
    "mainnet_income_call_eth": 5288042.57,
    "mainnet_income_put_sol": 12380983.9,
    "mainnet_income_put_btc": 2355889.79
  },
  "globalIdToDepositTokenCoingeckoId": {
    "mainnet_income_call_sol": "solana",
    "mainnet_income_call_marinade": "msol",
    "mainnet_income_call_btc": "bitcoin",
    "mainnet_income_call_sbr": "saber",
    "mainnet_income_call_ftt": "ftx-token",
    "mainnet_income_put_mngo": "usd-coin",
    "mainnet_income_call_luna": "terra-luna",
    "mainnet_income_call_socean": "socean-staked-sol",
    "mainnet_income_call_srm": "serum",
    "mainnet_income_call_mngo": "mango-markets",
    "mainnet_income_call_ray": "raydium",
    "mainnet_income_call_eth": "ethereum",
    "mainnet_income_put_sol": "usd-coin",
    "mainnet_income_put_btc": "usd-coin"
  }
}