{
  "totalTvlUSD": 89843258.69,
  "coinsByCoingeckoId": {
    "solana": 190246.941008812,
    "msol": 163904.001405268,
    "bitcoin": 435.853472,
    "saber": 19999998.066329,
    "ftx-token": 67014.245904,
    "terra-luna": 84072.219285,
    "terrausd": 214767.422522,
    "usd-coin": 14298319.928484999,
    "socean-staked-sol": 10999.999764954,
    "serum": 4236230.33355,
    "mango-markets": 7874157.260761,
    "raydium": 21726.294011,
    "ethereum": 1768.087562
  },
  "pricesByCoingeckoId": {
    "BTC": 37380,
    "SOL": 94.76,
    "ETH": 2465.99,
    "mSOL": 97.48,
    "FTT": 36.66,
    "SRM": 2.18,
    "USDC": 1,
    "MNGO": 0.153263,
    "scnSOL": 96.06,
    "SBR": 0.068114,
    "LUNA": 62.76,
    "UST": 1,
    "RAY": 3.63
  },
  "sharePricesByGlobalId": {
    "mainnet_income_call_sol": 1.05252,
    "mainnet_income_call_marinade": 1.03727,
    "mainnet_income_call_btc": 1.0696,
    "mainnet_income_call_sbr": 1.05044,
    "mainnet_income_call_ftt": 1.02696,
    "mainnet_income_call_luna": 1.0374,
    "mainnet_income_put_luna": 1,
    "mainnet_income_put_mngo": 1.00322,
    "mainnet_income_call_socean": 1.02395,
    "mainnet_income_call_srm": 1.02041,
    "mainnet_income_call_mngo": 1.01533,
    "mainnet_income_call_ray": 1.01764,
    "mainnet_income_call_eth": 1.0165,
    "mainnet_income_put_sol": 1.01183,
    "mainnet_income_put_btc": 1.00606
  },
  "depositTokenByGlobalId": {
    "mainnet_income_call_sol": 190246.941008812,
    "mainnet_income_call_marinade": 163904.001405268,
    "mainnet_income_call_btc": 435.853472,
    "mainnet_income_call_sbr": 19999998.066329,
    "mainnet_income_call_ftt": 67014.245904,
    "mainnet_income_call_luna": 84072.219285,
    "mainnet_income_put_luna": 214767.422522,
    "mainnet_income_put_mngo": 249435.27,
    "mainnet_income_call_socean": 10999.999764954,
    "mainnet_income_call_srm": 4236230.33355,
    "mainnet_income_call_mngo": 7874157.260761,
    "mainnet_income_call_ray": 21726.294011,
    "mainnet_income_call_eth": 1768.087562,
    "mainnet_income_put_sol": 12910163.13,
    "mainnet_income_put_btc": 1138721.52
  },
  "usdValueByGlobalId": {
    "mainnet_income_call_sol": 18027800.13,
    "mainnet_income_call_marinade": 15977362.06,
    "mainnet_income_call_btc": 16292202.78,
    "mainnet_income_call_sbr": 1362279.87,
    "mainnet_income_call_ftt": 2456742.25,
    "mainnet_income_call_luna": 5276372.48,
    "mainnet_income_put_luna": 214767.42,
    "mainnet_income_put_mngo": 249435.27,
    "mainnet_income_call_socean": 1056659.98,
    "mainnet_income_call_srm": 9234982.13,
    "mainnet_income_call_mngo": 1206816.96,
    "mainnet_income_call_ray": 78866.45,
    "mainnet_income_call_eth": 4360086.25,
    "mainnet_income_put_sol": 12910163.13,
    "mainnet_income_put_btc": 1138721.52
  },
  "globalIdToDepositTokenCoingeckoId": {
    "mainnet_income_call_sol": "solana",
    "mainnet_income_call_marinade": "msol",
    "mainnet_income_call_btc": "bitcoin",
    "mainnet_income_call_sbr": "saber",
    "mainnet_income_call_ftt": "ftx-token",
    "mainnet_income_call_luna": "terra-luna",
    "mainnet_income_put_luna": "terrausd",
    "mainnet_income_put_mngo": "usd-coin",
    "mainnet_income_call_socean": "socean-staked-sol",
    "mainnet_income_call_srm": "serum",
    "mainnet_income_call_mngo": "mango-markets",
    "mainnet_income_call_ray": "raydium",
    "mainnet_income_call_eth": "ethereum",
    "mainnet_income_put_sol": "usd-coin",
    "mainnet_income_put_btc": "usd-coin"
  }
}