{
  "totalTvlUSD": 112609461.72,
  "coinsByCoingeckoId": {
    "solana": 175808.39037887,
    "msol": 164142.345167211,
    "bitcoin": 429.374902,
    "saber": 19999999.760273,
    "ftx-token": 74994.147136,
    "terra-luna": 85986.903518,
    "terrausd": 157594.185573,
    "usd-coin": 13297962.543022,
    "socean-staked-sol": 10999.999467117,
    "serum": 4210498.933266,
    "mango-markets": 9033249.268517,
    "raydium": 20609.053884,
    "ethereum": 1795.987632
  },
  "pricesByCoingeckoId": {
    "BTC": 42139,
    "SOL": 136.87,
    "ETH": 3124.58,
    "mSOL": 140.36,
    "FTT": 45.51,
    "SRM": 2.94,
    "USDC": 1,
    "MNGO": 0.200358,
    "scnSOL": 140.49,
    "SBR": 0.113241,
    "LUNA": 79.45,
    "UST": 1,
    "RAY": 5.01
  },
  "sharePricesByGlobalId": {
    "mainnet_income_call_sol": 1.05342,
    "mainnet_income_call_marinade": 1.03017,
    "mainnet_income_call_btc": 1.06976,
    "mainnet_income_call_sbr": 1.04667,
    "mainnet_income_call_ftt": 1.02068,
    "mainnet_income_call_luna": 1.02692,
    "mainnet_income_put_luna": 1,
    "mainnet_income_put_mngo": 1.00201,
    "mainnet_income_call_socean": 1.01629,
    "mainnet_income_call_srm": 1.01304,
    "mainnet_income_call_mngo": 1.01322,
    "mainnet_income_call_ray": 1.00275,
    "mainnet_income_call_eth": 1.01667,
    "mainnet_income_put_sol": 1.00281,
    "mainnet_income_put_btc": 1.00329
  },
  "depositTokenByGlobalId": {
    "mainnet_income_call_sol": 175808.39037887,
    "mainnet_income_call_marinade": 164142.345167211,
    "mainnet_income_call_btc": 429.374902,
    "mainnet_income_call_sbr": 19999999.760273,
    "mainnet_income_call_ftt": 74994.147136,
    "mainnet_income_call_luna": 85986.903518,
    "mainnet_income_put_luna": 157594.185573,
    "mainnet_income_put_mngo": 397677.27,
    "mainnet_income_call_socean": 10999.999467117,
    "mainnet_income_call_srm": 4210498.933266,
    "mainnet_income_call_mngo": 9033249.268517,
    "mainnet_income_call_ray": 20609.053884,
    "mainnet_income_call_eth": 1795.987632,
    "mainnet_income_put_sol": 11774481.24,
    "mainnet_income_put_btc": 1125804.04
  },
  "usdValueByGlobalId": {
    "mainnet_income_call_sol": 24062894.39,
    "mainnet_income_call_marinade": 23039019.57,
    "mainnet_income_call_btc": 18093429,
    "mainnet_income_call_sbr": 2264819.97,
    "mainnet_income_call_ftt": 3412983.64,
    "mainnet_income_call_luna": 6831659.48,
    "mainnet_income_put_luna": 157594.19,
    "mainnet_income_put_mngo": 397677.27,
    "mainnet_income_call_socean": 1545389.93,
    "mainnet_income_call_srm": 12378866.86,
    "mainnet_income_call_mngo": 1809883.76,
    "mainnet_income_call_ray": 103251.36,
    "mainnet_income_call_eth": 5611707.04,
    "mainnet_income_put_sol": 11774481.24,
    "mainnet_income_put_btc": 1125804.04
  },
  "globalIdToDepositTokenCoingeckoId": {
    "mainnet_income_call_sol": "solana",
    "mainnet_income_call_marinade": "msol",
    "mainnet_income_call_btc": "bitcoin",
    "mainnet_income_call_sbr": "saber",
    "mainnet_income_call_ftt": "ftx-token",
    "mainnet_income_call_luna": "terra-luna",
    "mainnet_income_put_luna": "terrausd",
    "mainnet_income_put_mngo": "usd-coin",
    "mainnet_income_call_socean": "socean-staked-sol",
    "mainnet_income_call_srm": "serum",
    "mainnet_income_call_mngo": "mango-markets",
    "mainnet_income_call_ray": "raydium",
    "mainnet_income_call_eth": "ethereum",
    "mainnet_income_put_sol": "usd-coin",
    "mainnet_income_put_btc": "usd-coin"
  }
}