{
  "totalTvlUSD": 84243163.72,
  "coinsByCoingeckoId": {
    "solana": 183903.049158812,
    "msol": 159802.545656065,
    "bitcoin": 427.534551,
    "saber": 18524131.395907,
    "ftx-token": 65603.463145,
    "terra-luna": 77919.752256,
    "terrausd": 207614.934803,
    "usd-coin": 13998550.623904,
    "socean-staked-sol": 10999.999764954,
    "serum": 4227025.55882,
    "mango-markets": 7786137.999301,
    "raydium": 20949.158176,
    "ethereum": 1754.805352
  },
  "pricesByCoingeckoId": {
    "BTC": 34590,
    "SOL": 90.13,
    "ETH": 2346.77,
    "mSOL": 92.62,
    "FTT": 33.03,
    "SRM": 2.15,
    "USDC": 1,
    "MNGO": 0.157462,
    "scnSOL": 92.64,
    "SBR": 0.076209,
    "LUNA": 61.17,
    "UST": 1,
    "RAY": 3.64
  },
  "sharePricesByGlobalId": {
    "mainnet_income_call_sol": 1.05252,
    "mainnet_income_call_marinade": 1.03727,
    "mainnet_income_call_btc": 1.0696,
    "mainnet_income_call_sbr": 1.05044,
    "mainnet_income_call_ftt": 1.02696,
    "mainnet_income_call_luna": 1.0374,
    "mainnet_income_put_luna": 1,
    "mainnet_income_put_mngo": 1.00322,
    "mainnet_income_call_socean": 1.02395,
    "mainnet_income_call_srm": 1.02041,
    "mainnet_income_call_mngo": 1.01533,
    "mainnet_income_call_ray": 1.01764,
    "mainnet_income_call_eth": 1.0165,
    "mainnet_income_put_sol": 1.01183,
    "mainnet_income_put_btc": 1.00606
  },
  "depositTokenByGlobalId": {
    "mainnet_income_call_sol": 183903.049158812,
    "mainnet_income_call_marinade": 159802.545656065,
    "mainnet_income_call_btc": 427.534551,
    "mainnet_income_call_sbr": 18524131.395907,
    "mainnet_income_call_ftt": 65603.463145,
    "mainnet_income_call_luna": 77919.752256,
    "mainnet_income_put_luna": 207614.934803,
    "mainnet_income_put_mngo": 248683.41,
    "mainnet_income_call_socean": 10999.999764954,
    "mainnet_income_call_srm": 4227025.55882,
    "mainnet_income_call_mngo": 7786137.999301,
    "mainnet_income_call_ray": 20949.158176,
    "mainnet_income_call_eth": 1754.805352,
    "mainnet_income_put_sol": 12611676.37,
    "mainnet_income_put_btc": 1138190.84
  },
  "usdValueByGlobalId": {
    "mainnet_income_call_sol": 16575181.82,
    "mainnet_income_call_marinade": 14800911.78,
    "mainnet_income_call_btc": 14788420.12,
    "mainnet_income_call_sbr": 1411705.53,
    "mainnet_income_call_ftt": 2166882.39,
    "mainnet_income_call_luna": 4766351.25,
    "mainnet_income_put_luna": 207614.93,
    "mainnet_income_put_mngo": 248683.41,
    "mainnet_income_call_socean": 1019039.98,
    "mainnet_income_call_srm": 9088104.95,
    "mainnet_income_call_mngo": 1226020.86,
    "mainnet_income_call_ray": 76254.94,
    "mainnet_income_call_eth": 4118124.56,
    "mainnet_income_put_sol": 12611676.37,
    "mainnet_income_put_btc": 1138190.84
  },
  "globalIdToDepositTokenCoingeckoId": {
    "mainnet_income_call_sol": "solana",
    "mainnet_income_call_marinade": "msol",
    "mainnet_income_call_btc": "bitcoin",
    "mainnet_income_call_sbr": "saber",
    "mainnet_income_call_ftt": "ftx-token",
    "mainnet_income_call_luna": "terra-luna",
    "mainnet_income_put_luna": "terrausd",
    "mainnet_income_put_mngo": "usd-coin",
    "mainnet_income_call_socean": "socean-staked-sol",
    "mainnet_income_call_srm": "serum",
    "mainnet_income_call_mngo": "mango-markets",
    "mainnet_income_call_ray": "raydium",
    "mainnet_income_call_eth": "ethereum",
    "mainnet_income_put_sol": "usd-coin",
    "mainnet_income_put_btc": "usd-coin"
  }
}