{
  "totalTvlUSD": 117769483.76,
  "coinsByCoingeckoId": {
    "solana": 181093.34677887,
    "msol": 166815.857487601,
    "bitcoin": 433.59918,
    "saber": 19999999.760273,
    "ftx-token": 75337.796317,
    "terra-luna": 87619.522418,
    "terrausd": 192117.274173,
    "usd-coin": 14313679.670976998,
    "socean-staked-sol": 11000,
    "serum": 4217109.714286,
    "mango-markets": 9180449.343669,
    "raydium": 20944.198635,
    "ethereum": 1827.722972
  },
  "pricesByCoingeckoId": {
    "BTC": 42949,
    "SOL": 140.29,
    "ETH": 3219.45,
    "mSOL": 144.01,
    "FTT": 48.88,
    "SRM": 2.97,
    "USDC": 1,
    "MNGO": 0.208501,
    "scnSOL": 144.46,
    "SBR": 0.110854,
    "LUNA": 83.23,
    "UST": 1,
    "RAY": 5.15
  },
  "sharePricesByGlobalId": {
    "mainnet_income_call_sol": 1.05342,
    "mainnet_income_call_marinade": 1.03017,
    "mainnet_income_call_btc": 1.06976,
    "mainnet_income_call_sbr": 1.04667,
    "mainnet_income_call_ftt": 1.02068,
    "mainnet_income_call_luna": 1.02692,
    "mainnet_income_put_luna": 1,
    "mainnet_income_put_mngo": 1.00201,
    "mainnet_income_call_socean": 1.01629,
    "mainnet_income_call_srm": 1.01304,
    "mainnet_income_call_mngo": 1.01322,
    "mainnet_income_call_ray": 1.00275,
    "mainnet_income_call_eth": 1.01667,
    "mainnet_income_put_sol": 1.00281,
    "mainnet_income_put_btc": 1.00329
  },
  "depositTokenByGlobalId": {
    "mainnet_income_call_sol": 181093.34677887,
    "mainnet_income_call_marinade": 166815.857487601,
    "mainnet_income_call_btc": 433.59918,
    "mainnet_income_call_sbr": 19999999.760273,
    "mainnet_income_call_ftt": 75337.796317,
    "mainnet_income_call_luna": 87619.522418,
    "mainnet_income_put_luna": 192117.274173,
    "mainnet_income_put_mngo": 410509.79,
    "mainnet_income_call_socean": 11000,
    "mainnet_income_call_srm": 4217109.714286,
    "mainnet_income_call_mngo": 9180449.343669,
    "mainnet_income_call_ray": 20944.198635,
    "mainnet_income_call_eth": 1827.722972,
    "mainnet_income_put_sol": 12777305.84,
    "mainnet_income_put_btc": 1125864.04
  },
  "usdValueByGlobalId": {
    "mainnet_income_call_sol": 25405585.62,
    "mainnet_income_call_marinade": 24023151.64,
    "mainnet_income_call_btc": 18622651.18,
    "mainnet_income_call_sbr": 2217079.97,
    "mainnet_income_call_ftt": 3682511.48,
    "mainnet_income_call_luna": 7292572.85,
    "mainnet_income_put_luna": 192117.27,
    "mainnet_income_put_mngo": 410509.79,
    "mainnet_income_call_socean": 1589060,
    "mainnet_income_call_srm": 12524815.85,
    "mainnet_income_call_mngo": 1914132.87,
    "mainnet_income_call_ray": 107862.62,
    "mainnet_income_call_eth": 5884262.72,
    "mainnet_income_put_sol": 12777305.84,
    "mainnet_income_put_btc": 1125864.04
  },
  "globalIdToDepositTokenCoingeckoId": {
    "mainnet_income_call_sol": "solana",
    "mainnet_income_call_marinade": "msol",
    "mainnet_income_call_btc": "bitcoin",
    "mainnet_income_call_sbr": "saber",
    "mainnet_income_call_ftt": "ftx-token",
    "mainnet_income_call_luna": "terra-luna",
    "mainnet_income_put_luna": "terrausd",
    "mainnet_income_put_mngo": "usd-coin",
    "mainnet_income_call_socean": "socean-staked-sol",
    "mainnet_income_call_srm": "serum",
    "mainnet_income_call_mngo": "mango-markets",
    "mainnet_income_call_ray": "raydium",
    "mainnet_income_call_eth": "ethereum",
    "mainnet_income_put_sol": "usd-coin",
    "mainnet_income_put_btc": "usd-coin"
  }
}