{
  "totalTvlUSD": 90432701.03,
  "coinsByCoingeckoId": {
    "solana": 128489.282350644,
    "msol": 136225.657098791,
    "bitcoin": 354.287743,
    "saber": 11000000,
    "ftx-token": 72580.224761,
    "usd-coin": 12775908.253459001,
    "terra-luna": 39999.999397,
    "socean-staked-sol": 5499.990099232,
    "serum": 3965834.743512,
    "mango-markets": 5999999.159277,
    "raydium": 18918.099566,
    "ethereum": 1407.979801
  },
  "pricesByCoingeckoId": {
    "BTC": 41831,
    "SOL": 143.45,
    "ETH": 3110.16,
    "mSOL": 145.5,
    "FTT": 35.53,
    "SRM": 3.01,
    "USDC": 1,
    "MNGO": 0.188074,
    "scnSOL": 144.87,
    "SBR": 0.088407,
    "LUNA": 67.28,
    "RAY": 5.29
  },
  "sharePricesByGlobalId": {
    "mainnet_income_call_sol": 1.03708,
    "mainnet_income_call_marinade": 1.02581,
    "mainnet_income_call_btc": 1.0644,
    "mainnet_income_call_sbr": 1,
    "mainnet_income_call_ftt": 1.01481,
    "mainnet_income_put_mngo": 1,
    "mainnet_income_call_luna": 1.01873,
    "mainnet_income_call_socean": 1.01266,
    "mainnet_income_call_srm": 1.00834,
    "mainnet_income_call_mngo": 1.01232,
    "mainnet_income_call_ray": 1,
    "mainnet_income_call_eth": 1.01181,
    "mainnet_income_put_sol": 1,
    "mainnet_income_put_btc": 1
  },
  "depositTokenByGlobalId": {
    "mainnet_income_call_sol": 128489.282350644,
    "mainnet_income_call_marinade": 136225.657098791,
    "mainnet_income_call_btc": 354.287743,
    "mainnet_income_call_sbr": 11000000,
    "mainnet_income_call_ftt": 72580.224761,
    "mainnet_income_put_mngo": 424829.63,
    "mainnet_income_call_luna": 39999.999397,
    "mainnet_income_call_socean": 5499.990099232,
    "mainnet_income_call_srm": 3965834.743512,
    "mainnet_income_call_mngo": 5999999.159277,
    "mainnet_income_call_ray": 18918.099566,
    "mainnet_income_call_eth": 1407.979801,
    "mainnet_income_put_sol": 9999999.97,
    "mainnet_income_put_btc": 2351078.65
  },
  "usdValueByGlobalId": {
    "mainnet_income_call_sol": 18431787.55,
    "mainnet_income_call_marinade": 19820833.11,
    "mainnet_income_call_btc": 14820210.58,
    "mainnet_income_call_sbr": 972477,
    "mainnet_income_call_ftt": 2578775.39,
    "mainnet_income_put_mngo": 424829.63,
    "mainnet_income_call_luna": 2691199.96,
    "mainnet_income_call_socean": 796783.57,
    "mainnet_income_call_srm": 11937162.58,
    "mainnet_income_call_mngo": 1128443.84,
    "mainnet_income_call_ray": 100076.75,
    "mainnet_income_call_eth": 4379042.46,
    "mainnet_income_put_sol": 9999999.97,
    "mainnet_income_put_btc": 2351078.65
  }
}