{
  "totalTvlUSD": 93028811.94,
  "coinsByCoingeckoId": {
    "solana": 131852.020759574,
    "msol": 142455.41106362,
    "bitcoin": 366.119309,
    "saber": 11000000,
    "ftx-token": 76104.185874,
    "usd-coin": 13040811.825827999,
    "terra-luna": 54712.370066,
    "socean-staked-sol": 6828.510963607,
    "serum": 3974034.477854,
    "mango-markets": 5999999.159277,
    "raydium": 18929.736609,
    "ethereum": 1479.616665
  },
  "pricesByCoingeckoId": {
    "BTC": 42258,
    "SOL": 137.4,
    "ETH": 3121.83,
    "mSOL": 140.47,
    "FTT": 38.8,
    "SRM": 2.97,
    "USDC": 1,
    "MNGO": 0.197387,
    "scnSOL": 139.67,
    "SBR": 0.074578,
    "LUNA": 72.36,
    "RAY": 5.13
  },
  "sharePricesByGlobalId": {
    "mainnet_income_call_sol": 1.03708,
    "mainnet_income_call_marinade": 1.02581,
    "mainnet_income_call_btc": 1.0644,
    "mainnet_income_call_sbr": 1,
    "mainnet_income_call_ftt": 1.01481,
    "mainnet_income_put_mngo": 1.00062,
    "mainnet_income_call_luna": 1.01873,
    "mainnet_income_call_socean": 1.01266,
    "mainnet_income_call_srm": 1.00834,
    "mainnet_income_call_mngo": 1.01232,
    "mainnet_income_call_ray": 1,
    "mainnet_income_call_eth": 1.01181,
    "mainnet_income_put_sol": 1.00376,
    "mainnet_income_put_btc": 1
  },
  "depositTokenByGlobalId": {
    "mainnet_income_call_sol": 131852.020759574,
    "mainnet_income_call_marinade": 142455.41106362,
    "mainnet_income_call_btc": 366.119309,
    "mainnet_income_call_sbr": 11000000,
    "mainnet_income_call_ftt": 76104.185874,
    "mainnet_income_put_mngo": 428653.05,
    "mainnet_income_call_luna": 54712.370066,
    "mainnet_income_call_socean": 6828.510963607,
    "mainnet_income_call_srm": 3974034.477854,
    "mainnet_income_call_mngo": 5999999.159277,
    "mainnet_income_call_ray": 18929.736609,
    "mainnet_income_call_eth": 1479.616665,
    "mainnet_income_put_sol": 10257780.99,
    "mainnet_income_put_btc": 2354377.79
  },
  "usdValueByGlobalId": {
    "mainnet_income_call_sol": 18116467.65,
    "mainnet_income_call_marinade": 20010711.59,
    "mainnet_income_call_btc": 15471469.76,
    "mainnet_income_call_sbr": 820358,
    "mainnet_income_call_ftt": 2952842.41,
    "mainnet_income_put_mngo": 428653.05,
    "mainnet_income_call_luna": 3958987.1,
    "mainnet_income_call_socean": 953738.13,
    "mainnet_income_call_srm": 11802882.4,
    "mainnet_income_call_mngo": 1184321.83,
    "mainnet_income_call_ray": 97109.55,
    "mainnet_income_call_eth": 4619111.69,
    "mainnet_income_put_sol": 10257780.99,
    "mainnet_income_put_btc": 2354377.79
  }
}