{
  "totalTvlUSD": 106863485.62,
  "coinsByCoingeckoId": {
    "solana": 143308.894759574,
    "msol": 149358.968912518,
    "bitcoin": 409.911073,
    "saber": 19999999.829711,
    "ftx-token": 78033.635482,
    "usd-coin": 14985180.196031,
    "terra-luna": 63617.076403,
    "socean-staked-sol": 10211.71882036,
    "serum": 4007979.619401,
    "mango-markets": 7034527.111777,
    "raydium": 19329.593057,
    "ethereum": 1607.170983
  },
  "pricesByCoingeckoId": {
    "BTC": 42681,
    "SOL": 147.83,
    "ETH": 3271.15,
    "mSOL": 150.85,
    "FTT": 41.05,
    "SRM": 3.12,
    "USDC": 1,
    "MNGO": 0.200274,
    "scnSOL": 150.8,
    "SBR": 0.079004,
    "LUNA": 79.68,
    "RAY": 5.35
  },
  "sharePricesByGlobalId": {
    "mainnet_income_call_sol": 1.03708,
    "mainnet_income_call_marinade": 1.02581,
    "mainnet_income_call_btc": 1.0644,
    "mainnet_income_call_sbr": 1,
    "mainnet_income_call_ftt": 1.01481,
    "mainnet_income_put_mngo": 1,
    "mainnet_income_call_luna": 1.01873,
    "mainnet_income_call_socean": 1.01266,
    "mainnet_income_call_srm": 1.00834,
    "mainnet_income_call_mngo": 1.01232,
    "mainnet_income_call_ray": 1,
    "mainnet_income_call_eth": 1.01181,
    "mainnet_income_put_sol": 0.99999,
    "mainnet_income_put_btc": 1
  },
  "depositTokenByGlobalId": {
    "mainnet_income_call_sol": 143308.894759574,
    "mainnet_income_call_marinade": 149358.968912518,
    "mainnet_income_call_btc": 409.911073,
    "mainnet_income_call_sbr": 19999999.829711,
    "mainnet_income_call_ftt": 78033.635482,
    "mainnet_income_put_mngo": 454804.43,
    "mainnet_income_call_luna": 63617.076403,
    "mainnet_income_call_socean": 10211.71882036,
    "mainnet_income_call_srm": 4007979.619401,
    "mainnet_income_call_mngo": 7034527.111777,
    "mainnet_income_call_ray": 19329.593057,
    "mainnet_income_call_eth": 1607.170983,
    "mainnet_income_put_sol": 12174485.98,
    "mainnet_income_put_btc": 2355889.79
  },
  "usdValueByGlobalId": {
    "mainnet_income_call_sol": 21185353.91,
    "mainnet_income_call_marinade": 22530800.46,
    "mainnet_income_call_btc": 17495414.51,
    "mainnet_income_call_sbr": 1580079.99,
    "mainnet_income_call_ftt": 3203280.74,
    "mainnet_income_put_mngo": 454804.43,
    "mainnet_income_call_luna": 5069008.65,
    "mainnet_income_call_socean": 1539927.2,
    "mainnet_income_call_srm": 12504896.41,
    "mainnet_income_call_mngo": 1408832.88,
    "mainnet_income_call_ray": 103413.32,
    "mainnet_income_call_eth": 5257297.36,
    "mainnet_income_put_sol": 12174485.98,
    "mainnet_income_put_btc": 2355889.79
  },
  "globalIdToDepositTokenCoingeckoId": {
    "mainnet_income_call_sol": "solana",
    "mainnet_income_call_marinade": "msol",
    "mainnet_income_call_btc": "bitcoin",
    "mainnet_income_call_sbr": "saber",
    "mainnet_income_call_ftt": "ftx-token",
    "mainnet_income_put_mngo": "usd-coin",
    "mainnet_income_call_luna": "terra-luna",
    "mainnet_income_call_socean": "socean-staked-sol",
    "mainnet_income_call_srm": "serum",
    "mainnet_income_call_mngo": "mango-markets",
    "mainnet_income_call_ray": "raydium",
    "mainnet_income_call_eth": "ethereum",
    "mainnet_income_put_sol": "usd-coin",
    "mainnet_income_put_btc": "usd-coin"
  }
}