{
  "totalTvlUSD": 100738913.57,
  "coinsByCoingeckoId": {
    "solana": 135725.189759574,
    "msol": 145851.344514327,
    "bitcoin": 370.298532,
    "saber": 11000000,
    "ftx-token": 76446.51105,
    "usd-coin": 13431518.176518999,
    "terra-luna": 59999.999852,
    "socean-staked-sol": 7354.667877259,
    "serum": 3974894.236332,
    "mango-markets": 5999999.159377,
    "raydium": 19310.493998,
    "ethereum": 1486.524949
  },
  "pricesByCoingeckoId": {
    "BTC": 44185,
    "SOL": 146.76,
    "ETH": 3381.52,
    "mSOL": 148.73,
    "FTT": 41.39,
    "SRM": 3.25,
    "USDC": 1,
    "MNGO": 0.21055,
    "scnSOL": 148.01,
    "SBR": 0.087033,
    "LUNA": 80.15,
    "RAY": 5.53
  },
  "sharePricesByGlobalId": {
    "mainnet_income_call_sol": 1.03708,
    "mainnet_income_call_marinade": 1.02581,
    "mainnet_income_call_btc": 1.0644,
    "mainnet_income_call_sbr": 1,
    "mainnet_income_call_ftt": 1.01481,
    "mainnet_income_put_mngo": 1,
    "mainnet_income_call_luna": 1.01873,
    "mainnet_income_call_socean": 1.01266,
    "mainnet_income_call_srm": 1.00834,
    "mainnet_income_call_mngo": 1.01232,
    "mainnet_income_call_ray": 1,
    "mainnet_income_call_eth": 1.01181,
    "mainnet_income_put_sol": 0.99999,
    "mainnet_income_put_btc": 1
  },
  "depositTokenByGlobalId": {
    "mainnet_income_call_sol": 135725.189759574,
    "mainnet_income_call_marinade": 145851.344514327,
    "mainnet_income_call_btc": 370.298532,
    "mainnet_income_call_sbr": 11000000,
    "mainnet_income_call_ftt": 76446.51105,
    "mainnet_income_put_mngo": 429804.43,
    "mainnet_income_call_luna": 59999.999852,
    "mainnet_income_call_socean": 7354.667877259,
    "mainnet_income_call_srm": 3974894.236332,
    "mainnet_income_call_mngo": 5999999.159377,
    "mainnet_income_call_ray": 19310.493998,
    "mainnet_income_call_eth": 1486.524949,
    "mainnet_income_put_sol": 10647335.95,
    "mainnet_income_put_btc": 2354377.79
  },
  "usdValueByGlobalId": {
    "mainnet_income_call_sol": 19919028.85,
    "mainnet_income_call_marinade": 21692470.47,
    "mainnet_income_call_btc": 16361640.64,
    "mainnet_income_call_sbr": 957363,
    "mainnet_income_call_ftt": 3164121.09,
    "mainnet_income_put_mngo": 429804.43,
    "mainnet_income_call_luna": 4808999.99,
    "mainnet_income_call_socean": 1088564.39,
    "mainnet_income_call_srm": 12918406.27,
    "mainnet_income_call_mngo": 1263299.82,
    "mainnet_income_call_ray": 106787.03,
    "mainnet_income_call_eth": 5026713.85,
    "mainnet_income_put_sol": 10647335.95,
    "mainnet_income_put_btc": 2354377.79
  }
}