{
  "totalTvlUSD": 112367393.29,
  "coinsByCoingeckoId": {
    "solana": 175499.09847887,
    "msol": 164028.303753882,
    "bitcoin": 428.86518,
    "saber": 19999999.54855,
    "ftx-token": 74870.103098,
    "terra-luna": 85369.194545,
    "terrausd": 154193.544231,
    "usd-coin": 13189218.35288,
    "socean-staked-sol": 10999.999467117,
    "serum": 4208041.220583,
    "mango-markets": 9018452.757475,
    "raydium": 20342.033591,
    "ethereum": 1769.487625
  },
  "pricesByCoingeckoId": {
    "BTC": 41687,
    "SOL": 138.24,
    "ETH": 3106.93,
    "mSOL": 141.89,
    "FTT": 44.22,
    "SRM": 2.94,
    "USDC": 1,
    "MNGO": 0.201296,
    "scnSOL": 141.49,
    "SBR": 0.112125,
    "LUNA": 78.64,
    "UST": 1,
    "RAY": 5.07
  },
  "sharePricesByGlobalId": {
    "mainnet_income_call_sol": 1.05342,
    "mainnet_income_call_marinade": 1.03017,
    "mainnet_income_call_btc": 1.06976,
    "mainnet_income_call_sbr": 1.04667,
    "mainnet_income_call_ftt": 1.02068,
    "mainnet_income_call_luna": 1.02692,
    "mainnet_income_put_luna": 1,
    "mainnet_income_put_mngo": 1.00201,
    "mainnet_income_call_socean": 1.01629,
    "mainnet_income_call_srm": 1.01304,
    "mainnet_income_call_mngo": 1.01322,
    "mainnet_income_call_ray": 1.00275,
    "mainnet_income_call_eth": 1.01667,
    "mainnet_income_put_sol": 1.00281,
    "mainnet_income_put_btc": 1.00329
  },
  "depositTokenByGlobalId": {
    "mainnet_income_call_sol": 175499.09847887,
    "mainnet_income_call_marinade": 164028.303753882,
    "mainnet_income_call_btc": 428.86518,
    "mainnet_income_call_sbr": 19999999.54855,
    "mainnet_income_call_ftt": 74870.103098,
    "mainnet_income_call_luna": 85369.194545,
    "mainnet_income_put_luna": 154193.544231,
    "mainnet_income_put_mngo": 397677.27,
    "mainnet_income_call_socean": 10999.999467117,
    "mainnet_income_call_srm": 4208041.220583,
    "mainnet_income_call_mngo": 9018452.757475,
    "mainnet_income_call_ray": 20342.033591,
    "mainnet_income_call_eth": 1769.487625,
    "mainnet_income_put_sol": 11665737.05,
    "mainnet_income_put_btc": 1125804.04
  },
  "usdValueByGlobalId": {
    "mainnet_income_call_sol": 24260995.37,
    "mainnet_income_call_marinade": 23273976.02,
    "mainnet_income_call_btc": 17878102.76,
    "mainnet_income_call_sbr": 2242499.95,
    "mainnet_income_call_ftt": 3310755.96,
    "mainnet_income_call_luna": 6713433.46,
    "mainnet_income_put_luna": 154193.54,
    "mainnet_income_put_mngo": 397677.27,
    "mainnet_income_call_socean": 1556389.92,
    "mainnet_income_call_srm": 12371641.19,
    "mainnet_income_call_mngo": 1815378.47,
    "mainnet_income_call_ray": 103134.11,
    "mainnet_income_call_eth": 5497674.19,
    "mainnet_income_put_sol": 11665737.05,
    "mainnet_income_put_btc": 1125804.04
  },
  "globalIdToDepositTokenCoingeckoId": {
    "mainnet_income_call_sol": "solana",
    "mainnet_income_call_marinade": "msol",
    "mainnet_income_call_btc": "bitcoin",
    "mainnet_income_call_sbr": "saber",
    "mainnet_income_call_ftt": "ftx-token",
    "mainnet_income_call_luna": "terra-luna",
    "mainnet_income_put_luna": "terrausd",
    "mainnet_income_put_mngo": "usd-coin",
    "mainnet_income_call_socean": "socean-staked-sol",
    "mainnet_income_call_srm": "serum",
    "mainnet_income_call_mngo": "mango-markets",
    "mainnet_income_call_ray": "raydium",
    "mainnet_income_call_eth": "ethereum",
    "mainnet_income_put_sol": "usd-coin",
    "mainnet_income_put_btc": "usd-coin"
  }
}