{
  "totalTvlUSD": 104012458.99,
  "coinsByCoingeckoId": {
    "solana": 137586.723759574,
    "msol": 148793.81737002,
    "bitcoin": 371.557891,
    "saber": 13517877.159914,
    "ftx-token": 76922.427465,
    "usd-coin": 14137889.751803,
    "terra-luna": 62873.549201,
    "socean-staked-sol": 8646.189499537,
    "serum": 3997404.178085,
    "mango-markets": 6866377.538262,
    "raydium": 19310.493998,
    "ethereum": 1501.77258
  },
  "pricesByCoingeckoId": {
    "BTC": 43087,
    "SOL": 152.48,
    "ETH": 3305.63,
    "mSOL": 156.02,
    "FTT": 41.13,
    "SRM": 3.14,
    "USDC": 1,
    "MNGO": 0.196193,
    "scnSOL": 156.08,
    "SBR": 0.081499,
    "LUNA": 80.91,
    "RAY": 5.48
  },
  "sharePricesByGlobalId": {
    "mainnet_income_call_sol": 1.03708,
    "mainnet_income_call_marinade": 1.02581,
    "mainnet_income_call_btc": 1.0644,
    "mainnet_income_call_sbr": 1,
    "mainnet_income_call_ftt": 1.01481,
    "mainnet_income_put_mngo": 1,
    "mainnet_income_call_luna": 1.01873,
    "mainnet_income_call_socean": 1.01266,
    "mainnet_income_call_srm": 1.00834,
    "mainnet_income_call_mngo": 1.01232,
    "mainnet_income_call_ray": 1,
    "mainnet_income_call_eth": 1.01181,
    "mainnet_income_put_sol": 0.99999,
    "mainnet_income_put_btc": 1
  },
  "depositTokenByGlobalId": {
    "mainnet_income_call_sol": 137586.723759574,
    "mainnet_income_call_marinade": 148793.81737002,
    "mainnet_income_call_btc": 371.557891,
    "mainnet_income_call_sbr": 13517877.159914,
    "mainnet_income_call_ftt": 76922.427465,
    "mainnet_income_put_mngo": 454804.43,
    "mainnet_income_call_luna": 62873.549201,
    "mainnet_income_call_socean": 8646.189499537,
    "mainnet_income_call_srm": 3997404.178085,
    "mainnet_income_call_mngo": 6866377.538262,
    "mainnet_income_call_ray": 19310.493998,
    "mainnet_income_call_eth": 1501.77258,
    "mainnet_income_put_sol": 11328597.53,
    "mainnet_income_put_btc": 2354487.79
  },
  "usdValueByGlobalId": {
    "mainnet_income_call_sol": 20979223.64,
    "mainnet_income_call_marinade": 23214811.39,
    "mainnet_income_call_btc": 16009314.85,
    "mainnet_income_call_sbr": 1101693.47,
    "mainnet_income_call_ftt": 3163819.44,
    "mainnet_income_put_mngo": 454804.43,
    "mainnet_income_call_luna": 5087098.87,
    "mainnet_income_call_socean": 1349497.26,
    "mainnet_income_call_srm": 12551849.12,
    "mainnet_income_call_mngo": 1347135.21,
    "mainnet_income_call_ray": 105821.51,
    "mainnet_income_call_eth": 4964304.49,
    "mainnet_income_put_sol": 11328597.53,
    "mainnet_income_put_btc": 2354487.79
  },
  "globalIdToDepositTokenCoingeckoId": {
    "mainnet_income_call_sol": "solana",
    "mainnet_income_call_marinade": "msol",
    "mainnet_income_call_btc": "bitcoin",
    "mainnet_income_call_sbr": "saber",
    "mainnet_income_call_ftt": "ftx-token",
    "mainnet_income_put_mngo": "usd-coin",
    "mainnet_income_call_luna": "terra-luna",
    "mainnet_income_call_socean": "socean-staked-sol",
    "mainnet_income_call_srm": "serum",
    "mainnet_income_call_mngo": "mango-markets",
    "mainnet_income_call_ray": "raydium",
    "mainnet_income_call_eth": "ethereum",
    "mainnet_income_put_sol": "usd-coin",
    "mainnet_income_put_btc": "usd-coin"
  }
}