{
  "totalTvlUSD": 101112837.18,
  "coinsByCoingeckoId": {
    "solana": 136905.72831187,
    "msol": 157726.890841773,
    "bitcoin": 405.925008,
    "saber": 17019486.987465,
    "ftx-token": 62598.577495,
    "usd-coin": 11563452.683931999,
    "terra-luna": 64314.568265,
    "socean-staked-sol": 10466.551605271,
    "serum": 4027606.680771,
    "mango-markets": 7968490.912309,
    "raydium": 16185.11108,
    "ethereum": 1686.267328
  },
  "pricesByCoingeckoId": {
    "BTC": 41909,
    "SOL": 142.98,
    "ETH": 3203.73,
    "mSOL": 146.18,
    "FTT": 41.38,
    "SRM": 3.05,
    "USDC": 1,
    "MNGO": 0.195282,
    "scnSOL": 145.86,
    "SBR": 0.089109,
    "LUNA": 76.89,
    "RAY": 5.24
  },
  "sharePricesByGlobalId": {
    "mainnet_income_call_sol": 1.04444,
    "mainnet_income_call_marinade": 1.03017,
    "mainnet_income_call_btc": 1.06814,
    "mainnet_income_call_sbr": 1.04667,
    "mainnet_income_call_ftt": 1.02068,
    "mainnet_income_put_mngo": 1.00201,
    "mainnet_income_call_luna": 1.02692,
    "mainnet_income_call_socean": 1.01629,
    "mainnet_income_call_srm": 1.01304,
    "mainnet_income_call_mngo": 1.01322,
    "mainnet_income_call_ray": 1.00275,
    "mainnet_income_call_eth": 1.01502,
    "mainnet_income_put_sol": 1.00281,
    "mainnet_income_put_btc": 1.00329
  },
  "depositTokenByGlobalId": {
    "mainnet_income_call_sol": 136905.72831187,
    "mainnet_income_call_marinade": 157726.890841773,
    "mainnet_income_call_btc": 405.925008,
    "mainnet_income_call_sbr": 17019486.987465,
    "mainnet_income_call_ftt": 62598.577495,
    "mainnet_income_put_mngo": 391820.22,
    "mainnet_income_call_luna": 64314.568265,
    "mainnet_income_call_socean": 10466.551605271,
    "mainnet_income_call_srm": 4027606.680771,
    "mainnet_income_call_mngo": 7968490.912309,
    "mainnet_income_call_ray": 16185.11108,
    "mainnet_income_call_eth": 1686.267328,
    "mainnet_income_put_sol": 10047440.13,
    "mainnet_income_put_btc": 1124192.33
  },
  "usdValueByGlobalId": {
    "mainnet_income_call_sol": 19574781.03,
    "mainnet_income_call_marinade": 23056516.9,
    "mainnet_income_call_btc": 17011911.16,
    "mainnet_income_call_sbr": 1516589.47,
    "mainnet_income_call_ftt": 2590329.14,
    "mainnet_income_put_mngo": 391820.22,
    "mainnet_income_call_luna": 4945147.15,
    "mainnet_income_call_socean": 1526651.22,
    "mainnet_income_call_srm": 12284200.38,
    "mainnet_income_call_mngo": 1556102.84,
    "mainnet_income_call_ray": 84809.98,
    "mainnet_income_call_eth": 5402345.23,
    "mainnet_income_put_sol": 10047440.13,
    "mainnet_income_put_btc": 1124192.33
  },
  "globalIdToDepositTokenCoingeckoId": {
    "mainnet_income_call_sol": "solana",
    "mainnet_income_call_marinade": "msol",
    "mainnet_income_call_btc": "bitcoin",
    "mainnet_income_call_sbr": "saber",
    "mainnet_income_call_ftt": "ftx-token",
    "mainnet_income_put_mngo": "usd-coin",
    "mainnet_income_call_luna": "terra-luna",
    "mainnet_income_call_socean": "socean-staked-sol",
    "mainnet_income_call_srm": "serum",
    "mainnet_income_call_mngo": "mango-markets",
    "mainnet_income_call_ray": "raydium",
    "mainnet_income_call_eth": "ethereum",
    "mainnet_income_put_sol": "usd-coin",
    "mainnet_income_put_btc": "usd-coin"
  }
}